date,skq_price,hynix_price,regime,divergence,high_residual,event_name,sampling_role,matched_pair_id,matched_date,market_regime_20d,market_volatility_bin,match_quality,match_distance
20211129,76000,116000,,,,,excluded_no_divergence,,,down,low,,
20211130,68000,114000,동일,-9.17,Y,분할 재상장 이틀째 주가 강세,high_residual_case,M0011,20211229,down,low,same_year,18.457857
20211201,62700,116500,교차,-9.47,Y,분할 재상장 초기 외국인·기관 매도 물량 출회,high_residual_case,M0001,20211206,down,high,same_year,8.638355
20211202,68700,120000,동일,7.27,Y,,high_residual_case,M0002,20211208,up,high,exact_year_regime_vol,3.269505
20211203,66000,118000,동일,-2.66,Y,,high_residual_case,M0003,20211210,up,high,exact_year_regime_vol,2.023517
20211206,66000,118500,Zero,-0.35,,,matched_low_control,M0001,20211201,up,high,same_year,8.638355
20211207,65600,121500,교차,-2.55,Y,,high_residual_case,M0004,20211209,up,high,exact_year_regime_vol,0.660976
20211208,64600,120000,동일,-0.64,,,matched_low_control,M0002,20211202,up,high,exact_year_regime_vol,3.269505
20211209,65100,123500,동일,-1.53,,,matched_low_control,M0004,20211207,up,high,exact_year_regime_vol,0.660976
20211210,63300,120500,동일,-1.03,,,matched_low_control,M0003,20211203,up,high,exact_year_regime_vol,2.023517
20211213,63000,121500,교차,-1.03,,,matched_low_control,M0005,20211214,up,mid,exact_year_regime_vol,0.074543
20211214,60600,121000,동일,-3.48,Y,,high_residual_case,M0005,20211213,up,mid,exact_year_regime_vol,0.074543
20211215,58200,123500,교차,-5.5,Y,,high_residual_case,M0006,20211221,up,mid,exact_year_regime_vol,0.075533
20211216,56400,124000,교차,-3.47,Y,,high_residual_case,M0007,20211223,up,mid,same_year_regime,2.036941
20211217,57000,122000,교차,2.26,Y,,high_residual_case,M0008,20211224,up,mid,same_year_regime,2.017764
20211220,58400,120500,교차,3.46,Y,,high_residual_case,M0009,20211230,up,mid,same_year_regime,3.019398
20211221,60900,124500,동일,1.74,,,matched_low_control,M0006,20211215,up,mid,exact_year_regime_vol,0.075533
20211222,65700,127000,동일,6.35,Y,유상증자결정(종속회사의주요경영사항) (SK하이닉스) | 유상증자결정(종속회사의주요경영사항) (SK하이닉스) | 타법인주식및출자증권취득결정 (SK하이닉스) | 타법인주식및출자증권취득결정 (SK하이닉스) | 금전대여결정 (SK하이닉스),high_residual_case,M0010,20211227,up,mid,same_year_regime,2.667140
20211223,64900,127500,교차,-1.49,,,matched_low_control,M0007,20211216,up,low,same_year_regime,2.036941
20211224,65800,128000,동일,1.05,,,matched_low_control,M0008,20211217,up,low,same_year_regime,2.017764
20211227,65200,126000,동일,0.33,,,matched_low_control,M0010,20211222,up,low,same_year_regime,2.667140
20211228,64800,127500,교차,-1.6,,,unused_low,,,up,low,,
20211229,64500,127000,동일,-0.24,,,matched_low_control,M0011,20211130,up,low,same_year,18.457857
20211230,66400,131000,동일,0.49,,,matched_low_control,M0009,20211220,up,low,same_year_regime,3.019398
20220103,66500,128500,교차,1.64,,,matched_low_control,M0067,20220104,up,low,exact_year_regime_vol,0.000294
20220104,70000,128500,Zero,5.26,Y,,high_residual_case,M0067,20220103,up,low,exact_year_regime_vol,0.000294
20220105,67600,125500,동일,-1.56,,,matched_low_control,M0079,20220408,up,low,exact_year_regime_vol,0.110887
20220106,61700,125000,동일,-8.36,Y,SK쉴더스 IPO 예비심사 청구 및 CES 관련 투자회사 전략,high_residual_case,M0068,20220420,down,low,exact_year_regime_vol,0.032093
20220107,61000,127000,교차,-2.41,Y,,high_residual_case,M0069,20220419,up,low,exact_year_regime_vol,0.028682
20220110,57500,124500,동일,-4.16,Y,,high_residual_case,M0070,20220415,down,low,exact_year_regime_vol,0.026400
20220111,57200,128000,교차,-2.67,Y,,high_residual_case,M0071,20220422,down,low,exact_year_regime_vol,0.038423
20220112,59400,128500,동일,3.5,Y,,high_residual_case,M0072,20220413,up,low,exact_year_regime_vol,0.081884
20220113,58000,129500,교차,-2.99,Y,,high_residual_case,M0073,20220412,up,low,exact_year_regime_vol,0.202604
20220114,59000,128500,교차,2.36,Y,,high_residual_case,M0074,20220117,down,low,exact_year_regime_vol,0.013451
20220117,59300,127000,교차,1.43,,,matched_low_control,M0074,20220114,down,low,exact_year_regime_vol,0.013451
20220118,62900,126500,교차,6.42,Y,MSCI 유동비율 확대 및 자회사 IPO 기대,high_residual_case,M0075,20220119,down,low,exact_year_regime_vol,0.005109
20220119,62300,127000,교차,-1.23,,,matched_low_control,M0075,20220118,down,low,exact_year_regime_vol,0.005109
20220120,62500,125000,교차,1.52,,,unused_low,,,down,low,,
20220121,60800,119000,동일,1.04,,,matched_low_control,M0076,20220124,down,low,exact_year_regime_vol,0.023870
20220124,59200,119000,Zero,-2.59,Y,,high_residual_case,M0076,20220121,down,low,exact_year_regime_vol,0.023870
20220125,56700,118000,동일,-3.54,Y,동일인등출자계열회사와의상품ㆍ용역거래 (SK하이닉스),high_residual_case,M0047,20220608,down,mid,exact_year_regime_vol,0.130730
20220126,57200,117500,교차,1.2,,,unused_low,,,down,low,,
20220127,54800,113500,동일,-1.57,,,unused_low,,,down,mid,,
20220128,55000,120500,동일,-4.36,Y,매출액또는손익구조30%(대규모법인은15%)이상변경(자회사의 주요경영사항),high_residual_case,M0012,20220203,down,high,exact_year_regime_vol,0.001644
20220203,56200,124000,동일,-0.06,,,matched_low_control,M0012,20220128,down,high,exact_year_regime_vol,0.001644
20220204,56900,124500,동일,0.92,,,matched_low_control,M0015,20220211,down,high,exact_year_regime_vol,0.022323
20220207,58200,123000,교차,3.22,Y,,high_residual_case,M0013,20220208,down,high,exact_year_regime_vol,0.000766
20220208,58600,125000,동일,-0.57,,,matched_low_control,M0013,20220207,down,high,exact_year_regime_vol,0.000766
20220209,59800,126000,동일,1.39,,,matched_low_control,M0014,20220210,down,high,exact_year_regime_vol,0.000395
20220210,57100,129500,교차,-6.65,Y,,high_residual_case,M0014,20220209,down,high,exact_year_regime_vol,0.000395
20220211,56800,132000,교차,-2.01,Y,,high_residual_case,M0015,20220204,down,high,exact_year_regime_vol,0.022323
20220214,54600,132500,교차,-4.14,Y,자기주식처분결과보고서,high_residual_case,M0016,20220324,down,high,exact_year_regime_vol,0.056887
20220215,51700,127000,동일,-2.02,Y,,high_residual_case,M0017,20220322,down,high,exact_year_regime_vol,0.042229
20220216,54700,130500,동일,3.62,Y,,high_residual_case,M0018,20220218,down,high,exact_year_regime_vol,0.003079
20220217,54200,133000,교차,-2.41,Y,,high_residual_case,M0019,20220222,down,high,exact_year_regime_vol,0.016787
20220218,54200,131500,Zero,0.84,,,matched_low_control,M0018,20220216,down,high,exact_year_regime_vol,0.003079
20220221,55800,130000,교차,3.84,Y,,high_residual_case,M0020,20220224,down,high,exact_year_regime_vol,0.200547
20220222,55100,128500,동일,-0.31,,,matched_low_control,M0019,20220217,down,high,exact_year_regime_vol,0.016787
20220223,57700,128500,Zero,4.7,Y,,high_residual_case,M0021,20220711,down,high,exact_year_regime_vol,0.224663
20220224,55300,122500,동일,-0.48,,,matched_low_control,M0020,20220221,down,high,exact_year_regime_vol,0.200547
20220225,57300,123000,동일,3.29,Y,출범 후 첫 실적 발표,high_residual_case,M0022,20220705,down,high,exact_year_regime_vol,0.201337
20220228,55800,123500,교차,-2.94,Y,,high_residual_case,M0023,20220712,down,high,exact_year_regime_vol,0.191700
20220302,54100,125000,교차,-4,Y,,high_residual_case,M0024,20220304,down,high,exact_year_regime_vol,0.007293
20220303,55100,129000,동일,-0.65,,,matched_low_control,M0041,20220714,down,high,exact_year_regime_vol,1.514301
20220304,53000,124500,동일,-1.09,,,matched_low_control,M0024,20220302,down,high,exact_year_regime_vol,0.007293
20220307,50700,119500,동일,-1.24,,,matched_low_control,M0028,20220316,down,high,exact_year_regime_vol,0.087038
20220308,49250,118000,동일,-1.87,Y,,high_residual_case,M0025,20220311,down,high,exact_year_regime_vol,0.006918
20220310,51900,120000,동일,4.07,Y,,high_residual_case,M0026,20220315,down,high,exact_year_regime_vol,0.052511
20220311,51400,117000,동일,0.9,,,matched_low_control,M0025,20220308,down,high,exact_year_regime_vol,0.006918
20220314,52200,116000,교차,2.23,Y,,high_residual_case,M0027,20220321,down,high,exact_year_regime_vol,0.042540
20220315,51300,112500,동일,0.59,,,matched_low_control,M0026,20220310,down,high,exact_year_regime_vol,0.052511
20220316,51300,116500,Zero,-2.74,Y,,high_residual_case,M0028,20220307,down,high,exact_year_regime_vol,0.087038
20220317,52600,124000,동일,-2.37,Y,,high_residual_case,M0029,20220325,down,high,exact_year_regime_vol,0.152581
20220318,53500,124000,Zero,1.71,,,matched_low_control,M0030,20220323,down,high,exact_year_regime_vol,0.052342
20220321,53500,122000,Zero,1.26,,,matched_low_control,M0027,20220314,down,high,exact_year_regime_vol,0.042540
20220322,53700,123500,동일,-0.57,,,matched_low_control,M0017,20220215,down,high,exact_year_regime_vol,0.042229
20220323,55700,123500,Zero,3.71,Y,,high_residual_case,M0030,20220318,down,high,exact_year_regime_vol,0.052342
20220324,55600,120500,동일,1.71,,,matched_low_control,M0016,20220214,down,high,exact_year_regime_vol,0.056887
20220325,55100,118000,동일,0.69,,,matched_low_control,M0029,20220317,down,high,exact_year_regime_vol,0.152581
20220328,56700,118000,Zero,2.86,Y,,high_residual_case,M0048,20220329,down,mid,exact_year_regime_vol,0.012838
20220329,57500,120000,동일,0.09,,,matched_low_control,M0048,20220328,down,mid,exact_year_regime_vol,0.012838
20220330,56200,121000,교차,-2.87,Y,,high_residual_case,M0049,20220531,down,mid,exact_year_regime_vol,0.028475
20220331,56800,118000,교차,2.97,Y,,high_residual_case,M0050,20220530,down,mid,exact_year_regime_vol,0.068389
20220401,56300,116000,동일,0.42,,,matched_low_control,M0085,20220509,down,low,exact_year_regime_vol,0.134032
20220404,56200,117000,교차,-0.83,,,unused_low,,,down,low,,
20220405,56500,116500,교차,0.87,,,matched_low_control,M0077,20220406,down,low,exact_year_regime_vol,0.011522
20220406,56700,113000,교차,2.65,Y,,high_residual_case,M0077,20220405,down,low,exact_year_regime_vol,0.011522
20220407,55400,113500,교차,-2.67,Y,,high_residual_case,M0078,20220411,up,low,exact_year_regime_vol,0.029147
20220408,56200,112000,교차,2.47,Y,,high_residual_case,M0079,20220105,up,low,exact_year_regime_vol,0.110887
20220411,56100,111500,동일,0.17,,,matched_low_control,M0078,20220407,up,low,exact_year_regime_vol,0.029147
20220412,55400,111000,동일,-0.92,,,matched_low_control,M0073,20220113,up,low,exact_year_regime_vol,0.202604
20220413,57000,113000,동일,1.52,,,matched_low_control,M0072,20220112,up,low,exact_year_regime_vol,0.081884
20220414,57500,110000,교차,2.89,Y,,high_residual_case,M0080,20220803,up,low,exact_year_regime_vol,0.370300
20220415,57100,108000,동일,0.65,,,matched_low_control,M0070,20220110,down,low,exact_year_regime_vol,0.026400
20220418,55700,109000,교차,-3.14,Y,,high_residual_case,M0081,20220804,up,low,exact_year_regime_vol,0.419708
20220419,56500,112500,동일,-0.96,,,matched_low_control,M0069,20220107,up,low,exact_year_regime_vol,0.028682
20220420,56700,112500,Zero,0.34,,,matched_low_control,M0068,20220106,down,low,exact_year_regime_vol,0.032093
20220421,56300,113000,교차,-1.04,,,unused_low,,,down,low,,
20220422,55400,110500,동일,0.09,,,matched_low_control,M0071,20220111,down,low,exact_year_regime_vol,0.038423
20220425,54500,108000,동일,0.12,,,matched_low_control,M0082,20220426,down,low,exact_year_regime_vol,0.000274
20220426,54400,111000,교차,-2.25,Y,,high_residual_case,M0082,20220425,down,low,exact_year_regime_vol,0.000274
20220427,52800,108500,동일,-1.23,,,unused_low,,,down,low,,
20220428,52600,109500,교차,-1.08,,,unused_low,,,down,low,,
20220429,52700,112500,동일,-1.87,Y,,high_residual_case,M0083,20220502,down,low,exact_year_regime_vol,0.011758
20220502,51400,110500,동일,-1.13,,,matched_low_control,M0083,20220429,down,low,exact_year_regime_vol,0.011758
20220503,51400,110000,Zero,0.34,,,unused_low,,,down,low,,
20220504,50500,109500,동일,-1.41,,,unused_low,,,down,low,,
20220506,48400,107500,동일,-2.78,Y,,high_residual_case,M0084,20220510,down,low,exact_year_regime_vol,0.068080
20220509,45850,107500,Zero,-5.23,Y,"SK스퀘어-SKT, 글로벌 게임사 ‘해긴’에 공동 투자",high_residual_case,M0085,20220401,down,low,exact_year_regime_vol,0.134032
20220510,46200,110000,동일,-0.98,,,matched_low_control,M0084,20220506,down,low,exact_year_regime_vol,0.068080
20220511,44700,110500,교차,-3.57,Y,SK쉴더스에 이어 원스토어 IPO 철회,high_residual_case,M0086,20220829,down,low,exact_year_regime_vol,0.162341
20220512,43100,109000,동일,-2.54,Y,,high_residual_case,M0087,20220825,down,low,exact_year_regime_vol,0.034149
20220513,44400,112500,동일,0.6,,,matched_low_control,M0051,20220516,down,mid,exact_year_regime_vol,0.003317
20220516,44600,110500,교차,1.8,Y,,high_residual_case,M0051,20220513,down,mid,exact_year_regime_vol,0.003317
20220517,44650,112500,동일,-1.26,,,unused_low,,,down,mid,,
20220518,45000,113500,동일,0.11,,,unused_low,,,down,mid,,
20220519,44700,111000,동일,1.01,,,unused_low,,,down,mid,,
20220520,46350,112500,동일,2.66,Y,,high_residual_case,M0052,20220523,down,mid,exact_year_regime_vol,0.004097
20220523,46950,113000,동일,0.97,,,matched_low_control,M0052,20220520,down,mid,exact_year_regime_vol,0.004097
20220524,45500,108500,동일,-0.06,,,unused_low,,,down,mid,,
20220525,45950,108000,교차,1.34,,,unused_low,,,down,mid,,
20220526,45500,103000,동일,2.49,Y,,high_residual_case,M0053,20220527,down,mid,exact_year_regime_vol,0.008279
20220527,46000,106000,동일,-1.07,,,matched_low_control,M0053,20220526,down,mid,exact_year_regime_vol,0.008279
20220530,47100,107000,동일,1.67,,,matched_low_control,M0050,20220331,down,mid,exact_year_regime_vol,0.068389
20220531,47300,108000,동일,-0.29,,,matched_low_control,M0049,20220330,down,mid,exact_year_regime_vol,0.028475
20220602,46150,107000,동일,-1.74,,,unused_low,,,down,mid,,
20220603,46950,107000,Zero,1.73,,,unused_low,,,down,mid,,
20220607,45250,104000,동일,-1.51,,,matched_low_control,M0066,20221229,down,mid,exact_year_regime_vol,0.172174
20220608,45850,106000,동일,-0.1,,,matched_low_control,M0047,20220125,down,mid,exact_year_regime_vol,0.130730
20220609,46500,105500,교차,1.77,Y,,high_residual_case,M0054,20220610,down,mid,exact_year_regime_vol,0.046806
20220610,45600,103500,동일,-0.53,,,matched_low_control,M0054,20220609,down,mid,exact_year_regime_vol,0.046806
20220613,43000,99000,동일,-2.43,Y,,high_residual_case,M0031,20220615,down,high,exact_year_regime_vol,0.061713
20220614,42900,99100,교차,-0.28,,,unused_low,,,down,high,,
20220615,41850,97900,동일,-1.54,,,matched_low_control,M0031,20220613,down,high,exact_year_regime_vol,0.061713
20220616,42300,97400,교차,1.45,,,matched_low_control,M0032,20220617,down,high,exact_year_regime_vol,0.001953
20220617,43050,96400,교차,2.54,Y,,high_residual_case,M0032,20220616,down,high,exact_year_regime_vol,0.001953
20220620,41800,94500,동일,-1.43,,,unused_low,,,down,high,,
20220621,41500,95200,교차,-1.27,,,unused_low,,,down,high,,
20220622,40600,92200,동일,0.15,,,matched_low_control,M0033,20220623,down,high,exact_year_regime_vol,0.015252
20220623,39000,90200,동일,-2.34,Y,,high_residual_case,M0033,20220622,down,high,exact_year_regime_vol,0.015252
20220624,40950,91600,동일,3.84,Y,,high_residual_case,M0034,20220629,down,high,exact_year_regime_vol,0.047087
20220627,41950,95000,동일,-0.24,,,matched_low_control,M0035,20220630,down,high,exact_year_regime_vol,0.066948
20220628,41400,95300,교차,-1.54,,,matched_low_control,M0036,20220701,down,high,exact_year_regime_vol,0.214568
20220629,40750,94000,동일,-0.58,,,matched_low_control,M0034,20220624,down,high,exact_year_regime_vol,0.047087
20220630,39050,91000,동일,-1.85,Y,,high_residual_case,M0035,20220627,down,high,exact_year_regime_vol,0.066948
20220701,38950,87500,동일,2.51,Y,,high_residual_case,M0036,20220628,down,high,exact_year_regime_vol,0.214568
20220704,38200,89100,교차,-3.22,Y,,high_residual_case,M0037,20221018,down,high,exact_year_regime_vol,0.455312
20220705,39550,92500,동일,0.79,,,matched_low_control,M0022,20220225,down,high,exact_year_regime_vol,0.201337
20220706,38100,92100,동일,-3.35,Y,,high_residual_case,M0038,20220708,down,high,exact_year_regime_vol,0.307741
20220707,39600,93900,동일,2.53,Y,,high_residual_case,M0039,20220719,down,high,exact_year_regime_vol,1.213338
20220708,39800,94800,동일,-0.18,,,matched_low_control,M0038,20220706,down,high,exact_year_regime_vol,0.307741
20220711,39800,93700,Zero,0.83,,,matched_low_control,M0021,20220223,down,high,exact_year_regime_vol,0.224663
20220712,39500,93300,동일,-0.42,,,matched_low_control,M0023,20220228,down,high,exact_year_regime_vol,0.191700
20220713,40600,94000,동일,2.22,Y,,high_residual_case,M0040,20220718,down,high,exact_year_regime_vol,0.140361
20220714,39800,94000,Zero,-1.97,Y,,high_residual_case,M0041,20220303,down,high,exact_year_regime_vol,1.514301
20220715,40350,98700,동일,-2.22,Y,,high_residual_case,M0042,20220726,down,high,exact_year_regime_vol,1.694952
20220718,40950,101000,동일,-0.23,,,matched_low_control,M0040,20220713,down,high,exact_year_regime_vol,0.140361
20220719,40400,100000,동일,-0.61,,,matched_low_control,M0039,20220707,down,high,exact_year_regime_vol,1.213338
20220720,41500,102000,동일,1.24,,,unused_low,,,up,high,,
20220721,41750,102500,동일,0.22,,,unused_low,,,up,high,,
20220722,41150,100000,동일,0.34,,,unused_low,,,up,high,,
20220725,41600,100000,Zero,1.1,,,unused_low,,,up,high,,
20220726,41600,100500,Zero,-0.37,,,matched_low_control,M0042,20220715,down,high,exact_year_regime_vol,1.694952
20220727,42500,100000,교차,2.52,Y,,high_residual_case,M0055,20221129,up,mid,exact_year_regime_vol,0.100375
20220728,42700,99400,교차,0.92,,,unused_low,,,up,mid,,
20220729,42750,97900,교차,1.22,,,unused_low,,,up,low,,
20220801,42450,97100,동일,-0.11,,,matched_low_control,M0088,20220802,up,low,exact_year_regime_vol,0.087865
20220802,41200,96500,동일,-2.48,Y,,high_residual_case,M0088,20220801,up,low,exact_year_regime_vol,0.087865
20220803,41800,97500,동일,0.69,,,matched_low_control,M0080,20220414,up,low,exact_year_regime_vol,0.370300
20220804,42000,97500,Zero,0.46,,,matched_low_control,M0081,20220418,up,low,exact_year_regime_vol,0.419708
20220805,42650,98500,동일,0.79,,,matched_low_control,M0089,20220808,up,low,exact_year_regime_vol,0.010761
20220808,43000,96300,교차,2.46,Y,,high_residual_case,M0089,20220805,up,low,exact_year_regime_vol,0.010761
20220809,42200,95100,동일,-0.96,,,matched_low_control,M0091,20220811,up,low,exact_year_regime_vol,0.280800
20220810,42300,91800,교차,2.75,Y,,high_residual_case,M0090,20220812,up,low,exact_year_regime_vol,0.091560
20220811,43750,93300,동일,2.25,Y,,high_residual_case,M0091,20220809,up,low,exact_year_regime_vol,0.280800
20220812,43250,93300,Zero,-1.14,,,matched_low_control,M0090,20220810,up,low,exact_year_regime_vol,0.091560
20220816,43700,96700,동일,-1.58,,,unused_low,,,down,low,,
20220817,43750,97100,동일,-0.17,,,unused_low,,,down,low,,
20220818,43600,95700,동일,0.71,,,matched_low_control,M0092,20220819,down,low,exact_year_regime_vol,0.003963
20220819,42950,96400,교차,-2,Y,,high_residual_case,M0092,20220818,down,low,exact_year_regime_vol,0.003963
20220822,41200,95200,동일,-3.14,Y,,high_residual_case,M0093,20220824,down,low,exact_year_regime_vol,0.053299
20220823,40400,93600,동일,-0.72,,,unused_low,,,down,low,,
20220824,40500,93200,교차,0.56,,,matched_low_control,M0093,20220822,down,low,exact_year_regime_vol,0.053299
20220825,41000,94100,동일,0.53,,,matched_low_control,M0087,20220512,down,low,exact_year_regime_vol,0.034149
20220826,41100,95100,동일,-0.53,,,unused_low,,,down,low,,
20220829,39600,92500,동일,-1.65,,,matched_low_control,M0086,20220511,down,low,exact_year_regime_vol,0.162341
20220830,39750,93200,동일,-0.18,,,matched_low_control,M0094,20221004,down,low,exact_year_regime_vol,1.853926
20220831,40500,95200,동일,0.35,,,unused_low,,,down,mid,,
20220901,39400,92400,동일,-0.58,,,unused_low,,,down,mid,,
20220902,39050,91700,동일,-0.38,,,unused_low,,,down,mid,,
20220905,39050,91100,Zero,0.47,,,matched_low_control,M0056,20220906,down,mid,exact_year_regime_vol,0.000987
20220906,40200,91800,동일,2.38,Y,,high_residual_case,M0056,20220905,down,mid,exact_year_regime_vol,0.000987
20220907,39850,90400,동일,0.26,,,matched_low_control,M0057,20220908,down,mid,exact_year_regime_vol,0.001227
20220908,42100,90400,Zero,5.62,Y,,high_residual_case,M0057,20220907,down,mid,exact_year_regime_vol,0.001227
20220913,43400,94800,동일,-0.39,,,unused_low,,,down,mid,,
20220914,42650,93000,동일,-0.34,,,unused_low,,,down,mid,,
20220915,42600,92000,동일,0.62,,,unused_low,,,down,mid,,
20220916,41750,91200,동일,-1.34,,,unused_low,,,down,mid,,
20220919,40800,90000,동일,-1.3,,,unused_low,,,down,mid,,
20220920,40200,88000,동일,0.11,,,matched_low_control,M0063,20221107,down,mid,exact_year_regime_vol,0.013680
20220921,39600,88000,Zero,-1.48,,,unused_low,,,down,mid,,
20220922,39450,86000,동일,1.24,,,unused_low,,,down,mid,,
20220923,39000,83500,동일,0.94,,,unused_low,,,down,mid,,
20220926,37000,82500,동일,-4.24,Y,,high_residual_case,M0058,20221012,down,mid,exact_year_regime_vol,0.041938
20220927,36150,82000,동일,-1.87,Y,,high_residual_case,M0059,20220928,down,mid,exact_year_regime_vol,0.055151
20220928,36350,81200,교차,1.27,,,matched_low_control,M0059,20220927,down,mid,exact_year_regime_vol,0.055151
20220929,35750,80800,동일,-1.3,,,matched_low_control,M0061,20221026,down,mid,exact_year_regime_vol,0.088534
20220930,36150,83100,동일,-0.86,,,unused_low,,,down,mid,,
20221004,38100,86200,동일,2.76,Y,,high_residual_case,M0094,20220830,down,low,exact_year_regime_vol,1.853926
20221005,38850,89800,동일,-0.98,,,unused_low,,,down,mid,,
20221006,38950,89900,동일,0.16,,,matched_low_control,M0060,20221011,down,mid,exact_year_regime_vol,0.001750
20221007,38900,91200,교차,-1.16,,,unused_low,,,down,mid,,
20221011,37500,90200,동일,-2.78,Y,,high_residual_case,M0060,20221006,down,mid,exact_year_regime_vol,0.001750
20221012,38150,94000,동일,-1.29,,,matched_low_control,M0058,20220926,down,mid,exact_year_regime_vol,0.041938
20221013,38100,94900,교차,-0.79,,,unused_low,,,down,mid,,
20221014,38400,95500,동일,0.31,,,matched_low_control,M0043,20221017,down,high,exact_year_regime_vol,0.005461
20221017,39400,95200,교차,2.83,Y,,high_residual_case,M0043,20221014,down,high,exact_year_regime_vol,0.005461
20221018,39400,95800,Zero,-0.47,,,matched_low_control,M0037,20220704,down,high,exact_year_regime_vol,0.455312
20221019,38750,92900,동일,0.55,,,unused_low,,,down,high,,
20221020,38200,90200,동일,0.68,,,matched_low_control,M0045,20221027,down,high,exact_year_regime_vol,0.506513
20221021,37950,90500,교차,-0.88,,,matched_low_control,M0044,20221025,down,high,exact_year_regime_vol,0.014841
20221024,38600,91800,동일,0.67,,,unused_low,,,down,high,,
20221025,38000,93500,교차,-2.88,Y,,high_residual_case,M0044,20221021,down,high,exact_year_regime_vol,0.014841
20221026,39000,93900,동일,2.33,Y,,high_residual_case,M0061,20220929,down,mid,exact_year_regime_vol,0.088534
20221027,39000,90000,Zero,3,Y,현금ㆍ현물배당결정(자회사의 주요경영사항),high_residual_case,M0045,20221020,down,high,exact_year_regime_vol,0.506513
20221028,36750,83400,동일,-0.52,,,unused_low,,,down,mid,,
20221031,36950,82700,교차,1.12,,,unused_low,,,down,mid,,
20221101,36750,83900,교차,-1.57,,,unused_low,,,down,mid,,
20221102,37200,84500,동일,0.72,,,matched_low_control,M0062,20221104,down,mid,exact_year_regime_vol,0.003465
20221103,36850,82700,동일,0.56,,,unused_low,,,down,mid,,
20221104,36600,84500,교차,-2.2,Y,,high_residual_case,M0062,20221102,down,mid,exact_year_regime_vol,0.003465
20221107,38100,86500,동일,2.43,Y,,high_residual_case,M0063,20220920,down,mid,exact_year_regime_vol,0.013680
20221108,38550,87700,동일,0.19,,,unused_low,,,up,mid,,
20221109,39100,89200,동일,0.21,,,unused_low,,,up,mid,,
20221110,39100,89100,Zero,0.07,,,unused_low,,,up,low,,
20221111,40800,93500,동일,0.82,,,unused_low,,,up,mid,,
20221114,40500,90900,동일,1.27,,,unused_low,,,up,mid,,
20221115,40050,91600,교차,-1.67,,,unused_low,,,up,mid,,
20221116,40450,91500,교차,1.08,,,unused_low,,,up,mid,,
20221117,39200,87700,동일,-0.1,,,matched_low_control,M0064,20221118,up,mid,exact_year_regime_vol,0.002074
20221118,38500,88400,교차,-2.36,Y,,high_residual_case,M0064,20221117,up,mid,exact_year_regime_vol,0.002074
20221121,37250,86300,동일,-1.55,,,unused_low,,,up,mid,,
20221122,36650,85200,동일,-0.71,,,matched_low_control,M0065,20221123,up,mid,exact_year_regime_vol,0.000428
20221123,37450,85200,Zero,2.17,Y,,high_residual_case,M0065,20221122,up,mid,exact_year_regime_vol,0.000428
20221124,37450,86900,Zero,-1.41,,,unused_low,,,up,mid,,
20221125,37100,85100,동일,0.53,,,unused_low,,,up,mid,,
20221128,36450,83100,동일,-0.09,,,unused_low,,,up,mid,,
20221129,36650,83700,동일,0.04,,,matched_low_control,M0055,20220727,up,mid,exact_year_regime_vol,0.100375
20221130,37450,85000,동일,1.08,,,unused_low,,,up,mid,,
20221201,37500,84700,교차,0.37,,,unused_low,,,up,mid,,
20221202,36900,81900,동일,0.73,,,unused_low,,,up,high,,
20221205,36300,81000,동일,-0.86,,,unused_low,,,up,high,,
20221206,35650,81000,Zero,-1.78,Y,,high_residual_case,M0046,20221207,down,high,exact_year_regime_vol,0.026854
20221207,35200,78900,동일,0.55,,,matched_low_control,M0046,20221206,down,high,exact_year_regime_vol,0.026854
20221208,35600,78800,교차,1.23,,,unused_low,,,down,high,,
20221209,35900,81500,동일,-1.51,,,unused_low,,,down,low,,
20221212,36100,81100,교차,0.9,,,matched_low_control,M0095,20221213,down,low,exact_year_regime_vol,0.001164
20221213,35800,82300,교차,-1.86,Y,,high_residual_case,M0095,20221212,down,low,exact_year_regime_vol,0.001164
20221214,35900,81800,교차,0.7,,,unused_low,,,down,low,,
20221215,35300,80200,동일,-0.31,,,unused_low,,,down,low,,
20221216,35100,78400,동일,0.99,,,matched_low_control,M0097,20221227,down,low,exact_year_regime_vol,0.011620
20221219,35300,79000,동일,0.05,,,unused_low,,,down,low,,
20221220,34750,78300,동일,-0.94,,,matched_low_control,M0096,20221222,down,low,exact_year_regime_vol,0.002431
20221221,34750,78000,Zero,0.26,,,unused_low,,,down,low,,
20221222,35900,79200,동일,2.25,Y,,high_residual_case,M0096,20221220,down,low,exact_year_regime_vol,0.002431
20221223,34900,77800,동일,-1.57,,,unused_low,,,down,mid,,
20221226,34650,77000,동일,-0.02,,,unused_low,,,down,mid,,
20221227,35350,77000,Zero,2.01,Y,,high_residual_case,M0097,20221216,down,low,exact_year_regime_vol,0.011620
20221228,34500,76000,동일,-1.49,,,unused_low,,,down,low,,
20221229,33550,75000,동일,-1.83,Y,,high_residual_case,M0066,20220607,down,mid,exact_year_regime_vol,0.172174
20230102,32900,75700,교차,-2.54,Y,,high_residual_case,M0098,20230104,down,high,exact_year_regime_vol,0.103594
20230103,32000,75600,동일,-2.64,Y,,high_residual_case,M0099,20230105,down,high,exact_year_regime_vol,0.140916
20230104,33450,81000,동일,-0.36,,,matched_low_control,M0098,20230102,down,high,exact_year_regime_vol,0.103594
20230105,33400,81400,교차,-0.5,,,matched_low_control,M0099,20230103,down,high,exact_year_regime_vol,0.140916
20230106,34050,83100,동일,0.5,,,unused_low,,,down,high,,
20230109,34800,86000,동일,-0.24,,,unused_low,,,down,high,,
20230110,35150,86500,동일,0.6,,,unused_low,,,down,high,,
20230111,35600,87300,동일,0.62,,,unused_low,,,down,high,,
20230112,35950,86800,교차,1.39,,,unused_low,,,down,high,,
20230113,35850,85700,동일,0.62,,,unused_low,,,down,high,,
20230116,35700,85800,교차,-0.51,,,matched_low_control,M0100,20230120,down,high,exact_year_regime_vol,0.003113
20230117,35600,86000,교차,-0.44,,,unused_low,,,down,high,,
20230118,35500,85100,동일,0.46,,,unused_low,,,down,high,,
20230119,35300,85500,교차,-0.89,,,unused_low,,,down,high,,
20230120,35250,87600,교차,-1.87,Y,,high_residual_case,M0100,20230116,down,high,exact_year_regime_vol,0.003113
20230125,36750,91400,동일,1.18,,,unused_low,,,down,high,,
20230126,37400,92300,동일,1.06,,,unused_low,,,down,high,,
20230127,37700,91500,교차,1.42,,,unused_low,,,down,high,,
20230130,37550,90700,동일,0.23,,,unused_low,,,down,high,,
20230131,36250,88500,동일,-1.73,,,unused_low,,,down,high,,
20230201,36950,91400,동일,-0.4,,,unused_low,,,down,high,,
20230202,37000,93400,동일,-1.44,,,unused_low,,,down,mid,,
20230203,36600,92200,동일,-0.15,,,unused_low,,,down,mid,,
20230206,35850,89100,동일,0.38,,,matched_low_control,M0108,20230322,down,high,exact_year_regime_vol,0.028997
20230207,36000,90800,동일,-0.94,,,unused_low,,,down,high,,
20230208,37250,94900,동일,0.23,,,unused_low,,,down,mid,,
20230209,36850,94400,동일,-0.69,,,unused_low,,,down,mid,,
20230210,37200,93500,교차,1.65,,,unused_low,,,down,mid,,
20230213,36550,90600,동일,0.5,,,matched_low_control,M0122,20230307,down,mid,exact_year_regime_vol,0.011653
20230214,37000,93400,동일,-0.98,,,unused_low,,,down,mid,,
20230215,36350,91700,동일,-0.43,,,unused_low,,,down,high,,
20230216,37200,92900,동일,1.4,,,unused_low,,,down,high,,
20230217,36750,92000,동일,-0.51,,,unused_low,,,down,high,,
20230220,38450,92500,동일,4.23,Y,자기주식처분결과보고서,high_residual_case,M0101,20230221,down,high,exact_year_regime_vol,0.001024
20230221,37900,91200,동일,-0.43,,,matched_low_control,M0101,20230220,down,high,exact_year_regime_vol,0.001024
20230222,36600,89100,동일,-1.78,Y,,high_residual_case,M0102,20230223,down,high,exact_year_regime_vol,0.026860
20230223,37850,92700,동일,0.54,,,matched_low_control,M0102,20230222,down,high,exact_year_regime_vol,0.026860
20230224,39300,91000,교차,5.17,Y,Q4 ’22 Portfolio Update,high_residual_case,M0103,20230227,down,high,exact_year_regime_vol,0.008210
20230227,38700,90000,동일,-0.74,,,matched_low_control,M0103,20230224,down,high,exact_year_regime_vol,0.008210
20230228,38350,89400,동일,-0.43,,,unused_low,,,down,high,,
20230302,38900,88100,교차,2.47,Y,,high_residual_case,M0104,20230308,down,high,exact_year_regime_vol,0.006139
20230303,40150,87300,교차,3.86,Y,Portfolio Update - SK shieldus,high_residual_case,M0105,20230323,down,high,exact_year_regime_vol,0.005941
20230306,40850,89700,동일,-0.21,,,unused_low,,,down,high,,
20230307,41700,88900,교차,2.71,Y,,high_residual_case,M0122,20230213,down,mid,exact_year_regime_vol,0.011653
20230308,40750,86800,동일,-0.59,,,matched_low_control,M0104,20230302,down,high,exact_year_regime_vol,0.006139
20230309,39900,85600,동일,-1.11,,,unused_low,,,down,mid,,
20230310,38400,83300,동일,-1.85,Y,,high_residual_case,M0123,20230313,down,mid,exact_year_regime_vol,0.007450
20230313,38250,84300,교차,-1.22,,,matched_low_control,M0123,20230310,down,mid,exact_year_regime_vol,0.007450
20230314,35900,81100,동일,-3.45,Y,,high_residual_case,M0106,20230316,down,high,exact_year_regime_vol,0.011632
20230315,35650,79100,동일,0.99,,,unused_low,,,down,high,,
20230316,36000,79000,교차,1.07,,,matched_low_control,M0106,20230314,down,high,exact_year_regime_vol,0.011632
20230317,36800,84000,동일,-2.13,Y,,high_residual_case,M0107,20230321,down,high,exact_year_regime_vol,0.002022
20230320,36850,83700,교차,0.39,,,unused_low,,,down,high,,
20230321,37000,83600,교차,0.49,,,matched_low_control,M0107,20230317,down,high,exact_year_regime_vol,0.002022
20230322,37250,86900,동일,-2.08,Y,,high_residual_case,M0108,20230206,down,high,exact_year_regime_vol,0.028997
20230323,37650,88500,동일,-0.23,,,matched_low_control,M0105,20230303,down,high,exact_year_regime_vol,0.005941
20230324,37500,87300,동일,0.57,,,unused_low,,,down,mid,,
20230327,36900,85500,동일,-0.14,,,unused_low,,,down,mid,,
20230328,37350,88400,동일,-1.17,,,matched_low_control,M0124,20230329,down,mid,exact_year_regime_vol,0.001286
20230329,38050,86900,교차,3.06,Y,최대주주등소유주식변동신고서 (SK하이닉스) | 독립이사의선임ㆍ해임또는중도퇴임에관한신고 (SK하이닉스),high_residual_case,M0124,20230328,down,mid,exact_year_regime_vol,0.001286
20230330,39300,88800,동일,1.74,,,unused_low,,,up,mid,,
20230331,39750,88600,교차,1.31,,,matched_low_control,M0126,20230410,up,mid,exact_year_regime_vol,0.047937
20230403,39000,87200,동일,-0.77,,,unused_low,,,up,mid,,
20230404,38650,84500,동일,1.29,,,unused_low,,,up,mid,,
20230405,38550,84600,교차,-0.34,,,unused_low,,,up,mid,,
20230406,38450,83800,동일,0.42,,,matched_low_control,M0125,20230407,up,mid,exact_year_regime_vol,0.040457
20230407,39200,89100,동일,-2.5,Y,,high_residual_case,M0125,20230406,up,mid,exact_year_regime_vol,0.040457
20230410,38900,90700,교차,-2.11,Y,,high_residual_case,M0126,20230331,up,mid,exact_year_regime_vol,0.047937
20230411,39250,91800,동일,0.05,,,unused_low,,,up,low,,
20230412,40900,90300,교차,5.37,Y,자기주식처분결과보고서 (SK하이닉스) | 유상증자또는주식관련사채등의발행결과(자율공시) (SK하이닉스),high_residual_case,M0137,20230414,up,low,exact_year_regime_vol,0.002263
20230413,40100,88700,동일,-0.69,,,unused_low,,,up,low,,
20230414,40550,89300,동일,0.63,,,matched_low_control,M0137,20230412,up,low,exact_year_regime_vol,0.002263
20230417,40550,88500,Zero,0.64,,,unused_low,,,up,low,,
20230418,40600,87600,교차,0.86,,,unused_low,,,up,low,,
20230419,40750,88200,동일,-0.17,,,unused_low,,,up,low,,
20230420,40650,87700,동일,0.17,,,unused_low,,,up,low,,
20230421,41600,89100,동일,1.25,,,unused_low,,,up,low,,
20230424,40400,87200,동일,-1.34,,,matched_low_control,M0158,20231222,up,low,exact_year_regime_vol,0.080563
20230425,39550,85500,동일,-0.71,,,unused_low,,,up,mid,,
20230426,40400,87400,동일,0.57,,,unused_low,,,up,mid,,
20230427,40700,88800,동일,-0.4,,,unused_low,,,up,mid,,
20230428,42450,89500,동일,3.75,Y,11번가 IPO 기한과 지분 매각 가능성,high_residual_case,M0138,20230920,up,low,exact_year_regime_vol,0.052680
20230502,41350,90200,교차,-3.19,Y,,high_residual_case,M0127,20230504,down,mid,exact_year_regime_vol,0.009169
20230503,41750,89800,교차,1.23,,,unused_low,,,down,mid,,
20230504,41800,88700,교차,1.03,,,matched_low_control,M0127,20230502,down,mid,exact_year_regime_vol,0.009169
20230508,42100,88700,Zero,0.72,,,matched_low_control,M0150,20230830,down,low,exact_year_regime_vol,0.098772
20230509,42350,87300,교차,1.69,,,unused_low,,,down,low,,
20230510,42000,86900,동일,-0.49,,,unused_low,,,down,low,,
20230511,41900,86300,동일,0.25,,,unused_low,,,down,low,,
20230512,42100,87200,동일,-0.25,,,unused_low,,,down,low,,
20230515,42500,86400,교차,1.61,,,matched_low_control,M0139,20230516,down,low,exact_year_regime_vol,0.004080
20230516,42650,90400,동일,-2.92,Y,,high_residual_case,M0139,20230515,down,low,exact_year_regime_vol,0.004080
20230517,42850,91900,동일,-0.72,,,unused_low,,,down,low,,
20230518,43150,93600,동일,-0.64,,,unused_low,,,down,low,,
20230519,44500,97300,동일,0.28,,,unused_low,,,down,low,,
20230522,45200,98200,동일,0.88,,,unused_low,,,down,low,,
20230523,44700,97900,동일,-0.89,,,unused_low,,,down,low,,
20230524,44400,97700,동일,-0.51,,,unused_low,,,down,low,,
20230525,45600,103500,동일,-1.63,,,matched_low_control,M0140,20230526,down,low,exact_year_regime_vol,0.000554
20230526,46350,109200,동일,-2.42,Y,,high_residual_case,M0140,20230525,down,low,exact_year_regime_vol,0.000554
20230530,46250,110300,교차,-0.98,,,unused_low,,,down,low,,
20230531,46150,108600,동일,0.95,,,matched_low_control,M0141,20230601,down,low,exact_year_regime_vol,0.001890
20230601,45600,110300,교차,-2.37,Y,,high_residual_case,M0141,20230531,down,low,exact_year_regime_vol,0.001890
20230602,45250,110300,Zero,-0.78,,,matched_low_control,M0143,20230608,down,low,exact_year_regime_vol,0.003279
20230605,45150,108700,동일,0.87,,,matched_low_control,M0142,20230607,down,low,exact_year_regime_vol,0.000548
20230607,46100,108000,교차,2.59,Y,,high_residual_case,M0142,20230605,down,low,exact_year_regime_vol,0.000548
20230608,45300,109700,교차,-2.92,Y,,high_residual_case,M0143,20230602,down,low,exact_year_regime_vol,0.003279
20230609,46400,115400,동일,-1.48,,,matched_low_control,M0144,20230613,down,low,exact_year_regime_vol,0.009178
20230612,45600,114800,동일,-1.32,,,matched_low_control,M0145,20230614,down,low,exact_year_regime_vol,0.002336
20230613,48350,119500,동일,2.91,Y,,high_residual_case,M0144,20230609,down,low,exact_year_regime_vol,0.009178
20230614,47150,118800,동일,-2.02,Y,,high_residual_case,M0145,20230612,down,low,exact_year_regime_vol,0.002336
20230615,47900,119000,동일,1.47,,,matched_low_control,M0146,20230620,down,low,exact_year_regime_vol,0.002474
20230616,47550,118900,동일,-0.67,,,unused_low,,,down,low,,
20230619,47000,114800,동일,1.47,,,unused_low,,,down,low,,
20230620,46500,116100,교차,-1.92,Y,,high_residual_case,M0146,20230615,down,low,exact_year_regime_vol,0.002474
20230621,46200,115100,동일,0,,,unused_low,,,down,low,,
20230622,45950,114000,동일,0.2,,,unused_low,,,down,low,,
20230623,45250,113600,동일,-1.26,,,unused_low,,,down,low,,
20230626,44900,113500,동일,-0.7,,,unused_low,,,down,low,,
20230627,44900,113000,Zero,0.32,,,unused_low,,,down,low,,
20230628,44800,114300,교차,-1.08,,,matched_low_control,M0147,20230629,down,low,exact_year_regime_vol,0.003049
20230629,44250,116200,교차,-2.47,Y,,high_residual_case,M0147,20230628,down,low,exact_year_regime_vol,0.003049
20230630,44250,115200,Zero,0.65,,,unused_low,,,down,low,,
20230703,45950,117600,동일,2.24,Y,,high_residual_case,M0148,20230704,down,low,exact_year_regime_vol,0.001832
20230704,45650,117900,교차,-0.84,,,matched_low_control,M0148,20230703,down,low,exact_year_regime_vol,0.001832
20230705,46200,116700,교차,1.99,Y,,high_residual_case,M0149,20230706,down,low,exact_year_regime_vol,0.009290
20230706,45200,113800,동일,-0.24,,,matched_low_control,M0149,20230705,down,low,exact_year_regime_vol,0.009290
20230707,44250,111800,동일,-0.76,,,unused_low,,,down,low,,
20230710,44100,110300,동일,0.67,,,unused_low,,,down,low,,
20230711,45600,113400,동일,1.28,,,unused_low,,,down,mid,,
20230712,45850,115400,동일,-0.79,,,unused_low,,,down,mid,,
20230713,46250,114100,교차,1.73,,,unused_low,,,down,mid,,
20230714,47050,118000,동일,-0.87,,,unused_low,,,up,mid,,
20230717,46450,117200,동일,-0.77,,,unused_low,,,up,mid,,
20230718,46250,117800,교차,-0.82,,,unused_low,,,up,mid,,
20230719,46450,117500,교차,0.63,,,unused_low,,,up,mid,,
20230720,46700,116900,교차,0.93,,,unused_low,,,up,mid,,
20230721,46500,115100,동일,0.75,,,unused_low,,,up,mid,,
20230724,43950,114000,동일,-4.74,Y,,high_residual_case,M0128,20230725,up,mid,exact_year_regime_vol,0.001106
20230725,43550,113400,동일,-0.49,,,matched_low_control,M0128,20230724,up,mid,exact_year_regime_vol,0.001106
20230726,42800,113000,동일,-1.44,,,unused_low,,,up,mid,,
20230727,45700,124000,동일,-0.62,,,matched_low_control,M0129,20230728,up,mid,exact_year_regime_vol,0.001813
20230728,45400,128000,교차,-3.17,Y,,high_residual_case,M0129,20230727,up,mid,exact_year_regime_vol,0.001813
20230731,44400,123400,동일,0.6,,,unused_low,,,up,mid,,
20230801,45400,125100,동일,1.18,,,unused_low,,,up,mid,,
20230802,44900,119500,동일,2.38,Y,,high_residual_case,M0130,20230807,up,mid,exact_year_regime_vol,0.023728
20230803,44950,120000,동일,-0.2,,,matched_low_control,M0121,20231204,up,mid,same_year_regime,2.065365
20230804,45650,120100,동일,1.49,,,unused_low,,,up,mid,,
20230807,46000,121900,동일,-0.38,,,matched_low_control,M0130,20230802,up,mid,exact_year_regime_vol,0.023728
20230808,44750,118600,동일,-0.63,,,unused_low,,,up,mid,,
20230809,45450,118500,교차,1.62,,,unused_low,,,up,mid,,
20230810,46050,118500,Zero,1.32,,,unused_low,,,up,mid,,
20230811,46000,115300,동일,1.96,Y,,high_residual_case,M0131,20230814,down,mid,exact_year_regime_vol,0.004065
20230814,45500,114900,동일,-0.82,,,matched_low_control,M0131,20230811,down,mid,exact_year_regime_vol,0.004065
20230816,45150,115800,교차,-1.37,,,matched_low_control,M0132,20230817,down,mid,exact_year_regime_vol,0.000663
20230817,43950,114800,동일,-2.01,Y,,high_residual_case,M0132,20230816,down,mid,exact_year_regime_vol,0.000663
20230818,43950,117200,Zero,-1.59,,,unused_low,,,down,mid,,
20230821,44150,116400,교차,0.98,,,unused_low,,,down,mid,,
20230822,44250,116500,동일,0.17,,,unused_low,,,down,mid,,
20230823,43350,116000,동일,-1.7,,,matched_low_control,M0135,20231010,down,mid,exact_year_regime_vol,0.049733
20230824,44600,120900,동일,-0.35,,,matched_low_control,M0133,20230829,down,mid,exact_year_regime_vol,0.005557
20230825,43450,116500,동일,0.21,,,unused_low,,,down,mid,,
20230828,44000,115900,교차,1.61,,,unused_low,,,down,mid,,
20230829,44000,118600,Zero,-1.77,Y,,high_residual_case,M0133,20230824,down,mid,exact_year_regime_vol,0.005557
20230830,45650,119400,동일,3.23,Y,,high_residual_case,M0150,20230508,down,low,exact_year_regime_vol,0.098772
20230831,45100,121800,교차,-2.75,Y,,high_residual_case,M0151,20230901,down,low,exact_year_regime_vol,0.001006
20230901,44550,120000,동일,-0.07,,,matched_low_control,M0151,20230831,down,low,exact_year_regime_vol,0.001006
20230904,44200,119200,동일,-0.29,,,unused_low,,,down,low,,
20230905,43950,119400,교차,-0.7,,,unused_low,,,down,low,,
20230906,43700,118200,동일,0.21,,,unused_low,,,down,low,,
20230907,43150,118500,교차,-1.45,,,unused_low,,,down,low,,
20230908,41750,113700,동일,-0.14,,,matched_low_control,M0152,20230911,down,low,exact_year_regime_vol,0.001799
20230911,40150,115900,교차,-5.31,Y,,high_residual_case,M0152,20230908,down,low,exact_year_regime_vol,0.001799
20230912,40400,116700,동일,0.09,,,unused_low,,,down,low,,
20230913,41200,118500,동일,0.79,,,unused_low,,,up,low,,
20230914,41400,122200,동일,-1.89,Y,,high_residual_case,M0153,20231219,up,low,exact_year_regime_vol,0.027329
20230915,42250,122400,동일,1.92,Y,,high_residual_case,M0154,20231215,up,low,exact_year_regime_vol,0.033029
20230918,41750,119000,동일,0.95,,,matched_low_control,M0155,20230919,up,low,exact_year_regime_vol,0.009033
20230919,42800,119200,동일,2.4,Y,,high_residual_case,M0155,20230918,up,low,exact_year_regime_vol,0.009033
20230920,43200,118000,교차,1.71,,,matched_low_control,M0138,20230428,up,low,exact_year_regime_vol,0.052680
20230921,42100,116500,동일,-1.57,,,unused_low,,,down,mid,,
20230922,42850,117300,동일,1.25,,,unused_low,,,down,mid,,
20230925,43350,117000,교차,1.37,,,unused_low,,,down,low,,
20230926,42650,115000,동일,-0.28,,,unused_low,,,down,mid,,
20230927,42450,114700,동일,-0.27,,,unused_low,,,down,mid,,
20231004,41400,115400,교차,-2.92,Y,,high_residual_case,M0134,20231005,down,mid,exact_year_regime_vol,0.000936
20231005,42750,120200,동일,0.07,,,matched_low_control,M0134,20231004,down,mid,exact_year_regime_vol,0.000936
20231006,42700,120400,교차,-0.25,,,unused_low,,,down,low,,
20231010,43400,119500,교차,2.23,Y,,high_residual_case,M0135,20230823,down,mid,exact_year_regime_vol,0.049733
20231011,43500,119200,교차,0.41,,,unused_low,,,down,mid,,
20231012,44600,124200,동일,-0.71,,,unused_low,,,down,mid,,
20231013,44650,124700,동일,-0.2,,,unused_low,,,down,high,,
20231016,44400,124100,동일,-0.18,,,unused_low,,,down,high,,
20231017,44800,130000,동일,-2.8,Y,,high_residual_case,M0109,20231018,down,high,exact_year_regime_vol,0.000348
20231018,44500,130000,Zero,-0.67,,,matched_low_control,M0109,20231017,down,high,exact_year_regime_vol,0.000348
20231019,43950,125700,동일,1.36,,,unused_low,,,down,high,,
20231020,42700,126200,교차,-3.14,Y,,high_residual_case,M0110,20231023,down,high,exact_year_regime_vol,0.005687
20231023,42350,124000,동일,0.55,,,matched_low_control,M0110,20231020,down,high,exact_year_regime_vol,0.005687
20231024,42650,126800,동일,-1.05,,,matched_low_control,M0111,20231025,down,high,exact_year_regime_vol,0.006058
20231025,43750,127500,동일,2.13,Y,,high_residual_case,M0111,20231024,down,high,exact_year_regime_vol,0.006058
20231026,42950,120000,동일,2.77,Y,,high_residual_case,M0112,20231027,down,high,exact_year_regime_vol,0.000793
20231027,42200,119100,동일,-1.18,,,matched_low_control,M0112,20231026,down,high,exact_year_regime_vol,0.000793
20231030,43200,119100,Zero,2.34,Y,,high_residual_case,M0113,20231031,down,high,exact_year_regime_vol,0.015107
20231031,42550,116300,동일,0.31,,,matched_low_control,M0113,20231030,down,high,exact_year_regime_vol,0.015107
20231101,42900,120300,동일,-1.8,Y,,high_residual_case,M0114,20231102,down,high,exact_year_regime_vol,0.050244
20231102,44950,125300,동일,1.58,,,matched_low_control,M0114,20231101,down,high,exact_year_regime_vol,0.050244
20231103,45250,125800,동일,0.35,,,unused_low,,,down,high,,
20231106,47200,133000,동일,-0.14,,,unused_low,,,down,high,,
20231107,47450,130400,교차,2.07,Y,,high_residual_case,M0115,20231115,up,high,exact_year_regime_vol,0.006087
20231108,46900,127600,동일,0.52,,,unused_low,,,down,high,,
20231109,47850,128000,동일,1.79,Y,,high_residual_case,M0116,20231110,down,high,exact_year_regime_vol,0.000893
20231110,48250,130500,동일,-0.69,,,matched_low_control,M0116,20231109,down,high,exact_year_regime_vol,0.000893
20231113,48450,131800,동일,-0.37,,,unused_low,,,down,high,,
20231114,48300,130000,동일,0.73,,,unused_low,,,down,high,,
20231115,48650,134100,동일,-1.74,,,matched_low_control,M0115,20231107,up,high,exact_year_regime_vol,0.006087
20231116,49350,132300,교차,2.5,Y,,high_residual_case,M0117,20231117,up,high,exact_year_regime_vol,0.022049
20231117,48600,129900,동일,-0.1,,,matched_low_control,M0117,20231116,up,high,exact_year_regime_vol,0.022049
20231120,47100,131400,교차,-4.01,Y,11번가·큐텐 협상 결렬 및 주가 하락,high_residual_case,M0118,20231122,up,high,exact_year_regime_vol,0.009416
20231121,49300,132000,동일,4.3,Y,11번가 매각 불발 우려에도 재무 영향 제한·과도한 NAV 할인 분석,high_residual_case,M0119,20231127,up,high,exact_year_regime_vol,0.254044
20231122,49050,131300,동일,-0.1,,,matched_low_control,M0118,20231120,up,high,exact_year_regime_vol,0.009416
20231123,49000,130100,동일,0.62,,,unused_low,,,up,high,,
20231124,48050,128000,동일,-0.67,,,unused_low,,,up,high,,
20231127,49150,130700,동일,0.65,,,matched_low_control,M0119,20231121,up,high,exact_year_regime_vol,0.254044
20231128,50200,131400,동일,1.72,,,unused_low,,,up,high,,
20231129,49950,130400,동일,0.11,,,unused_low,,,up,high,,
20231130,51000,133900,동일,0,,,matched_low_control,M0120,20231201,up,high,exact_year_regime_vol,0.052709
20231201,49050,132600,동일,-3.05,Y,11번가 콜옵션과 티빙·웨이브 합병 이슈,high_residual_case,M0120,20231130,up,high,exact_year_regime_vol,0.052709
20231204,49650,131100,교차,2.09,Y,,high_residual_case,M0121,20230803,up,high,same_year_regime,2.065365
20231205,48550,125900,동일,0.88,,,unused_low,,,up,mid,,
20231206,48750,125600,교차,0.6,,,unused_low,,,up,mid,,
20231207,48950,125600,Zero,0.41,,,unused_low,,,up,mid,,
20231208,49600,127500,동일,0.16,,,unused_low,,,up,mid,,
20231211,49950,128900,동일,-0.12,,,unused_low,,,up,mid,,
20231212,49950,131000,Zero,-1.27,,,unused_low,,,up,mid,,
20231213,50300,131200,동일,0.58,,,matched_low_control,M0157,20231218,up,low,exact_year_regime_vol,0.040242
20231214,50800,136700,동일,-2.29,Y,,high_residual_case,M0156,20231220,up,low,exact_year_regime_vol,0.047836
20231215,51100,140000,동일,-1.34,,,matched_low_control,M0154,20230915,up,low,exact_year_regime_vol,0.033029
20231218,50100,140000,Zero,-1.95,Y,,high_residual_case,M0157,20231213,up,low,exact_year_regime_vol,0.040242
20231219,49850,138200,동일,0.53,,,matched_low_control,M0153,20230914,up,low,exact_year_regime_vol,0.027329
20231220,51100,140500,동일,1.19,,,matched_low_control,M0156,20231214,up,low,exact_year_regime_vol,0.047836
20231221,50700,140500,Zero,-0.77,,,unused_low,,,up,mid,,
20231222,49400,140600,교차,-2.61,Y,,high_residual_case,M0158,20230424,up,low,exact_year_regime_vol,0.080563
20231226,49850,140900,동일,0.74,,,matched_low_control,M0136,20231228,down,mid,exact_year_regime_vol,0.045192
20231227,50500,140400,교차,1.59,,,unused_low,,,down,low,,
20231228,52600,141500,동일,3.53,Y,,high_residual_case,M0136,20231226,down,mid,exact_year_regime_vol,0.045192
20240102,52700,142400,동일,-0.31,,,matched_low_control,M0264,20240731,down,low,exact_year_regime_vol,1.854897
20240103,49450,136800,동일,-3.03,Y,,high_residual_case,M0189,20240104,down,mid,exact_year_regime_vol,0.013921
20240104,48900,136400,동일,-0.87,,,matched_low_control,M0189,20240103,down,mid,exact_year_regime_vol,0.013921
20240105,48700,137500,교차,-1.04,,,matched_low_control,M0214,20240418,down,mid,exact_year_regime_vol,0.141913
20240108,48200,136000,동일,-0.16,,,matched_low_control,M0190,20240109,down,mid,exact_year_regime_vol,0.001474
20240109,49450,137400,동일,1.77,Y,,high_residual_case,M0190,20240108,down,mid,exact_year_regime_vol,0.001474
20240110,48100,133500,동일,-0.47,,,matched_low_control,M0215,20240419,down,mid,exact_year_regime_vol,0.028738
20240111,48750,136000,동일,-0.13,,,matched_low_control,M0216,20240422,down,mid,exact_year_regime_vol,0.114774
20240112,48450,134100,동일,0.49,,,matched_low_control,M0194,20240125,down,mid,exact_year_regime_vol,0.082446
20240115,48750,134100,Zero,0.62,,,unused_low,,,down,low,,
20240116,47700,132100,동일,-0.98,,,matched_low_control,M0268,20241106,down,low,exact_year_regime_vol,0.327227
20240117,46850,131000,동일,-1.11,,,matched_low_control,M0191,20240118,down,mid,exact_year_regime_vol,0.000779
20240118,47400,136200,동일,-1.95,Y,,high_residual_case,M0191,20240117,down,mid,exact_year_regime_vol,0.000779
20240119,49050,141300,동일,0.51,,,matched_low_control,M0217,20240423,down,mid,exact_year_regime_vol,0.293330
20240122,50300,142600,동일,1.83,Y,,high_residual_case,M0192,20240124,down,mid,exact_year_regime_vol,0.003543
20240123,50700,140800,교차,1.81,Y,,high_residual_case,M0193,20240126,down,mid,exact_year_regime_vol,0.006137
20240124,50100,141500,교차,-1.57,,,matched_low_control,M0192,20240122,down,mid,exact_year_regime_vol,0.003543
20240125,49850,137400,동일,1.82,Y,,high_residual_case,M0194,20240112,down,mid,exact_year_regime_vol,0.082446
20240126,50300,136000,교차,1.71,,,matched_low_control,M0193,20240123,down,mid,exact_year_regime_vol,0.006137
20240129,50600,135000,교차,1.18,,,unused_low,,,down,low,,
20240130,51500,136900,동일,0.65,,,matched_low_control,M0231,20241114,down,low,same_year_regime,2.221019
20240131,51900,134700,교차,2.05,Y,,high_residual_case,M0236,20240729,down,low,exact_year_regime_vol,0.251738
20240201,53600,132700,교차,4.45,Y,기업 밸류업 도입 기대에 따른 저PBR 순환매,high_residual_case,M0237,20241108,down,low,exact_year_regime_vol,0.081977
20240202,59500,134900,동일,9.71,Y,주요사항보고서(자기주식처분결정) | 매출액또는손익구조30%(대규모법인은15%)이상변경,high_residual_case,M0195,20240205,up,mid,exact_year_regime_vol,0.007365
20240205,59300,132300,동일,1.2,,,matched_low_control,M0195,20240202,up,mid,exact_year_regime_vol,0.007365
20240206,62400,138000,동일,1.84,Y,,high_residual_case,M0196,20240405,up,mid,exact_year_regime_vol,0.048696
20240207,66200,138000,Zero,6.08,Y,자기주식처분결과보고서,high_residual_case,M0197,20240408,up,mid,exact_year_regime_vol,0.079556
20240208,65200,142800,교차,-4.44,Y,풍문또는보도에대한해명(미확정)              ,high_residual_case,M0198,20240409,up,mid,exact_year_regime_vol,0.175067
20240213,65700,150000,동일,-3.27,Y,,high_residual_case,M0159,20240424,down,high,exact_year_regime_vol,0.021422
20240214,63400,148700,동일,-2.83,Y,,high_residual_case,M0160,20240215,down,high,exact_year_regime_vol,0.007774
20240215,62400,148700,Zero,-1.54,,,matched_low_control,M0160,20240214,down,high,exact_year_regime_vol,0.007774
20240216,65500,146800,교차,6,Y,,high_residual_case,M0199,20240221,down,mid,exact_year_regime_vol,0.005384
20240219,69600,151300,동일,3.84,Y,정부 기업 밸류업 프로그램 기대에 저PBR·지주사 동반 강세,high_residual_case,M0200,20240222,down,mid,exact_year_regime_vol,0.007487
20240220,68700,149600,동일,-0.39,,,matched_low_control,M0201,20240223,down,mid,exact_year_regime_vol,0.005126
20240221,69300,149000,교차,1.19,,,matched_low_control,M0199,20240216,down,mid,exact_year_regime_vol,0.005384
20240222,72900,156500,동일,1.16,,,matched_low_control,M0200,20240219,down,mid,exact_year_regime_vol,0.007487
20240223,69300,161400,교차,-7.48,Y,,high_residual_case,M0201,20240220,down,mid,exact_year_regime_vol,0.005126
20240226,67300,161800,교차,-3.1,Y,Q4 ’23 Portfolio Update,high_residual_case,M0202,20240227,down,mid,exact_year_regime_vol,0.017746
20240227,65300,153800,동일,1.08,,,matched_low_control,M0202,20240226,down,mid,exact_year_regime_vol,0.017746
20240228,68000,158000,동일,1.91,Y,,high_residual_case,M0203,20240305,down,mid,exact_year_regime_vol,0.030887
20240229,69900,156200,교차,3.73,Y,밸류업 지원방안 발표 후 외국인 저PBR주 매수 지속,high_residual_case,M0204,20240521,down,mid,exact_year_regime_vol,0.031272
20240304,70200,166500,동일,-4.92,Y,,high_residual_case,M0205,20240621,down,mid,exact_year_regime_vol,0.089963
20240305,70700,165800,교차,1.06,,,matched_low_control,M0203,20240228,down,mid,exact_year_regime_vol,0.030887
20240306,71400,162900,교차,2.43,Y,,high_residual_case,M0238,20240307,down,low,exact_year_regime_vol,0.004634
20240307,72300,164900,동일,0.27,,,matched_low_control,M0238,20240306,down,low,exact_year_regime_vol,0.004634
20240308,75000,171900,동일,0.23,,,matched_low_control,M0253,20240626,down,low,exact_year_regime_vol,0.092047
20240311,72700,166600,동일,-0.52,,,matched_low_control,M0246,20240528,down,low,exact_year_regime_vol,0.027885
20240312,71900,165700,동일,-0.65,,,unused_low,,,down,low,,
20240313,70300,163600,동일,-1.19,,,matched_low_control,M0265,20240801,down,low,exact_year_regime_vol,1.943247
20240314,69300,161900,동일,-0.57,,,matched_low_control,M0256,20240704,down,low,exact_year_regime_vol,0.101118
20240315,68600,161200,동일,-0.65,,,matched_low_control,M0251,20240624,down,low,exact_year_regime_vol,0.050646
20240318,69000,164300,동일,-0.99,,,matched_low_control,M0239,20240320,down,low,exact_year_regime_vol,0.003886
20240319,68700,160200,동일,1.58,,,unused_low,,,down,low,,
20240320,69400,156500,교차,2.9,Y,,high_residual_case,M0239,20240318,down,low,exact_year_regime_vol,0.003886
20240321,77000,170000,동일,3.94,Y,,high_residual_case,M0206,20240326,down,mid,exact_year_regime_vol,0.001568
20240322,80000,169800,교차,4.01,Y,최대주주등소유주식변동신고서               (SK하이닉스) | 독립이사의선임ㆍ해임또는중도퇴임에관한신고 (SK하이닉스),high_residual_case,M0207,20240327,down,mid,exact_year_regime_vol,0.007414
20240325,76700,169400,동일,-3.93,Y,,high_residual_case,M0208,20240328,down,mid,exact_year_regime_vol,0.016456
20240326,78700,176600,동일,-0.89,,,matched_low_control,M0206,20240321,down,mid,exact_year_regime_vol,0.001568
20240327,79300,181200,동일,-1.39,,,matched_low_control,M0207,20240322,down,mid,exact_year_regime_vol,0.007414
20240328,78600,178200,동일,0.51,,,matched_low_control,M0208,20240325,down,mid,exact_year_regime_vol,0.016456
20240329,79000,183000,동일,-1.72,,,matched_low_control,M0211,20240411,down,mid,exact_year_regime_vol,0.060187
20240401,75500,185500,교차,-5.59,Y,신탁계약해지결과보고서 | 주요사항보고서(자기주식취득신탁계약해지결정) | [기재정정]사외이사의선임ㆍ해임또는중도퇴임에관한신고,high_residual_case,M0240,20240715,up,low,exact_year_regime_vol,0.463301
20240402,77200,186300,동일,1.89,Y,,high_residual_case,M0241,20240716,up,low,exact_year_regime_vol,0.362284
20240403,76500,179200,동일,2.28,Y,,high_residual_case,M0209,20240712,up,mid,same_year_regime,2.545854
20240404,78000,188000,동일,-2.13,Y,,high_residual_case,M0210,20241218,up,mid,same_year_regime,2.699156
20240405,75500,182800,동일,-0.88,,,matched_low_control,M0196,20240206,up,mid,exact_year_regime_vol,0.048696
20240408,73900,181200,동일,-1.38,,,matched_low_control,M0197,20240207,up,mid,exact_year_regime_vol,0.079556
20240409,74100,182900,동일,-0.52,,,matched_low_control,M0198,20240208,up,mid,exact_year_regime_vol,0.175067
20240411,73100,188400,교차,-3.85,Y,,high_residual_case,M0211,20240329,down,mid,exact_year_regime_vol,0.060187
20240412,77900,187400,교차,7.01,Y,,high_residual_case,M0212,20240613,down,mid,exact_year_regime_vol,0.046800
20240415,79800,188200,동일,2.09,Y,,high_residual_case,M0242,20240618,down,low,exact_year_regime_vol,0.018627
20240416,80000,179100,교차,4.32,Y,,high_residual_case,M0213,20240417,down,mid,exact_year_regime_vol,0.017038
20240417,78800,178700,동일,-1.31,,,matched_low_control,M0213,20240416,down,mid,exact_year_regime_vol,0.017038
20240418,83700,182300,동일,4.53,Y,,high_residual_case,M0214,20240105,down,mid,exact_year_regime_vol,0.141913
20240419,76100,173300,동일,-4.95,Y,[기재정정]사업보고서 (2023.12) | [기재정정]반기보고서 (2023.06),high_residual_case,M0215,20240110,down,mid,exact_year_regime_vol,0.028738
20240422,79700,171600,교차,5.54,Y,크래프톤 지분 2.2% 블록딜 추진,high_residual_case,M0216,20240111,down,mid,exact_year_regime_vol,0.114774
20240423,82600,171000,교차,3.93,Y,크래프톤 블록딜에 따른 현금 확보와 주가 반응,high_residual_case,M0217,20240119,down,mid,exact_year_regime_vol,0.293330
20240424,85500,179800,동일,-0.75,,,matched_low_control,M0159,20240213,down,high,exact_year_regime_vol,0.021422
20240425,77800,170600,동일,-4.75,Y,특수관계인과의내부거래 (SK하이닉스) | [기재정정]특수관계인과의내부거래 (SK하이닉스) | 동일인등출자계열회사와의상품ㆍ용역거래변경 (SK하이닉스) | 연결재무제표기준영업(잠정)실적(공정공시)               (SK하이닉스),high_residual_case,M0161,20240426,down,high,exact_year_regime_vol,0.025710
20240426,80600,177800,동일,0.12,,,matched_low_control,M0161,20240425,down,high,exact_year_regime_vol,0.025710
20240429,78800,175900,동일,-1.35,,,matched_low_control,M0162,20240430,down,high,exact_year_regime_vol,0.000781
20240430,76500,174200,동일,-2.12,Y,,high_residual_case,M0162,20240429,down,high,exact_year_regime_vol,0.000781
20240502,75000,173600,동일,-1.67,,,unused_low,,,down,high,,
20240503,74800,173200,동일,-0.08,,,unused_low,,,down,high,,
20240507,76900,179600,동일,-0.26,,,matched_low_control,M0163,20240508,down,high,exact_year_regime_vol,0.004239
20240508,78600,178000,교차,2.95,Y,,high_residual_case,M0163,20240507,down,high,exact_year_regime_vol,0.004239
20240509,78100,175400,동일,0.58,,,unused_low,,,down,high,,
20240510,80400,179900,동일,0.81,,,unused_low,,,down,high,,
20240513,82900,183800,동일,1.3,,,matched_low_control,M0164,20240514,down,high,exact_year_regime_vol,0.002357
20240514,79000,185300,교차,-5.39,Y,,high_residual_case,M0164,20240513,down,high,exact_year_regime_vol,0.002357
20240516,80900,193000,동일,-1.07,,,matched_low_control,M0165,20240517,down,high,exact_year_regime_vol,0.082549
20240517,82300,189900,교차,3.04,Y,Q1 ’24 Portfolio Update,high_residual_case,M0165,20240516,down,high,exact_year_regime_vol,0.082549
20240520,80800,190100,교차,-1.89,Y,,high_residual_case,M0218,20240802,down,mid,exact_year_regime_vol,0.700713
20240521,81800,192000,동일,0.41,,,matched_low_control,M0204,20240229,down,mid,exact_year_regime_vol,0.031272
20240522,82000,197700,동일,-2.26,Y,,high_residual_case,M0243,20240617,down,low,exact_year_regime_vol,0.011638
20240523,83300,200000,동일,0.61,,,matched_low_control,M0245,20240527,down,low,exact_year_regime_vol,0.004891
20240524,85400,198600,교차,3.12,Y,,high_residual_case,M0244,20240605,down,low,exact_year_regime_vol,0.003893
20240527,84800,201500,교차,-1.93,Y,,high_residual_case,M0245,20240523,down,low,exact_year_regime_vol,0.004891
20240528,83300,202500,교차,-2.2,Y,,high_residual_case,M0246,20240311,down,low,exact_year_regime_vol,0.027885
20240529,81100,202500,Zero,-2.63,Y,,high_residual_case,M0247,20240531,down,low,exact_year_regime_vol,0.040509
20240530,79400,195700,동일,0.77,,,unused_low,,,down,low,,
20240531,77600,189200,동일,0.53,,,matched_low_control,M0247,20240529,down,low,exact_year_regime_vol,0.040509
20240603,78200,194200,동일,-1.46,,,matched_low_control,M0249,20240611,down,low,exact_year_regime_vol,0.005165
20240604,77300,193300,동일,-0.75,,,matched_low_control,M0248,20240610,down,low,exact_year_regime_vol,0.003588
20240605,76800,193700,교차,-0.83,,,matched_low_control,M0244,20240524,down,low,exact_year_regime_vol,0.003893
20240607,87500,207500,동일,7.92,Y,,high_residual_case,M0219,20240919,down,mid,exact_year_regime_vol,0.835649
20240610,89800,208000,동일,2.42,Y,,high_residual_case,M0248,20240604,down,low,exact_year_regime_vol,0.003588
20240611,88100,212500,교차,-3.75,Y,,high_residual_case,M0249,20240603,down,low,exact_year_regime_vol,0.005165
20240612,89800,215000,동일,0.92,,,matched_low_control,M0250,20240614,down,low,exact_year_regime_vol,0.021973
20240613,93800,222000,동일,1.67,,,matched_low_control,M0212,20240412,down,mid,exact_year_regime_vol,0.046800
20240614,91400,221000,동일,-2.16,Y,,high_residual_case,M0250,20240612,down,low,exact_year_regime_vol,0.021973
20240617,90700,223000,교차,-1.55,,,matched_low_control,M0243,20240522,down,low,exact_year_regime_vol,0.011638
20240618,93400,234500,동일,-1.46,,,matched_low_control,M0242,20240415,down,low,exact_year_regime_vol,0.018627
20240619,98500,233500,교차,5.83,Y,,high_residual_case,M0220,20241202,down,mid,exact_year_regime_vol,0.889259
20240620,98000,237500,교차,-2,Y,,high_residual_case,M0221,20241121,down,mid,exact_year_regime_vol,1.169363
20240621,97500,234000,동일,0.77,,,matched_low_control,M0205,20240304,down,mid,exact_year_regime_vol,0.089963
20240624,91200,223000,동일,-2.38,Y,,high_residual_case,M0251,20240315,down,low,exact_year_regime_vol,0.050646
20240625,95600,225000,동일,4.04,Y,박성하 대표 사임,high_residual_case,M0252,20240627,down,low,exact_year_regime_vol,0.039026
20240626,102200,237000,동일,2.3,Y,,high_residual_case,M0253,20240308,down,low,exact_year_regime_vol,0.092047
20240627,102200,236500,Zero,0.19,,,matched_low_control,M0252,20240625,down,low,exact_year_regime_vol,0.039026
20240628,100000,236500,Zero,-2.15,Y,,high_residual_case,M0254,20240701,down,low,exact_year_regime_vol,0.001752
20240701,100500,235500,교차,0.87,,,matched_low_control,M0254,20240628,down,low,exact_year_regime_vol,0.001752
20240702,95500,232000,동일,-3.69,Y,,high_residual_case,M0255,20240703,down,low,exact_year_regime_vol,0.009005
20240703,96500,236000,동일,-0.44,,,matched_low_control,M0255,20240702,down,low,exact_year_regime_vol,0.009005
20240704,97300,230000,교차,3.03,Y,2024년 제1차 임시주주총회 소집 결의,high_residual_case,M0256,20240314,down,low,exact_year_regime_vol,0.101118
20240705,104200,236000,동일,4.84,Y,,high_residual_case,M0257,20240710,up,low,exact_year_regime_vol,0.013060
20240708,103000,233500,동일,-0.23,,,matched_low_control,M0258,20240711,up,low,exact_year_regime_vol,0.015051
20240709,103200,238500,동일,-1.67,,,matched_low_control,M0260,20240718,up,low,exact_year_regime_vol,0.513260
20240710,103000,239000,교차,-0.38,,,matched_low_control,M0257,20240705,up,low,exact_year_regime_vol,0.013060
20240711,106700,241000,동일,2.86,Y,,high_residual_case,M0258,20240708,up,low,exact_year_regime_vol,0.015051
20240712,105300,233000,동일,1.58,,,matched_low_control,M0209,20240403,up,low,same_year_regime,2.545854
20240715,105500,230000,교차,1.3,,,matched_low_control,M0240,20240401,up,low,exact_year_regime_vol,0.463301
20240716,105500,233000,Zero,-1.13,,,matched_low_control,M0241,20240402,up,low,exact_year_regime_vol,0.362284
20240717,97100,220500,동일,-3.31,Y,,high_residual_case,M0259,20240719,up,low,exact_year_regime_vol,0.032127
20240718,89000,212500,동일,-5.22,Y,SK그룹 리밸런싱 우려로 주가 급락,high_residual_case,M0260,20240709,up,low,exact_year_regime_vol,0.513260
20240719,88000,209500,동일,0.09,,,matched_low_control,M0259,20240717,up,low,exact_year_regime_vol,0.032127
20240722,85700,205000,동일,-0.77,,,matched_low_control,M0261,20240724,down,low,exact_year_regime_vol,0.023621
20240723,84700,205000,Zero,-1.17,,,matched_low_control,M0263,20240726,down,low,exact_year_regime_vol,0.147102
20240724,83800,208500,교차,-2.51,Y,,high_residual_case,M0261,20240722,down,low,exact_year_regime_vol,0.023621
20240725,80400,190000,동일,3.51,Y,연결재무제표기준영업(잠정)실적(공정공시)               (SK하이닉스),high_residual_case,M0262,20241107,down,low,exact_year_regime_vol,0.067379
20240726,83300,191800,동일,2.81,Y,,high_residual_case,M0263,20240723,down,low,exact_year_regime_vol,0.147102
20240729,84500,195600,동일,-0.23,,,matched_low_control,M0236,20240131,down,low,exact_year_regime_vol,0.251738
20240730,82100,188900,동일,0.06,,,matched_low_control,M0235,20241128,down,low,same_year_regime,2.312554
20240731,86200,194600,동일,2.44,Y,,high_residual_case,M0264,20240102,down,low,exact_year_regime_vol,1.854897
20240801,83300,193300,동일,-2.8,Y,,high_residual_case,M0265,20240313,down,low,exact_year_regime_vol,1.943247
20240802,75900,173200,동일,-0.1,,,matched_low_control,M0218,20240520,down,mid,exact_year_regime_vol,0.700713
20240805,70400,156100,동일,0.98,,,unused_low,,,down,high,,
20240806,74400,163700,동일,1.69,,,unused_low,,,down,high,,
20240807,75200,169300,동일,-1.74,,,unused_low,,,down,high,,
20240808,72200,163400,동일,-1.11,,,unused_low,,,down,high,,
20240809,75700,171500,동일,0.78,,,unused_low,,,down,high,,
20240812,77200,177000,동일,-0.68,,,matched_low_control,M0166,20240814,down,high,exact_year_regime_vol,0.040191
20240813,77900,181900,동일,-1.39,,,unused_low,,,down,high,,
20240814,82300,186700,동일,3.44,Y,Q2 ’24 Portfolio Update,high_residual_case,M0166,20240812,down,high,exact_year_regime_vol,0.040191
20240816,88100,199700,동일,1.21,,,unused_low,,,down,high,,
20240819,86200,193900,동일,0.31,,,unused_low,,,down,high,,
20240820,89300,199700,동일,1.07,,,matched_low_control,M0167,20240821,down,high,exact_year_regime_vol,0.000803
20240821,84100,192600,동일,-2.8,Y,,high_residual_case,M0167,20240820,down,high,exact_year_regime_vol,0.000803
20240822,84800,191100,교차,1.49,,,unused_low,,,down,high,,
20240823,81600,185500,동일,-1.3,,,unused_low,,,down,high,,
20240826,80000,179600,동일,0.71,,,unused_low,,,down,high,,
20240827,80800,175000,교차,3.13,Y,,high_residual_case,M0168,20240828,down,high,exact_year_regime_vol,0.000512
20240828,81700,179300,동일,-0.92,,,matched_low_control,M0168,20240827,down,high,exact_year_regime_vol,0.000512
20240829,76800,169700,동일,-1.55,,,unused_low,,,down,high,,
20240830,78500,173700,동일,0.27,,,unused_low,,,down,high,,
20240902,78500,174000,Zero,-0.14,,,unused_low,,,down,high,,
20240903,80000,168300,교차,4.63,Y,,high_residual_case,M0222,20240912,down,mid,exact_year_regime_vol,0.209946
20240904,72900,154800,동일,-2.26,Y,,high_residual_case,M0223,20240906,down,mid,exact_year_regime_vol,0.056360
20240905,72800,159400,교차,-2.55,Y,,high_residual_case,M0266,20241101,down,low,exact_year_regime_vol,0.060875
20240906,70800,156400,동일,-1.2,,,matched_low_control,M0223,20240904,down,mid,exact_year_regime_vol,0.056360
20240909,70600,157000,교차,-0.59,,,matched_low_control,M0228,20240925,down,low,same_year_regime,2.212653
20240910,71600,155500,교차,2.21,Y,,high_residual_case,M0267,20240911,down,low,exact_year_regime_vol,0.003199
20240911,72500,157200,동일,0.37,,,matched_low_control,M0267,20240910,down,low,exact_year_regime_vol,0.003199
20240912,77400,168800,동일,0.74,,,matched_low_control,M0222,20240903,down,mid,exact_year_regime_vol,0.209946
20240913,77000,162800,동일,2.41,Y,,high_residual_case,M0224,20241127,down,mid,exact_year_regime_vol,0.151117
20240919,72700,152800,동일,-0.55,,,matched_low_control,M0219,20240607,down,mid,exact_year_regime_vol,0.835649
20240920,75700,157100,동일,1.86,Y,,high_residual_case,M0225,20241104,down,mid,same_year_regime,2.038240
20240923,79400,162000,동일,2.35,Y,,high_residual_case,M0226,20241029,down,mid,same_year_regime,2.059257
20240924,82900,163500,동일,3.65,Y,,high_residual_case,M0227,20241105,down,mid,same_year_regime,2.194657
20240925,77000,165300,교차,-8.02,Y,,high_residual_case,M0228,20240909,down,mid,same_year_regime,2.212653
20240926,85500,180900,동일,3.28,Y,특수관계인에대한증여 (SK하이닉스) | 동일인등출자계열회사와의상품ㆍ용역거래 (SK하이닉스),high_residual_case,M0169,20240927,down,high,exact_year_regime_vol,0.012497
20240927,85200,183800,교차,-1.69,,,matched_low_control,M0169,20240926,down,high,exact_year_regime_vol,0.012497
20240930,80800,174600,동일,-0.97,,,matched_low_control,M0171,20241007,down,high,exact_year_regime_vol,0.123069
20241002,78200,169100,동일,-0.6,,,matched_low_control,M0170,20241004,down,high,exact_year_regime_vol,0.007460
20241004,78600,174100,동일,-1.93,Y,,high_residual_case,M0170,20241002,down,high,exact_year_regime_vol,0.007460
20241007,81000,184900,동일,-2.1,Y,,high_residual_case,M0171,20240930,down,high,exact_year_regime_vol,0.123069
20241008,80800,178000,동일,2.87,Y,,high_residual_case,M0172,20241010,down,high,exact_year_regime_vol,0.163706
20241010,84100,186700,동일,0.01,,,matched_low_control,M0172,20241008,down,high,exact_year_regime_vol,0.163706
20241011,84500,186000,교차,0.79,,,matched_low_control,M0178,20241025,down,high,exact_year_regime_vol,0.081984
20241014,86300,187500,동일,1.46,,,matched_low_control,M0173,20241015,down,high,exact_year_regime_vol,0.003264
20241015,86400,192900,동일,-2.3,Y,,high_residual_case,M0173,20241014,down,high,exact_year_regime_vol,0.003264
20241016,85000,188700,동일,0.22,,,matched_low_control,M0177,20241024,down,high,exact_year_regime_vol,0.046484
20241017,87000,196000,동일,-0.9,,,matched_low_control,M0176,20241023,down,high,exact_year_regime_vol,0.029028
20241018,88400,187300,교차,5.37,Y,팔라이저캐피탈의 NAV 할인 해소 요구,high_residual_case,M0174,20241028,down,high,exact_year_regime_vol,0.012209
20241021,86700,190900,교차,-3.53,Y,,high_residual_case,M0175,20241022,down,high,exact_year_regime_vol,0.030549
20241022,86600,187800,동일,1.25,,,matched_low_control,M0175,20241021,down,high,exact_year_regime_vol,0.030549
20241023,92100,196000,동일,2.69,Y,,high_residual_case,M0176,20241017,down,high,exact_year_regime_vol,0.029028
20241024,90000,198200,교차,-3.22,Y,연결재무제표기준영업(잠정)실적(공정공시)               (SK하이닉스),high_residual_case,M0177,20241016,down,high,exact_year_regime_vol,0.046484
20241025,95500,201000,동일,4.92,Y,최대주주등소유주식변동신고서              ,high_residual_case,M0178,20241011,down,high,exact_year_regime_vol,0.081984
20241028,92700,196000,동일,-0.82,,,matched_low_control,M0174,20241018,down,high,exact_year_regime_vol,0.012209
20241029,89900,190300,동일,-0.56,,,matched_low_control,M0226,20240923,down,low,same_year_regime,2.059257
20241030,89600,195000,교차,-2.41,Y,,high_residual_case,M0229,20241031,down,mid,same_year_regime,2.069112
20241031,84800,186300,동일,-1.59,,,matched_low_control,M0229,20241030,down,low,same_year_regime,2.069112
20241101,83900,182200,동일,0.79,,,matched_low_control,M0266,20240905,down,low,exact_year_regime_vol,0.060875
20241104,89800,194000,동일,1.61,,,matched_low_control,M0225,20240920,down,low,same_year_regime,2.038240
20241105,89100,193200,동일,-0.44,,,matched_low_control,M0227,20240924,down,low,same_year_regime,2.194657
20241106,92400,195800,동일,2.57,Y,,high_residual_case,M0268,20240116,down,low,exact_year_regime_vol,0.327227
20241107,92800,197400,동일,-0.27,,,matched_low_control,M0262,20240725,down,low,exact_year_regime_vol,0.067379
20241108,95100,200500,동일,1.15,,,matched_low_control,M0237,20240201,down,low,exact_year_regime_vol,0.081977
20241111,92600,192600,동일,0.71,,,matched_low_control,M0232,20241115,down,low,same_year_regime,2.426254
20241112,89500,185800,동일,-0.36,,,matched_low_control,M0230,20241113,down,low,same_year_regime,2.141653
20241113,85600,182900,동일,-3.04,Y,SK쉴더스 잔여 지분과 EQT 콜옵션 불확실성,high_residual_case,M0230,20241112,down,mid,same_year_regime,2.141653
20241114,78300,173000,동일,-4.01,Y,분기보고서 (2024.09),high_residual_case,M0231,20240130,down,mid,same_year_regime,2.221019
20241115,77600,178200,교차,-3.38,Y,"Q3 ’24 Portfolio Update | SK스퀘어, 2024년 3분기 실적 발표",high_residual_case,M0232,20241111,down,mid,same_year_regime,2.426254
20241118,78800,171700,교차,4.58,Y,3분기 어닝 서프라이즈 및 추가 주주환원 기대,high_residual_case,M0179,20241119,down,high,exact_year_regime_vol,0.035802
20241119,78100,170600,동일,-0.36,,,matched_low_control,M0179,20241118,down,high,exact_year_regime_vol,0.035802
20241120,79800,170600,Zero,2.18,Y,,high_residual_case,M0233,20241217,down,mid,same_year_regime,2.437724
20241121,80400,168800,교차,1.62,,,matched_low_control,M0221,20240620,down,mid,exact_year_regime_vol,1.169363
20241122,87500,176700,동일,4.97,Y,SK스퀘어 기업가치 제고 계획 (2024),high_residual_case,M0234,20241219,down,mid,same_year_regime,2.379769
20241125,87700,177000,동일,0.09,,,matched_low_control,M0181,20241203,down,high,exact_year_regime_vol,0.005968
20241126,84600,177100,교차,-3.58,Y,동일인등출자계열회사와의상품ㆍ용역거래 (SK하이닉스) | 동일인등출자계열회사와의상품ㆍ용역거래 (SK하이닉스) | 동일인등출자계열회사와의상품ㆍ용역거래 (SK하이닉스) | 동일인등출자계열회사와의상품ㆍ용역거래 (SK하이닉스),high_residual_case,M0180,20241129,down,high,exact_year_regime_vol,0.006053
20241127,80300,168300,동일,-0.95,,,matched_low_control,M0224,20240913,down,mid,exact_year_regime_vol,0.151117
20241128,74000,161100,동일,-4.32,Y,SK스퀘어·CJ ENM의 웨이브 추가 투자,high_residual_case,M0235,20240730,down,mid,same_year_regime,2.312554
20241129,73500,159900,동일,-0.07,,,matched_low_control,M0180,20241126,down,high,exact_year_regime_vol,0.006053
20241202,72900,158800,동일,-0.25,,,matched_low_control,M0220,20240619,down,mid,exact_year_regime_vol,0.889259
20241203,76500,164900,동일,1.8,Y,,high_residual_case,M0181,20241125,down,high,exact_year_regime_vol,0.005968
20241204,75100,168000,교차,-3.37,Y,,high_residual_case,M0182,20241220,down,high,exact_year_regime_vol,0.195547
20241205,78900,173000,동일,2.61,Y,,high_residual_case,M0183,20241209,down,high,exact_year_regime_vol,0.134827
20241206,79400,167100,교차,3.46,Y,"SK스퀘어, ‘올해 ESG 우수기업’ 수상",high_residual_case,M0184,20241224,down,high,exact_year_regime_vol,0.271953
20241209,78800,168900,교차,-1.63,,,matched_low_control,M0183,20241205,down,high,exact_year_regime_vol,0.134827
20241210,78200,170400,교차,-1.51,,,matched_low_control,M0187,20241223,down,high,exact_year_regime_vol,0.021993
20241211,79200,171800,동일,0.6,,,matched_low_control,M0186,20241216,up,high,exact_year_regime_vol,0.008898
20241212,82500,176100,동일,2.1,Y,,high_residual_case,M0185,20241213,up,high,exact_year_regime_vol,0.006416
20241213,83300,175500,교차,1.25,,,matched_low_control,M0185,20241212,up,high,exact_year_regime_vol,0.006416
20241216,86300,179300,동일,1.8,Y,,high_residual_case,M0186,20241211,up,high,exact_year_regime_vol,0.008898
20241217,86800,184000,동일,-1.6,,,matched_low_control,M0233,20241120,down,high,same_year_regime,2.437724
20241218,85500,183500,동일,-1.28,,,matched_low_control,M0210,20240404,up,high,same_year_regime,2.699156
20241219,82300,175000,동일,0.13,,,matched_low_control,M0234,20241122,down,high,same_year_regime,2.379769
20241220,78900,168500,동일,-1.04,,,matched_low_control,M0182,20241204,down,high,exact_year_regime_vol,0.195547
20241223,82200,169600,동일,3.63,Y,티맵모빌리티의 UT 지분 49% 매각,high_residual_case,M0187,20241210,down,high,exact_year_regime_vol,0.021993
20241224,81200,168500,동일,-0.69,,,matched_low_control,M0184,20241206,down,high,exact_year_regime_vol,0.271953
20241226,80900,170100,교차,-1.15,,,matched_low_control,M0188,20241227,down,high,exact_year_regime_vol,0.019220
20241227,79900,174500,교차,-3.36,Y,,high_residual_case,M0188,20241226,down,high,exact_year_regime_vol,0.019220
20241230,79300,173900,동일,-0.47,,,unused_low,,,down,high,,
20250102,78600,171200,동일,0.41,,,matched_low_control,M0269,20250103,down,high,exact_year_regime_vol,0.019478
20250103,84400,181900,동일,2.21,Y,,high_residual_case,M0269,20250102,down,high,exact_year_regime_vol,0.019478
20250106,93100,199800,동일,2.09,Y,,high_residual_case,M0270,20250108,down,high,exact_year_regime_vol,0.011572
20250107,93200,195000,교차,2.15,Y,,high_residual_case,M0271,20250512,down,high,exact_year_regime_vol,0.356339
20250108,94100,194700,교차,1.1,,,matched_low_control,M0270,20250106,down,high,exact_year_regime_vol,0.011572
20250109,93800,205000,교차,-4.79,Y,,high_residual_case,M0305,20250113,down,mid,exact_year_regime_vol,0.042190
20250110,94800,203500,교차,1.7,,,unused_low,,,down,mid,,
20250113,91200,194300,동일,0.05,,,matched_low_control,M0305,20250109,down,mid,exact_year_regime_vol,0.042190
20250114,89700,195000,교차,-1.95,Y,,high_residual_case,M0306,20250115,down,mid,exact_year_regime_vol,0.000411
20250115,90700,198200,동일,-0.27,,,matched_low_control,M0306,20250114,down,mid,exact_year_regime_vol,0.000411
20250116,94200,210000,동일,-1.18,,,unused_low,,,down,mid,,
20250117,97300,214500,동일,1.46,,,unused_low,,,down,mid,,
20250120,95500,212000,동일,-0.85,,,unused_low,,,down,mid,,
20250121,96000,218000,동일,-1.9,Y,,high_residual_case,M0336,20250123,down,low,exact_year_regime_vol,0.007308
20250122,100700,225500,동일,1.95,Y,,high_residual_case,M0337,20250124,down,low,exact_year_regime_vol,0.006015
20250123,99500,219500,동일,1.11,,,matched_low_control,M0336,20250121,down,low,exact_year_regime_vol,0.007308
20250124,99900,221000,동일,-0.19,,,matched_low_control,M0337,20250122,down,low,exact_year_regime_vol,0.006015
20250131,94100,199200,동일,2.68,Y,,high_residual_case,M0338,20250211,down,low,exact_year_regime_vol,0.020661
20250203,87600,190900,동일,-3.37,Y,최대주주등소유주식변동신고서               (SK하이닉스),high_residual_case,M0307,20250204,down,mid,exact_year_regime_vol,0.009598
20250204,88700,191100,동일,1.16,,,matched_low_control,M0307,20250203,down,mid,exact_year_regime_vol,0.009598
20250205,92600,198800,동일,1.01,,,matched_low_control,M0308,20250206,down,mid,exact_year_regime_vol,0.016456
20250206,98300,203500,동일,4.16,Y,,high_residual_case,M0308,20250205,down,mid,exact_year_regime_vol,0.016456
20250207,95400,203000,동일,-2.74,Y,,high_residual_case,M0339,20250210,down,low,exact_year_regime_vol,0.000829
20250210,93200,198100,동일,-0.26,,,matched_low_control,M0339,20250207,down,low,exact_year_regime_vol,0.000829
20250211,93300,199700,동일,-0.57,,,matched_low_control,M0338,20250131,down,low,exact_year_regime_vol,0.020661
20250212,94900,198900,교차,2.05,Y,,high_residual_case,M0340,20250213,down,low,exact_year_regime_vol,0.018399
20250213,97500,208500,동일,-1.35,,,matched_low_control,M0340,20250212,down,low,exact_year_regime_vol,0.018399
20250214,100000,210000,동일,1.95,Y,,high_residual_case,M0341,20250217,down,low,exact_year_regime_vol,0.004390
20250217,99900,212000,교차,-0.92,,,matched_low_control,M0341,20250214,down,low,exact_year_regime_vol,0.004390
20250218,99100,210000,동일,0.01,,,matched_low_control,M0357,20250701,down,low,exact_year_regime_vol,0.953898
20250219,104300,218500,동일,1.79,Y,,high_residual_case,M0342,20250221,down,low,exact_year_regime_vol,0.004269
20250220,100900,212000,동일,-0.7,,,matched_low_control,M0351,20250609,down,low,exact_year_regime_vol,0.104433
20250221,100100,209500,동일,0.22,,,matched_low_control,M0342,20250219,down,low,exact_year_regime_vol,0.004269
20250224,97900,205000,동일,-0.37,,,matched_low_control,M0354,20250618,down,low,exact_year_regime_vol,0.399923
20250225,94800,200500,동일,-1.3,,,matched_low_control,M0356,20250625,down,low,exact_year_regime_vol,1.015485
20250226,96100,203000,동일,0.31,,,matched_low_control,M0349,20250602,down,low,exact_year_regime_vol,0.061693
20250227,94500,199200,동일,-0.07,,,matched_low_control,M0358,20250702,down,low,exact_year_regime_vol,0.911789
20250228,90100,190200,동일,-0.82,,,matched_low_control,M0299,20251217,up,mid,same_year_regime,2.816399
20250304,88900,186100,동일,0.49,,,unused_low,,,down,mid,,
20250305,91000,193100,동일,-0.8,,,unused_low,,,down,mid,,
20250306,90200,192400,동일,-0.57,,,unused_low,,,down,mid,,
20250307,89300,192400,Zero,-1,,,matched_low_control,M0309,20250310,down,mid,exact_year_regime_vol,0.001841
20250310,89200,187900,동일,1.86,Y,,high_residual_case,M0309,20250307,down,mid,exact_year_regime_vol,0.001841
20250311,87700,187800,동일,-1.63,,,unused_low,,,down,mid,,
20250312,92000,198900,동일,-0.06,,,unused_low,,,down,mid,,
20250313,92200,199700,동일,-0.12,,,unused_low,,,down,mid,,
20250314,93400,204500,동일,-0.74,,,unused_low,,,down,mid,,
20250317,93600,206000,동일,-0.42,,,matched_low_control,M0329,20250826,down,mid,exact_year_regime_vol,1.833977
20250318,93800,203000,교차,1.45,,,matched_low_control,M0327,20250822,down,mid,exact_year_regime_vol,1.750821
20250319,94700,205500,동일,-0.09,,,matched_low_control,M0325,20250819,down,mid,exact_year_regime_vol,1.519616
20250320,98900,210000,동일,2.58,Y,,high_residual_case,M0310,20250321,down,mid,exact_year_regime_vol,0.000906
20250321,101200,215500,동일,0.09,,,matched_low_control,M0310,20250320,down,mid,exact_year_regime_vol,0.000906
20250324,100300,211500,동일,0.7,,,matched_low_control,M0311,20250326,down,mid,exact_year_regime_vol,0.005508
20250325,99800,208000,동일,0.92,,,matched_low_control,M0326,20250821,down,mid,exact_year_regime_vol,1.554803
20250326,99700,214000,교차,-2.56,Y,,high_residual_case,M0311,20250324,down,mid,exact_year_regime_vol,0.005508
20250327,97900,207000,동일,0.99,,,unused_low,,,down,mid,,
20250328,96000,199300,동일,1.24,,,unused_low,,,down,mid,,
20250331,93400,190700,동일,0.96,,,unused_low,,,down,mid,,
20250401,92900,197000,교차,-3.33,Y,최대주주등소유주식변동신고서              ,high_residual_case,M0312,20250402,down,mid,exact_year_regime_vol,0.021781
20250402,92900,197900,Zero,-0.38,,,matched_low_control,M0312,20250401,down,mid,exact_year_regime_vol,0.021781
20250403,91600,194600,동일,0.01,,,matched_low_control,M0316,20250626,down,mid,exact_year_regime_vol,0.120741
20250404,87300,182200,동일,0.69,,,matched_low_control,M0314,20250617,down,mid,exact_year_regime_vol,0.341048
20250407,77400,164800,동일,-3.34,Y,,high_residual_case,M0272,20250408,down,high,exact_year_regime_vol,0.012197
20250408,78400,169500,동일,-1.06,,,matched_low_control,M0272,20250407,down,high,exact_year_regime_vol,0.012197
20250409,75200,165000,동일,-1.88,Y,,high_residual_case,M0273,20250508,down,high,exact_year_regime_vol,0.388178
20250410,85700,183200,동일,4.88,Y,,high_residual_case,M0274,20250411,down,high,exact_year_regime_vol,0.000538
20250411,85100,180800,동일,0.39,,,matched_low_control,M0274,20250410,down,high,exact_year_regime_vol,0.000538
20250414,84100,180200,동일,-0.91,,,unused_low,,,down,high,,
20250415,84000,180600,교차,-0.31,,,unused_low,,,down,high,,
20250416,81700,174000,동일,0.31,,,unused_low,,,down,high,,
20250417,81800,175000,동일,-0.36,,,unused_low,,,down,high,,
20250418,82400,175000,Zero,0.73,,,unused_low,,,down,high,,
20250421,83700,176600,동일,0.8,,,unused_low,,,down,high,,
20250422,81700,173800,동일,-1.07,,,unused_low,,,down,high,,
20250423,85500,181000,동일,1.22,,,unused_low,,,down,high,,
20250424,83700,178300,동일,-0.87,,,matched_low_control,M0275,20250425,down,high,exact_year_regime_vol,0.050421
20250425,89700,184400,동일,4.32,Y,최대주주등소유주식변동신고서               (SK하이닉스),high_residual_case,M0275,20250424,down,high,exact_year_regime_vol,0.050421
20250428,86700,182000,동일,-2.25,Y,,high_residual_case,M0276,20250429,up,high,exact_year_regime_vol,0.008885
20250429,87200,180800,교차,1.13,,,matched_low_control,M0276,20250428,up,high,exact_year_regime_vol,0.008885
20250430,88900,177500,교차,3.47,Y,"SK스퀘어, 美∙日 AI∙반도체 기업 5곳 투자",high_residual_case,M0277,20251118,up,high,exact_year_regime_vol,0.069707
20250502,91300,186000,동일,-1.27,,,unused_low,,,down,high,,
20250507,92300,190800,동일,-1.06,,,unused_low,,,down,high,,
20250508,93000,190300,교차,0.98,,,matched_low_control,M0273,20250409,down,high,exact_year_regime_vol,0.388178
20250509,93700,190100,교차,0.84,,,unused_low,,,down,high,,
20250512,95200,195000,동일,-0.58,,,matched_low_control,M0271,20250107,down,high,exact_year_regime_vol,0.356339
20250513,99900,198500,동일,3.42,Y,,high_residual_case,M0343,20250519,down,low,exact_year_regime_vol,0.002811
20250514,103500,206000,동일,0.4,,,matched_low_control,M0359,20250703,down,low,exact_year_regime_vol,1.490512
20250515,100800,200500,동일,-0.34,,,matched_low_control,M0346,20250528,down,low,exact_year_regime_vol,0.091899
20250516,102600,204500,동일,0.12,,,matched_low_control,M0362,20250902,down,low,exact_year_regime_vol,1.753691
20250519,99800,199400,동일,-0.61,,,matched_low_control,M0343,20250513,down,low,exact_year_regime_vol,0.002811
20250520,101100,202000,동일,0.18,,,unused_low,,,down,low,,
20250521,100800,200500,동일,0.33,,,unused_low,,,down,low,,
20250522,98500,196900,동일,-0.76,,,matched_low_control,M0344,20250526,down,low,exact_year_regime_vol,0.038426
20250523,99100,200000,동일,-0.72,,,matched_low_control,M0345,20250527,down,low,exact_year_regime_vol,0.036299
20250526,102500,203000,동일,2.15,Y,,high_residual_case,M0344,20250522,down,low,exact_year_regime_vol,0.038426
20250527,100500,202500,동일,-1.76,Y,,high_residual_case,M0345,20250523,down,low,exact_year_regime_vol,0.036299
20250528,108200,208000,동일,5.35,Y,,high_residual_case,M0346,20250515,down,low,exact_year_regime_vol,0.091899
20250529,113200,212000,동일,2.99,Y,,high_residual_case,M0347,20250605,down,low,exact_year_regime_vol,0.013421
20250530,114800,204500,교차,4.44,Y,,high_residual_case,M0348,20250610,down,low,exact_year_regime_vol,0.033285
20250602,110300,207500,교차,-5.16,Y,,high_residual_case,M0349,20250226,down,low,exact_year_regime_vol,0.061693
20250604,124700,217500,동일,8.95,Y,,high_residual_case,M0350,20250613,down,low,exact_year_regime_vol,0.068005
20250605,129300,224500,동일,0.93,,,matched_low_control,M0347,20250529,down,low,exact_year_regime_vol,0.013421
20250609,128600,229000,교차,-2.27,Y,,high_residual_case,M0351,20250220,down,low,exact_year_regime_vol,0.104433
20250610,129200,230500,동일,-0.1,,,matched_low_control,M0348,20250530,down,low,exact_year_regime_vol,0.033285
20250611,138400,240000,동일,3.55,Y,,high_residual_case,M0352,20250619,down,low,exact_year_regime_vol,0.038295
20250612,140600,235500,교차,3.22,Y,,high_residual_case,M0353,20250620,down,low,exact_year_regime_vol,0.074104
20250613,138800,235500,Zero,-1.28,,,matched_low_control,M0350,20250604,down,low,exact_year_regime_vol,0.068005
20250616,149900,248000,동일,3.4,Y,,high_residual_case,M0313,20250630,down,mid,exact_year_regime_vol,0.111252
20250617,153400,249000,동일,1.99,Y,,high_residual_case,M0314,20250404,down,mid,exact_year_regime_vol,0.341048
20250618,148400,246500,동일,-2.38,Y,,high_residual_case,M0354,20250224,down,low,exact_year_regime_vol,0.399923
20250619,148400,246000,Zero,0.18,,,matched_low_control,M0352,20250611,down,low,exact_year_regime_vol,0.038295
20250620,155500,257000,동일,0.88,,,matched_low_control,M0353,20250612,down,low,exact_year_regime_vol,0.074104
20250623,163700,259500,동일,4.41,Y,,high_residual_case,M0355,20250901,down,low,exact_year_regime_vol,0.274991
20250624,181000,278500,동일,4.14,Y,,high_residual_case,M0315,20250820,down,mid,exact_year_regime_vol,0.097896
20250625,192200,286000,동일,3.8,Y,,high_residual_case,M0356,20250225,down,low,exact_year_regime_vol,1.015485
20250626,187400,293000,교차,-4.67,Y,동일인등출자계열회사와의상품ㆍ용역거래 (SK하이닉스) | 동일인등출자계열회사와의상품ㆍ용역거래변경 (SK하이닉스),high_residual_case,M0316,20250403,down,mid,exact_year_regime_vol,0.120741
20250627,176300,284000,동일,-3.18,Y,,high_residual_case,M0317,20250812,down,mid,exact_year_regime_vol,0.164939
20250630,183000,292000,동일,1.3,,,matched_low_control,M0313,20250616,down,mid,exact_year_regime_vol,0.111252
20250701,185000,285500,교차,3.06,Y,,high_residual_case,M0357,20250218,down,low,exact_year_regime_vol,0.953898
20250702,176200,279000,동일,-2.74,Y,,high_residual_case,M0358,20250227,down,low,exact_year_regime_vol,0.911789
20250703,171800,278500,동일,-2.34,Y,1차 상법 개정안 국회 본회의 통과,high_residual_case,M0359,20250514,down,low,exact_year_regime_vol,1.490512
20250704,163200,270500,동일,-2.46,Y,,high_residual_case,M0318,20250818,down,mid,exact_year_regime_vol,0.206542
20250707,162000,271000,교차,-0.9,,,matched_low_control,M0319,20250708,up,mid,exact_year_regime_vol,0.022070
20250708,172900,282000,동일,3.15,Y,,high_residual_case,M0319,20250707,up,mid,exact_year_regime_vol,0.022070
20250709,181200,281000,교차,5.11,Y,,high_residual_case,M0320,20250721,up,mid,exact_year_regime_vol,0.018819
20250710,183600,297000,동일,-3.73,Y,카카오의 SK스퀘어 지분 1.86% 블록딜 추진,high_residual_case,M0321,20250718,up,mid,exact_year_regime_vol,0.094678
20250711,174000,294500,동일,-4.48,Y,카카오 블록딜 소식 이후 주가 하락,high_residual_case,M0322,20250804,up,mid,exact_year_regime_vol,0.296700
20250714,178300,300000,동일,0.8,,,matched_low_control,M0302,20251226,up,mid,same_year_regime,3.865153
20250715,173000,298500,동일,-2.52,Y,,high_residual_case,M0323,20250805,up,mid,exact_year_regime_vol,0.273849
20250716,174100,296000,교차,1.39,,,matched_low_control,M0304,20251230,up,mid,same_year_regime,4.564641
20250717,158900,269500,동일,-0.75,,,matched_low_control,M0303,20251229,up,mid,same_year_regime,4.599794
20250718,160500,269000,교차,1.17,,,matched_low_control,M0321,20250710,up,mid,exact_year_regime_vol,0.094678
20250721,161400,272500,동일,-0.59,,,matched_low_control,M0320,20250709,up,mid,exact_year_regime_vol,0.018819
20250722,156800,268500,동일,-1.55,,,unused_low,,,up,low,,
20250723,156000,269000,교차,-0.67,,,unused_low,,,up,low,,
20250724,152000,269500,교차,-2.72,Y,,high_residual_case,M0360,20250728,up,low,exact_year_regime_vol,0.009932
20250725,153000,266000,교차,1.81,Y,,high_residual_case,M0361,20250729,up,low,exact_year_regime_vol,0.001099
20250728,150200,262000,동일,-0.5,,,matched_low_control,M0360,20250724,up,low,exact_year_regime_vol,0.009932
20250729,149200,262500,교차,-0.84,,,matched_low_control,M0361,20250725,up,low,exact_year_regime_vol,0.001099
20250730,148000,263500,교차,-1.14,,,matched_low_control,M0372,20250930,up,low,exact_year_regime_vol,0.084768
20250731,152100,273500,동일,-0.57,,,matched_low_control,M0365,20250910,up,low,exact_year_regime_vol,0.027442
20250801,140300,258000,동일,-2.74,Y,,high_residual_case,M0324,20250806,up,mid,exact_year_regime_vol,0.001576
20250804,140200,258000,Zero,-0.08,,,matched_low_control,M0322,20250711,up,mid,exact_year_regime_vol,0.296700
20250805,143500,263500,동일,0.48,,,matched_low_control,M0323,20250715,up,mid,exact_year_regime_vol,0.273849
20250806,140300,258500,동일,-0.56,,,matched_low_control,M0324,20250801,up,mid,exact_year_regime_vol,0.001576
20250807,141900,262000,동일,-0.05,,,matched_low_control,M0331,20250926,up,mid,exact_year_regime_vol,0.199080
20250808,139300,256500,동일,0.02,,,matched_low_control,M0333,20251010,up,mid,exact_year_regime_vol,0.618186
20250811,142000,267000,동일,-1.66,,,matched_low_control,M0335,20251014,up,mid,exact_year_regime_vol,0.593089
20250812,141500,269000,교차,-1.01,,,matched_low_control,M0317,20250627,down,mid,exact_year_regime_vol,0.164939
20250813,144600,278000,동일,-0.76,,,matched_low_control,M0332,20251002,up,mid,exact_year_regime_vol,0.573699
20250814,143700,276500,동일,-0.14,,,matched_low_control,M0334,20251013,up,mid,exact_year_regime_vol,0.550779
20250818,137600,267500,동일,-1.36,,,matched_low_control,M0318,20250704,down,mid,exact_year_regime_vol,0.206542
20250819,140400,263000,교차,3.51,Y,11번가 추가 희망퇴직과 매각 준비 가능성,high_residual_case,M0325,20250319,down,mid,exact_year_regime_vol,1.519616
20250820,137100,255500,동일,0.16,,,matched_low_control,M0315,20250624,down,mid,exact_year_regime_vol,0.097896
20250821,135200,245000,동일,2.21,Y,,high_residual_case,M0326,20250325,down,mid,exact_year_regime_vol,1.554803
20250822,135200,251000,Zero,-2.13,Y,,high_residual_case,M0327,20250318,down,mid,exact_year_regime_vol,1.750821
20250825,144800,259500,동일,4.14,Y,2차 상법 개정안 국회 본회의 통과,high_residual_case,M0328,20250829,up,mid,exact_year_regime_vol,0.004317
20250826,141200,261500,교차,-3.17,Y,,high_residual_case,M0329,20250317,down,mid,exact_year_regime_vol,1.833977
20250827,139900,260000,동일,-0.42,,,matched_low_control,M0330,20250828,up,mid,exact_year_regime_vol,0.001355
20250828,149600,268500,동일,4.05,Y,주요사항보고서(자기주식처분결정),high_residual_case,M0330,20250827,up,mid,exact_year_regime_vol,0.001355
20250829,149000,269000,교차,-0.57,,,matched_low_control,M0328,20250825,up,mid,exact_year_regime_vol,0.004317
20250901,145000,256000,동일,1.58,,,matched_low_control,M0355,20250623,down,low,exact_year_regime_vol,0.274991
20250902,143600,260500,교차,-2.51,Y,,high_residual_case,M0362,20250516,down,low,exact_year_regime_vol,1.753691
20250903,143900,262500,동일,-0.46,,,matched_low_control,M0363,20250904,up,low,exact_year_regime_vol,0.002142
20250904,149400,265500,동일,2.81,Y,,high_residual_case,M0363,20250903,up,low,exact_year_regime_vol,0.002142
20250905,152800,273500,동일,-0.38,,,unused_low,,,up,low,,
20250908,153600,277000,동일,-0.62,,,matched_low_control,M0364,20250909,up,low,exact_year_regime_vol,0.020178
20250909,162000,288000,동일,1.94,Y,,high_residual_case,M0364,20250908,up,low,exact_year_regime_vol,0.020178
20250910,174300,304000,동일,2.65,Y,,high_residual_case,M0365,20250731,up,low,exact_year_regime_vol,0.027442
20250911,182100,307000,동일,3.6,Y,,high_residual_case,M0366,20250915,up,low,exact_year_regime_vol,0.033254
20250912,197300,328500,동일,2.09,Y,,high_residual_case,M0367,20250922,up,low,exact_year_regime_vol,0.016365
20250915,200500,331000,동일,0.93,,,matched_low_control,M0366,20250911,up,low,exact_year_regime_vol,0.033254
20250916,206000,348000,동일,-1.89,Y,,high_residual_case,M0368,20250923,up,low,exact_year_regime_vol,0.002204
20250917,200500,333500,동일,1.11,,,matched_low_control,M0369,20250919,up,low,exact_year_regime_vol,0.012495
20250918,208500,353000,동일,-1.29,,,unused_low,,,up,low,,
20250919,216500,353000,Zero,3.84,Y,,high_residual_case,M0369,20250917,up,low,exact_year_regime_vol,0.012495
20250922,215500,351000,동일,0.06,,,matched_low_control,M0367,20250912,up,low,exact_year_regime_vol,0.016365
20250923,220000,361000,동일,-0.49,,,matched_low_control,M0368,20250916,up,low,exact_year_regime_vol,0.002204
20250924,217500,357500,동일,-0.25,,,matched_low_control,M0370,20250925,up,low,exact_year_regime_vol,0.001177
20250925,211000,356500,동일,-2.73,Y,,high_residual_case,M0370,20250924,up,low,exact_year_regime_vol,0.001177
20250926,195300,336500,동일,-2.34,Y,,high_residual_case,M0331,20250807,up,mid,exact_year_regime_vol,0.199080
20250929,197100,349000,동일,-2.44,Y,,high_residual_case,M0371,20251001,up,low,exact_year_regime_vol,0.003525
20250930,201500,347500,교차,2.62,Y,,high_residual_case,M0372,20250730,up,low,exact_year_regime_vol,0.084768
20251001,205500,360000,동일,-1.27,,,matched_low_control,M0371,20250929,up,low,exact_year_regime_vol,0.003525
20251002,238000,395500,동일,6.85,Y,신탁계약해지결과보고서,high_residual_case,M0332,20250813,up,mid,exact_year_regime_vol,0.573699
20251010,247000,428000,동일,-3.75,Y,,high_residual_case,M0333,20250808,up,mid,exact_year_regime_vol,0.618186
20251013,245500,415000,동일,2.19,Y,,high_residual_case,M0334,20250814,up,mid,exact_year_regime_vol,0.550779
20251014,234500,411500,동일,-3.7,Y,,high_residual_case,M0335,20250811,up,mid,exact_year_regime_vol,0.593089
20251015,243500,422500,동일,1.38,,,matched_low_control,M0301,20251222,up,mid,same_year_regime,2.295457
20251016,257500,452500,동일,-0.79,,,matched_low_control,M0278,20251017,up,high,exact_year_regime_vol,0.002042
20251017,257500,465500,Zero,-2.66,Y,,high_residual_case,M0278,20251016,up,high,exact_year_regime_vol,0.002042
20251020,262000,485500,동일,-2.24,Y,,high_residual_case,M0279,20251021,up,high,exact_year_regime_vol,0.001153
20251021,256000,479000,동일,-1.04,,,matched_low_control,M0279,20251020,up,high,exact_year_regime_vol,0.001153
20251022,258500,481500,동일,0.49,,,matched_low_control,M0283,20251031,up,high,exact_year_regime_vol,0.197928
20251023,253000,478500,동일,-1.55,,,matched_low_control,M0288,20251112,up,high,exact_year_regime_vol,0.805655
20251024,271000,510000,동일,0.99,,,matched_low_control,M0281,20251028,up,high,exact_year_regime_vol,0.080548
20251027,291500,535000,동일,2.98,Y,,high_residual_case,M0280,20251030,up,high,exact_year_regime_vol,0.013650
20251028,272000,521000,동일,-4.24,Y,11번가 FI 투자금 상환 안건 검토,high_residual_case,M0281,20251024,up,high,exact_year_regime_vol,0.080548
20251029,275000,558000,동일,-5.54,Y,특수관계인에대한출자 | 특수관계인에대한주식의처분 | 특수관계인에대한출자 | 타법인주식및출자증권처분결정              ,high_residual_case,M0282,20251103,up,high,exact_year_regime_vol,0.190179
20251030,281000,568000,동일,0.5,,,matched_low_control,M0280,20251027,up,high,exact_year_regime_vol,0.013650
20251031,260000,559000,동일,-5.98,Y,특수관계인에대한주식의처분,high_residual_case,M0283,20251022,up,high,exact_year_regime_vol,0.197928
20251103,282500,620000,동일,-1.6,,,matched_low_control,M0282,20251029,up,high,exact_year_regime_vol,0.190179
20251104,274000,586000,동일,2.17,Y,,high_residual_case,M0284,20251106,up,high,exact_year_regime_vol,0.154977
20251105,260000,579000,동일,-3.98,Y,,high_residual_case,M0285,20251110,up,high,exact_year_regime_vol,0.404383
20251106,270000,593000,동일,1.57,,,matched_low_control,M0284,20251104,up,high,exact_year_regime_vol,0.154977
20251107,279000,580000,교차,5.4,Y,서드포인트의 SK하이닉스·SK스퀘어 투자 공개,high_residual_case,M0286,20251113,up,high,exact_year_regime_vol,0.046961
20251110,290000,606000,동일,-0.28,,,matched_low_control,M0285,20251105,up,high,exact_year_regime_vol,0.404383
20251111,311500,619000,동일,5.39,Y,,high_residual_case,M0287,20251212,up,high,exact_year_regime_vol,0.829169
20251112,322500,617000,교차,3.83,Y,,high_residual_case,M0288,20251023,up,high,exact_year_regime_vol,0.805655
20251113,323500,612000,교차,1.07,,,matched_low_control,M0286,20251107,up,high,exact_year_regime_vol,0.046961
20251114,291000,560000,동일,-2.02,Y,,high_residual_case,M0289,20251208,up,high,exact_year_regime_vol,0.159864
20251117,304500,606000,동일,-3.08,Y,,high_residual_case,M0290,20251203,up,high,exact_year_regime_vol,0.270070
20251118,283500,570000,동일,-1.29,,,matched_low_control,M0277,20250430,up,high,exact_year_regime_vol,0.069707
20251119,283000,562000,동일,1.14,,,matched_low_control,M0291,20251120,up,high,exact_year_regime_vol,0.055209
20251120,293500,571000,동일,2.2,Y,,high_residual_case,M0291,20251119,up,high,exact_year_regime_vol,0.055209
20251121,266000,521000,동일,-1.13,,,unused_low,,,down,high,,
20251124,276000,520000,교차,3.94,Y,기업가치제고계획(자율공시)              (2025년),high_residual_case,M0292,20251202,down,high,exact_year_regime_vol,0.029007
20251125,290500,519000,교차,5.43,Y,SK스퀘어 기업가치 제고 계획 (2025),high_residual_case,M0293,20251126,down,high,exact_year_regime_vol,0.018790
20251126,291000,524000,동일,-0.73,,,matched_low_control,M0293,20251125,down,high,exact_year_regime_vol,0.018790
20251127,301000,544000,동일,-0.13,,,unused_low,,,down,high,,
20251128,298000,530000,동일,1.41,,,unused_low,,,down,high,,
20251201,302000,538000,동일,-0.07,,,matched_low_control,M0300,20251218,down,high,exact_year_regime_vol,1.524396
20251202,308500,558000,동일,-1.33,,,matched_low_control,M0292,20251124,down,high,exact_year_regime_vol,0.029007
20251203,310500,552000,교차,1.66,,,matched_low_control,M0290,20251117,up,high,exact_year_regime_vol,0.270070
20251204,312500,542000,교차,2.34,Y,,high_residual_case,M0294,20251216,up,high,exact_year_regime_vol,0.872359
20251205,302000,544000,교차,-3.71,Y,,high_residual_case,M0295,20251223,up,high,exact_year_regime_vol,1.884861
20251208,322000,577000,동일,0.93,,,matched_low_control,M0289,20251114,up,high,exact_year_regime_vol,0.159864
20251209,323000,566000,교차,2.1,Y,,high_residual_case,M0296,20251219,up,high,exact_year_regime_vol,1.683217
20251210,324000,587000,동일,-3.18,Y,조회공시요구(풍문또는보도)에대한답변(미확정)               (SK하이닉스),high_residual_case,M0297,20251211,down,high,exact_year_regime_vol,0.007095
20251211,307500,565000,동일,-1.56,,,matched_low_control,M0297,20251210,down,high,exact_year_regime_vol,0.007095
20251212,308000,571000,동일,-0.84,,,matched_low_control,M0287,20251111,up,high,exact_year_regime_vol,0.829169
20251215,292500,554000,동일,-2.23,Y,,high_residual_case,M0298,20251224,up,high,exact_year_regime_vol,0.923933
20251216,281000,530000,동일,0.14,,,matched_low_control,M0294,20251204,up,high,exact_year_regime_vol,0.872359
20251217,283000,551000,동일,-3,Y,,high_residual_case,M0299,20250228,up,high,same_year_regime,2.816399
20251218,290500,552000,동일,2.48,Y,,high_residual_case,M0300,20251201,down,high,exact_year_regime_vol,1.524396
20251219,290500,547000,Zero,0.85,,,matched_low_control,M0296,20251209,up,high,exact_year_regime_vol,1.683217
20251222,315000,580000,동일,2.77,Y,,high_residual_case,M0301,20251015,up,high,same_year_regime,2.295457
20251223,315000,584000,Zero,-0.65,,,matched_low_control,M0295,20251205,up,high,exact_year_regime_vol,1.884861
20251224,321000,588000,동일,1.26,,,matched_low_control,M0298,20251215,up,high,exact_year_regime_vol,0.923933
20251226,334500,599000,동일,2.45,Y,,high_residual_case,M0302,20250714,up,high,same_year_regime,3.865153
20251229,346000,640000,동일,-3.01,Y,최재원 수석부회장의 SK스퀘어 이동,high_residual_case,M0303,20250717,up,high,same_year_regime,4.599794
20251230,368000,651000,동일,4.73,Y,,high_residual_case,M0304,20250716,up,high,same_year_regime,4.564641
20260102,392000,677000,동일,2.74,Y,,high_residual_case,M0418,20260108,up,low,exact_year_regime_vol,0.040550
20260105,416000,696000,동일,3.46,Y,,high_residual_case,M0419,20260106,up,low,exact_year_regime_vol,0.002330
20260106,432000,726000,동일,-0.25,,,matched_low_control,M0419,20260105,up,low,exact_year_regime_vol,0.002330
20260107,429500,742000,교차,-2.68,Y,,high_residual_case,M0420,20260109,up,low,exact_year_regime_vol,0.001302
20260108,430500,756000,동일,-1.57,,,matched_low_control,M0418,20260102,up,low,exact_year_regime_vol,0.040550
20260109,430500,744000,Zero,1.52,,,matched_low_control,M0420,20260107,up,low,exact_year_regime_vol,0.001302
20260112,427500,749000,교차,-1.34,,,matched_low_control,M0427,20260130,up,low,exact_year_regime_vol,0.274482
20260113,426500,738000,동일,1.17,,,matched_low_control,M0432,20260210,up,low,exact_year_regime_vol,1.065944
20260114,435500,742000,동일,1.59,,,matched_low_control,M0421,20260115,up,low,exact_year_regime_vol,0.009361
20260115,429500,749000,교차,-2.28,Y,,high_residual_case,M0421,20260114,up,low,exact_year_regime_vol,0.009361
20260116,446500,756000,동일,3.07,Y,,high_residual_case,M0422,20260120,up,low,exact_year_regime_vol,0.010458
20260119,435500,764000,교차,-3.47,Y,,high_residual_case,M0423,20260121,up,low,exact_year_regime_vol,0.008310
20260120,427000,743000,동일,0.67,,,matched_low_control,M0422,20260116,up,low,exact_year_regime_vol,0.010458
20260121,430000,740000,교차,1.09,,,matched_low_control,M0423,20260119,up,low,exact_year_regime_vol,0.008310
20260122,446500,755000,동일,1.91,Y,,high_residual_case,M0424,20260123,up,low,exact_year_regime_vol,0.000839
20260123,445500,767000,교차,-1.74,,,matched_low_control,M0424,20260122,up,low,exact_year_regime_vol,0.000839
20260126,441000,736000,동일,2.85,Y,,high_residual_case,M0425,20260127,up,low,exact_year_regime_vol,0.008665
20260127,473000,800000,동일,-1.03,,,matched_low_control,M0425,20260126,up,low,exact_year_regime_vol,0.008665
20260128,504000,841000,동일,1.65,,,matched_low_control,M0426,20260129,up,low,exact_year_regime_vol,0.001805
20260129,531000,861000,동일,3.08,Y,SK하이닉스 실적·배당·자사주 소각 수혜,high_residual_case,M0426,20260128,up,low,exact_year_regime_vol,0.001805
20260130,570000,909000,동일,1.99,Y,,high_residual_case,M0427,20260112,up,low,exact_year_regime_vol,0.274482
20260202,505000,830000,동일,-3.04,Y,SK하이닉스보다 큰 폭으로 하락한 수급 현상,high_residual_case,M0428,20260203,up,low,exact_year_regime_vol,0.184637
20260203,546000,907000,동일,-0.77,,,matched_low_control,M0428,20260202,up,low,exact_year_regime_vol,0.184637
20260204,569000,900000,교차,4.95,Y,,high_residual_case,M0429,20260205,up,low,exact_year_regime_vol,0.050776
20260205,534000,842000,동일,0.05,,,matched_low_control,M0429,20260204,up,low,exact_year_regime_vol,0.050776
20260206,514000,839000,동일,-3.41,Y,자기주식처분결과보고서 (SK하이닉스),high_residual_case,M0430,20260211,up,low,exact_year_regime_vol,0.014972
20260209,563000,887000,동일,4.03,Y,자사주 소각 의무화 3차 상법 개정안 처리 기대,high_residual_case,M0431,20260213,up,low,exact_year_regime_vol,0.003673
20260210,543000,876000,동일,-2.36,Y,,high_residual_case,M0432,20260113,up,low,exact_year_regime_vol,1.065944
20260211,532000,860000,동일,-0.27,,,matched_low_control,M0430,20260206,up,low,exact_year_regime_vol,0.014972
20260212,570000,888000,동일,4.02,Y,,high_residual_case,M0433,20260219,up,low,exact_year_regime_vol,1.168380
20260213,558000,880000,동일,-1.25,,,matched_low_control,M0431,20260209,up,low,exact_year_regime_vol,0.003673
20260219,566000,894000,동일,-0.1,,,matched_low_control,M0433,20260212,up,low,exact_year_regime_vol,1.168380
20260220,580000,949000,동일,-3.44,Y,,high_residual_case,M0393,20260224,up,mid,exact_year_regime_vol,0.007678
20260223,580000,951000,Zero,-0.2,,,matched_low_control,M0434,20260429,up,low,exact_year_regime_vol,1.061286
20260224,617000,1005000,동일,0.91,,,matched_low_control,M0393,20260220,up,mid,exact_year_regime_vol,0.007678
20260225,647000,1018000,동일,3.61,Y,Q4 ’25 Portfolio Update,high_residual_case,M0394,20260227,up,mid,exact_year_regime_vol,0.007963
20260226,679000,1099000,동일,-2.73,Y,,high_residual_case,M0395,20260303,up,mid,exact_year_regime_vol,0.006500
20260227,645000,1061000,동일,-1.66,,,matched_low_control,M0394,20260225,up,mid,exact_year_regime_vol,0.007963
20260303,581000,939000,동일,1.2,,,matched_low_control,M0395,20260226,up,mid,exact_year_regime_vol,0.006500
20260304,507000,849000,동일,-3.5,Y,,high_residual_case,M0396,20260313,up,mid,exact_year_regime_vol,0.115121
20260305,566000,941000,동일,1.24,,,matched_low_control,M0373,20260310,up,high,exact_year_regime_vol,0.003076
20260306,553000,924000,동일,-0.56,,,matched_low_control,M0413,20260616,up,high,same_year_regime,3.167489
20260309,509000,836000,동일,1.21,,,matched_low_control,M0386,20260706,up,high,exact_year_regime_vol,1.830332
20260310,554000,938000,동일,-2.86,Y,,high_residual_case,M0373,20260305,up,high,exact_year_regime_vol,0.003076
20260311,565000,955000,동일,0.24,,,matched_low_control,M0412,20260608,up,high,same_year_regime,2.468916
20260312,554000,930000,동일,0.57,,,matched_low_control,M0374,20260317,up,high,exact_year_regime_vol,0.002820
20260313,534000,910000,동일,-1.54,,,matched_low_control,M0396,20260304,up,mid,exact_year_regime_vol,0.115121
20260316,562000,974000,동일,-1.52,,,matched_low_control,M0410,20260604,up,mid,exact_year_regime_vol,1.831112
20260317,587000,970000,교차,4.85,Y,사업보고서 (2025.12),high_residual_case,M0374,20260312,up,high,exact_year_regime_vol,0.002820
20260318,630000,1056000,동일,-1.22,,,matched_low_control,M0383,20260630,up,high,exact_year_regime_vol,0.748843
20260319,611000,1013000,동일,0.92,,,matched_low_control,M0384,20260701,up,high,exact_year_regime_vol,0.769887
20260320,608000,1007000,동일,0.08,,,matched_low_control,M0390,20260723,up,high,exact_year_regime_vol,0.388924
20260323,557000,933000,동일,-1.3,,,unused_low,,,up,high,,
20260324,595000,986000,동일,1.35,,,matched_low_control,M0375,20260326,up,high,exact_year_regime_vol,0.003403
20260325,605000,995000,동일,0.8,,,matched_low_control,M0391,20260727,up,high,exact_year_regime_vol,0.302464
20260326,558000,933000,동일,-1.76,Y,,high_residual_case,M0375,20260324,up,high,exact_year_regime_vol,0.003403
20260327,544000,922000,동일,-1.37,,,matched_low_control,M0414,20260619,up,high,same_year_regime,3.627890
20260330,510000,873000,동일,-1.13,,,unused_low,,,up,high,,
20260331,466500,807000,동일,-1.26,,,unused_low,,,down,high,,
20260401,501000,893000,동일,-2.81,Y,,high_residual_case,M0397,20260410,up,mid,exact_year_regime_vol,0.146730
20260402,469500,830000,동일,0.49,,,matched_low_control,M0398,20260403,down,mid,exact_year_regime_vol,0.007560
20260403,483000,876000,동일,-2.43,Y,,high_residual_case,M0398,20260402,down,mid,exact_year_regime_vol,0.007560
20260406,487000,886000,동일,-0.27,,,matched_low_control,M0440,20260512,up,mid,same_year_regime,9.426492
20260407,499000,916000,동일,-0.79,,,matched_low_control,M0416,20260707,down,mid,exact_year_regime_vol,0.555317
20260408,578000,1033000,동일,3.54,Y,,high_residual_case,M0399,20260413,up,mid,exact_year_regime_vol,0.001387
20260409,560000,998000,동일,0.17,,,matched_low_control,M0400,20260414,up,mid,exact_year_regime_vol,0.006006
20260410,568000,1027000,동일,-1.38,,,matched_low_control,M0397,20260401,up,mid,exact_year_regime_vol,0.146730
20260413,580000,1040000,동일,0.89,,,matched_low_control,M0399,20260408,up,mid,exact_year_regime_vol,0.001387
20260414,640000,1103000,동일,4.48,Y,,high_residual_case,M0400,20260409,up,mid,exact_year_regime_vol,0.006006
20260415,665000,1136000,동일,1.01,,,matched_low_control,M0441,20260513,up,mid,same_year_regime,9.966712
20260416,690000,1155000,동일,2.14,Y,,high_residual_case,M0401,20260417,up,mid,exact_year_regime_vol,0.001024
20260417,682000,1128000,동일,1.11,,,matched_low_control,M0401,20260416,up,mid,exact_year_regime_vol,0.001024
20260420,701000,1166000,동일,-0.47,,,matched_low_control,M0402,20260421,up,mid,exact_year_regime_vol,0.000275
20260421,718000,1224000,동일,-2.4,Y,,high_residual_case,M0402,20260420,up,mid,exact_year_regime_vol,0.000275
20260422,720000,1223000,교차,0.36,,,matched_low_control,M0439,20260511,up,mid,same_year_regime,8.030094
20260423,728000,1225000,동일,0.95,,,matched_low_control,M0404,20260428,up,mid,exact_year_regime_vol,0.231804
20260424,725000,1222000,동일,-0.17,,,matched_low_control,M0403,20260427,up,mid,exact_year_regime_vol,0.043026
20260427,789000,1292000,동일,3.27,Y,,high_residual_case,M0403,20260424,up,mid,exact_year_regime_vol,0.043026
20260428,811000,1300000,동일,2.19,Y,,high_residual_case,M0404,20260423,up,mid,exact_year_regime_vol,0.231804
20260429,830000,1293000,교차,2.86,Y,,high_residual_case,M0434,20260223,up,low,exact_year_regime_vol,1.061286
20260430,841000,1286000,교차,1.86,Y,,high_residual_case,M0435,20260506,up,low,exact_year_regime_vol,2.284987
20260504,991000,1447000,동일,5.66,Y,,high_residual_case,M0436,20260518,up,low,exact_year_regime_vol,0.075206
20260506,1089000,1601000,동일,-0.49,,,matched_low_control,M0435,20260430,up,low,exact_year_regime_vol,2.284987
20260507,1099000,1654000,동일,-2.32,Y,,high_residual_case,M0437,20260515,up,low,exact_year_regime_vol,0.063497
20260508,1098000,1686000,교차,-1.98,Y,,high_residual_case,M0438,20260514,up,low,exact_year_regime_vol,0.072563
20260511,1187000,1880000,동일,-3.15,Y,,high_residual_case,M0439,20260422,up,low,same_year_regime,8.030094
20260512,1126000,1835000,동일,-2.79,Y,,high_residual_case,M0440,20260406,up,low,same_year_regime,9.426492
20260513,1190000,1976000,동일,-1.86,Y,,high_residual_case,M0441,20260415,up,low,same_year_regime,9.966712
20260514,1171000,1970000,동일,-1.3,,,matched_low_control,M0438,20260508,up,low,exact_year_regime_vol,0.072563
20260515,1098000,1819000,동일,1.3,,,matched_low_control,M0437,20260507,up,low,exact_year_regime_vol,0.063497
20260518,1093000,1840000,교차,-1.59,,,matched_low_control,M0436,20260504,up,low,exact_year_regime_vol,0.075206
20260519,1020000,1745000,동일,-1.62,,,matched_low_control,M0415,20260622,up,low,same_year_regime,3.786584
20260520,1029000,1745000,Zero,0.88,,,matched_low_control,M0411,20260605,up,low,same_year_regime,2.809640
20260521,1179000,1940000,동일,3.63,Y,역대 최고 실적과 첫 현금배당,high_residual_case,M0405,20260522,up,mid,exact_year_regime_vol,0.000416
20260522,1185000,1941000,동일,0.46,,,matched_low_control,M0405,20260521,up,mid,exact_year_regime_vol,0.000416
20260526,1181000,2052000,교차,-5.95,Y,,high_residual_case,M0406,20260527,up,mid,exact_year_regime_vol,0.004871
20260527,1276000,2243000,동일,-1.11,,,matched_low_control,M0406,20260526,up,mid,exact_year_regime_vol,0.004871
20260528,1237000,2289000,교차,-5.08,Y,코리아 밸류업 지수 신규 편입,high_residual_case,M0407,20260601,up,mid,exact_year_regime_vol,0.060414
20260529,1233000,2333000,교차,-2.21,Y,,high_residual_case,M0408,20260618,up,mid,exact_year_regime_vol,0.750253
20260601,1256000,2363000,동일,0.6,,,matched_low_control,M0407,20260528,up,mid,exact_year_regime_vol,0.060414
20260602,1346000,2360000,교차,7.3,Y,,high_residual_case,M0409,20260617,up,mid,exact_year_regime_vol,0.781769
20260604,1361000,2298000,교차,3.7,Y,,high_residual_case,M0410,20260316,up,mid,exact_year_regime_vol,1.831112
20260605,1258000,2070000,동일,2.2,Y,,high_residual_case,M0411,20260520,up,mid,same_year_regime,2.809640
20260608,1118000,1911000,동일,-3.58,Y,,high_residual_case,M0412,20260311,up,mid,same_year_regime,2.468916
20260609,1269000,2215000,동일,-2.11,Y,,high_residual_case,M0376,20260611,up,high,exact_year_regime_vol,0.014691
20260610,1183000,2048000,동일,0.64,,,matched_low_control,M0377,20260612,up,high,exact_year_regime_vol,0.023717
20260611,1228000,2101000,동일,1.25,,,matched_low_control,M0376,20260609,up,high,exact_year_regime_vol,0.014691
20260612,1358000,2150000,동일,8.3,Y,,high_residual_case,M0377,20260610,up,high,exact_year_regime_vol,0.023717
20260615,1413000,2288000,동일,-2.26,Y,,high_residual_case,M0378,20260626,up,high,exact_year_regime_vol,0.031110
20260616,1501000,2382000,동일,2.18,Y,,high_residual_case,M0413,20260306,up,mid,same_year_regime,3.167489
20260617,1596000,2521000,동일,0.58,,,matched_low_control,M0409,20260602,up,mid,exact_year_regime_vol,0.781769
20260618,1700000,2685000,동일,0.11,,,matched_low_control,M0408,20260529,up,mid,exact_year_regime_vol,0.750253
20260619,1780000,2764000,동일,1.81,Y,,high_residual_case,M0414,20260327,up,mid,same_year_regime,3.627890
20260622,1970000,2919000,동일,5.13,Y,목표주가 상향 및 반도체 M&A 후보 검토,high_residual_case,M0415,20260519,up,mid,same_year_regime,3.786584
20260623,1832000,2555000,동일,5.31,Y,장중 신고가 후 7% 하락 마감,high_residual_case,M0379,20260722,up,high,exact_year_regime_vol,0.132893
20260624,1799000,2580000,교차,-2.77,Y,,high_residual_case,M0380,20260724,up,high,exact_year_regime_vol,0.246253
20260625,1899000,2917000,동일,-7.32,Y,지속가능경영보고서등관련사항(자율공시)               (SK하이닉스),high_residual_case,M0381,20260720,up,high,exact_year_regime_vol,0.590364
20260626,1720000,2673000,동일,-1.17,,,matched_low_control,M0378,20260615,up,high,exact_year_regime_vol,0.031110
20260629,1640000,2628000,동일,-2.99,Y,,high_residual_case,M0382,20260728,up,high,exact_year_regime_vol,0.599370
20260630,1697000,2650000,동일,2.65,Y,,high_residual_case,M0383,20260318,up,high,exact_year_regime_vol,0.748843
20260701,1757000,2560000,교차,6.89,Y,국민연금 리밸런싱과 SK스퀘어 대규모 순매도,high_residual_case,M0384,20260319,up,high,exact_year_regime_vol,0.769887
20260702,1525000,2187000,동일,1.17,,,matched_low_control,M0385,20260703,down,high,exact_year_regime_vol,0.095767
20260703,1589000,2425000,동일,-6.51,Y,,high_residual_case,M0385,20260702,down,high,exact_year_regime_vol,0.095767
20260706,1495000,2343000,동일,-2.59,Y,,high_residual_case,M0386,20260309,up,high,exact_year_regime_vol,1.830332
20260707,1356000,2201000,동일,-3.33,Y,,high_residual_case,M0416,20260407,down,mid,exact_year_regime_vol,0.555317
20260708,1270000,2076000,동일,-0.75,,,matched_low_control,M0417,20260710,down,high,same_year_regime,2.007852
20260709,1327000,2186000,동일,-0.72,,,unused_low,,,down,high,,
20260710,1409000,2180000,교차,6.45,Y,[기재정정]주요사항보고서(유상증자결정)(자회사의 주요경영사항)               | [기재정정]주요사항보고서(해외증권시장주권등상장결정)(자회사의 주요경영사항)               | [기재정정]증권예탁증권(DR)발행결정(자회사의 주요경영사항)              ,high_residual_case,M0417,20260708,down,mid,same_year_regime,2.007852
20260713,1161000,1845000,동일,-2.48,Y,,high_residual_case,M0387,20260714,down,high,exact_year_regime_vol,0.002093
20260714,1190000,1913000,동일,-1.12,,,matched_low_control,M0387,20260713,down,high,exact_year_regime_vol,0.002093
20260715,1382000,2082000,동일,7.46,Y,SK하이닉스 ADR·반도체 반등과 주가 급등,high_residual_case,M0388,20260716,down,high,exact_year_regime_vol,0.045369
20260716,1212000,1842000,동일,-0.97,,,matched_low_control,M0388,20260715,down,high,exact_year_regime_vol,0.045369
20260720,1177000,1764000,동일,1.26,,,matched_low_control,M0381,20260625,up,high,exact_year_regime_vol,0.590364
20260721,1253000,1836000,동일,2.46,Y,,high_residual_case,M0389,20260729,up,high,exact_year_regime_vol,0.230410
20260722,1230000,1830000,동일,-1.52,,,matched_low_control,M0379,20260623,up,high,exact_year_regime_vol,0.132893
20260723,1221000,1919000,교차,-5.5,Y,,high_residual_case,M0390,20260320,up,high,exact_year_regime_vol,0.388924
20260724,1109000,1759000,동일,-0.99,,,matched_low_control,M0380,20260624,up,high,exact_year_regime_vol,0.246253
20260727,1096000,1816000,교차,-4.35,Y,,high_residual_case,M0391,20260325,up,high,exact_year_regime_vol,0.302464
20260728,925000,1550000,동일,-1.23,,,matched_low_control,M0382,20260629,up,high,exact_year_regime_vol,0.599370
20260729,850000,1401000,동일,1.29,,,matched_low_control,M0389,20260721,up,high,exact_year_regime_vol,0.230410
20260730,799000,1322000,동일,-0.5,,,matched_low_control,M0392,20260731,up,high,exact_year_regime_vol,0.730826
20260731,1038000,1703000,동일,2.29,Y,,high_residual_case,M0392,20260730,up,high,exact_year_regime_vol,0.730826
