date,skq_ret,hynix_ret,nav_total_trillion,nav_implied_ret,divergence,nav_discount_pct,nav_discount_delta,sector_semiconductor,kospi_ret,usd_krw,foreign_net,institution_net,shorting_balance,shorting_balance_ratio,shorting_volume_ratio,shorting_balance_change,fut_listed,fut_basis,fut_basis_pct,fut_volume,foreign_own_pct,individual_net,nav_total_trillion_v1,nav_implied_ret_v1,divergence_v1,nav_discount_pct_v1,nav_discount_delta_v1,nav_implied_ret_raw,nav_per_share,skq_shares_v2,skq_ret_v1
20211129,,,,,,,,-0.39,-0.92,1193.0,-434698,-187267,,,0.00,,0.0,,,,43.1875,668432,,,,,,,,,
20211130,-10.53,-1.72,22.64,,,57.5,,-1.72,-2.42,1193.4,-378269,-750995,101293.0,0.07,0.36,,0.0,,,,42.90625,1177007,21.93,-1.36,-9.17,59.0,4.2,,160072.0,141467571.0,-10.53
20211201,-7.79,2.19,23.03,1.69,-9.48,61.5,4.0,1.85,2.14,1187.7,-750927,-273471,222542.0,0.16,6.58,121249.0,0.0,,,,42.78125,1007800,22.3,1.68,-9.47,62.9,3.9,1.69,162772.0,141467571.0,-7.79
20211202,9.57,3.0,23.55,2.25,7.32,58.7,-2.8,1.6,1.57,1180.3,159732,-127617,336132.0,0.24,6.77,113590.0,0.0,,,,42.3125,-27191,22.81,2.3,7.27,60.2,-2.7,2.25,166438.0,141467571.0,9.57
20211203,-3.93,-1.67,23.26,-1.19,-2.74,59.9,1.1,0.24,0.78,1177.3,-384036,-411141,500518.0,0.35,1.08,164386.0,0.0,,,,42.4375,772392,22.52,-1.27,-2.66,61.3,1.1,-1.19,164449.0,141467571.0,-3.93
20211206,0.0,0.42,23.32,0.23,-0.23,60.0,0.1,0.87,0.17,1178.6,-1253248,641094,503919.0,0.36,3.8,3401.0,0.0,,,,42.15625,553380,22.6,0.35,-0.35,61.4,0.1,0.23,164836.0,141467571.0,0.0
20211207,-0.61,2.53,23.75,1.86,-2.47,60.9,1.0,0.47,0.62,1183.7,-645832,1184,18455.0,0.01,0.48,-485464.0,0.0,,,,41.28125,600882,23.04,1.94,-2.55,62.4,1.0,1.86,167908.0,141467571.0,-0.61
20211208,-1.52,-1.23,23.54,-0.88,-0.64,61.2,0.2,-0.08,0.34,1181.2,-331491,-8880,14935.0,0.01,1.13,-3520.0,0.0,,,,40.8125,332682,22.83,-0.88,-0.64,62.6,0.2,-0.88,166425.0,141467571.0,-1.52
20211209,0.77,2.92,24.06,2.19,-1.42,61.7,0.5,0.25,0.93,1176.4,-757453,436049,0.0,0.0,0.83,-14935.0,0.0,,,,40.5625,318366,23.36,2.3,-1.53,63.2,0.6,2.19,170064.0,141467571.0,0.77
20211210,-2.76,-2.43,23.62,-1.81,-0.95,62.1,0.4,-0.42,-0.64,1173.8,-269157,-131984,21658.0,0.02,0.86,21658.0,0.0,,,,40.0,398262,22.95,-1.73,-1.03,63.6,0.4,-1.81,166980.0,141467571.0,-2.76
20211213,-0.47,0.83,23.77,0.62,-1.09,62.5,0.4,0.82,-0.28,1178.2,-178158,-25296,21658.0,0.02,1.27,0.0,0.0,,,,39.8125,200150,23.08,0.56,-1.03,64.0,0.4,0.62,168017.0,141467571.0,-0.47
20211214,-3.81,-0.41,23.69,-0.33,-3.48,63.8,1.3,-0.36,-0.46,1178.8,-366879,-145307,21972.0,0.02,0.37,314.0,0.0,,,,39.65625,521334,23.01,-0.33,-3.48,65.2,1.2,-0.33,167466.0,141467571.0,-3.81
20211215,-3.96,2.07,24.06,1.55,-5.51,65.8,2.0,0.31,0.05,1183.6,-501760,-177528,29342.0,0.02,1.01,7370.0,0.0,,,,39.40625,682856,23.36,1.54,-5.5,67.1,1.9,1.55,170061.0,141467571.0,-3.96
20211216,-3.09,0.4,24.13,0.29,-3.38,66.9,1.2,0.77,0.57,1186.2,-674393,-61025,33450.0,0.02,2.3,4108.0,0.0,,,,39.03125,714839,23.45,0.38,-3.47,68.2,1.1,0.29,170547.0,141467571.0,-3.09
20211217,1.06,-1.61,23.85,-1.17,2.23,66.2,-0.8,-1.83,0.38,1183.5,-412932,-3544,78038.0,0.06,1.98,44588.0,0.0,,,,38.4375,405986,23.17,-1.2,2.26,67.5,-0.7,-1.17,168558.0,141467571.0,1.06
20211220,2.46,-1.23,23.63,-0.91,3.37,65.0,-1.2,-1.75,-1.81,1184.4,-316408,221220,116648.0,0.08,0.81,38610.0,0.0,,,,38.1875,73251,22.94,-1.0,3.46,66.4,-1.1,-0.91,167016.0,141467571.0,2.46
20211221,4.28,3.32,24.22,2.5,1.78,64.4,-0.6,1.91,0.41,1189.8,-362987,379296,103056.0,0.07,0.39,-13592.0,0.0,,,,37.96875,-21481,23.52,2.54,1.74,65.8,-0.6,2.5,171197.0,141467571.0,4.28
20211222,7.88,2.01,24.58,1.49,6.39,62.2,-2.2,0.6,0.32,1191.5,182359,538667,98046.0,0.07,0.19,-5010.0,0.0,,,,37.6875,-773938,23.88,1.53,6.35,63.7,-2.1,1.49,173756.0,141467571.0,7.88
20211223,-1.22,0.39,24.66,0.3,-1.52,62.8,0.6,1.53,0.46,1191.2,-97925,176351,62668.0,0.04,0.66,-35378.0,0.0,,,,37.875,-71787,23.94,0.27,-1.49,64.2,0.5,0.3,174281.0,141467571.0,-1.22
20211224,1.39,0.39,24.73,0.29,1.1,62.4,-0.4,-0.47,0.48,1187.5,158590,39868,116036.0,0.08,1.04,53368.0,0.0,,,,37.96875,-207956,24.03,0.34,1.05,63.8,-0.4,0.29,174781.0,141467571.0,1.39
20211227,-0.91,-1.56,24.42,-1.23,0.32,62.2,-0.1,-0.49,-0.43,1186.4,3781,108336,118040.0,0.08,0.25,2004.0,0.0,,,,38.09375,-105101,23.73,-1.24,0.33,63.7,-0.1,-1.23,172624.0,141467571.0,-0.91
20211228,-0.61,1.19,24.64,0.89,-1.5,62.8,0.6,1.2,0.69,1186.2,165494,67185,114986.0,0.08,1.17,-3054.0,0.0,,,,38.25,-212013,23.96,0.99,-1.6,64.3,0.6,0.89,174163.0,141467571.0,-0.61
20211229,-0.46,-0.39,24.57,-0.27,-0.19,62.9,0.1,0.17,-0.89,1186.7,20710,-115764,112210.0,0.08,0.07,-2776.0,0.0,,,,38.40625,87098,23.91,-0.22,-0.24,64.4,0.1,-0.27,173695.0,141467571.0,-0.46
20211230,2.95,3.15,25.17,2.42,0.53,62.7,-0.2,1.27,-0.52,1186.6,188798,-96446,120242.0,0.08,1.61,8032.0,0.0,,,,38.40625,-91087,24.5,2.46,0.49,64.2,-0.2,2.42,177909.0,141467571.0,2.95
20220103,0.15,-1.91,25.63,-1.4,1.55,63.3,0.6,1.67,0.37,1185.5,24326,199,121158.0,0.09,1.14,916.0,0.0,,,,38.5625,-20575,24.13,,,63.6,,1.86,181199.0,141467571.0,
20220104,5.26,0.0,25.64,0.01,5.25,61.4,-1.9,-1.66,0.02,1190.8,294047,357577,122580.0,0.09,3.61,1422,0.0,,,,38.5625,-616938,24.13,-0.0,5.26,61.7,-1.9,0.01,181221.0,141467571.0,5.26
20220105,-3.43,-2.33,25.2,-1.7,-1.73,62.0,0.7,-2.98,-1.18,1194.3,-198525,10175,83156.0,0.06,1.63,-39424.0,0.0,,,,38.6875,239183,23.68,-1.87,-1.56,62.3,0.6,-1.7,178144.0,141467571.0,-3.43
20220106,-8.73,-0.4,25.11,-0.35,-8.38,65.2,3.2,-2.02,-1.13,1198.2,-183628,-449693,21878.0,0.02,4.82,-61278.0,0.0,,,,38.5625,615334,23.6,-0.37,-8.36,65.5,3.2,-0.35,177519.0,141467571.0,-8.73
20220107,-1.13,1.6,25.41,1.2,-2.33,66.0,0.8,1.15,1.18,1199.6,-323218,-43170,51698.0,0.04,2.9,29820.0,0.0,,,,38.40625,440917,23.9,1.28,-2.41,66.3,0.8,1.2,179652.0,141467571.0,-1.13
20220110,-5.74,-1.97,25.04,-1.48,-4.26,67.5,1.5,-1.9,-0.95,1202.4,-439925,-245419,47608.0,0.03,3.51,-4090.0,0.0,,,,38.15625,651422,23.52,-1.58,-4.16,67.7,1.7,-1.48,176985.0,141467571.0,-5.74
20220111,-0.52,2.81,25.55,2.04,-2.56,68.3,0.8,-0.2,0.02,1200.0,-350559,24940,59436.0,0.04,1.85,11828.0,0.0,,,,37.84375,313351,24.02,2.15,-2.67,68.6,0.9,2.04,180595.0,141467571.0,-0.52
20220112,3.85,0.39,25.62,0.31,3.54,67.2,-1.1,2.2,1.54,1195.2,-163372,101956,73091.0,0.05,3.21,13655.0,0.0,,,,37.59375,64398,24.11,0.35,3.5,67.5,-1.1,0.31,181129.0,141467571.0,3.85
20220113,-2.36,0.78,25.76,0.54,-2.9,68.2,0.9,-0.35,-0.35,1189.9,-222970,-42930,60647.0,0.04,14.12,-12444.0,0.0,,,,37.46875,261717,24.26,0.63,-2.99,68.4,0.9,0.54,182113.0,141467571.0,-2.36
20220114,1.72,-0.77,25.62,-0.55,2.27,67.4,-0.7,0.72,-1.36,1188.2,72266,-55688,35095.0,0.02,4.75,-25552.0,0.0,,,,37.3125,-24433,24.1,-0.64,2.36,67.7,-0.7,-0.55,181107.0,141467571.0,1.72
20220117,0.51,-1.17,25.38,-0.92,1.43,67.0,-0.5,0.46,-1.09,1187.6,57235,-35029,37465.0,0.03,2.72,2370.0,0.0,,,,37.375,-22997,23.88,-0.92,1.43,67.2,-0.5,-0.92,179436.0,141467571.0,0.51
20220118,6.07,-0.39,25.31,-0.31,6.38,64.8,-2.1,-0.53,-0.89,1192.3,556280,81649,24462.0,0.02,6.38,-13003.0,0.0,,,,37.34375,-600266,23.8,-0.35,6.42,65.1,-2.1,-0.31,178877.0,141467571.0,6.07
20220119,-0.95,0.4,25.37,0.26,-1.21,65.3,0.4,-1.54,-0.77,1188.9,-45590,32082,23198.0,0.02,3.02,-1264.0,0.0,,,,37.71875,12799,23.86,0.28,-1.23,65.5,0.4,0.26,179334.0,141467571.0,-0.95
20220120,0.32,-1.57,25.08,-1.14,1.46,64.8,-0.5,0.82,0.72,1191.8,-99913,10834,19564.0,0.01,5.16,-3634.0,0.0,,,,37.71875,89562,23.58,-1.2,1.52,65.0,-0.5,-1.14,177286.0,141467571.0,0.32
20220121,-2.72,-4.8,24.2,-3.51,0.79,64.5,-0.3,-2.58,-0.99,1190.4,-54736,6856,37111.0,0.03,4.25,17547.0,0.0,,,,37.625,53301,22.69,-3.76,1.04,64.6,-0.4,-3.51,171055.0,141467571.0,-2.72
20220124,-2.63,0.0,24.19,-0.04,-2.59,65.4,0.9,0.5,-1.49,1193.6,96259,17798,38059.0,0.03,3.66,948.0,0.0,,,,37.59375,-117476,22.68,-0.04,-2.59,65.5,0.9,-0.04,170981.0,141467571.0,-2.63
20220125,-4.22,-0.84,24.04,-0.62,-3.6,66.6,1.2,-0.97,-2.56,1194.2,-179751,-3130,33793.0,0.02,3.0,-4266.0,0.0,,,,37.65625,167373,22.53,-0.68,-3.54,66.8,1.3,-0.62,169927.0,141467571.0,-4.22
20220126,0.88,-0.42,23.97,-0.3,1.18,66.2,-0.4,-0.88,-0.41,1197.8,-601,29255,60798.0,0.04,3.72,27005.0,0.0,,,,37.53125,-33320,22.46,-0.32,1.2,66.4,-0.4,-0.3,169414.0,141467571.0,0.88
20220127,-4.2,-3.4,23.37,-2.51,-1.69,66.8,0.6,-2.85,-3.5,1197.0,-144666,-126386,59534.0,0.04,3.74,-1264.0,0.0,,,,37.53125,253094,21.86,-2.63,-1.57,66.9,0.5,-2.51,165183.0,141467571.0,-4.2
20220128,0.36,6.17,24.41,4.46,-4.1,68.1,1.3,3.04,1.87,1202.4,-313644,23725,53688.0,0.04,2.7,-5846.0,0.0,,,,37.4375,261819,22.9,4.72,-4.36,68.3,1.4,4.46,172536.0,141467571.0,0.36
20220203,2.18,2.9,24.93,2.11,0.07,68.1,-0.0,0.21,1.67,1205.7,1434,-16320,53716,0.04,0.00,-604,0.0,,,,37.21875,13056,23.41,,,68.3,,2.11,176201.0,141467571.0,
20220204,1.25,0.4,25.0,0.27,0.98,67.8,-0.3,0.88,1.57,1205.4,-103345,75039,53002,0.04,0.66,-714,0.0,,,,37.28125,27370,23.49,0.33,0.92,68.0,-0.3,0.27,176690.0,141467571.0,1.25
20220207,2.28,-1.2,24.78,-0.86,3.14,66.8,-1.0,-1.36,-0.19,1199.5,37908,-76795,53002.0,0.04,0.95,-714.0,0.0,,,,37.1875,38608,23.27,-0.94,3.22,67.0,-1.0,-0.86,175162.0,141467571.0,2.28
20220208,0.69,1.63,25.07,1.15,-0.46,66.9,0.2,-1.36,0.05,1199.4,100111,67161,73518.0,0.05,3.71,20516.0,0.0,,,,37.21875,-163707,23.56,1.26,-0.57,67.1,0.1,1.15,177184.0,141467571.0,0.69
20220209,2.05,0.8,25.21,0.59,1.46,66.4,-0.5,1.07,0.81,1197.8,215532,24623,58588.0,0.04,2.61,-14930.0,0.0,,,,37.3125,-243694,23.71,0.66,1.39,66.7,-0.4,0.59,178230.0,141467571.0,2.05
20220210,-4.52,2.78,25.72,2.01,-6.53,68.6,2.1,-0.11,0.11,1196.0,64189,-162182,54796.0,0.04,1.14,-3792.0,0.0,,,,37.4375,111459,24.22,2.13,-6.65,68.9,2.2,2.01,181808.0,141467571.0,-4.52
20220211,-0.53,1.93,26.08,1.39,-1.92,69.2,0.6,-1.39,-0.87,1196.0,101081,-58483,70908.0,0.05,2.59,16112.0,0.0,,,,37.5,-38398,24.58,1.48,-2.01,69.5,0.6,1.39,184329.0,141467571.0,-0.53
20220214,-3.87,0.38,26.14,0.25,-4.12,70.4,1.3,-2.23,-1.57,1199.6,41895,-12227,77860.0,0.06,2.81,6952.0,0.0,,,,37.625,-19099,24.64,0.27,-4.14,70.7,1.2,0.25,184781.0,141467571.0,-3.87
20220215,-5.31,-4.15,25.33,-3.1,-2.21,71.1,0.7,0.04,-1.03,1198.3,-79827,-413645,77535.0,0.05,2.39,-325.0,0.0,,,,37.65625,480386,23.83,-3.29,-2.02,71.3,0.6,-3.1,179046.0,141467571.0,-5.31
20220216,5.8,2.76,25.85,2.06,3.74,70.1,-1.1,2.83,1.99,1198.5,398733,-27478,74375.0,0.05,3.02,-3160.0,0.0,,,,37.59375,-374912,24.35,2.18,3.62,70.3,-1.0,2.06,182738.0,141467571.0,5.8
20220217,-0.91,1.92,26.22,1.41,-2.32,70.8,0.7,0.6,0.53,1196.9,229979,-109585,71269.0,0.05,0.27,-3106.0,0.0,,,,37.875,-117613,24.72,1.5,-2.41,71.0,0.7,1.41,185311.0,141467571.0,-0.91
20220218,0.0,-1.13,26.0,-0.82,0.82,70.5,-0.2,-0.03,0.02,1197.1,-7643,-14419,71149.0,0.05,1.11,-120.0,0.0,,,,38.0625,22343,24.51,-0.84,0.84,70.8,-0.2,-0.82,183790.0,141467571.0,0.0
20220221,2.95,-1.14,25.78,-0.84,3.79,69.4,-1.1,-0.52,-0.03,1196.4,231703,1784,70965.0,0.05,2.86,-184.0,0.0,,,,38.0625,-233036,24.29,-0.89,3.84,69.7,-1.1,-0.84,182248.0,141467571.0,2.95
20220222,-1.25,-1.15,25.55,-0.89,-0.36,69.5,0.1,-1.28,-1.35,1194.6,225369,-72476,72895.0,0.05,4.28,1930.0,0.0,,,,38.1875,-146335,24.06,-0.94,-0.31,69.8,0.1,-0.89,180629.0,141467571.0,-1.25
20220223,4.72,0.0,25.55,-0.01,4.73,68.1,-1.4,1.9,0.47,1194.7,414070,-52605,88347.0,0.06,8.42,15452.0,0.0,,,,38.375,-322516,24.07,0.02,4.7,68.3,-1.5,-0.01,180627.0,141467571.0,4.72
20220224,-4.16,-4.67,24.67,-3.46,-0.7,68.3,0.2,-2.41,-2.6,1192.1,70,-55306,96078.0,0.07,7.28,7731.0,0.0,,,,38.65625,55597,23.18,-3.68,-0.48,68.5,0.2,-3.46,174372.0,141467571.0,-4.16
20220225,3.62,0.41,24.75,0.31,3.31,67.2,-1.1,2.56,1.06,1199.4,403240,-106522,105015.0,0.07,4.62,8937.0,0.0,,,,38.65625,-267555,23.26,0.33,3.29,67.5,-1.0,0.31,174918.0,141467571.0,3.62
20220228,-2.62,0.41,24.82,0.29,-2.91,68.2,1.0,0.69,0.84,1202.7,323134,-486982,117752.0,0.08,7.2,12737.0,0.0,,,,38.9375,176446,23.33,0.32,-2.94,68.4,0.9,0.29,175430.0,141467571.0,-2.62
20220302,-3.05,1.21,25.04,0.91,-3.96,69.4,1.2,0.78,0.16,1205.6,-169113,-299393,290020.0,0.21,4.75,172268.0,0.0,,,,39.1875,465730,23.55,,,69.7,,0.91,177007.0,141467571.0,
20220303,1.85,3.2,25.63,2.35,-0.5,69.6,0.2,1.53,1.61,1205.0,63622,-93168,356632.0,0.25,22.79,66612,0.0,,,,39.09375,19603,24.14,2.5,-0.65,69.9,0.2,2.35,181164.0,141467571.0,1.85
20220304,-3.81,-3.49,24.97,-2.57,-1.24,70.0,0.4,-1.01,-1.22,1203.6,-329743,-206347,314385.0,0.22,20.0,-42247.0,0.0,,,,39.125,510247,23.48,-2.72,-1.09,70.2,0.3,-2.57,176516.0,141467571.0,-3.81
20220307,-4.34,-4.02,24.23,-2.96,-1.38,70.4,0.4,-1.95,-2.29,1211.5,-449910,-220433,327381.0,0.23,10.46,12996.0,0.0,,,,38.8125,641954,22.76,-3.1,-1.24,70.6,0.4,-2.96,171288.0,141467571.0,-4.34
20220308,-2.86,-1.26,24.01,-0.91,-1.95,71.0,0.6,-0.79,-1.09,1225.4,-179693,-106060,293067.0,0.21,9.22,-34314.0,0.0,,,,38.5,280698,22.53,-0.99,-1.87,71.1,0.5,-0.91,169730.0,141467571.0,-2.86
20220310,5.38,1.69,24.31,1.24,4.14,69.8,-1.2,2.48,2.21,1234.5,418135,-46370,368577.0,0.26,4.53,75510.0,0.0,,,,38.375,-376621,22.83,,,70.0,,1.24,171821.0,141467571.0,
20220311,-0.96,-2.5,23.87,-1.79,0.83,69.5,-0.2,-0.76,-0.71,1228.7,151860,-194552,237150.0,0.17,7.68,-131427,0.0,,,,38.65625,47775,22.4,-1.86,0.9,69.7,-0.3,-1.79,168742.0,141467571.0,-0.96
20220314,1.56,-0.85,23.72,-0.63,2.19,68.9,-0.7,-2.07,-0.59,1232.4,90885,6354,240277.0,0.17,4.97,3127.0,0.0,,,,38.78125,-92406,22.25,-0.67,2.23,69.0,-0.7,-0.63,167677.0,141467571.0,1.56
20220315,-1.72,-3.02,23.21,-2.16,0.44,68.7,-0.1,-2.04,-0.91,1238.6,47481,-95627,236287.0,0.17,11.23,-3990.0,0.0,,,,38.84375,47850,21.74,-2.31,0.59,68.8,-0.2,-2.16,164058.0,141467571.0,-1.72
20220316,0.0,3.56,23.8,2.56,-2.56,69.5,0.8,3.15,1.44,1241.7,-52665,-65278,205511.0,0.15,14.97,-30776.0,0.0,,,,38.71875,118205,22.33,2.74,-2.74,69.7,0.9,2.56,168264.0,141467571.0,0.0
20220317,2.53,6.44,24.9,4.61,-2.08,70.1,0.6,1.73,1.33,1240.4,350231,-36377,202338.0,0.14,15.56,-3173.0,0.0,,,,38.71875,-314921,23.43,4.9,-2.37,70.3,0.6,4.61,176029.0,141467571.0,2.53
20220318,1.71,0.0,24.9,0.01,1.7,69.6,-0.5,0.58,0.46,1220.6,173756,-23429,205912.0,0.15,3.24,3574.0,0.0,,,,39.0,-150748,23.43,-0.0,1.71,69.8,-0.5,0.01,176045.0,141467571.0,1.71
20220321,0.0,-1.61,24.62,-1.16,1.16,69.2,-0.4,-0.36,-0.77,1211.1,30495,-10463,1437213.0,1.02,21.65,1231301.0,0.0,,,,39.15625,-29129,23.13,-1.26,1.26,69.5,-0.3,-1.16,174001.0,141467571.0,0.0
20220322,0.37,1.23,24.85,0.94,-0.57,69.4,0.2,0.14,0.89,1213.7,56817,14346,1496416.0,1.06,9.12,59203.0,0.0,,,,39.125,-73547,23.35,0.94,-0.57,69.6,0.1,0.94,175642.0,141467571.0,0.37
20220323,3.72,0.0,24.84,-0.04,3.76,68.3,-1.2,0.57,0.92,1221.4,92285,125627,1493887.0,1.06,5.33,-2529.0,0.0,,,,39.21875,-215250,23.35,0.01,3.71,68.5,-1.1,-0.04,175571.0,141467571.0,3.72
20220324,-0.18,-2.43,24.4,-1.77,1.59,67.8,-0.5,0.14,-0.2,1212.7,-66346,-71114,1500934.0,1.06,5.0,7047.0,0.0,,,,39.28125,139169,22.91,-1.89,1.71,67.9,-0.6,-1.77,172466.0,141467571.0,-0.18
20220325,-0.9,-2.07,24.03,-1.49,0.59,67.6,-0.2,-0.77,0.01,1219.4,44009,-20615,1516734.0,1.07,8.47,15800.0,0.0,,,,39.25,-27083,22.55,-1.59,0.69,67.7,-0.2,-1.49,169897.0,141467571.0,-0.9
20220328,2.9,0.0,24.04,0.01,2.89,66.6,-0.9,-0.33,-0.02,1218.3,313763,65400,1463742.0,1.03,6.41,-52992.0,0.0,,,,39.28125,-381837,22.56,0.04,2.86,66.8,-0.9,0.01,169921.0,141467571.0,2.9
20220329,1.41,1.69,24.33,1.22,0.19,66.6,-0.1,0.7,0.42,1225.7,-110112,84858,1224277.0,0.87,1.4,-239465.0,0.0,,,,39.5,21999,22.85,1.32,0.09,66.8,0.0,1.22,171986.0,141467571.0,1.41
20220330,-2.26,0.83,24.48,0.58,-2.84,67.5,1.0,0.66,0.21,1220.5,-97141,23579,1248382.0,0.88,6.91,24105.0,0.0,,,,39.40625,69557,22.99,0.61,-2.87,67.7,0.9,0.58,173009.0,141467571.0,-2.26
20220331,1.07,-2.48,24.04,-1.78,2.85,66.6,-1.0,-0.91,0.4,1210.8,79628,-11049,1166686.0,0.82,8.65,-81696.0,0.0,,,,39.34375,-66772,22.56,-1.9,2.97,66.7,-1.0,-1.78,169922.0,141467571.0,1.07
20220401,-0.88,-1.69,23.77,-1.21,0.33,66.5,-0.1,-1.03,-0.65,1210.7,50379,-93110,1002391.0,0.71,1.9,-164295.0,0.0,,,,39.375,47086,22.26,-1.3,0.42,66.6,-0.1,-1.13,168001.0,141467571.0,-0.88
20220404,-0.18,0.86,23.91,0.61,-0.79,66.8,0.3,0.37,0.66,1216.1,15512,-16599,971917.0,0.69,2.22,-30474.0,0.0,,,,39.375,6852,22.41,0.65,-0.83,66.9,0.3,0.61,169029.0,141467571.0,-0.18
20220405,0.53,-0.43,23.84,-0.31,0.84,66.5,-0.3,0.46,0.05,1216.7,70910,-31909,948843.0,0.67,1.4,-23074.0,0.0,,,,39.375,-38545,22.33,-0.34,0.87,66.6,-0.3,-0.31,168512.0,141467571.0,0.53
20220406,0.35,-3.0,23.32,-2.16,2.51,65.6,-0.9,-2.67,-0.88,1212.6,149240,-193758,880186.0,0.62,1.49,-68657.0,0.0,,,,39.46875,41649,21.82,-2.3,2.65,65.7,-0.9,-2.16,164854.0,141467571.0,0.35
20220407,-2.29,0.44,23.38,0.26,-2.55,66.5,0.9,-0.16,-1.43,1219.1,48768,-128031,937336.0,0.66,7.77,57150.0,0.0,,,,39.5,92567,21.9,0.38,-2.67,66.6,0.9,0.26,165287.0,141467571.0,-2.29
20220408,1.44,-1.32,23.16,-0.94,2.38,65.7,-0.8,0.62,0.17,1218.5,80269,-66088,954463.0,0.67,7.25,17127.0,0.0,,,,39.59375,-17269,21.67,-1.03,2.47,65.8,-0.8,-0.94,163737.0,141467571.0,1.44
20220411,-0.18,-0.45,23.09,-0.32,0.14,65.6,-0.1,-1.64,-0.27,1224.0,72108,-49716,865331.0,0.61,7.58,-89132.0,0.0,,,,39.625,-23787,21.6,-0.35,0.17,65.7,-0.1,-0.32,163206.0,141467571.0,-0.18
20220412,-1.25,-0.45,23.01,-0.34,-0.91,65.9,0.3,0.19,-0.98,1232.0,35651,-36334,794629.0,0.56,15.98,-70702.0,0.0,,,,39.59375,848,21.53,-0.33,-0.92,66.0,0.3,-0.34,162650.0,141467571.0,-1.25
20220413,2.89,1.8,23.3,1.26,1.63,65.4,-0.5,0.83,1.86,1236.6,168706,22070,813720.0,0.58,8.79,19091.0,0.0,,,,39.59375,-191684,21.82,1.37,1.52,65.5,-0.5,1.26,164723.0,141467571.0,2.89
20220414,0.88,-2.65,22.86,-1.88,2.76,64.4,-1.0,-0.68,0.01,1227.7,104915,-21568,716829.0,0.51,6.59,-96891.0,0.0,,,,39.71875,-100382,21.38,-2.01,2.89,64.5,-1.0,-1.88,161625.0,141467571.0,0.88
20220415,-0.7,-1.82,22.57,-1.28,0.58,64.2,-0.2,-1.02,-0.76,1224.2,-58763,57849,804122.0,0.57,14.17,87293.0,0.0,,,,39.8125,-1243,21.09,-1.35,0.65,64.2,-0.3,-1.28,159562.0,141467571.0,-0.7
20220418,-2.45,0.93,22.72,0.65,-3.1,65.3,1.1,1.01,-0.11,1230.1,-88157,-15283,906826.0,0.64,11.31,102704.0,0.0,,,,39.78125,101493,21.24,0.69,-3.14,65.4,1.2,0.65,160593.0,141467571.0,-2.45
20220419,1.44,3.21,23.23,2.25,-0.81,65.6,0.3,2.72,0.95,1232.8,83215,4411,940011.0,0.66,9.73,33185.0,0.0,,,,39.59375,-85918,21.75,2.4,-0.96,65.7,0.3,2.25,164209.0,141467571.0,1.44
20220420,0.35,0.0,23.23,-0.0,0.35,65.5,-0.1,-1.45,-0.01,1234.9,84836,-41488,885721.0,0.63,7.15,-54290.0,0.0,,,,39.65625,-39890,21.75,0.01,0.34,65.6,-0.1,-0.0,164220.0,141467571.0,0.35
20220421,-0.71,0.44,23.31,0.32,-1.03,65.8,0.4,-1.06,0.35,1237.1,-18884,-12417,871863.0,0.62,6.85,-13858.0,0.0,,,,39.8125,32092,21.82,0.33,-1.04,65.9,0.3,0.32,164741.0,141467571.0,-0.71
20220422,-1.6,-2.21,22.94,-1.56,-0.04,65.8,0.0,-0.95,-0.86,1236.4,36691,-80196,876895.0,0.62,6.49,5032.0,0.0,,,,39.8125,43304,21.45,-1.69,0.09,65.9,0.0,-1.56,162172.0,141467571.0,-1.6
20220425,-1.62,-2.26,22.57,-1.61,-0.01,65.8,0.0,-3.18,-1.76,1241.7,85381,-32103,892703.0,0.63,9.87,15808.0,0.0,,,,39.84375,-53278,21.08,-1.74,0.12,65.8,-0.1,-1.61,159555.0,141467571.0,-1.62
20220426,-0.18,2.78,23.01,1.94,-2.12,66.6,0.7,0.0,0.42,1247.1,54706,-61760,904740.0,0.64,8.32,12037.0,0.0,,,,39.90625,3441,21.52,2.07,-2.25,66.6,0.8,1.94,162655.0,141467571.0,-0.18
20220427,-2.94,-2.25,22.64,-1.62,-1.32,67.0,0.5,0.88,-1.1,1248.3,-31220,-102788,904237.0,0.64,12.79,-503.0,0.0,,,,39.9375,116375,21.15,-1.71,-1.23,67.0,0.4,-1.62,160033.0,141467571.0,-2.94
20220428,-0.38,0.92,22.78,0.64,-1.02,67.3,0.3,-0.95,1.08,1263.1,37448,-109260,931928.0,0.66,13.33,27691.0,0.0,,,,39.9375,62409,21.3,0.7,-1.08,67.4,0.4,0.64,161052.0,141467571.0,-0.38
20220429,0.19,2.74,23.22,1.93,-1.74,67.9,0.6,1.32,1.03,1269.4,-4614,-31261,934992.0,0.66,8.03,3064.0,0.0,,,,39.96875,31981,21.74,2.06,-1.87,68.0,0.6,1.93,164163.0,141467571.0,0.19
20220502,-2.47,-1.78,22.93,-1.28,-1.19,68.3,0.4,-1.32,-0.28,1265.4,12648,-210851,879848.0,0.62,4.84,-55144.0,0.0,,,,39.90625,188642,21.44,-1.34,-1.13,68.3,0.3,-1.28,162079.0,141467571.0,-2.47
20220503,0.0,-0.45,22.86,-0.31,0.31,68.2,-0.1,1.26,-0.26,1265.8,61799,-64371,880970.0,0.62,7.31,1122.0,0.0,,,,39.90625,689,21.37,-0.34,0.34,68.2,-0.1,-0.31,161582.0,141467571.0,0.0
20220504,-1.75,-0.45,22.79,-0.32,-1.43,68.6,0.5,-0.46,-0.11,1265.7,-73022,-85036,865004.0,0.61,5.96,-15966.0,0.0,,,,39.9375,154578,21.3,-0.34,-1.41,68.7,0.5,-0.32,161072.0,141467571.0,-1.75
20220506,-4.16,-1.83,22.49,-1.3,-2.86,69.6,0.9,-1.68,-1.23,1261.8,-132629,-210824,862293.0,0.61,4.91,-2711.0,0.0,,,,39.90625,337040,21.0,,,69.6,,-1.3,158985.0,141467571.0,
20220509,-5.27,0.0,22.48,-0.04,-5.23,71.2,1.6,-1.49,-1.27,1272.7,-92300,-151586,916783.0,0.65,4.91,54490,0.0,,,,39.8125,254055,20.99,-0.04,-5.23,71.2,1.6,-0.04,158916.0,141467571.0,-5.27
20220510,0.76,2.33,22.84,1.61,-0.85,71.4,0.2,2.07,-0.55,1274.6,36476,-59667,911482.0,0.64,12.21,-5301.0,0.0,,,,39.75,17867,21.36,1.74,-0.98,71.4,0.2,1.61,161475.0,141467571.0,0.76
20220511,-3.25,0.45,22.92,0.33,-3.58,72.4,1.0,2.32,-0.17,1275.5,46356,-181934,952980.0,0.67,13.81,41498.0,0.0,,,,39.8125,133794,21.43,0.32,-3.57,72.4,1.0,0.33,162000.0,141467571.0,-3.25
20220512,-3.58,-1.36,22.69,-1.0,-2.58,73.1,0.7,-2.22,-1.63,1277.0,106506,-119471,937353.0,0.66,13.81,-15627.0,0.0,,,,39.84375,17466,21.21,-1.04,-2.54,73.2,0.8,-1.0,160382.0,141467571.0,-3.58
20220513,3.02,3.21,23.2,2.26,0.76,72.9,-0.2,1.92,2.12,1286.4,41697,18301,878625.0,0.62,11.61,-58728.0,0.0,,,,39.90625,-58003,21.72,2.42,0.6,73.0,-0.2,2.26,164002.0,141467571.0,3.02
20220516,0.45,-1.78,22.91,-1.26,1.71,72.5,-0.5,-0.54,-0.29,1286.0,14229,-30689,910023.0,0.64,12.29,31398.0,0.0,,,,39.96875,12103,21.43,-1.35,1.8,72.5,-0.5,-1.26,161941.0,141467571.0,0.45
20220517,0.11,1.81,23.2,1.27,-1.16,72.8,0.3,1.29,0.92,1281.6,-25525,22482,893867.0,0.63,11.92,-16156.0,0.0,,,,39.96875,3881,21.72,1.37,-1.26,72.8,0.3,1.27,163994.0,141467571.0,0.11
20220518,0.78,0.89,23.35,0.62,0.16,72.7,-0.0,0.96,0.21,1277.2,91185,-33277,942876.0,0.67,21.92,49009.0,0.0,,,,39.9375,-40946,21.87,0.67,0.11,72.8,0.0,0.62,165020.0,141467571.0,0.78
20220519,-0.67,-2.2,22.98,-1.56,0.89,72.5,-0.2,0.45,-1.28,1269.3,127021,-39992,957963.0,0.68,15.37,15087.0,0.0,,,,40.0,-82431,21.5,-1.68,1.01,72.5,-0.3,-1.56,162422.0,141467571.0,-0.67
20220520,3.69,1.35,23.2,0.95,2.74,71.7,-0.8,0.94,1.81,1274.6,168863,-6923,987459.0,0.7,21.23,29496.0,0.0,,,,40.125,-165070,21.72,1.03,2.66,71.8,-0.7,0.95,163981.0,141467571.0,3.69
20220523,1.29,0.44,23.27,0.32,0.97,71.5,-0.3,0.34,0.31,1269.5,44183,6095,1157723.0,0.82,24.23,170264.0,0.0,,,,40.28125,-49828,21.79,0.32,0.97,71.5,-0.3,0.32,164514.0,141467571.0,1.29
20220524,-3.09,-3.98,22.61,-2.85,-0.24,71.5,0.1,-3.13,-1.57,1267.7,24844,-43172,1157668.0,0.82,27.76,-55.0,0.0,,,,40.3125,26972,21.13,-3.03,-0.06,71.6,0.1,-2.85,159826.0,141467571.0,-3.09
20220525,0.99,-0.46,22.54,-0.33,1.32,71.2,-0.4,0.31,0.44,1264.3,-10189,30227,1164131.0,0.82,17.85,6463.0,0.0,,,,40.34375,-19393,21.06,-0.35,1.34,71.2,-0.4,-0.33,159304.0,141467571.0,0.99
20220526,-0.98,-4.63,21.8,-3.25,2.27,70.5,-0.7,-1.47,-0.18,1263.3,44204,-35422,1179154.0,0.83,19.5,15023.0,0.0,,,,40.34375,-8602,20.33,-3.47,2.49,70.4,-0.8,-3.25,154132.0,141467571.0,-0.98
20220527,1.1,2.91,22.24,2.01,-0.91,70.7,0.3,0.33,0.98,1266.4,80598,-39328,1148657.0,0.81,7.88,-30497.0,0.0,,,,40.34375,-36841,20.77,2.17,-1.07,70.7,0.3,2.01,157228.0,141467571.0,1.1
20220530,2.39,0.94,22.39,0.67,1.72,70.2,-0.5,0.73,1.2,1256.9,95631,-9523,1078653.0,0.76,7.19,-70004.0,0.0,,,,40.40625,-86047,20.92,0.72,1.67,70.3,-0.4,0.67,158290.0,141467571.0,2.39
20220531,0.42,0.93,22.54,0.67,-0.25,70.3,0.1,0.88,0.61,1245.8,72147,-89102,995235.0,0.7,9.0,-83418.0,0.0,,,,40.46875,14881,21.06,0.71,-0.29,70.3,0.0,0.67,159340.0,141467571.0,0.42
20220602,-2.43,-0.93,22.39,-0.66,-1.77,70.8,0.5,0.24,-1.00,1238.4,-52571,-67231,984839.0,0.7,6.68,-10396.0,0.0,,,,40.53125,119687,20.92,,,70.9,,-0.66,158304.0,141467571.0,
20220603,1.73,0.0,22.4,0.01,1.72,70.3,-0.5,0.38,0.44,1251.2,49392,46305,933635.0,0.66,7.49,-51204,0.0,,,,40.46875,-94791,20.92,-0.0,1.73,70.4,-0.5,0.01,158314.0,141467571.0,1.73
20220607,-3.62,-2.8,21.96,-1.94,-1.68,70.8,0.5,-0.91,-1.66,1241.1,-91845,-66006,896266.0,0.63,3.2,-37369.0,0.0,,,,40.53125,159177,20.48,,,70.8,,-1.94,155239.0,141467571.0,
20220608,1.33,1.92,22.25,1.33,0.0,70.8,-0.0,-0.05,-0.01,1257.1,101035,-9537,872995.0,0.62,1.92,-23271,0.0,,,,40.46875,-91377,20.77,1.43,-0.1,70.8,0.0,1.33,157309.0,141467571.0,1.33
20220609,1.42,-0.47,22.18,-0.35,1.77,70.3,-0.5,-0.78,-0.03,1255.4,-569,51246,798374.0,0.56,4.13,-74621.0,0.0,,,,40.53125,-50047,20.7,-0.35,1.77,70.3,-0.5,-0.35,156774.0,141467571.0,1.42
20220610,-1.94,-1.9,21.89,-1.32,-0.62,70.5,0.2,-0.34,-1.13,1257.6,-975,-26310,771609.0,0.55,11.26,-26765.0,0.0,,,,40.53125,26635,20.4,-1.41,-0.53,70.5,0.2,-1.32,154707.0,141467571.0,-1.94
20220613,-5.7,-4.35,21.22,-3.06,-2.64,71.3,0.8,-3.65,-3.52,1266.0,-16482,-5966,765190.0,0.54,9.83,-6419.0,0.0,,,,40.53125,19142,19.74,-3.27,-2.43,71.2,0.7,-3.06,149970.0,141467571.0,-5.7
20220614,-0.23,0.1,21.22,0.04,-0.27,71.4,0.1,-0.38,-0.46,1286.0,103532,2394,738049.0,0.52,3.09,-27141.0,0.0,,,,40.5,-107568,19.75,0.05,-0.28,71.3,0.1,0.04,150034.0,141467571.0,-0.23
20220615,-2.45,-1.21,21.04,-0.87,-1.58,71.9,0.5,-1.27,-1.83,1289.7,45021,-24833,711056.0,0.5,8.23,-26993.0,0.0,,,,40.59375,-22403,19.57,-0.91,-1.54,71.8,0.5,-0.87,148724.0,141467571.0,-2.45
20220616,1.08,-0.51,20.97,-0.34,1.42,71.5,-0.4,-0.4,0.16,1291.3,161806,-78189,711618.0,0.5,5.56,562.0,0.0,,,,40.625,-83980,19.5,-0.37,1.45,71.3,-0.5,-0.34,148218.0,141467571.0,1.08
20220617,1.77,-1.03,20.82,-0.7,2.47,70.8,-0.7,-0.11,-0.43,1284.1,83458,23651,708625.0,0.5,4.04,-2993.0,0.0,,,,40.71875,-108256,19.35,-0.77,2.54,70.6,-0.7,-0.7,147175.0,141467571.0,1.77
20220620,-2.9,-1.97,20.53,-1.37,-1.53,71.2,0.5,-1.62,-2.04,1287.5,-449,42021,755413.0,0.53,13.7,46788.0,0.0,,,,40.78125,-40128,19.06,-1.47,-1.43,71.0,0.4,-1.37,145155.0,141467571.0,-2.9
20220621,-0.72,0.74,20.64,0.51,-1.23,71.6,0.4,0.03,0.75,1291.7,-2305,-13751,790895.0,0.56,19.17,35482.0,0.0,,,,40.78125,15155,19.17,0.55,-1.27,71.4,0.4,0.51,145899.0,141467571.0,-0.72
20220622,-2.17,-3.15,20.18,-2.21,0.04,71.5,-0.0,-1.7,-2.74,1290.6,83566,13981,774702.0,0.55,4.35,-16193.0,0.0,,,,40.8125,-91269,18.72,-2.32,0.15,71.4,0.0,-2.21,142679.0,141467571.0,-2.17
20220623,-3.94,-2.17,19.88,-1.53,-2.41,72.2,0.7,-2.49,-1.22,1295.7,27241,60831,751149.0,0.53,4.59,-23553.0,0.0,,,,40.875,-88588,18.42,-1.6,-2.34,72.0,0.6,-1.53,140500.0,141467571.0,-3.94
20220624,5.0,1.55,20.09,1.06,3.94,71.2,-1.1,2.88,2.26,1300.7,133748,16527,721746.0,0.51,4.05,-29403.0,0.0,,,,40.875,-150192,18.63,1.16,3.84,71.0,-1.0,1.06,141994.0,141467571.0,5.0
20220627,2.44,3.71,20.59,2.51,-0.07,71.2,0.0,1.47,1.49,1299.4,85912,-23129,564005.0,0.4,0.94,-157741.0,0.0,,,,40.96875,-65470,19.13,2.68,-0.24,71.0,0.0,2.51,145547.0,141467571.0,2.44
20220628,-1.31,0.32,20.63,0.21,-1.52,71.6,0.4,0.39,0.84,1285.6,-27324,-15012,559711.0,0.4,0.45,-4294.0,0.0,,,,41.03125,43427,19.18,0.23,-1.54,71.5,0.5,0.21,145846.0,141467571.0,-1.31
20220629,-1.57,-1.36,20.45,-0.89,-0.68,71.8,0.2,-1.41,-1.82,1284.9,25922,-47591,540275.0,0.38,3.84,-19436.0,0.0,,,,40.96875,19777,18.99,-0.99,-0.58,71.7,0.2,-0.89,144544.0,141467571.0,-1.57
20220630,-4.17,-3.19,20.01,-2.15,-2.02,72.4,0.6,-1.01,-1.91,1292.9,-127174,-39104,456222.0,0.32,8.57,-84053.0,0.0,,,,41.0,159481,18.55,-2.32,-1.85,72.2,0.5,-2.15,141437.0,141467571.0,-4.17
20220701,-0.26,-3.85,19.78,-2.55,2.29,72.1,-0.2,-2.09,-1.17,1299.8,26752,24161,391627.0,0.28,3.86,-64595.0,0.0,,,,40.90625,-49468,18.03,-2.77,2.51,71.5,-0.7,-1.15,139815.0,141467571.0,-0.26
20220704,-1.93,1.83,20.01,1.17,-3.1,73.0,0.8,-0.58,-0.22,1294.2,423,-14135,398850.0,0.28,3.3,7223.0,0.0,,,,40.90625,13241,18.27,1.29,-3.22,72.4,0.9,1.17,141455.0,141467571.0,-1.93
20220705,3.53,3.82,20.51,2.51,1.02,72.7,-0.3,2.32,1.8,1297.9,65301,31574,406240.0,0.29,4.23,7390.0,0.0,,,,40.90625,-96950,18.77,2.74,0.79,72.2,-0.2,2.51,144997.0,141467571.0,3.53
20220706,-3.67,-0.43,20.46,-0.28,-3.39,73.6,0.9,-1.13,-2.13,1298.0,-49004,-38504,381593.0,0.27,3.0,-24647.0,0.0,,,,40.9375,87268,18.71,-0.32,-3.35,73.1,0.9,-0.28,144596.0,141467571.0,-3.67
20220707,3.94,1.95,20.72,1.29,2.65,73.0,-0.7,2.37,1.84,1307.4,138471,30221,416074.0,0.29,5.23,34481.0,0.0,,,,40.9375,-167441,18.97,1.41,2.53,72.4,-0.7,1.29,146459.0,141467571.0,3.94
20220708,0.51,0.96,20.85,0.65,-0.14,73.0,0.0,-0.09,0.7,1302.7,19929,-20079,382324.0,0.27,0.49,-33750.0,0.0,,,,41.03125,3894,19.1,0.69,-0.18,72.5,0.1,0.65,147410.0,141467571.0,0.51
20220711,0.0,-1.16,20.69,-0.77,0.77,72.8,-0.2,-0.87,-0.44,1299.3,30895,-10903,399296.0,0.28,5.74,16972.0,0.0,,,,41.0625,-27781,18.94,-0.83,0.83,72.2,-0.3,-0.77,146254.0,141467571.0,0.0
20220712,-0.75,-0.43,20.63,-0.27,-0.48,72.9,0.1,-2.33,-0.96,1300.6,57253,-15530,374508.0,0.26,3.06,-24788.0,0.0,,,,41.0625,-43123,18.88,-0.33,-0.42,72.4,0.2,-0.27,145853.0,141467571.0,-0.75
20220713,2.78,0.75,20.73,0.49,2.29,72.3,-0.6,1.52,0.47,1312.9,69613,29037,381748.0,0.27,10.55,7240.0,0.0,,,,41.125,-101734,18.99,0.56,2.22,71.8,-0.6,0.49,146557.0,141467571.0,2.78
20220714,-1.97,0.0,20.73,0.01,-1.98,72.8,0.5,0.63,-0.27,1305.9,-31993,-51097,399854.0,0.28,19.22,18106.0,0.0,,,,41.15625,84047,18.99,0.0,-1.97,72.3,0.5,0.01,146556.0,141467571.0,-1.97
20220715,1.38,5.0,21.42,3.3,-1.92,73.4,0.5,1.17,0.37,1310.0,12096,27238,416984.0,0.29,12.16,17130.0,0.0,,,,41.125,-39634,19.67,3.6,-2.22,72.9,0.6,3.3,151397.0,141467571.0,1.38
20220718,1.49,2.33,21.75,1.56,-0.07,73.4,0.0,1.9,1.9,1323.7,25754,-9958,388788.0,0.27,11.23,-28196.0,0.0,,,,41.125,-15726,20.01,1.72,-0.23,73.0,0.1,1.56,153776.0,141467571.0,1.49
20220719,-1.34,-0.99,21.61,-0.67,-0.67,73.6,0.2,-1.04,-0.18,1317.8,47344,-45957,377651.0,0.27,8.17,-11137.0,0.0,,,,41.15625,-689,19.86,-0.73,-0.61,73.1,0.1,-0.67,152749.0,141467571.0,-1.34
20220720,2.72,2.0,21.9,1.35,1.37,73.2,-0.4,1.03,0.67,1314.9,100489,-46171,396938.0,0.28,12.71,19287.0,0.0,,,,41.1875,-53349,20.16,1.48,1.24,72.8,-0.3,1.35,154821.0,141467571.0,2.72
20220721,0.6,0.49,21.97,0.33,0.27,73.1,-0.1,0.21,0.93,1308.6,38830,-15600,378566.0,0.27,5.94,-18372.0,0.0,,,,41.25,-24553,20.24,0.38,0.22,72.7,-0.1,0.33,155327.0,141467571.0,0.6
20220722,-1.44,-2.44,21.61,-1.66,0.22,73.1,-0.1,-0.71,-0.66,1312.1,10250,-28473,373851.0,0.26,6.34,-4715.0,0.0,,,,41.28125,20821,19.87,-1.78,0.34,72.7,0.0,-1.66,152745.0,141467571.0,-1.44
20220725,1.09,0.0,21.61,-0.01,1.1,72.8,-0.3,-0.84,0.44,1311.7,-13242,40754,371553.0,0.26,10.56,-2298.0,1.0,-150.0,-0.361,418.0,41.28125,-26006,19.87,-0.01,1.1,72.3,-0.4,-0.01,152737.0,141467571.0,1.09
20220726,0.0,0.5,21.68,0.34,-0.34,72.9,0.1,0.68,0.39,1311.0,1194,7024,371529.0,0.26,9.81,-24.0,1.0,150.0,0.361,31.0,41.28125,-8057,19.95,0.37,-0.37,72.5,0.2,0.34,153251.0,141467571.0,0.0
20220727,2.16,-0.5,21.61,-0.32,2.48,72.2,-0.7,0.88,0.11,1310.0,-44354,104391,363881.0,0.26,21.73,-7648.0,1.0,-200.0,-0.471,570.0,41.28125,-91098,19.87,-0.36,2.52,71.8,-0.7,-0.32,152754.0,141467571.0,2.16
20220728,0.47,-0.6,21.52,-0.43,0.9,71.9,-0.2,-0.3,0.82,1312.8,-51458,92240,377879.0,0.27,7.02,13998.0,1.0,-150.0,-0.351,746.0,41.25,-40913,19.79,-0.45,0.92,71.5,-0.3,-0.43,152117.0,141467571.0,0.47
20220729,0.12,-1.51,21.3,-1.02,1.14,71.6,-0.3,0.61,0.67,1304.0,1410,26557,363134.0,0.26,9.96,-14745.0,1.0,150.0,0.351,343.0,41.21875,-25962,19.57,-1.1,1.22,71.1,-0.4,-1.02,150571.0,141467571.0,0.12
20220801,-0.7,-0.82,21.18,-0.55,-0.15,71.6,0.0,-0.24,0.03,1298.6,-12598,23986,351025.0,0.25,4.74,-12109.0,1.0,300.0,0.707,300.0,41.21875,-11399,19.45,-0.59,-0.11,71.2,0.1,-0.55,149739.0,141467571.0,-0.7
20220802,-2.94,-0.62,21.09,-0.43,-2.51,72.4,0.7,-1.36,-0.52,1306.4,41923,-112024,334942.0,0.24,6.33,-16083.0,1.0,650.0,1.578,577.0,41.1875,71341,19.36,-0.46,-2.48,71.9,0.7,-0.43,149101.0,141467571.0,-2.94
20220803,1.46,1.04,21.24,0.71,0.75,72.2,-0.2,-0.49,0.89,1307.2,67823,-61809,331492.0,0.23,1.6,-3450.0,1.0,-100.0,-0.239,425.0,41.25,-5277,19.51,0.77,0.69,71.7,-0.2,0.71,150163.0,141467571.0,1.46
20220804,0.48,0.0,21.25,0.01,0.47,72.0,-0.1,-0.15,0.47,1310.5,35993,-43187,342578.0,0.24,12.13,11086.0,1.0,100.0,0.238,603.0,41.28125,6944,19.52,0.02,0.46,71.6,-0.1,0.01,150180.0,141467571.0,0.48
20220805,1.55,1.03,21.39,0.7,0.85,71.8,-0.2,0.54,0.72,1309.7,1752,40379,323219.0,0.23,4.57,-19359.0,1.0,50.0,0.117,159.0,41.3125,-44462,19.67,0.76,0.79,71.4,-0.2,0.7,151222.0,141467571.0,1.55
20220808,0.82,-2.23,21.08,-1.48,2.3,71.1,-0.7,-0.73,0.09,1299.3,29984,-25657,308183.0,0.22,5.13,-15036.0,1.0,-50.0,-0.116,307.0,41.3125,-5319,19.34,-1.64,2.46,70.6,-0.8,-1.48,148992.0,141467571.0,0.82
20220809,-1.86,-1.25,20.91,-0.82,-1.04,71.4,0.3,-0.18,0.42,1304.8,-51577,2520,304134.0,0.21,4.31,-4049.0,1.0,-200.0,-0.474,145.0,41.34375,48913,19.17,-0.9,-0.96,70.9,0.3,-0.82,147776.0,141467571.0,-1.86
20220810,0.24,-3.47,20.42,-2.32,2.56,70.7,-0.7,-2.53,-0.9,1305.1,124607,-84607,320592.0,0.23,9.41,16458.0,1.0,300.0,0.709,371.0,41.28125,-39640,18.69,-2.51,2.75,70.1,-0.8,-2.32,144353.0,141467571.0,0.24
20220811,3.43,1.63,20.64,1.08,2.35,70.0,-0.7,1.87,1.73,1309.1,38328,121162,320333.0,0.23,5.1,-259.0,1.0,-50.0,-0.114,223.0,41.375,-159619,18.91,1.18,2.25,69.4,-0.7,1.08,145917.0,141467571.0,3.43
20220812,-1.14,0.0,20.65,0.01,-1.15,70.4,0.3,0.74,0.16,1302.5,-54365,13837,298431.0,0.21,12.06,-21902.0,1.0,0.0,0.0,256.0,41.375,40196,18.91,0.0,-1.14,69.8,0.4,0.01,145938.0,141467571.0,-1.14
20220816,1.04,3.64,21.14,2.41,-1.37,70.8,0.4,2.69,0.22,1303.1,26775,9760,295287.0,0.21,13.03,-3144.0,1.0,-100.0,-0.229,290.0,41.34375,-38239,19.4,,,70.3,,2.41,149455.0,141467571.0,
20220817,0.11,0.41,21.2,0.26,-0.15,70.8,0.0,-0.13,-0.67,1309.6,-38567,20414,285210.0,0.2,17.49,-10077,1.0,-350.0,-0.8,273.0,41.34375,11111,19.46,0.28,-0.17,70.3,0.0,0.26,149862.0,141467571.0,0.11
20220818,-0.34,-1.44,20.99,-0.99,0.65,70.6,-0.2,0.58,-0.33,1309.8,11361,-21374,280832.0,0.2,14.91,-4378.0,1.0,100.0,0.229,790.0,41.3125,11135,19.25,-1.05,0.71,70.1,-0.2,-0.99,148397.0,141467571.0,-0.34
20220819,-1.49,0.73,21.09,0.48,-1.97,71.2,0.6,-0.99,-0.61,1317.3,8845,-38192,278464.0,0.2,18.94,-2368.0,1.0,0.0,0.0,416.0,41.34375,29470,19.35,0.51,-2.0,70.7,0.6,0.48,149112.0,141467571.0,-1.49
20220822,-4.07,-1.24,20.91,-0.87,-3.2,72.1,0.9,-1.72,-1.21,1326.7,-41714,-69154,268875.0,0.19,3.02,-9589.0,1.0,0.0,0.0,456.0,41.34375,115845,19.17,-0.93,-3.14,71.6,0.9,-0.87,147813.0,141467571.0,-4.07
20220823,-1.94,-1.68,20.67,-1.17,-0.77,72.4,0.2,-0.58,-1.1,1338.2,3499,-67741,286797.0,0.2,8.35,17922.0,1.0,100.0,0.248,386.0,41.3125,60478,18.94,-1.22,-0.72,71.8,0.2,-1.17,146089.0,141467571.0,-1.94
20220824,0.25,-0.43,20.61,-0.28,0.53,72.2,-0.1,-1.12,0.5,1341.8,-29635,-34251,273362.0,0.19,4.13,-13435.0,1.0,-150.0,-0.37,711.0,41.3125,64245,18.88,-0.31,0.56,71.7,-0.1,-0.28,145677.0,141467571.0,0.25
20220825,1.23,0.97,20.75,0.67,0.56,72.0,-0.2,1.0,1.22,1341.4,7299,-19971,295778.0,0.21,3.73,22416.0,1.0,-200.0,-0.488,500.0,41.28125,11748,19.01,0.7,0.53,71.5,-0.2,0.67,146658.0,141467571.0,1.23
20220826,0.24,1.06,20.89,0.69,-0.45,72.2,0.1,0.36,0.15,1336.9,11278,-219,299470.0,0.21,2.27,3692.0,1.0,-150.0,-0.365,262.0,41.28125,-11608,19.16,0.77,-0.53,71.7,0.2,0.69,147673.0,141467571.0,0.24
20220829,-3.65,-2.73,20.5,-1.86,-1.79,72.7,0.5,-2.4,-2.18,1332.5,46477,-75840,282209.0,0.2,1.85,-17261.0,1.0,0.0,0.0,474.0,41.28125,33801,18.78,-2.0,-1.65,72.1,0.4,-1.86,144921.0,141467571.0,-3.65
20220830,0.38,0.76,20.61,0.53,-0.15,72.7,0.0,1.28,0.99,1347.7,-7024,-43608,305624.0,0.22,9.22,23415.0,1.0,200.0,0.503,245.0,41.3125,50006,18.88,0.56,-0.18,72.2,0.1,0.53,145669.0,141467571.0,0.38
20220831,1.89,2.15,20.9,1.43,0.46,72.6,-0.1,-0.11,0.86,1347.5,61292,-21069,307309.0,0.22,4.55,1685.0,1.0,-50.0,-0.123,317.0,41.3125,-39269,19.17,1.54,0.35,72.1,-0.1,1.43,147745.0,141467571.0,1.89
20220901,-2.72,-2.94,20.49,-1.98,-0.74,72.8,0.2,-1.61,-2.28,1345.1,60327,-128892,319568.0,0.23,3.93,12259.0,1.0,-100.0,-0.254,1472.0,41.375,68312,18.76,-2.14,-0.58,72.3,0.2,-1.98,144820.0,141467571.0,-2.72
20220902,-0.89,-0.76,20.38,-0.51,-0.38,72.9,0.1,-1.29,-0.26,1351.4,-3391,-53557,351999.0,0.25,9.5,32431.0,1.0,-300.0,-0.768,1160.0,41.40625,56469,18.67,-0.51,-0.38,72.4,0.1,-0.51,144089.0,141467571.0,-0.89
20220905,0.0,-0.65,20.31,-0.4,0.4,72.8,-0.1,-0.22,-0.24,1356.5,22490,39076,359279.0,0.25,10.63,7280.0,1.0,-150.0,-0.384,269.0,41.5,-58339,18.58,-0.47,0.47,72.2,-0.2,-0.4,143533.0,141467571.0,0.0
20220906,2.94,0.77,20.41,0.51,2.43,72.1,-0.7,1.34,0.26,1369.7,86280,3694,364986.0,0.26,5.7,5707.0,1.0,-200.0,-0.498,668.0,41.5,-90023,18.69,0.56,2.38,71.6,-0.6,0.51,144278.0,141467571.0,2.94
20220907,-0.87,-1.53,20.2,-1.04,0.17,72.1,-0.0,-0.63,-1.39,1370.3,15689,-26495,360418.0,0.25,16.44,-4568.0,1.0,-450.0,-1.129,611.0,41.5625,10069,18.47,-1.13,0.26,71.5,-0.1,-1.04,142779.0,141467571.0,-0.87
20220908,5.65,0.0,20.2,-0.01,5.66,70.5,-1.6,-0.43,0.33,1385.3,-685533,1130352,367233.0,0.26,12.73,6815.0,1.0,100.0,0.238,5412.0,41.59375,-425919,18.48,0.03,5.62,69.9,-1.6,-0.01,142762.0,141467571.0,5.65
20220913,3.09,4.87,20.84,3.2,-0.11,70.5,0.0,2.49,2.74,1381.2,176750,-29608,190192.0,0.13,10.54,-177041.0,1.0,-50.0,-0.115,2519.0,41.09375,-144659,19.12,,,70.0,,3.2,147333.0,141467571.0,
20220914,-1.73,-1.9,20.58,-1.27,-0.46,70.7,0.1,-1.72,-1.56,1374.8,70854,-9677,212383.0,0.15,16.71,22191,1.0,50.0,0.117,1047.0,41.21875,-61350,18.86,-1.39,-0.34,70.1,0.1,-1.27,145456.0,141467571.0,-1.73
20220915,-0.12,-1.08,20.43,-0.71,0.59,70.5,-0.2,-1.98,-0.4,1391.7,105790,-74310,246629.0,0.17,6.78,34246.0,1.0,200.0,0.469,359.0,41.25,-31231,18.72,-0.74,0.62,69.9,-0.2,-0.71,144423.0,141467571.0,-0.12
20220916,-2.0,-0.87,20.31,-0.56,-1.44,70.9,0.4,-1.07,-0.79,1394.2,41208,-46145,290283.0,0.21,14.01,43654.0,1.0,50.0,0.12,165.0,41.3125,5417,18.59,-0.66,-1.34,70.3,0.4,-0.56,143597.0,141467571.0,-2.0
20220919,-2.28,-1.32,20.13,-0.92,-1.36,71.3,0.4,-0.91,-1.14,1394.2,33358,-13600,299989.0,0.21,11.51,9706.0,1.0,100.0,0.245,291.0,41.25,-14942,18.41,-0.98,-1.3,70.7,0.4,-0.92,142278.0,141467571.0,-2.28
20220920,-1.47,-2.22,19.84,-1.45,-0.02,71.3,0.0,0.48,0.52,1390.1,-54299,26375,312524.0,0.22,13.03,12535.0,1.0,250.0,0.622,280.0,41.28125,28054,18.12,-1.58,0.11,70.7,0.0,-1.45,140222.0,141467571.0,-1.47
20220921,-1.49,0.0,19.83,-0.01,-1.48,71.8,0.4,-1.15,-0.87,1389.1,-15628,-12007,316633.0,0.22,13.3,4109.0,1.0,200.0,0.505,209.0,41.25,35445,18.12,-0.01,-1.48,71.1,0.4,-0.01,140205.0,141467571.0,-1.49
20220922,-0.38,-2.27,19.54,-1.47,1.09,71.4,-0.3,-1.07,-0.63,1393.6,23480,-22295,326537.0,0.23,14.12,9904.0,1.0,0.0,0.0,156.0,41.25,-1448,17.83,-1.62,1.24,70.8,-0.3,-1.47,138144.0,141467571.0,-0.38
20220923,-1.14,-2.91,19.18,-1.88,0.74,71.2,-0.2,-1.96,-1.81,1408.0,28997,-7789,312355.0,0.22,16.41,-14182.0,1.0,150.0,0.385,187.0,41.25,-21018,17.46,-2.08,0.94,70.5,-0.3,-1.88,135547.0,141467571.0,-1.14
20220926,-5.13,-1.2,19.01,-0.85,-4.28,72.5,1.2,-2.2,-3.02,1408.4,-68573,21628,313906.0,0.22,17.14,1551.0,1.0,0.0,0.0,685.0,41.28125,47713,17.3,-0.89,-4.24,71.8,1.3,-0.85,134400.0,141467571.0,-5.13
20220927,-2.3,-0.61,18.94,-0.37,-1.93,73.0,0.5,-0.08,0.13,1429.7,-40988,-34305,303519.0,0.21,26.21,-10387.0,1.0,-50.0,-0.138,80.0,41.21875,73468,17.23,-0.43,-1.87,72.3,0.5,-0.37,133898.0,141467571.0,-2.3
20220928,0.55,-0.98,18.82,-0.63,1.18,72.7,-0.3,-2.52,-2.45,1427.2,124692,-9691,286199.0,0.2,15.35,-17320.0,1.0,100.0,0.275,160.0,41.21875,-100962,17.1,-0.72,1.27,71.9,-0.4,-0.63,133042.0,141467571.0,0.55
20220929,-1.65,-0.49,18.77,-0.3,-1.35,73.0,0.4,-0.89,0.08,1436.5,53763,-39571,255305.0,0.18,10.52,-30894.0,1.0,-300.0,-0.839,156.0,41.3125,-14192,17.04,-0.35,-1.3,72.3,0.4,-0.3,132649.0,141467571.0,-1.65
20220930,1.12,2.85,19.1,1.79,-0.67,73.2,0.2,0.37,-0.71,1434.8,53685,145,266658.0,0.19,17.05,11353.0,1.0,-150.0,-0.415,333.0,41.34375,-41535,17.38,1.98,-0.86,72.5,0.2,1.79,135019.0,141467571.0,1.12
20221004,5.39,3.73,20.18,2.3,3.09,73.3,0.1,4.44,2.50,1432.1,87577,24158,259928.0,0.18,9.78,-6730.0,1.0,-200.0,-0.525,104.0,41.375,-111004,17.84,,,71.8,,5.63,142624.0,141467571.0,
20221005,1.97,4.18,20.7,2.59,-0.62,73.4,0.2,0.67,0.26,1431.2,146969,-22725,220326.0,0.16,4.3,-39602,1.0,50.0,0.129,121.0,41.40625,-124363,18.36,2.95,-0.98,72.1,0.3,2.59,146317.0,141467571.0,1.97
20221006,0.26,0.11,20.72,0.1,0.16,73.4,-0.0,1.8,1.02,1419.1,19853,151,237749.0,0.17,8.91,17423.0,1.0,-250.0,-0.642,286.0,41.53125,-18591,18.38,0.1,0.16,72.0,-0.1,0.1,146449.0,141467571.0,0.26
20221007,-0.13,1.45,20.91,0.91,-1.04,73.7,0.3,-0.69,-0.22,1404.2,90249,-49259,237280.0,0.17,16.88,-469.0,1.0,-400.0,-1.028,68.0,41.53125,-40990,18.57,1.03,-1.16,72.3,0.3,0.91,147784.0,141467571.0,-0.13
20221011,-3.6,-1.1,20.75,-0.73,-2.87,74.4,0.8,-2.64,-1.83,1410.3,110978,-68294,196423.0,0.14,32.68,-40857.0,1.0,-300.0,-0.8,424.0,41.59375,-42787,18.42,,,73.1,,-0.73,146700.0,141467571.0,
20221012,1.73,4.21,21.31,2.69,-0.96,74.7,0.2,2.21,0.47,1433.5,90737,-36162,201752.0,0.14,23.77,5329,1.0,-400.0,-1.048,1420.0,41.75,-53675,18.98,3.02,-1.29,73.4,0.3,2.69,150662.0,141467571.0,1.73
20221013,-0.13,0.96,21.44,0.6,-0.73,74.9,0.2,-0.92,-1.8,1430.4,56239,-35275,213287.0,0.15,16.33,11535.0,1.0,-100.0,-0.262,1387.0,41.78125,-20928,19.1,0.66,-0.79,73.7,0.3,0.6,151559.0,141467571.0,-0.13
20221014,0.79,0.63,21.55,0.49,0.3,74.8,-0.1,3.2,2.3,1427.0,145909,-195210,238854.0,0.17,28.82,25567.0,1.0,-150.0,-0.391,161.0,41.8125,48404,19.19,0.48,0.31,73.6,-0.1,0.49,152308.0,141467571.0,0.79
20221017,2.6,-0.31,21.5,-0.22,2.82,74.1,-0.7,-0.52,0.32,1428.9,100864,-23871,235283.0,0.17,11.32,-3571.0,1.0,100.0,0.254,308.0,41.90625,-75988,19.15,-0.23,2.83,72.8,-0.8,-0.22,151970.0,141467571.0,2.6
20221018,0.0,0.63,21.59,0.43,-0.43,74.2,0.1,0.23,1.36,1436.6,-22391,-3592,235436.0,0.17,12.34,153.0,1.0,-200.0,-0.508,185.0,41.96875,25985,19.24,0.47,-0.47,73.0,0.2,0.43,152607.0,141467571.0,0.0
20221019,-1.65,-3.03,21.16,-1.96,0.31,74.1,-0.1,-1.97,-0.56,1425.6,81036,-55405,229185.0,0.16,18.27,-6251.0,1.0,250.0,0.645,132.0,41.9375,-25670,18.82,-2.2,0.55,72.8,-0.2,-1.96,149598.0,141467571.0,-1.65
20221020,-1.42,-2.91,20.76,-1.88,0.46,74.0,-0.1,-1.69,-0.86,1420.6,31184,-35879,229338.0,0.16,3.02,153.0,1.0,-50.0,-0.131,401.0,42.0,3788,18.42,-2.1,0.68,72.6,-0.2,-1.88,146781.0,141467571.0,-1.42
20221021,-0.65,0.33,20.81,0.22,-0.87,74.2,0.2,-0.24,-0.22,1431.7,-5007,25684,213207.0,0.15,11.04,-16131.0,1.0,0.0,0.0,790.0,42.03125,-21003,18.46,0.23,-0.88,72.9,0.3,0.22,147108.0,141467571.0,-0.65
20221024,1.71,1.44,21.0,0.91,0.8,74.0,-0.2,1.59,1.04,1436.6,27979,25672,212748.0,0.15,15.77,-459.0,1.0,0.0,0.0,106.0,42.03125,-53831,18.66,1.04,0.67,72.7,-0.2,0.91,148455.0,141467571.0,1.71
20221025,-1.55,1.85,21.25,1.19,-2.74,74.7,0.7,1.77,-0.05,1436.6,-13733,6360,212748.0,0.15,8.98,0.0,1.0,100.0,0.263,271.0,42.03125,7003,18.9,1.33,-2.88,73.4,0.7,1.19,150222.0,141467571.0,-1.55
20221026,2.63,0.43,21.31,0.27,2.36,74.1,-0.6,-0.14,0.65,1436.5,93468,-37609,185910.0,0.13,4.48,-26838.0,1.0,-350.0,-0.897,179.0,42.03125,-55259,18.96,0.3,2.33,72.8,-0.6,0.27,150634.0,141467571.0,2.63
20221027,0.0,-4.15,20.74,-2.66,2.66,73.4,-0.7,-0.09,1.74,1428.2,35659,34058,186537.0,0.13,1.8,627.0,1.0,-100.0,-0.256,311.0,42.09375,-64287,18.39,-3.0,3.0,72.0,-0.8,-2.66,146634.0,141467571.0,0.0
20221028,-5.77,-7.33,19.78,-4.65,-1.12,73.7,0.3,-4.31,-0.89,1418.1,-110823,-83126,182865.0,0.13,1.68,-3672.0,1.0,-50.0,-0.136,1515.0,42.125,191623,17.43,-5.25,-0.52,72.1,0.1,-4.65,139823.0,141467571.0,-5.77
20221031,0.54,-0.84,19.68,-0.5,1.04,73.4,-0.3,0.25,1.11,1419.3,36212,-46536,195298.0,0.14,9.84,12433.0,1.0,-150.0,-0.406,394.0,42.0625,8474,17.32,-0.58,1.12,71.8,-0.3,-0.5,139109.0,141467571.0,0.54
20221101,-0.54,1.45,19.85,0.89,-1.43,73.8,0.4,0.69,1.81,1422.2,6754,-32117,191772.0,0.14,4.56,-3526.0,1.0,-50.0,-0.136,623.0,42.0625,25289,17.5,1.03,-1.57,72.3,0.5,0.89,140345.0,141467571.0,-0.54
20221102,1.22,0.72,19.94,0.44,0.78,73.6,-0.2,0.29,0.07,1421.7,-145,-25547,186570.0,0.13,5.76,-5202.0,1.0,0.0,0.0,307.0,42.0625,26805,17.59,0.5,0.72,72.1,-0.2,0.44,140964.0,141467571.0,1.22
20221103,-0.94,-2.13,19.68,-1.33,0.39,73.5,-0.1,-0.77,-0.33,1418.0,-243056,-84456,166153.0,0.12,0.96,-20417.0,1.0,200.0,0.543,3056.0,42.0625,320822,17.33,-1.5,0.56,71.9,-0.2,-1.33,139091.0,141467571.0,-0.94
20221104,-0.68,2.18,19.94,1.35,-2.03,74.0,0.5,1.09,0.83,1422.1,16919,-9273,127175.0,0.09,7.7,-38978.0,1.0,100.0,0.273,538.0,41.90625,-4696,17.59,1.52,-2.2,72.5,0.6,1.35,140958.0,141467571.0,-0.68
20221107,4.1,2.37,20.23,1.46,2.64,73.4,-0.7,1.54,0.99,1422.4,138856,56838,166070.0,0.12,5.56,38895.0,1.0,-100.0,-0.262,846.0,41.9375,-194040,17.88,1.67,2.43,71.9,-0.6,1.46,143019.0,141467571.0,4.1
20221108,1.18,1.39,20.41,0.87,0.31,73.3,-0.1,0.7,1.15,1406.5,24407,48152,149506.0,0.11,2.82,-16564.0,1.0,-150.0,-0.389,701.0,42.03125,-74911,18.06,0.99,0.19,71.8,-0.1,0.87,144255.0,141467571.0,1.18
20221109,1.43,1.71,20.63,1.08,0.35,73.2,-0.1,0.15,1.06,1387.3,,,147211.0,0.1,2.37,-2295.0,1.0,100.0,0.256,597.0,42.0625,,18.28,1.22,0.21,71.7,-0.1,1.08,145816.0,141467571.0,1.43
20221110,0.0,-0.11,20.61,-0.07,0.07,73.2,-0.0,-1.17,-0.91,1368.3,,,144610.0,0.1,4.81,-2601.0,1.0,-39050.0,-99.872,182.0,42.125,,18.27,-0.07,0.07,71.7,0.0,-0.07,145708.0,141467571.0,0.0
20221111,4.35,4.94,21.26,3.13,1.22,72.8,-0.3,3.43,3.37,1370.1,,,138641.0,0.1,0.6,-5969.0,1.0,200.0,0.49,1367.0,42.09375,,18.91,3.53,0.82,71.5,-0.2,3.13,150265.0,141467571.0,4.35
20221114,-0.74,-2.78,20.88,-1.79,1.05,72.6,-0.3,-1.76,-0.34,1334.1,,,117753.0,0.08,1.72,-20888.0,1.0,200.0,0.494,1167.0,42.125,,18.53,-2.01,1.27,71.1,-0.4,-1.79,147580.0,141467571.0,-0.74
20221115,-1.11,0.77,20.98,0.51,-1.62,73.0,0.4,2.43,0.23,1320.3,,,103877.0,0.07,1.59,-13876.0,1.0,0.0,0.0,1026.0,42.125,,18.63,0.56,-1.67,71.6,0.5,0.51,148326.0,141467571.0,-1.11
20221116,1.0,-0.11,20.97,-0.08,1.08,72.7,-0.3,0.18,-0.12,1322.4,,,101143.0,0.07,9.2,-2734.0,1.0,100.0,0.247,230.0,42.125,,18.62,-0.08,1.08,71.3,-0.3,-0.08,148208.0,141467571.0,1.0
20221117,-3.09,-4.15,20.41,-2.66,-0.43,72.8,0.1,-1.55,-1.39,1325.6,,,100927.0,0.07,4.71,-216.0,1.0,100.0,0.255,226.0,42.125,,18.06,-2.99,-0.1,71.3,0.0,-2.66,144272.0,141467571.0,-3.09
20221118,-1.79,0.8,20.52,0.52,-2.31,73.4,0.6,0.12,0.06,1338.4,,,100162.0,0.07,3.59,-765.0,1.0,300.0,0.779,285.0,42.09375,,18.16,0.57,-2.36,72.0,0.7,0.52,145017.0,141467571.0,-1.79
20221121,-3.25,-2.38,20.2,-1.52,-1.73,73.9,0.5,-1.49,-1.02,1340.0,,,98632.0,0.07,4.55,-1530.0,1.0,50.0,0.134,426.0,42.09375,,17.85,-1.7,-1.55,72.4,0.4,-1.52,142815.0,141467571.0,-3.25
20221122,-1.61,-1.27,20.04,-0.83,-0.78,74.1,0.2,-1.49,-0.59,1352.3,,,115093.0,0.08,12.92,16461.0,1.0,-50.0,-0.136,258.0,42.0,,17.69,-0.9,-0.71,72.6,0.2,-0.83,141646.0,141467571.0,-1.61
20221123,2.18,0.0,20.04,0.01,2.17,73.6,-0.6,1.49,0.53,1355.7,,,120898.0,0.09,11.26,5805.0,1.0,0.0,0.0,628.0,41.96875,,17.7,0.01,2.17,72.0,-0.6,0.01,141647.0,141467571.0,2.18
20221124,0.0,2.0,20.29,1.26,-1.26,73.9,0.3,0.7,0.96,1352.3,,,127402.0,0.09,11.57,6504.0,1.0,50.0,0.134,152.0,41.96875,,17.95,1.41,-1.41,72.4,0.4,1.26,143439.0,141467571.0,0.0
20221125,-0.93,-2.07,20.03,-1.29,0.36,73.8,-0.1,-1.64,-0.14,1333.2,,,128932.0,0.09,3.92,1530.0,1.0,100.0,0.27,793.0,41.96875,,17.68,-1.46,0.53,72.3,-0.1,-1.29,141594.0,141467571.0,-0.93
20221128,-1.75,-2.35,19.73,-1.49,-0.26,73.9,0.1,-1.66,-1.21,1326.8,,,128932.0,0.09,1.37,0.0,1.0,50.0,0.137,201.0,41.96875,,17.39,-1.66,-0.09,72.3,0.0,-1.49,139489.0,141467571.0,-1.75
20221129,0.55,0.72,19.82,0.46,0.09,73.8,-0.0,0.5,1.04,1339.0,,,129102.0,0.09,6.14,170.0,1.0,150.0,0.409,81.0,41.9375,,17.48,0.51,0.04,72.3,0.0,0.46,140121.0,141467571.0,0.55
20221130,2.18,1.55,20.02,0.97,1.21,73.5,-0.3,0.09,1.61,1331.5,,,129408.0,0.09,2.67,306.0,1.0,300.0,0.801,361.0,41.9375,,17.67,1.1,1.08,72.0,-0.3,0.97,141482.0,141467571.0,2.18
20221201,0.13,-0.35,19.98,-0.17,0.3,73.4,-0.1,1.26,0.3,1320.1,,,129408.0,0.09,2.65,0.0,1.0,150.0,0.4,178.0,42.03125,,17.63,-0.24,0.37,71.9,-0.1,-0.17,141232.0,141467571.0,0.13
20221202,-1.6,-3.31,19.57,-2.04,0.44,73.3,-0.1,-1.24,-1.84,1300.8,,,128643.0,0.09,1.59,-765.0,1.0,150.0,0.407,1739.0,42.0,,17.22,-2.33,0.73,71.7,-0.2,-2.04,138334.0,141467571.0,-1.6
20221205,-1.63,-1.1,19.44,-0.65,-0.98,73.6,0.2,-0.42,-0.62,1300.4,,,124003.0,0.09,1.02,-4640.0,1.0,100.0,0.275,949.0,42.03125,,17.09,-0.77,-0.86,71.9,0.2,-0.65,137417.0,141467571.0,-1.63
20221206,-1.79,0.0,19.43,-0.03,-1.76,74.0,0.5,-1.03,-1.08,1293.2,,,121708.0,0.09,3.11,-2295.0,1.0,0.0,0.0,835.0,41.9375,,17.09,-0.01,-1.78,72.4,0.5,-0.03,137377.0,141467571.0,-1.79
20221207,-1.26,-2.59,19.13,-1.57,0.31,74.0,-0.1,-0.97,-0.43,1309.0,,,121602.0,0.09,4.49,-106.0,1.0,100.0,0.284,581.0,41.90625,,16.78,-1.81,0.55,72.3,-0.1,-1.57,135221.0,141467571.0,-1.26
20221208,1.14,-0.13,19.11,-0.09,1.23,73.6,-0.3,-0.36,-0.49,1319.5,,,108917.0,0.08,6.56,-12685.0,1.0,50.0,0.14,1021.0,41.875,,16.76,-0.09,1.23,71.9,-0.4,-0.09,135109.0,141467571.0,1.14
20221209,0.84,3.43,19.51,2.07,-1.23,74.0,0.3,0.84,0.76,1320.4,,,111386.0,0.08,5.0,2469.0,1.0,200.0,0.557,1960.0,41.84375,,17.16,2.35,-1.51,72.4,0.5,2.07,137918.0,141467571.0,0.84
20221212,0.56,-0.49,19.45,-0.3,0.86,73.8,-0.2,-1.39,-0.67,1306.6,,,116711.0,0.08,2.29,5325.0,1.0,-100.0,-0.277,544.0,41.8125,,17.1,-0.34,0.9,72.1,-0.3,-0.3,137501.0,141467571.0,0.56
20221213,-0.83,1.48,19.63,0.88,-1.71,74.2,0.4,-0.28,-0.03,1310.0,,,119315.0,0.08,1.6,2604.0,1.0,200.0,0.559,250.0,41.8125,,17.27,1.03,-1.86,72.6,0.5,0.88,138728.0,141467571.0,-0.83
20221214,0.28,-0.61,19.56,-0.35,0.63,74.0,-0.2,0.82,1.13,1304.4,,,120075.0,0.08,2.56,760.0,1.0,200.0,0.557,638.0,41.78125,,17.2,-0.42,0.7,72.4,-0.2,-0.35,138255.0,141467571.0,0.28
20221215,-1.67,-1.96,19.33,-1.19,-0.48,74.2,0.1,-0.75,-1.6,1296.0,,,122180.0,0.09,2.24,2105.0,1.0,250.0,0.708,387.0,41.8125,,16.97,-1.36,-0.31,72.5,0.1,-1.19,136604.0,141467571.0,-1.67
20221216,-0.57,-2.24,19.07,-1.3,0.73,74.0,-0.2,-1.48,-0.04,1301.0,,,122940.0,0.09,2.25,760.0,1.0,0.0,0.0,200.0,41.8125,,16.7,-1.56,0.99,72.2,-0.3,-1.3,134826.0,141467571.0,-0.57
20221219,0.57,0.77,19.16,0.46,0.11,73.9,-0.0,-0.11,-0.33,1310.1,,,122940.0,0.09,9.89,0.0,1.0,150.0,0.425,131.0,41.8125,,16.79,0.52,0.05,72.2,0.0,0.46,135438.0,141467571.0,0.57
20221220,-1.56,-0.89,19.05,-0.57,-0.99,74.2,0.3,-1.7,-0.8,1302.0,,,123700.0,0.09,0.61,760.0,1.0,0.0,0.0,373.0,41.875,,16.69,-0.62,-0.94,72.5,0.3,-0.57,134671.0,141467571.0,-1.56
20221221,0.0,-0.38,19.01,-0.23,0.23,74.1,-0.1,-0.63,-0.19,1298.0,,,124460.0,0.09,3.17,760.0,1.0,100.0,0.288,139.0,41.84375,,16.64,-0.26,0.26,72.4,-0.1,-0.23,134353.0,141467571.0,0.0
20221222,3.31,1.54,19.18,0.94,2.37,73.5,-0.6,0.4,1.19,1286.6,,,125973.0,0.09,5.55,1513.0,1.0,50.0,0.139,33.0,41.84375,,16.82,1.06,2.25,71.8,-0.6,0.94,135609.0,141467571.0,3.31
20221223,-2.79,-1.77,18.97,-1.12,-1.67,74.0,0.5,-2.49,-1.83,1276.1,,,126733.0,0.09,6.51,760.0,1.0,150.0,0.43,208.0,41.90625,,16.61,-1.22,-1.57,72.3,0.5,-1.12,134110.0,141467571.0,-2.79
20221226,-0.72,-1.03,18.85,-0.63,-0.09,74.0,0.0,2.04,0.15,1282.2,,,125213.0,0.09,12.44,-1520.0,1.0,50.0,0.144,98.0,42.46875,,16.5,-0.7,-0.02,72.3,0.0,-0.63,133266.0,141467571.0,-0.72
20221227,2.02,0.0,18.85,0.02,2.0,73.5,-0.5,1.32,0.68,1276.4,,,95708.0,0.07,11.88,-29505.0,1.0,50.0,0.141,511.0,42.53125,,16.5,0.01,2.01,71.7,-0.6,0.02,133275.0,141467571.0,2.02
20221228,-2.4,-1.3,18.71,-0.77,-1.63,73.9,0.4,-1.69,-2.24,1268.3,,,77445.0,0.05,9.61,-18263.0,1.0,200.0,0.58,781.0,42.5625,,16.35,-0.91,-1.49,72.1,0.4,-0.77,132237.0,141467571.0,-2.4
20221229,-2.75,-1.32,18.74,0.19,-2.94,74.7,0.8,-1.77,-1.93,1268.4,,,94344.0,0.07,14.7,16899.0,1.0,100.0,0.298,718.0,42.5625,,16.2,-0.92,-1.83,72.6,0.5,0.19,132493.0,141467571.0,-2.75
20230102,-1.94,0.93,18.53,0.51,-2.45,74.9,0.2,-0.48,-0.48,1267.3,361,-43426,95259.0,0.07,11.05,915.0,1.0,50.0,0.152,637.0,42.625,40020,16.3,,,73.3,,-1.16,130961.0,141467571.0,
20230103,-2.74,-0.13,18.51,-0.09,-2.65,75.5,0.7,2.02,-0.31,1268.9,38823,-123334,95259.0,0.07,2.53,0,1.0,-50.0,-0.156,2251.0,42.5,83317,16.28,-0.1,-2.64,74.0,0.7,-0.09,130840.0,141467571.0,-2.74
20230104,4.53,7.14,19.3,4.29,0.24,75.5,-0.1,2.74,1.68,1272.1,163000,-50262,99139.0,0.07,1.97,3880.0,1.0,-300.0,-0.897,1419.0,42.375,-112508,17.08,4.89,-0.36,74.1,0.1,4.29,136453.0,141467571.0,4.53
20230105,-0.15,0.49,19.36,0.29,-0.44,75.6,0.1,-0.28,0.38,1274.7,59569,-64733,98413.0,0.07,4.55,-726.0,1.0,-400.0,-1.198,3478.0,42.28125,6861,17.14,0.35,-0.5,74.3,0.2,0.29,136849.0,141467571.0,-0.15
20230106,1.95,2.09,19.61,1.27,0.68,75.4,-0.2,3.15,1.12,1270.3,71868,-27237,115133.0,0.08,5.5,16720.0,1.0,-950.0,-2.79,627.0,42.34375,-45011,17.39,1.45,0.5,74.1,-0.2,1.27,138607.0,141467571.0,1.95
20230109,2.2,3.49,20.04,2.2,0.0,75.4,0.0,0.87,2.63,1267.2,30021,13867,114677.0,0.08,6.99,-456.0,1.0,-200.0,-0.575,112.0,42.375,-47405,17.81,2.44,-0.24,74.2,0.1,2.2,141668.0,141467571.0,2.2
20230110,1.01,0.58,20.11,0.36,0.65,75.3,-0.2,0.18,0.05,1246.8,24366,41295,114829.0,0.08,1.85,152.0,1.0,200.0,0.569,266.0,42.40625,-64799,17.88,0.41,0.6,74.0,-0.2,0.36,142176.0,141467571.0,1.01
20230111,1.28,0.92,20.23,0.57,0.71,75.1,-0.2,0.78,0.35,1240.8,49959,30969,113247.0,0.08,5.21,-1582.0,1.0,-50.0,-0.14,345.0,42.4375,-81938,18.0,0.66,0.62,73.9,-0.1,0.57,142993.0,141467571.0,1.28
20230112,0.98,-0.57,20.15,-0.37,1.35,74.8,-0.3,-0.06,0.24,1245.3,100492,-4178,113247.0,0.08,17.76,0.0,1.0,200.0,0.556,285.0,42.46875,-94691,17.93,-0.41,1.39,73.5,-0.4,-0.37,142466.0,141467571.0,0.98
20230113,-0.28,-1.27,20.0,-0.79,0.51,74.6,-0.1,-0.62,0.89,1244.6,10948,15330,111734.0,0.08,6.75,-1513.0,1.0,100.0,0.279,1516.0,42.53125,-26008,17.77,-0.9,0.62,73.3,-0.2,-0.79,141340.0,141467571.0,-0.28
20230116,-0.42,0.12,20.01,0.09,-0.51,74.8,0.1,0.58,0.58,1240.6,-57686,56407,111734.0,0.08,4.8,0.0,1.0,150.0,0.42,1810.0,42.53125,1044,17.78,0.09,-0.51,73.5,0.2,0.09,141466.0,141467571.0,-0.42
20230117,-0.28,0.23,20.03,0.11,-0.39,74.9,0.1,-0.68,-0.85,1234.0,-21122,12053,111734.0,0.08,0.53,0.0,1.0,200.0,0.562,728.0,42.5,9247,17.81,0.16,-0.44,73.6,0.1,0.11,141616.0,141467571.0,-0.28
20230118,-0.28,-1.05,19.91,-0.63,0.35,74.8,-0.1,0.13,-0.47,1238.5,-9049,11968,111734.0,0.08,0.97,0.0,1.0,100.0,0.282,653.0,42.46875,-2919,17.68,-0.74,0.46,73.5,-0.1,-0.63,140733.0,141467571.0,-0.28
20230119,-0.56,0.47,19.97,0.3,-0.86,75.0,0.2,0.11,0.51,1239.8,10404,-7846,111734.0,0.08,1.7,0.0,1.0,0.0,0.0,1044.0,42.46875,-1128,17.74,0.33,-0.89,73.7,0.2,0.3,141161.0,141467571.0,-0.56
20230120,-0.14,2.46,20.29,1.58,-1.72,75.4,0.4,0.9,0.63,1236.0,-39783,27637,111734.0,0.08,1.49,0.0,1.0,150.0,0.426,737.0,42.46875,12944,18.04,1.73,-1.87,74.2,0.5,1.58,143396.0,141467571.0,-0.14
20230125,4.26,4.34,20.85,2.79,1.47,75.1,-0.4,3.52,1.39,1234.4,30855,48880,111734.0,0.08,1.2,0.0,1.0,50.0,0.136,1022.0,42.4375,-69941,18.6,,,73.9,,2.79,147399.0,141467571.0,
20230126,1.77,0.98,21.0,0.71,1.06,74.8,-0.3,0.89,1.65,1233.4,44790,41914,111278.0,0.08,1.5,-456,1.0,-100.0,-0.267,136.0,42.4375,-85668,18.73,0.71,1.06,73.6,-0.3,0.71,148435.0,141467571.0,1.77
20230127,0.8,-0.87,20.89,-0.51,1.31,74.5,-0.3,0.0,0.62,1231.4,65456,40466,112230.0,0.08,0.38,952.0,1.0,-50.0,-0.133,425.0,42.46875,-105779,18.62,-0.62,1.42,73.3,-0.3,-0.51,147676.0,141467571.0,0.8
20230130,-0.4,-0.87,20.78,-0.54,0.14,74.4,-0.0,-1.36,-1.35,1230.2,2230,14391,112686.0,0.08,3.65,456.0,1.0,-100.0,-0.266,352.0,42.53125,-16380,18.5,-0.63,0.23,73.2,-0.1,-0.54,146873.0,141467571.0,-0.4
20230131,-3.46,-2.43,20.44,-1.61,-1.85,74.9,0.5,-0.81,-1.04,1228.7,-137321,31540,113142.0,0.08,3.74,456.0,1.0,0.0,0.0,1453.0,42.46875,105723,18.18,-1.73,-1.73,73.7,0.5,-1.61,144513.0,141467571.0,-3.46
20230201,1.93,3.28,20.87,2.09,-0.16,75.0,0.0,0.84,1.02,1230.8,49581,-3527,112686.0,0.08,0.49,-456.0,1.0,0.0,0.0,508.0,42.375,-46095,18.6,2.33,-0.4,73.8,0.1,2.09,147528.0,141467571.0,1.93
20230202,0.14,2.19,21.18,1.47,-1.33,75.3,0.3,1.03,0.78,1231.4,-10269,7293,111605.0,0.08,1.23,-1081.0,1.0,-200.0,-0.541,316.0,42.40625,2306,18.9,1.58,-1.44,74.1,0.3,1.47,149690.0,141467571.0,0.14
20230203,-1.08,-1.28,21.01,-0.77,-0.31,75.4,0.1,-1.14,0.47,1219.3,-8149,-5648,107569.0,0.08,2.41,-4036.0,1.0,-400.0,-1.093,526.0,42.40625,13292,18.72,-0.93,-0.15,74.2,0.1,-0.77,148541.0,141467571.0,-1.08
20230206,-2.05,-3.36,20.55,-2.23,0.18,75.3,-0.0,-1.11,-1.7,1227.2,27935,-73993,106073.0,0.07,1.87,-1496.0,1.0,-650.0,-1.813,1248.0,42.375,47010,18.27,-2.43,0.38,74.1,-0.1,-2.23,145228.0,141467571.0,-2.05
20230207,0.42,1.91,20.8,1.24,-0.82,75.5,0.2,1.63,0.55,1247.5,53829,-44550,107441.0,0.08,3.69,1368.0,1.0,-50.0,-0.139,269.0,42.40625,-9600,18.51,1.36,-0.94,74.3,0.2,1.24,147029.0,141467571.0,0.42
20230208,3.47,4.52,21.43,3.05,0.42,75.4,-0.1,1.84,1.3,1256.0,113059,-33389,107593.0,0.08,7.66,152.0,1.0,-100.0,-0.268,248.0,42.4375,-83704,19.11,3.24,0.23,74.3,0.0,3.05,151515.0,141467571.0,3.47
20230209,-1.07,-0.53,21.34,-0.43,-0.64,75.6,0.2,0.86,-0.09,1257.1,18039,-25656,109113.0,0.08,7.27,1520.0,1.0,50.0,0.136,222.0,42.53125,7532,19.04,-0.38,-0.69,74.4,0.1,-0.43,150861.0,141467571.0,-1.07
20230210,0.95,-0.95,21.2,-0.68,1.63,75.2,-0.4,-1.28,-0.48,1263.1,73548,-50796,109113.0,0.08,5.7,0.0,1.0,-100.0,-0.269,2174.0,42.53125,-24224,18.91,-0.7,1.65,74.0,-0.4,-0.68,149833.0,141467571.0,0.95
20230213,-1.75,-3.1,20.76,-2.04,0.29,75.1,-0.1,-0.58,-0.69,1264.3,16824,-24790,111527.0,0.08,6.67,2414.0,1.0,150.0,0.41,858.0,42.59375,9936,18.48,-2.25,0.5,73.9,-0.1,-2.04,146782.0,141467571.0,-1.75
20230214,1.23,3.09,21.18,2.0,-0.77,75.3,0.2,1.25,0.53,1274.6,4623,34326,113491.0,0.08,5.83,1964.0,1.0,100.0,0.27,76.0,42.625,-37961,18.89,2.21,-0.98,74.1,0.2,2.0,149715.0,141467571.0,1.23
20230215,-1.76,-1.82,20.92,-1.23,-0.53,75.4,0.1,-0.97,-1.53,1269.9,42020,-50574,113155.0,0.08,0.58,-336.0,1.0,-50.0,-0.138,1344.0,42.625,11051,18.64,-1.33,-0.43,74.2,0.1,-1.23,147881.0,141467571.0,-1.76
20230216,2.34,1.31,21.1,0.86,1.48,75.1,-0.4,1.64,1.96,1279.3,54425,47087,130039.0,0.09,1.79,16884.0,1.0,50.0,0.134,947.0,42.65625,-101735,18.82,0.94,1.4,73.9,-0.3,0.86,149158.0,141467571.0,2.34
20230217,-1.21,-0.97,20.97,-0.64,-0.57,75.2,0.1,-1.68,-0.98,1283.7,19060,-16536,103593.0,0.07,3.75,-26446.0,1.0,-450.0,-1.224,456.0,42.6875,-2555,18.68,-0.7,-0.51,74.0,0.1,-0.64,148209.0,141467571.0,-1.21
20230220,4.63,0.54,21.04,0.37,4.26,74.2,-1.0,1.22,0.16,1297.7,78699,82873,124395.0,0.09,6.7,20802.0,1.0,400.0,1.04,694.0,42.6875,-163242,18.76,0.4,4.23,72.9,-1.1,0.37,148753.0,141467571.0,4.63
20230221,-1.43,-1.41,20.85,-0.9,-0.53,74.3,0.1,-0.65,0.16,1295.8,-71131,2629,125307.0,0.09,7.24,912.0,1.0,100.0,0.264,954.0,42.75,68499,18.57,-1.0,-0.43,73.0,0.1,-0.9,147415.0,141467571.0,-1.43
20230222,-3.43,-2.3,20.54,-1.5,-1.93,74.8,0.5,-1.66,-1.68,1295.8,-131509,30950,140254.0,0.1,17.86,14947.0,1.0,-100.0,-0.273,1059.0,42.71875,97977,18.27,-1.65,-1.78,73.5,0.5,-1.5,145200.0,141467571.0,-3.43
20230223,3.42,4.04,21.08,2.62,0.8,74.6,-0.2,1.8,0.89,1303.8,-2860,135009,140015.0,0.1,11.26,-239.0,1.0,50.0,0.132,992.0,42.625,-131314,18.79,2.88,0.54,73.4,-0.1,2.62,148996.0,141467571.0,3.42
20230224,3.83,-1.83,20.83,-1.19,5.02,73.3,-1.3,-0.63,-0.63,1299.6,-23053,203898,140015.0,0.1,6.32,0.0,1.0,-100.0,-0.254,2146.0,42.625,-177914,18.54,-1.34,5.17,72.0,-1.4,-1.19,147217.0,141467571.0,3.83
20230227,-1.53,-1.1,20.68,-0.72,-0.81,73.5,0.2,-0.8,-0.87,1300.5,-129489,58451,139805.0,0.1,10.05,-210.0,1.0,-200.0,-0.517,1740.0,42.59375,70684,18.39,-0.79,-0.74,72.2,0.2,-0.72,146152.0,141467571.0,-1.53
20230228,-0.9,-0.67,20.59,-0.42,-0.48,73.6,0.1,0.19,0.42,1317.4,-76463,77247,140261.0,0.1,15.26,456.0,1.0,-250.0,-0.652,408.0,42.5,953,18.31,-0.47,-0.43,72.3,0.1,-0.42,145542.0,141467571.0,-0.9
20230302,1.43,-1.45,20.39,-0.95,2.38,73.0,-0.6,-0.64,0.62,1319.2,-67568,153627,125121.0,0.09,12.83,-15140.0,1.0,-450.0,-1.157,879.0,42.46875,-88364,18.12,,,71.6,,-0.95,144156.0,141467571.0,
20230303,3.21,-0.91,20.28,-0.57,3.78,72.0,-1.0,0.02,0.17,1310.4,-61338,145103,125570.0,0.09,8.47,449,1.0,-50.0,-0.125,631.0,42.40625,-86203,18.0,-0.65,3.86,70.5,-1.1,-0.57,143333.0,141467571.0,3.21
20230306,1.74,2.75,20.63,1.76,-0.02,72.0,0.0,1.85,1.26,1304.8,-67916,220460,125418.0,0.09,18.69,-152.0,1.0,50.0,0.122,394.0,42.375,-160139,18.35,1.95,-0.21,70.6,0.1,1.76,145860.0,141467571.0,1.74
20230307,2.08,-0.89,20.51,-0.61,2.69,71.2,-0.8,-0.44,0.03,1296.7,-65886,199368,125418.0,0.09,19.36,0.0,1.0,-41650.0,-99.88,1304.0,42.34375,-126349,18.24,-0.63,2.71,69.8,-0.8,-0.61,144977.0,141467571.0,2.08
20230308,-2.28,-2.36,20.2,-1.52,-0.76,71.5,0.2,-0.7,-1.28,1299.1,-76498,64238,165030.0,0.12,21.51,39612.0,1.0,-550.0,-1.35,956.0,42.28125,12566,17.93,-1.69,-0.59,70.0,0.2,-1.52,142777.0,141467571.0,-2.28
20230309,-2.09,-1.38,20.02,-0.91,-1.18,71.8,0.3,-0.57,-0.53,1319.5,-169499,178841,165462.0,0.12,22.98,432.0,1.0,-40000.0,-100.251,1790.0,42.25,-9132,17.75,-0.98,-1.11,70.3,0.3,-0.91,141494.0,141467571.0,-2.09
20230310,-3.76,-2.69,19.67,-1.71,-2.05,72.4,0.6,-2.33,-1.01,1319.7,32685,-49644,146739.0,0.1,16.18,-18723.0,1.0,100.0,0.26,634.0,42.15625,25605,17.41,-1.91,-1.85,70.9,0.6,-1.71,139070.0,141467571.0,-3.76
20230313,-0.39,1.2,19.82,0.73,-1.12,72.7,0.3,-0.33,0.67,1325.7,35794,-15798,148677.0,0.11,13.9,1938.0,1.0,400.0,1.046,371.0,42.1875,-22599,17.56,0.83,-1.22,71.2,0.3,0.73,140087.0,141467571.0,-0.39
20230314,-6.14,-3.8,19.34,-2.43,-3.71,73.7,1.0,-2.86,-2.56,1307.3,-83788,-90947,167601.0,0.12,18.25,18924.0,1.0,0.0,0.0,966.0,42.21875,174673,17.09,-2.69,-3.45,72.2,1.0,-2.43,136689.0,141467571.0,-6.14
20230315,-0.7,-2.47,19.04,-1.53,0.83,73.5,-0.2,-0.82,1.31,1304.9,140618,-169281,164766.0,0.12,11.09,-2835.0,1.0,200.0,0.561,1327.0,42.15625,27726,16.8,-1.69,0.99,72.0,-0.2,-1.53,134599.0,141467571.0,-0.7
20230316,0.98,-0.13,19.02,-0.1,1.08,73.2,-0.3,0.8,-0.08,1302.0,64862,-40454,140281.0,0.1,8.71,-24485.0,1.0,350.0,0.972,390.0,42.25,-27863,16.78,-0.09,1.07,71.7,-0.3,-0.1,134468.0,141467571.0,0.98
20230317,2.22,6.33,19.77,3.9,-1.68,73.7,0.4,3.36,0.75,1312.1,22217,28643,167945.0,0.12,19.32,27664.0,1.0,500.0,1.359,363.0,42.3125,-49110,17.51,4.35,-2.13,72.2,0.5,3.9,139723.0,141467571.0,2.22
20230320,0.14,-0.36,19.72,-0.22,0.36,73.6,-0.1,0.33,-0.69,1303.6,-7114,14394,167250.0,0.12,16.78,-695.0,1.0,-50.0,-0.136,109.0,42.3125,-5637,17.47,-0.25,0.39,72.1,-0.1,-0.22,139408.0,141467571.0,0.14
20230321,0.41,-0.12,19.71,-0.04,0.45,73.4,-0.1,-0.69,0.38,1308.4,-15735,28570,178015.0,0.13,14.9,10765.0,1.0,150.0,0.405,364.0,42.3125,-14057,17.45,-0.08,0.49,72.0,-0.1,-0.04,139350.0,141467571.0,0.41
20230322,0.68,3.95,20.21,2.5,-1.82,73.9,0.5,1.45,1.2,1307.8,45555,-15919,194685.0,0.14,25.0,16670.0,1.0,50.0,0.134,476.0,42.3125,-27636,17.94,2.76,-2.08,72.6,0.6,2.5,142835.0,141467571.0,0.68
20230323,1.07,1.84,20.43,1.13,-0.06,73.9,-0.0,-0.22,0.31,1307.1,63695,11518,192920.0,0.14,15.41,-1765.0,1.0,0.0,0.0,385.0,42.34375,-74783,18.17,1.3,-0.23,72.6,0.0,1.13,144445.0,141467571.0,1.07
20230324,-0.4,-1.36,20.26,-0.86,0.46,73.8,-0.1,3.24,-0.39,1287.2,7580,-10548,189627.0,0.13,15.77,-3293.0,1.0,100.0,0.267,401.0,42.375,74,17.99,-0.97,0.57,72.5,-0.1,-0.86,143209.0,141467571.0,-0.4
20230327,-1.6,-2.06,20.0,-1.29,-0.31,73.9,0.1,0.3,-0.24,1289.7,-32311,37703,187909.0,0.13,18.19,-1718.0,1.0,250.0,0.678,1199.0,42.40625,-6571,17.73,-1.46,-0.14,72.5,0.0,-1.29,141343.0,141467571.0,-1.6
20230328,1.22,3.39,20.43,2.16,-0.94,74.1,0.2,1.94,1.07,1300.3,29557,773,168945.0,0.12,11.94,-18964.0,1.0,-200.0,-0.535,422.0,42.375,-30056,18.16,2.39,-1.17,72.8,0.3,2.16,144393.0,141467571.0,1.22
20230329,1.87,-1.7,20.21,-1.08,2.95,73.4,-0.8,0.59,0.37,1297.4,-2248,60098,154716.0,0.11,13.14,-14229.0,1.0,0.0,0.0,456.0,42.40625,-55400,17.94,-1.19,3.06,72.0,-0.8,-1.08,142832.0,141467571.0,1.87
20230330,3.29,2.19,20.49,1.41,1.88,72.9,-0.5,1.53,0.38,1299.3,121960,18606,138420.0,0.1,10.17,-16296.0,1.0,100.0,0.254,2452.0,42.40625,-136549,18.22,1.55,1.74,71.5,-0.5,1.41,144846.0,141467571.0,3.29
20230331,1.15,-0.23,20.47,-0.13,1.28,72.5,-0.4,0.7,0.97,1303.8,-58840,72777,138724.0,0.1,13.37,304.0,1.0,0.0,0.0,2590.0,42.5,-9809,18.19,-0.16,1.31,71.1,-0.4,-0.13,144665.0,141467571.0,1.15
20230403,-1.89,-1.58,20.47,-1.01,-0.88,73.0,0.5,0.08,-0.18,1295.4,-42000,44940,141420.0,0.1,11.56,2696.0,1.0,200.0,0.513,1499.0,42.5,-3104,17.98,-1.12,-0.77,71.4,0.3,0.02,144691.0,141467571.0,-1.89
20230404,-0.9,-3.1,20.08,-1.89,0.99,72.8,-0.3,-2.08,0.33,1316.3,-66850,66080,147040.0,0.1,12.59,5620.0,1.0,150.0,0.388,453.0,42.46875,370,17.59,-2.19,1.29,71.0,-0.4,-1.89,141962.0,141467571.0,-0.9
20230405,-0.26,0.12,20.1,0.07,-0.33,72.9,0.1,0.1,0.59,1310.3,-63247,65111,140196.0,0.1,8.72,-6844.0,1.0,100.0,0.259,366.0,42.40625,8012,17.6,0.08,-0.34,71.1,0.1,0.07,142062.0,141467571.0,-0.26
20230406,-0.26,-0.95,19.97,-0.62,0.36,72.8,-0.1,-1.21,-1.44,1311.9,26566,12283,123480.0,0.09,21.01,-16716.0,1.0,0.0,0.0,1060.0,42.375,-34192,17.48,-0.68,0.42,71.0,-0.1,-0.62,141178.0,141467571.0,-0.26
20230407,1.95,6.32,20.75,3.89,-1.94,73.3,0.5,2.78,1.27,1318.7,-53140,118376,123376.0,0.09,10.54,-104.0,1.0,0.0,0.0,1230.0,42.375,-60176,18.26,4.45,-2.5,71.6,0.6,3.89,146669.0,141467571.0,1.95
20230410,-0.77,1.8,20.98,1.1,-1.87,73.8,0.5,-0.01,0.87,1318.9,-70591,108185,127838.0,0.09,10.49,4462.0,1.0,0.0,0.0,434.0,42.34375,-38507,18.51,1.34,-2.11,72.2,0.6,1.1,148283.0,141467571.0,-0.77
20230411,0.9,1.21,21.14,0.76,0.14,73.7,-0.0,1.23,1.42,1320.0,-40230,112045,151512.0,0.11,6.09,23674.0,1.0,-350.0,-0.892,646.0,42.3125,-66444,18.66,0.85,0.05,72.2,0.0,0.76,149408.0,141467571.0,0.9
20230412,4.2,-1.63,20.92,-1.01,5.21,72.4,-1.4,-0.48,0.11,1319.5,204494,93241,142757.0,0.1,5.22,-8755.0,1.0,200.0,0.489,636.0,42.28125,-256705,18.45,-1.17,5.37,70.7,-1.5,-1.01,147894.0,141467571.0,4.2
20230413,-1.96,-1.77,20.69,-1.13,-0.83,72.6,0.2,-1.3,0.43,1324.2,-146954,151627,125994.0,0.09,4.75,-16763.0,1.0,-200.0,-0.499,1292.0,42.4375,-3787,18.21,-1.27,-0.69,70.9,0.2,-1.13,146230.0,141467571.0,-1.96
20230414,1.12,0.68,20.78,0.46,0.66,72.4,-0.2,-0.45,0.38,1318.0,-14105,94073,163151.0,0.12,13.31,37157.0,1.0,-150.0,-0.37,1086.0,42.25,-78813,18.3,0.49,0.63,70.7,-0.2,0.46,146906.0,141467571.0,1.12
20230417,0.0,-0.9,20.66,-0.6,0.6,72.2,-0.2,-0.11,0.17,1299.3,-46430,52744,170750.0,0.12,9.0,7599.0,1.0,-50.0,-0.123,609.0,42.25,-5234,18.18,-0.64,0.64,70.5,-0.2,-0.6,146031.0,141467571.0,0.0
20230418,0.12,-1.02,20.52,-0.64,0.76,72.0,-0.2,-0.32,-0.19,1311.3,14886,56742,195403.0,0.14,13.52,24653.0,1.0,500.0,1.232,1234.0,42.21875,-71112,18.05,-0.74,0.86,70.3,-0.2,-0.64,145078.0,141467571.0,0.12
20230419,0.37,0.68,20.62,0.46,-0.09,72.0,0.0,-0.23,0.16,1318.8,-6358,52234,228073.0,0.16,8.5,32670.0,1.0,150.0,0.368,741.0,42.21875,-44371,18.15,0.54,-0.17,70.3,0.0,0.46,145741.0,141467571.0,0.37
20230420,-0.25,-0.57,20.54,-0.39,0.14,72.0,-0.0,-2.13,-0.46,1318.8,17458,45384,243902.0,0.17,8.63,15829.0,1.0,-100.0,-0.246,519.0,42.21875,-62844,18.07,-0.42,0.17,70.3,0.0,-0.39,145177.0,141467571.0,-0.25
20230421,2.34,1.6,20.74,0.98,1.36,71.6,-0.4,1.21,-0.73,1327.6,10246,87212,235208.0,0.17,16.06,-8694.0,1.0,50.0,0.12,1305.0,42.25,-96378,18.27,1.09,1.25,69.9,-0.4,0.98,146596.0,141467571.0,2.34
20230424,-2.88,-2.13,20.45,-1.38,-1.5,72.1,0.4,-2.01,-0.82,1327.9,-83096,99793,241194.0,0.17,27.1,5986.0,1.0,0.0,0.0,1627.0,42.25,-15541,17.99,-1.54,-1.34,70.3,0.4,-1.38,144578.0,141467571.0,-2.88
20230425,-2.1,-1.95,20.2,-1.24,-0.86,72.3,0.2,-1.67,-1.37,1332.7,-52830,81274,349737.0,0.25,31.89,108543.0,1.0,50.0,0.126,943.0,42.21875,-32087,17.74,-1.39,-0.71,70.6,0.3,-1.24,142793.0,141467571.0,-2.1
20230426,2.15,2.22,20.48,1.37,0.78,72.1,-0.2,2.16,-0.17,1333.3,2931,70076,408968.0,0.29,23.91,59231.0,1.0,350.0,0.866,767.0,42.28125,-73000,18.02,1.58,0.57,70.4,-0.2,1.37,144760.0,141467571.0,2.15
20230427,0.74,1.6,20.68,1.0,-0.26,72.2,0.1,0.16,0.44,1337.3,-36599,61418,477460.0,0.34,26.87,68492.0,1.0,100.0,0.246,1328.0,42.28125,-23036,18.22,1.14,-0.4,70.5,0.1,1.0,146210.0,141467571.0,0.74
20230428,4.3,0.79,20.79,0.49,3.81,71.1,-1.0,-0.24,0.23,1339.9,153183,140232,520774.0,0.37,22.07,43314.0,1.0,50.0,0.118,1549.0,42.28125,-291645,18.32,0.55,3.75,69.4,-1.1,0.49,146932.0,141467571.0,4.3
20230502,-2.59,0.78,20.89,0.5,-3.09,72.0,0.9,0.22,0.91,1339.1,-139088,88838,524044.0,0.37,10.25,3270.0,1.0,400.0,0.967,1468.0,42.40625,49349,18.43,,,70.4,,0.5,147670.0,141467571.0,
20230503,0.97,-0.44,20.83,-0.27,1.24,71.6,-0.3,0.18,-0.91,1340.2,11515,115302,624256.0,0.44,42.98,100212,1.0,200.0,0.479,1178.0,42.3125,-125517,18.39,-0.26,1.23,70.0,-0.4,-0.27,147277.0,141467571.0,0.97
20230504,0.12,-1.22,20.68,-0.73,0.85,71.4,-0.2,-0.8,-0.02,1339.1,-51165,62161,616828.0,0.44,16.64,-7428.0,1.0,-350.0,-0.837,1209.0,42.3125,-8594,18.22,-0.91,1.03,69.7,-0.3,-0.73,146203.0,141467571.0,0.12
20230508,0.72,0.0,20.69,0.02,0.7,71.2,-0.2,-0.24,0.49,1325.6,-83919,126192,629069.0,0.44,20.9,12241.0,1.0,150.0,0.356,572.0,42.25,-42156,18.22,,,69.5,,0.02,146236.0,141467571.0,
20230509,0.59,-1.58,20.48,-1.0,1.59,70.8,-0.5,-0.94,-0.13,1322.7,-37862,74582,667921.0,0.47,15.14,38852,1.0,100.0,0.236,278.0,42.1875,-36767,18.02,-1.1,1.69,69.0,-0.5,-1.0,144772.0,141467571.0,0.59
20230510,-0.83,-0.46,20.42,-0.29,-0.54,70.9,0.2,-0.4,-0.54,1323.0,-24391,48437,739678.0,0.52,15.36,71757.0,1.0,-50.0,-0.119,379.0,42.15625,-23146,17.96,-0.34,-0.49,69.1,0.1,-0.29,144349.0,141467571.0,-0.83
20230511,-0.24,-0.69,20.33,-0.44,0.2,70.8,-0.1,-0.49,-0.22,1324.2,-2885,40852,835045.0,0.59,26.78,95367.0,1.0,150.0,0.358,1033.0,42.15625,-38452,17.87,-0.49,0.25,69.0,-0.1,-0.44,143714.0,141467571.0,-0.24
20230512,0.48,1.04,20.46,0.64,-0.16,70.9,0.0,0.15,-0.63,1320.3,-25345,65816,864179.0,0.61,16.57,29134.0,1.0,-150.0,-0.356,1798.0,42.15625,-40413,18.0,0.73,-0.25,69.1,0.1,0.64,144633.0,141467571.0,0.48
20230515,0.95,-0.92,20.34,-0.6,1.55,70.4,-0.5,-0.43,0.16,1333.6,-69486,134002,925510.0,0.65,25.13,61331.0,1.0,-150.0,-0.353,627.0,42.125,-64079,17.88,-0.66,1.61,68.6,-0.5,-0.6,143784.0,141467571.0,0.95
20230516,0.35,4.63,20.92,2.87,-2.52,71.2,0.7,1.41,0.04,1337.8,-16858,69291,972728.0,0.69,30.3,47218.0,1.0,-150.0,-0.352,907.0,42.125,-56233,18.47,3.27,-2.92,69.5,0.9,2.87,147904.0,141467571.0,0.35
20230517,0.47,1.66,21.15,1.1,-0.63,71.3,0.2,0.95,0.58,1336.0,-21713,77968,1015584.0,0.72,23.64,42856.0,1.0,-800.0,-1.867,1018.0,42.125,-56105,18.69,1.19,-0.72,69.7,0.2,1.1,149525.0,141467571.0,0.47
20230518,0.7,1.85,21.4,1.16,-0.46,71.5,0.1,1.02,0.83,1339.4,-7412,44346,1027374.0,0.73,21.31,11790.0,1.0,0.0,0.0,1107.0,42.125,-37934,18.94,1.34,-0.64,69.9,0.2,1.16,151258.0,141467571.0,0.7
20230519,3.13,3.95,21.95,2.57,0.56,71.3,-0.2,2.73,0.89,1332.7,32380,168488,1026062.0,0.73,18.76,-1312.0,1.0,100.0,0.225,2181.0,42.125,-199203,19.48,2.85,0.28,69.8,-0.1,2.57,155141.0,141467571.0,3.13
20230522,1.57,0.92,22.08,0.6,0.97,71.0,-0.3,0.25,0.76,1331.2,-27497,126305,962366.0,0.68,14.07,-63696.0,1.0,0.0,0.0,1140.0,42.125,-94302,19.61,0.69,0.88,69.6,-0.2,0.6,156058.0,141467571.0,1.57
20230523,-1.11,-0.31,22.03,-0.22,-0.89,71.3,0.2,-0.58,0.41,1319.1,13282,43641,957991.0,0.68,14.31,-4375.0,1.0,200.0,0.447,1853.0,42.125,-56933,19.57,-0.22,-0.89,69.8,0.2,-0.22,155720.0,141467571.0,-1.11
20230524,-0.67,-0.2,21.99,-0.18,-0.49,71.4,0.1,0.19,-0.0,1311.4,-6920,34079,929123.0,0.66,10.7,-28868.0,1.0,-200.0,-0.45,773.0,42.125,-25265,19.54,-0.16,-0.51,70.0,0.2,-0.18,155456.0,141467571.0,-0.67
20230525,2.7,5.94,22.84,3.84,-1.14,71.8,0.3,1.47,-0.5,1317.5,167725,14658,876581.0,0.62,14.26,-52542.0,1.0,250.0,0.548,3729.0,42.125,-181201,20.38,4.33,-1.63,70.4,0.4,3.84,161424.0,141467571.0,2.7
20230526,1.64,5.51,23.66,3.62,-1.98,72.3,0.5,0.67,0.16,1323.4,173626,-5737,736542.0,0.52,8.45,-140039.0,1.0,100.0,0.216,3128.0,42.25,-168665,21.21,4.06,-2.42,71.1,0.7,3.62,167275.0,141467571.0,1.64
20230530,-0.22,1.01,23.83,0.71,-0.93,72.6,0.3,-0.10,1.04,1325.6,40084,2626,683412.0,0.48,17.21,-53130.0,1.0,50.0,0.108,2234.0,42.375,-42479,21.37,,,71.4,,0.71,168464.0,141467571.0,
20230531,-0.22,-1.54,23.58,-1.06,0.84,72.3,-0.2,-1.14,-0.32,1322.2,54170,-24328,689379.0,0.49,6.71,5967,1.0,-50.0,-0.108,1985.0,42.40625,-29428,21.12,-1.17,0.95,71.1,-0.3,-1.06,166695.0,141467571.0,-0.22
20230601,-1.19,1.57,23.83,1.05,-2.24,72.9,0.6,0.53,-0.31,1321.6,14526,4674,891480.0,0.63,16.01,202101.0,1.0,-50.0,-0.11,1171.0,42.4375,-18852,21.37,1.18,-2.37,71.8,0.7,1.05,168461.0,141467571.0,-1.19
20230602,-0.77,0.0,23.83,0.02,-0.79,73.1,0.2,-0.28,1.25,1320.7,-9758,730,837587.0,0.59,6.75,-53893.0,1.0,-200.0,-0.442,690.0,42.4375,10795,21.37,0.01,-0.78,72.0,0.2,0.02,168472.0,141467571.0,-0.77
20230605,-0.22,-1.45,23.6,-0.96,0.74,72.9,-0.2,-1.43,0.54,1308.8,-6031,20240,815680.0,0.58,15.34,-21907.0,1.0,-100.0,-0.221,374.0,42.4375,-13666,21.14,-1.09,0.87,71.8,-0.2,-0.96,166840.0,141467571.0,-0.22
20230607,2.1,-0.64,23.5,-0.42,2.52,72.2,-0.7,-0.43,0.01,1308.3,7548,71704,771703.0,0.55,18.91,-43977.0,1.0,100.0,0.217,1270.0,42.40625,-78542,21.03,,,71.1,,-0.42,166143.0,141467571.0,
20230608,-1.74,1.57,23.75,1.05,-2.79,73.0,0.8,0.16,-0.18,1300.5,31960,-43883,768767.0,0.54,13.18,-2936,1.0,100.0,0.221,1198.0,42.4375,15330,21.28,1.18,-2.92,71.9,0.8,1.05,167889.0,141467571.0,-1.74
20230609,2.43,5.2,24.59,3.54,-1.11,73.3,0.3,2.27,1.16,1306.1,101083,-10002,741964.0,0.52,5.85,-26803.0,1.0,50.0,0.108,1326.0,42.4375,-90341,22.12,3.91,-1.48,72.3,0.4,3.54,173837.0,141467571.0,2.43
20230612,-1.72,-0.52,24.51,-0.33,-1.39,73.7,0.4,-0.4,-0.45,1294.9,4125,29300,754002.0,0.53,19.99,12038.0,1.0,50.0,0.11,1872.0,42.53125,-33149,22.03,-0.4,-1.32,72.7,0.4,-0.33,173258.0,141467571.0,-1.72
20230613,6.03,4.09,25.19,2.79,3.24,72.8,-0.8,1.13,0.33,1291.1,305428,84060,787745.0,0.56,5.37,33743.0,1.0,-150.0,-0.31,2045.0,42.53125,-394049,22.71,3.12,2.91,71.9,-0.8,2.79,178089.0,141467571.0,6.03
20230614,-2.48,-0.59,25.09,-0.42,-2.06,73.4,0.6,-1.09,-0.72,1277.5,-46753,30029,701788.0,0.5,6.29,-85957.0,1.0,300.0,0.636,2137.0,42.75,17418,22.61,-0.46,-2.02,72.5,0.6,-0.42,177365.0,141467571.0,-2.48
20230615,1.59,0.17,25.12,0.1,1.49,73.0,-0.4,3.05,-0.4,1275.9,-19434,56031,721029.0,0.51,19.07,19241.0,1.0,750.0,1.566,2629.0,42.71875,-35950,22.64,0.12,1.47,72.1,-0.4,0.1,177549.0,141467571.0,1.59
20230616,-0.73,-0.08,25.1,-0.07,-0.66,73.2,0.2,0.52,0.66,1280.1,37506,-35885,761437.0,0.54,25.37,40408.0,1.0,200.0,0.421,2374.0,42.6875,-2284,22.62,-0.06,-0.67,72.2,0.1,-0.07,177433.0,141467571.0,-0.73
20230619,-1.16,-3.45,24.5,-2.4,1.24,72.9,-0.3,-0.52,-0.62,1273.5,19661,-12236,723798.0,0.51,17.03,-37639.0,1.0,150.0,0.319,2528.0,42.71875,-7555,22.03,-2.63,1.47,71.8,-0.4,-2.4,173181.0,141467571.0,-1.16
20230620,-1.06,1.13,24.69,0.79,-1.85,73.4,0.5,0.61,-0.18,1280.7,27305,-29646,716233.0,0.51,7.16,-7565.0,1.0,250.0,0.538,1250.0,42.75,4738,22.22,0.86,-1.92,72.4,0.6,0.79,174544.0,141467571.0,-1.06
20230621,-0.65,-0.86,24.54,-0.61,-0.04,73.4,0.0,-1.38,-0.86,1282.2,7468,-27462,663888.0,0.47,7.04,-52345.0,1.0,-50.0,-0.108,1023.0,42.75,20218,22.08,-0.65,0.0,72.4,0.0,-0.61,173476.0,141467571.0,-0.65
20230622,-0.54,-0.96,24.38,-0.66,0.12,73.3,-0.0,-0.61,0.43,1291.5,23873,-19552,646707.0,0.46,8.34,-17181.0,1.0,-150.0,-0.326,991.0,42.75,-4211,21.91,-0.74,0.2,72.3,-0.1,-0.66,172336.0,141467571.0,-0.54
20230623,-1.52,-0.35,24.32,-0.27,-1.25,73.7,0.3,-0.12,-0.91,1291.4,46809,-78330,638069.0,0.45,4.66,-8638.0,1.0,0.0,0.0,1964.0,42.78125,31165,21.86,-0.26,-1.26,72.7,0.4,-0.27,171892.0,141467571.0,-1.52
20230626,-0.77,-0.09,24.31,-0.05,-0.72,73.9,0.2,1.44,0.47,1302.2,57039,11086,616316.0,0.44,10.47,-21753.0,1.0,-50.0,-0.111,529.0,42.8125,-67780,21.84,-0.07,-0.7,72.8,0.1,-0.05,171809.0,141467571.0,-0.77
20230627,0.0,-0.44,24.23,-0.31,0.31,73.8,-0.1,-0.3,-0.03,1303.8,45738,-33215,552989.0,0.39,10.51,-63327.0,1.0,-100.0,-0.223,1689.0,42.875,-11773,21.77,-0.32,0.32,72.8,0.0,-0.31,171275.0,141467571.0,0.0
20230628,-0.22,1.15,24.41,0.76,-0.98,74.0,0.3,0.81,-0.67,1303.1,31546,-18901,537383.0,0.38,19.93,-15606.0,1.0,0.0,0.0,1397.0,42.71875,-12445,21.96,0.86,-1.08,73.1,0.3,0.76,172578.0,141467571.0,-0.22
20230629,-1.23,1.66,24.69,1.1,-2.33,74.6,0.6,0.94,-0.55,1304.3,163498,-53508,507183.0,0.36,19.37,-30200.0,1.0,250.0,0.565,11517.0,42.90625,-109600,22.23,1.24,-2.47,73.7,0.6,1.1,174498.0,141467571.0,-1.23
20230630,0.0,-0.86,24.54,-0.59,0.59,74.5,-0.2,-0.33,0.56,1312.8,63833,-48499,429597.0,0.3,9.93,-77586.0,1.0,50.0,0.113,1724.0,43.03125,-15435,22.09,-0.65,0.65,73.5,-0.2,-0.59,173477.0,141467571.0,0.0
20230703,3.84,2.08,24.95,1.43,2.41,74.0,-0.5,1.28,1.49,1319.4,28952,37544,361589.0,0.26,12.46,-68008.0,1.0,50.0,0.109,3347.0,43.0625,-68431,22.44,1.6,2.24,73.0,-0.5,1.67,176378.0,141467571.0,3.84
20230704,-0.65,0.26,24.98,0.12,-0.77,74.2,0.2,-0.22,-0.35,1310.0,41198,-29407,366767.0,0.26,15.26,5178.0,1.0,100.0,0.219,1144.0,43.09375,-6291,22.48,0.19,-0.84,73.2,0.2,0.12,176581.0,141467571.0,-0.65
20230705,1.2,-1.02,24.8,-0.72,1.92,73.6,-0.5,-0.76,-0.55,1301.7,58157,-19822,377362.0,0.27,11.36,10595.0,1.0,-100.0,-0.216,1100.0,42.9375,-36041,22.3,-0.79,1.99,72.6,-0.6,-0.72,175291.0,141467571.0,1.2
20230706,-2.16,-2.49,24.37,-1.73,-0.43,73.8,0.1,-2.91,-0.88,1300.8,24294,-20958,398629.0,0.28,12.77,21267.0,1.0,50.0,0.111,1756.0,43.0,-456,21.87,-1.92,-0.24,72.7,0.1,-1.73,172264.0,141467571.0,-2.16
20230707,-2.1,-1.76,24.07,-1.23,-0.87,74.0,0.2,-1.46,-1.16,1303.8,39047,-32248,418224.0,0.3,20.69,19595.0,1.0,-150.0,-0.339,1081.0,43.0,-6894,21.58,-1.34,-0.76,72.9,0.2,-1.23,170135.0,141467571.0,-2.1
20230710,-0.34,-1.34,23.85,-0.9,0.56,73.8,-0.1,-0.35,-0.24,1307.3,39419,-18556,430404.0,0.3,4.22,12180.0,1.0,150.0,0.34,729.0,43.03125,-20846,21.36,-1.01,0.67,72.7,-0.2,-0.9,168604.0,141467571.0,-0.34
20230711,3.4,2.81,24.32,1.96,1.44,73.5,-0.4,1.57,1.66,1303.8,16207,14358,446122.0,0.32,10.77,15718.0,1.0,0.0,0.0,321.0,43.0625,-34669,21.82,2.12,1.28,72.4,-0.3,1.96,171911.0,141467571.0,3.4
20230712,0.55,1.76,24.61,1.2,-0.65,73.6,0.2,1.81,0.48,1295.0,34736,-13606,484548.0,0.34,22.71,38426.0,1.0,0.0,0.0,209.0,43.21875,-22332,22.11,1.34,-0.79,72.6,0.2,1.2,173995.0,141467571.0,0.55
20230713,0.87,-1.13,24.43,-0.73,1.6,73.2,-0.4,1.27,0.64,1291.4,51641,1,493271.0,0.35,16.96,8723.0,1.0,0.0,0.0,3337.0,43.25,-48808,21.92,-0.86,1.73,72.1,-0.5,-0.73,172724.0,141467571.0,0.87
20230714,1.73,3.42,25.02,2.41,-0.68,73.4,0.2,1.65,1.43,1276.2,82971,-37996,473350.0,0.33,15.48,-19921.0,1.0,0.0,0.0,1114.0,43.3125,-46750,22.49,2.6,-0.87,72.4,0.3,2.41,176881.0,141467571.0,1.73
20230717,-1.28,-0.68,24.91,-0.46,-0.82,73.6,0.2,0.11,-0.35,1265.8,45228,-32795,457039.0,0.32,33.49,-16311.0,1.0,50.0,0.108,734.0,43.28125,-12323,22.37,-0.51,-0.77,72.6,0.2,-0.46,176075.0,141467571.0,-1.28
20230718,-0.43,0.51,24.99,0.31,-0.74,73.8,0.2,0.07,-0.43,1266.1,-1136,-2879,462448.0,0.33,14.08,5409.0,1.0,-50.0,-0.108,626.0,43.3125,4788,22.46,0.39,-0.82,72.8,0.2,0.31,176629.0,141467571.0,-0.43
20230719,0.43,-0.25,24.95,-0.16,0.59,73.7,-0.2,-1.11,0.02,1261.6,49231,19072,446330.0,0.32,14.88,-16118.0,1.0,50.0,0.108,465.0,43.3125,-61873,22.42,-0.2,0.63,72.6,-0.2,-0.16,176345.0,141467571.0,0.43
20230720,0.54,-0.51,24.85,-0.39,0.93,73.4,-0.2,0.64,-0.31,1265.4,21653,-14796,445174.0,0.31,14.71,-1156.0,1.0,50.0,0.107,705.0,43.375,-8852,22.33,-0.39,0.93,72.4,-0.2,-0.39,175651.0,141467571.0,0.54
20230721,-0.43,-1.54,24.58,-1.09,0.66,73.2,-0.2,-1.32,0.37,1265.8,23690,1324,436335.0,0.31,16.9,-8839.0,1.0,-50.0,-0.108,580.0,43.375,-25014,22.07,-1.18,0.75,72.2,-0.2,-1.09,173745.0,141467571.0,-0.43
20230724,-5.48,-0.96,24.41,-0.7,-4.78,74.5,1.3,-1.33,0.72,1281.7,58895,-81149,451903.0,0.32,17.08,15568.0,1.0,0.0,0.0,730.0,43.40625,28776,21.9,-0.74,-4.74,73.5,1.3,-0.7,172532.0,141467571.0,-5.48
20230725,-0.91,-0.53,24.31,-0.41,-0.5,74.6,0.1,1.02,0.3,1283.8,55250,-40733,397373.0,0.28,6.25,-54530.0,1.0,-50.0,-0.115,2047.0,43.46875,-14154,21.81,-0.42,-0.49,73.6,0.1,-0.41,171818.0,141467571.0,-0.91
20230726,-1.72,-0.35,24.23,-0.3,-1.42,75.0,0.4,-2.15,-1.67,1280.7,94640,-24498,367585.0,0.26,7.64,-29788.0,1.0,-200.0,-0.467,1734.0,43.5,-69531,21.75,-0.28,-1.44,74.0,0.4,-0.3,171309.0,141467571.0,-1.72
20230727,6.78,9.73,25.85,6.66,0.12,75.0,-0.0,4.52,0.44,1278.7,23847,87102,376235.0,0.27,10.26,8650.0,1.0,-100.0,-0.219,2374.0,43.53125,-113295,23.36,7.4,-0.62,74.2,0.2,6.66,182711.0,141467571.0,6.78
20230728,-0.66,3.23,26.44,2.28,-2.94,75.7,0.7,1.54,0.17,1273.4,82757,-65805,423926.0,0.3,21.97,47691.0,1.0,150.0,0.33,1430.0,43.5625,-13054,23.94,2.51,-3.17,75.0,0.8,2.28,186873.0,141467571.0,-0.66
20230731,-2.2,-3.59,25.77,-2.53,0.33,75.6,-0.1,-0.11,0.93,1280.0,3746,-34436,375388.0,0.27,19.98,-48538.0,1.0,150.0,0.338,571.0,43.625,32428,23.27,-2.8,0.6,74.8,-0.2,-2.53,182152.0,141467571.0,-2.2
20230801,2.25,1.38,26.03,1.01,1.24,75.3,-0.3,0.26,1.31,1273.8,19046,25010,378895.0,0.27,13.58,3507.0,1.0,-200.0,-0.441,2348.0,43.625,-44466,23.52,1.07,1.18,74.5,-0.3,1.01,183992.0,141467571.0,2.25
20230802,-1.1,-4.48,25.2,-3.18,2.08,74.8,-0.5,-3.13,-1.9,1280.7,87723,-66895,379460.0,0.27,9.36,565.0,1.0,-200.0,-0.445,6686.0,43.625,-20583,22.7,-3.48,2.38,73.9,-0.6,-3.18,178142.0,141467571.0,-1.1
20230803,0.11,0.42,25.27,0.28,-0.17,74.8,0.0,1.11,-0.42,1293.0,47044,-40423,371203.0,0.26,22.22,-8257.0,1.0,-250.0,-0.556,2234.0,43.71875,-6641,22.77,0.31,-0.2,73.9,0.0,0.28,178652.0,141467571.0,0.11
20230804,1.56,0.08,25.29,0.05,1.51,74.5,-0.4,0.14,-0.1,1298.8,68020,-15590,335274.0,0.24,28.69,-35929.0,1.0,150.0,0.329,1212.0,43.75,-52213,22.79,0.07,1.49,73.5,-0.4,0.05,178744.0,141467571.0,1.56
20230807,0.77,1.5,25.55,1.04,-0.27,74.5,0.1,-0.15,-0.85,1303.9,87549,-52306,363922.0,0.26,15.2,28648.0,1.0,0.0,0.0,3514.0,43.8125,-35294,23.05,1.15,-0.38,73.6,0.1,1.04,180611.0,141467571.0,0.77
20230808,-2.72,-2.71,25.06,-1.93,-0.79,74.7,0.2,-1.24,-0.26,1304.1,-412,-14608,356779.0,0.25,21.41,-7143.0,1.0,0.0,0.0,716.0,43.875,15276,22.57,-2.09,-0.63,73.8,0.2,-1.93,177146.0,141467571.0,-2.72
20230809,1.56,-0.08,25.06,-0.02,1.58,74.3,-0.4,-0.25,1.21,1312.6,31445,-22216,357701.0,0.25,14.48,922.0,1.0,-200.0,-0.44,645.0,43.90625,-9259,22.56,-0.06,1.62,73.4,-0.4,-0.02,177111.0,141467571.0,1.56
20230810,1.32,0.0,25.04,-0.04,1.36,74.0,-0.4,-0.87,-0.14,1318.3,-67112,97715,360001.0,0.25,20.53,2300.0,1.0,-50.0,-0.109,535.0,43.90625,-30326,22.56,-0.0,1.32,73.0,-0.4,-0.04,177031.0,141467571.0,1.32
20230811,-0.11,-2.7,24.58,-1.86,1.75,73.5,-0.5,-0.82,-0.4,1317.3,-27345,50500,418831.0,0.3,18.93,58830.0,1.0,-50.0,-0.109,3624.0,43.875,-23173,22.09,-2.07,1.96,72.5,-0.5,-1.86,173735.0,141467571.0,-0.11
20230814,-1.09,-0.35,24.52,-0.25,-0.84,73.8,0.2,-1.65,-0.79,1321.1,407,-906,416227.0,0.29,12.53,-2604.0,1.0,-100.0,-0.22,444.0,43.84375,1992,22.03,-0.27,-0.82,72.7,0.2,-0.25,173319.0,141467571.0,-1.09
20230816,-0.77,0.78,24.64,0.5,-1.27,74.1,0.3,-0.25,-1.76,1331.3,11073,39184,425263.0,0.3,15.42,9036.0,1.0,150.0,0.332,1437.0,43.875,-50245,22.16,,,73.1,,0.5,174179.0,141467571.0,
20230817,-2.66,-0.86,24.5,-0.59,-2.07,74.6,0.5,0.28,-0.23,1338.3,12570,-25497,412043.0,0.29,12.09,-13220,1.0,100.0,0.228,1839.0,43.875,12790,22.02,-0.65,-2.01,73.6,0.5,-0.59,173154.0,141467571.0,-2.66
20230818,0.0,2.09,24.84,1.41,-1.41,75.0,0.3,1.43,-0.61,1341.6,-38425,55291,399807.0,0.28,8.14,-12236.0,1.0,50.0,0.114,2116.0,43.875,-16888,22.37,1.59,-1.59,74.0,0.4,1.41,175597.0,141467571.0,0.0
20230821,0.46,-0.68,24.73,-0.45,0.91,74.7,-0.2,-1.12,0.17,1336.9,-10489,30319,412933.0,0.29,11.9,13126.0,1.0,-100.0,-0.227,1008.0,43.84375,-19999,22.25,-0.52,0.98,73.8,-0.2,-0.45,174803.0,141467571.0,0.46
20230822,0.23,0.09,24.74,0.04,0.19,74.7,-0.0,-1.43,0.28,1341.5,-14587,38321,424561.0,0.3,16.33,11628.0,1.0,-150.0,-0.339,980.0,43.84375,-23631,22.27,0.06,0.17,73.8,0.0,0.04,174883.0,141467571.0,0.23
20230823,-2.03,-0.43,24.66,-0.31,-1.72,75.1,0.4,-0.51,-0.41,1338.7,-16109,2989,422046.0,0.3,14.95,-2515.0,1.0,0.0,0.0,603.0,43.84375,15011,22.19,-0.33,-1.7,74.2,0.4,-0.31,174344.0,141467571.0,-2.03
20230824,2.88,4.22,25.38,2.9,-0.02,75.1,-0.0,1.38,1.28,1338.0,19447,27823,434394.0,0.31,11.9,12348.0,1.0,-150.0,-0.336,1045.0,43.8125,-47171,22.91,3.23,-0.35,74.3,0.1,2.9,179394.0,141467571.0,2.88
20230825,-2.58,-3.64,24.73,-2.54,-0.04,75.2,0.0,-1.67,-0.73,1324.0,-46379,23363,413301.0,0.29,7.6,-21093.0,1.0,50.0,0.115,1819.0,43.84375,22092,22.27,-2.79,0.21,74.2,-0.1,-2.54,174833.0,141467571.0,-2.58
20230828,1.27,-0.52,24.65,-0.34,1.61,74.8,-0.4,0.18,0.96,1326.6,-13701,43450,434357.0,0.31,12.68,21056.0,1.0,-150.0,-0.341,267.0,43.8125,-29756,22.2,-0.34,1.61,73.8,-0.4,-0.34,174232.0,141467571.0,1.27
20230829,0.0,2.33,25.04,1.61,-1.61,75.2,0.4,1.57,0.34,1322.5,-8727,27656,451090.0,0.32,22.03,16733.0,1.0,-100.0,-0.227,171.0,43.78125,-18829,22.59,1.77,-1.77,74.3,0.5,1.61,177036.0,141467571.0,0.0
20230830,3.75,0.67,25.17,0.49,3.26,74.3,-0.8,1.05,0.35,1322.0,25776,64629,445415.0,0.31,9.81,-5675.0,1.0,-300.0,-0.657,917.0,43.78125,-90279,22.71,0.52,3.23,73.4,-0.9,0.49,177896.0,141467571.0,3.75
20230831,-1.2,2.01,25.51,1.38,-2.58,75.0,0.6,0.53,-0.19,1321.4,-25758,39110,411888.0,0.29,11.46,-33527.0,1.0,50.0,0.111,718.0,43.8125,-10966,23.06,1.55,-2.75,74.2,0.8,1.38,180344.0,141467571.0,-1.2
20230901,-1.22,-1.48,25.25,-1.02,-0.2,75.0,0.1,1.28,0.29,1322.3,63974,-65393,331740.0,0.23,26.68,-80148.0,1.0,100.0,0.224,820.0,43.78125,1462,22.79,-1.15,-0.07,74.2,0.0,-1.02,178499.0,141467571.0,-1.22
20230904,-0.79,-0.67,25.13,-0.48,-0.31,75.1,0.1,-0.21,0.81,1319.2,-10549,-185,294705.0,0.21,38.24,-37035.0,1.0,-450.0,-1.018,1446.0,43.84375,9632,22.68,-0.5,-0.29,74.3,0.1,-0.48,177664.0,141467571.0,-0.79
20230905,-0.57,0.17,25.16,0.11,-0.68,75.3,0.2,0.58,-0.09,1319.3,24887,-20936,289944.0,0.2,11.08,-4761.0,1.0,-350.0,-0.796,6900.0,43.84375,-1534,22.71,0.13,-0.7,74.4,0.1,0.11,177866.0,141467571.0,-0.57
20230906,-0.57,-1.01,24.98,-0.71,0.14,75.2,-0.0,-1.43,-0.73,1324.3,-11582,-13396,270640.0,0.19,31.77,-19304.0,1.0,-150.0,-0.343,945.0,43.8125,24938,22.53,-0.78,0.21,74.4,0.0,-0.71,176601.0,141467571.0,-0.57
20230907,-1.26,0.25,25.02,0.15,-1.41,75.6,0.3,-0.44,-0.59,1332.6,17323,-27701,334186.0,0.24,22.74,63546.0,1.0,0.0,0.0,640.0,43.8125,10358,22.57,0.19,-1.45,74.8,0.4,0.15,176860.0,141467571.0,-1.26
20230908,-3.24,-4.05,24.29,-2.93,-0.31,75.7,0.1,-2.4,-0.02,1334.7,-86313,58057,333701.0,0.24,20.82,-485.0,1.0,-50.0,-0.12,1587.0,43.8125,28665,21.87,-3.1,-0.14,74.8,0.0,-2.93,171681.0,141467571.0,-3.24
20230911,-3.83,1.93,24.61,1.33,-5.16,76.9,1.2,-0.35,0.36,1333.4,-42410,-93832,315835.0,0.22,20.13,-17866.0,1.0,50.0,0.125,1171.0,43.75,135629,22.2,1.48,-5.31,76.1,1.3,1.33,173959.0,141467571.0,-3.83
20230912,0.62,0.69,24.72,0.47,0.15,76.9,-0.0,-0.1,-0.79,1332.4,92581,-47649,320193.0,0.23,40.62,4358.0,1.0,0.0,0.0,1730.0,43.71875,-44974,22.31,0.53,0.09,76.1,0.0,0.47,174775.0,141467571.0,0.62
20230913,1.98,1.54,24.99,1.05,0.93,76.7,-0.2,-0.64,-0.07,1326.1,-80551,102186,286559.0,0.2,1.87,-33634.0,1.0,-250.0,-0.607,922.0,43.78125,-21445,22.58,1.19,0.79,75.9,-0.2,1.05,176616.0,141467571.0,1.98
20230914,0.49,3.12,25.53,2.18,-1.69,77.1,0.4,1.88,1.51,1327.8,1405246,-1484055,376906.0,0.27,45.0,90347.0,1.0,-150.0,-0.362,2843.0,43.71875,75698,23.12,2.38,-1.89,76.3,0.4,2.18,180481.0,141467571.0,0.49
20230915,2.05,0.16,25.58,0.21,1.84,76.6,-0.4,-0.0,1.1,1326.1,-131099,194205,298728.0,0.21,6.54,-78178.0,1.0,100.0,0.237,2558.0,44.71875,-60896,23.15,0.13,1.92,75.9,-0.4,0.21,180854.0,141467571.0,2.05
20230918,-1.18,-2.78,25.08,-1.98,0.8,76.4,-0.2,-2.02,-1.02,1327.6,8714,21587,278848.0,0.2,3.27,-19880.0,1.0,100.0,0.24,1322.0,44.625,-20197,22.65,-2.13,0.95,75.7,-0.2,-1.98,177278.0,141467571.0,-1.18
20230919,2.51,0.17,25.11,0.12,2.39,75.9,-0.6,-1.27,-0.6,1326.0,24221,43270,284197.0,0.2,14.21,5349.0,1.0,100.0,0.234,3958.0,44.625,-67481,22.68,0.11,2.4,75.1,-0.6,0.12,177479.0,141467571.0,2.51
20230920,0.93,-1.01,24.92,-0.74,1.67,75.5,-0.4,-0.62,0.02,1323.7,-17628,53022,282069.0,0.2,9.08,-2128.0,1.0,-100.0,-0.231,1493.0,44.625,-35084,22.5,-0.78,1.71,74.6,-0.5,-0.74,176172.0,141467571.0,0.93
20230921,-2.55,-1.27,24.69,-0.92,-1.63,75.9,0.4,-1.67,-1.75,1329.3,-24939,12968,290456.0,0.21,31.43,8387.0,1.0,-100.0,-0.238,1839.0,44.625,11936,22.28,-0.98,-1.57,75.0,0.4,-0.92,174550.0,141467571.0,-2.55
20230922,1.78,0.69,24.81,0.47,1.31,75.6,-0.3,0.54,-0.27,1339.1,-7624,61945,304021.0,0.21,21.82,13565.0,1.0,0.0,0.0,1762.0,44.59375,-54319,22.4,0.53,1.25,74.7,-0.3,0.47,175376.0,141467571.0,1.78
20230925,1.17,-0.26,24.77,-0.19,1.36,75.2,-0.3,-0.12,-0.49,1337.6,-28792,83574,324555.0,0.23,20.48,20534.0,1.0,100.0,0.231,1327.0,44.59375,-54782,22.36,-0.2,1.37,74.4,-0.3,-0.19,175064.0,141467571.0,1.17
20230926,-1.61,-1.71,24.47,-1.2,-0.41,75.3,0.1,-0.69,-1.31,1333.7,-46107,52862,330656.0,0.23,21.17,6101.0,1.0,-50.0,-0.117,1940.0,44.59375,-6758,22.06,-1.33,-0.28,74.5,0.1,-1.2,172968.0,141467571.0,-1.61
20230927,-0.47,-0.26,24.43,-0.17,-0.3,75.4,0.1,1.37,0.09,1344.8,-71926,92177,331444.0,0.23,28.07,788.0,1.0,350.0,0.824,1186.0,44.5625,-20251,22.01,-0.2,-0.27,74.5,0.0,-0.17,172668.0,141467571.0,-0.47
20231004,-2.47,0.61,24.53,0.38,-2.85,76.6,1.1,-1.49,-2.41,1351.3,-29836,26728,281631,0.20,16.41,-37548,1.0,-100.0,-0.242,3830.0,44.5,3026,22.11,,,75.3,,0.44,176527.0,138981036.0,
20231005,3.26,4.16,25.23,2.85,0.41,76.4,-0.1,0.81,-0.09,1360.6,-26249,73351,299052,0.22,16.41,17421,1.0,0.0,0.0,2245.0,44.46875,-45099,22.82,3.19,0.07,75.3,0.0,2.85,181567.0,138981036.0,3.26
20231006,-0.12,0.17,25.27,0.14,-0.26,76.5,0.1,0.85,0.21,1349.4,-71054,79817,299052.0,0.21,19.18,17421.0,1.0,0.0,0.0,395.0,44.46875,-9900,22.85,0.13,-0.25,75.3,0.0,0.14,181814.0,138981036.0,-0.12
20231010,1.64,-0.75,25.14,-0.52,2.16,76.0,-0.5,-1.21,-0.26,1348.3,-63798,128242,335706.0,0.24,51.76,36654.0,1.0,0.0,0.0,1403.0,44.40625,-64316,22.71,,,74.8,,-0.52,180863.0,138981036.0,
20231011,0.23,-0.25,25.1,-0.15,0.38,75.9,-0.1,1.57,1.98,1348.3,-48436,71059,350281.0,0.25,29.48,14575,1.0,150.0,0.345,983.0,44.375,-22623,22.67,-0.18,0.41,74.7,-0.1,-0.15,180585.0,138981036.0,0.23
20231012,2.53,4.19,25.83,2.94,-0.41,76.0,0.1,1.81,1.21,1339.6,-7803,54985,364420.0,0.26,32.75,14139.0,1.0,-44550.0,-99.888,1134.0,44.3125,-46990,23.41,3.24,-0.71,74.8,0.1,2.94,185874.0,138981036.0,2.53
20231013,0.11,0.4,25.91,0.28,-0.17,76.0,0.0,-0.42,-0.95,1339.9,10458,26189,372197.0,0.26,22.61,7777.0,1.0,150.0,0.336,1869.0,44.3125,-33011,23.48,0.31,-0.2,74.9,0.1,0.28,186397.0,138981036.0,0.11
20231016,-0.56,-0.48,25.82,-0.35,-0.21,76.1,0.0,-0.92,-0.81,1349.4,50430,-37829,380307.0,0.27,37.06,8110.0,1.0,-250.0,-0.563,1611.0,44.3125,-11871,23.39,-0.38,-0.18,74.9,0.0,-0.35,185745.0,138981036.0,-0.56
20231017,0.9,4.75,26.68,3.34,-2.44,76.7,0.6,2.31,0.98,1353.8,26488,13542,373256.0,0.26,15.05,-7051.0,1.0,150.0,0.335,1884.0,44.375,-39574,24.26,3.7,-2.8,75.6,0.7,3.34,191958.0,138981036.0,0.9
20231018,-0.67,0.0,26.68,-0.01,-0.66,76.8,0.2,-0.68,0.1,1351.9,-38890,75092,383154.0,0.27,19.63,9898.0,1.0,50.0,0.112,2103.0,45.15625,-36201,24.26,-0.0,-0.67,75.8,0.2,-0.01,191942.0,138981036.0,-0.67
20231019,-1.24,-3.31,26.04,-2.39,1.15,76.5,-0.3,-1.82,-1.9,1351.7,-24159,56327,381498.0,0.27,13.98,-1656.0,1.0,100.0,0.228,3175.0,45.125,-32502,23.62,-2.6,1.36,75.4,-0.4,-2.39,187377.0,138981036.0,-1.24
20231020,-2.84,0.4,26.12,0.29,-3.13,77.3,0.7,-0.86,-1.69,1357.6,7751,6459,391035.0,0.28,13.31,9537.0,1.0,-50.0,-0.117,1299.0,45.125,-11322,23.7,0.3,-3.14,76.2,0.8,0.29,187925.0,138981036.0,-2.84
20231023,-0.82,-1.74,25.79,-1.26,0.44,77.2,-0.1,-1.76,-0.76,1355.1,-27266,31127,380712.0,0.27,16.35,-10323.0,1.0,150.0,0.354,1970.0,45.125,-3399,23.37,-1.37,0.55,76.1,-0.1,-1.26,185570.0,138981036.0,-0.82
20231024,0.71,2.26,26.21,1.64,-0.93,77.4,0.2,1.78,1.12,1353.2,9957,10298,405508.0,0.29,29.05,24796.0,1.0,-50.0,-0.117,1947.0,45.125,-19892,23.78,1.76,-1.05,76.3,0.2,1.64,188614.0,138981036.0,0.71
20231025,2.58,0.55,26.32,0.39,2.19,76.9,-0.5,0.34,-0.85,1343.9,-19599,70382,381582.0,0.27,27.58,-23926.0,1.0,100.0,0.229,1203.0,45.125,-50683,23.89,0.45,2.13,75.8,-0.5,0.39,189355.0,138981036.0,2.58
20231026,-1.83,-5.88,25.22,-4.18,2.35,76.3,-0.6,-3.05,-2.71,1347.0,-44630,69504,356661.0,0.26,18.55,-24921.0,1.0,350.0,0.815,1194.0,45.09375,-24876,22.79,-4.6,2.77,75.1,-0.7,-4.18,181429.0,138981036.0,-1.83
20231027,-1.75,-0.75,25.08,-0.52,-1.23,76.6,0.3,0.33,0.16,1357.1,-47497,51308,422414.0,0.3,19.34,65753.0,1.0,100.0,0.237,1825.0,45.0625,-2086,22.66,-0.57,-1.18,75.4,0.3,-0.52,180490.0,138981036.0,-1.75
20231030,2.37,0.0,25.08,-0.0,2.37,76.1,-0.6,-0.08,0.34,1352.3,-23305,44051,437768.0,0.31,26.86,15354.0,1.0,150.0,0.347,1841.0,45.03125,-22070,22.67,0.03,2.34,74.8,-0.6,-0.0,180470.0,138981036.0,2.37
20231031,-1.5,-2.35,24.67,-1.63,0.13,76.0,-0.0,-2.75,-1.41,1352.8,-30081,36762,419018.0,0.3,26.56,-18750.0,1.0,-200.0,-0.47,718.0,45.03125,-5416,22.26,-1.81,0.31,74.7,-0.1,-1.63,177525.0,138981036.0,-1.5
20231101,0.82,3.44,25.26,2.37,-1.55,76.4,0.4,1.53,1.03,1349.6,-1987,18373,379591.0,0.27,21.05,-39427.0,1.0,0.0,0.0,1938.0,45.0,-15302,22.84,2.62,-1.8,75.2,0.5,2.37,181754.0,138981036.0,0.82
20231102,4.78,4.16,26.0,2.91,1.87,76.0,-0.4,2.81,1.81,1356.9,60697,30709,418143.0,0.3,25.92,38552.0,1.0,50.0,0.111,2195.0,45.03125,-94939,23.57,3.2,1.58,74.8,-0.4,2.91,187053.0,138981036.0,4.78
20231103,0.67,0.4,26.07,0.3,0.37,75.9,-0.1,0.09,1.08,1343.2,20588,16127,376110.0,0.27,14.89,-42033.0,1.0,0.0,0.0,1353.0,45.0625,-36509,23.65,0.32,0.35,74.7,-0.1,0.3,187613.0,138981036.0,0.67
20231106,4.31,5.72,27.13,4.06,0.25,75.8,-0.1,3.13,5.66,1325.8,44973,68490,324811.0,0.23,7.52,-51299.0,1.0,-400.0,-0.847,1337.0,45.09375,-115482,24.7,4.45,-0.14,74.8,0.1,4.06,195225.0,138981036.0,4.31
20231107,0.53,-1.95,26.75,-1.41,1.94,75.4,-0.5,0.28,-2.33,1303.2,83648,-283,305152.0,0.22,0.03,-19659.0,1.0,-200.0,-0.421,676.0,45.125,-84290,24.32,-1.54,2.07,74.2,-0.6,-1.41,192482.0,138981036.0,0.53
20231108,-1.16,-2.15,26.36,-1.46,0.3,75.3,-0.1,-0.9,-0.91,1306.1,-16068,54035,285028.0,0.21,0.23,-20124.0,1.0,0.0,0.0,724.0,45.1875,-37844,23.91,-1.68,0.52,74.1,-0.1,-1.46,189678.0,138981036.0,-1.16
20231109,2.03,0.31,26.43,0.25,1.78,74.8,-0.4,1.01,0.23,1305.5,13401,81482,278324.0,0.2,0.08,-6704.0,1.0,-47650.0,-99.582,1636.0,45.15625,-93923,23.97,0.24,1.79,73.6,-0.5,0.25,190156.0,138981036.0,2.03
20231110,0.84,1.95,26.79,1.36,-0.52,75.0,0.1,0.13,-0.72,1309.0,21746,45492,238991.0,0.17,0.1,-39333.0,1.0,0.0,0.0,770.0,45.28125,-69967,24.34,1.53,-0.69,73.8,0.2,1.36,192751.0,138981036.0,0.84
20231113,0.41,1.0,26.98,0.71,-0.3,75.0,0.1,-0.81,-0.24,1316.7,-3351,50424,224285.0,0.16,0.13,-14706.0,1.0,300.0,0.619,1357.0,45.28125,-49120,24.52,0.78,-0.37,73.9,0.1,0.71,194119.0,138981036.0,0.41
20231114,-0.31,-1.37,26.72,-0.96,0.65,74.9,-0.2,0.94,1.23,1322.7,-46205,87234,204635.0,0.15,0.01,-19650.0,1.0,-300.0,-0.621,1191.0,45.3125,-36713,24.27,-1.04,0.73,73.7,-0.2,-0.96,192228.0,138981036.0,-0.31
20231115,0.72,3.15,27.33,2.3,-1.58,75.3,0.4,1.42,2.2,1325.3,-53484,127563,223728.0,0.16,0.02,19093.0,1.0,400.0,0.822,3260.0,45.28125,-68933,24.86,2.46,-1.74,74.2,0.5,2.3,196642.0,138981036.0,0.72
20231116,1.44,-1.34,27.07,-0.95,2.39,74.7,-0.6,-0.43,0.06,1302.0,112,57595,187386.0,0.13,0.0,-36342.0,1.0,-50.0,-0.101,766.0,45.21875,-57233,24.6,-1.06,2.5,73.5,-0.7,-0.95,194778.0,138981036.0,1.44
20231117,-1.52,-1.81,26.7,-1.35,-0.17,74.7,0.0,-0.3,-0.74,1303.9,-1573,29699,164306.0,0.12,0.01,-23080.0,1.0,-100.0,-0.206,710.0,45.28125,-19234,24.25,-1.42,-0.1,73.5,0.0,-1.35,192144.0,138981036.0,-1.52
20231120,-3.09,1.15,26.94,0.87,-3.96,75.7,1.0,0.5,0.86,1294.4,16808,4718,163388.0,0.12,0.0,-918.0,1.0,-1350.0,-2.866,4068.0,45.28125,-22264,24.48,0.92,-4.01,74.6,1.1,0.87,193811.0,138981036.0,-3.09
20231121,4.67,0.46,27.03,0.35,4.32,74.6,-1.0,0.01,0.77,1292.4,41292,63204,165394.0,0.12,0.0,2006.0,1.0,0.0,0.0,1572.0,45.3125,-100654,24.57,0.37,4.3,73.5,-1.1,0.35,194499.0,138981036.0,4.67
20231122,-0.51,-0.53,26.93,-0.39,-0.12,74.7,0.0,-0.22,0.05,1287.7,-211,40465,161256.0,0.12,0.0,-4138.0,1.0,0.0,0.0,1233.0,45.34375,-28850,24.46,-0.41,-0.1,73.5,0.0,-0.39,193752.0,138981036.0,-0.51
20231123,-0.1,-0.91,26.76,-0.64,0.54,74.6,-0.1,-0.93,0.13,1295.7,-34708,46157,160044.0,0.12,0.84,-1212.0,1.0,-500.0,-1.02,1269.0,45.34375,-10442,24.29,-0.72,0.62,73.4,-0.1,-0.64,192519.0,138981036.0,-0.1
20231124,-1.94,-1.61,26.44,-1.17,-0.77,74.8,0.2,-0.12,-0.73,1298.7,-36212,51300,143164.0,0.1,0.0,-16880.0,1.0,-450.0,-0.937,1101.0,45.3125,-8709,23.98,-1.27,-0.67,73.5,0.1,-1.17,190261.0,138981036.0,-1.94
20231127,2.29,2.11,26.85,1.53,0.76,74.6,-0.2,0.35,-0.04,1302.1,-27305,76374,143104.0,0.1,0.16,-60.0,1.0,50.0,0.102,1127.0,45.28125,-48251,24.37,1.64,0.65,73.4,-0.1,1.53,193168.0,138981036.0,2.29
20231128,2.14,0.54,26.95,0.37,1.77,74.1,-0.5,0.03,1.05,1304.7,-3499,88689,143164.0,0.1,0.09,60.0,1.0,500.0,0.996,1964.0,45.28125,-29739,24.48,0.42,1.72,72.9,-0.5,0.37,193883.0,138981036.0,2.14
20231129,-0.5,-0.76,26.8,-0.55,0.05,74.1,-0.0,-0.41,-0.08,1294.0,-2382,11226,479321.0,0.34,0.0,336157.0,1.0,550.0,1.101,1051.0,45.28125,-5978,24.33,-0.61,0.11,72.9,0.0,-0.55,192823.0,138981036.0,-0.5
20231130,2.1,2.68,27.31,1.9,0.2,74.0,-0.1,0.76,0.61,1289.0,228458,26418,469699.0,0.34,0.05,-9622.0,1.0,-400.0,-0.784,2977.0,45.3125,-253742,24.84,2.1,0.0,72.9,0.0,1.9,196478.0,138981036.0,2.1
20231201,-3.82,-0.97,27.12,-0.67,-3.15,74.9,0.8,-0.15,-1.19,1290.4,-1430,-11799,727790.0,0.52,0.02,258091.0,1.0,400.0,0.815,1733.0,45.46875,13381,24.65,-0.77,-3.05,73.7,0.8,-0.67,195154.0,138981036.0,-3.82
20231204,1.22,-1.13,26.9,-0.8,2.02,74.4,-0.5,-1.24,0.4,1303.2,40780,13739,722764.0,0.52,4.54,-5026.0,1.0,100.0,0.201,568.0,45.5,-53669,24.43,-0.87,2.09,73.2,-0.5,-0.8,193581.0,138981036.0,1.22
20231205,-2.22,-3.97,26.14,-2.85,0.63,74.2,-0.2,-2.01,-0.82,1301.8,20270,-13624,711110.0,0.51,0.34,-11654.0,1.0,-350.0,-0.721,1797.0,45.53125,-6103,23.67,-3.1,0.88,72.9,-0.3,-2.85,188065.0,138981036.0,-2.22
20231206,0.41,-0.24,26.1,-0.16,0.57,74.0,-0.1,0.44,0.04,1311.7,-8292,28567,708292.0,0.51,0.57,-2818.0,1.0,-150.0,-0.308,678.0,45.5625,-20992,23.63,-0.19,0.6,72.7,-0.2,-0.16,187771.0,138981036.0,0.41
20231207,0.41,0.0,26.09,-0.01,0.42,73.9,-0.1,-0.3,-0.13,1312.4,8527,10350,703659.0,0.51,0.36,-4633.0,1.0,-300.0,-0.613,477.0,45.5625,-18877,23.63,0.0,0.41,72.6,-0.1,-0.01,187747.0,138981036.0,0.41
20231208,1.33,1.51,26.37,1.06,0.27,73.9,-0.1,0.61,1.03,1322.7,2356,75330,701709.0,0.5,0.2,-1950.0,1.0,-250.0,-0.504,332.0,45.5625,-75612,23.9,1.17,0.16,72.6,0.0,1.06,189719.0,138981036.0,1.33
20231211,0.71,1.1,26.58,0.81,-0.1,73.9,0.0,0.39,0.3,1307.9,-942,39598,697881.0,0.5,0.0,-3828.0,1.0,250.0,0.501,59.0,45.5625,-38678,24.1,0.83,-0.12,72.6,0.0,0.81,191253.0,138981036.0,0.71
20231212,0.0,1.63,26.88,1.13,-1.13,74.2,0.3,1.24,0.39,1318.3,-23032,92247,686013.0,0.49,0.0,-11868.0,1.0,250.0,0.501,714.0,45.5625,-68857,24.41,1.27,-1.27,73.0,0.4,1.13,193413.0,138981036.0,0.0
20231213,0.7,0.15,26.91,0.11,0.59,74.0,-0.2,-0.51,-0.97,1315.7,-19606,72206,679362.0,0.49,0.01,-6651.0,1.0,-50200.0,-99.801,2353.0,45.53125,-52576,24.44,0.12,0.58,72.8,-0.2,0.11,193642.0,138981036.0,0.7
20231214,0.99,4.19,27.72,2.98,-1.99,74.5,0.5,0.36,1.34,1316.5,-21667,140817,592924.0,0.43,0.63,-86438.0,1.0,0.0,0.0,587.0,45.53125,-119010,25.24,3.28,-2.29,73.4,0.6,2.98,199421.0,138981036.0,0.99
20231215,0.59,2.41,28.2,1.74,-1.15,74.8,0.3,0.12,0.76,1295.6,52178,-7858,525109.0,0.38,0.62,-67815.0,1.0,-600.0,-1.174,1287.0,45.5,-43438,25.73,1.93,-1.34,73.8,0.4,1.74,202883.0,138981036.0,0.59
20231218,-1.96,0.0,28.2,-0.0,-1.96,75.3,0.5,0.11,0.13,1294.7,-40342,41486,500304.0,0.36,0.49,-24805.0,1.0,400.0,0.798,116.0,45.53125,-1068,25.73,-0.01,-1.95,74.3,0.5,-0.0,202881.0,138981036.0,-1.96
20231219,-0.5,-1.29,27.93,-0.93,0.43,75.2,-0.1,0.19,0.07,1298.7,6164,-4023,483754.0,0.35,0.03,-16550.0,1.0,450.0,0.903,501.0,45.46875,-1540,25.46,-1.03,0.53,74.1,-0.2,-0.93,200995.0,138981036.0,-0.5
20231220,2.51,1.66,28.27,1.19,1.32,74.9,-0.3,0.26,1.78,1304.7,42081,46146,459016.0,0.33,0.0,-24738.0,1.0,600.0,1.174,986.0,45.5,-87829,25.8,1.32,1.19,73.8,-0.3,1.19,203411.0,138981036.0,2.51
20231221,-0.78,0.0,28.27,-0.02,-0.76,75.1,0.2,0.93,-0.55,1300.2,-13398,15994,455910.0,0.33,1.12,-3106.0,1.0,-300.0,-0.592,231.0,45.71875,-2482,25.8,-0.01,-0.77,74.0,0.2,-0.02,203395.0,138981036.0,-0.78
20231222,-2.56,0.07,28.25,-0.08,-2.48,75.7,0.6,0.26,-0.02,1303.8,-36003,2930,457239.0,0.33,0.0,1329.0,1.0,550.0,1.113,804.0,45.6875,33173,25.81,0.05,-2.61,74.7,0.7,-0.08,203261.0,138981036.0,-2.56
20231226,0.91,0.21,28.3,0.15,0.76,75.5,-0.2,-0.43,0.12,1300.7,-30279,56824,475296.0,0.34,0.17,18057.0,1.0,-1050.0,-2.106,1367.0,45.5625,-26146,25.85,,,74.5,,0.15,203596.0,138981036.0,
20231227,1.3,-0.35,28.23,-0.22,1.52,75.1,-0.4,1.15,0.42,1296.8,29771,-2410,479479.0,0.34,0.12,4183,1.0,0.0,0.0,1901.0,45.53125,-27363,25.78,-0.29,1.59,74.1,-0.4,-0.22,203141.0,138981036.0,1.3
20231228,4.16,0.78,28.4,0.58,3.58,74.3,-0.9,2.25,1.6,1294.4,147598,48072,477670.0,0.34,0.23,-1809.0,1.0,900.0,1.711,3195.0,45.5625,-194851,25.94,0.63,3.53,73.2,-0.9,0.58,204334.0,138981036.0,4.16
20240102,0.19,0.64,27.21,0.49,-0.3,73.1,-1.2,0.82,0.55,1289.4,10214,56459,415634.0,0.3,0.25,-62036.0,1.0,500.0,0.949,2752.0,45.65625,-65728,26.07,,,73.3,,-4.19,195780.0,138981036.0,
20240103,-6.17,-3.93,26.39,-3.02,-3.15,74.0,0.9,-1.91,-2.34,1299.3,-17858,-87008,414503.0,0.3,0.9,-1131,1.0,500.0,1.011,2334.0,45.65625,102748,25.25,-3.14,-3.03,74.1,0.8,-3.02,189876.0,138981036.0,-6.17
20240104,-1.11,-0.29,26.34,-0.21,-0.9,74.2,0.2,-0.4,-0.78,1308.8,24815,-24953,414261.0,0.3,2.58,-242.0,1.0,600.0,1.227,1073.0,45.625,-1028,25.19,-0.24,-0.87,74.4,0.3,-0.21,189488.0,138981036.0,-1.11
20240105,-0.41,0.81,26.5,0.63,-1.04,74.5,0.3,-0.51,-0.35,1310.2,-5805,-2052,408942.0,0.29,0.89,-5319.0,1.0,100.0,0.205,304.0,45.6875,6856,25.35,0.63,-1.04,74.6,0.2,0.63,190662.0,138981036.0,-0.41
20240108,-1.03,-1.09,26.28,-0.82,-0.21,74.5,0.1,-0.64,-0.4,1313.7,10916,-11470,404756.0,0.29,7.21,-4186.0,1.0,350.0,0.726,647.0,45.6875,-448,25.13,-0.87,-0.16,74.7,0.1,-0.82,189098.0,138981036.0,-1.03
20240109,2.59,1.03,26.5,0.83,1.76,74.1,-0.5,0.38,-0.26,1314.8,12691,36185,404163.0,0.29,1.0,-593.0,1.0,0.0,0.0,1572.0,45.6875,-49006,25.34,0.82,1.77,74.2,-0.5,0.83,190667.0,138981036.0,2.59
20240110,-2.73,-2.84,25.92,-2.19,-0.54,74.2,0.1,-0.51,-0.75,1312.1,-11231,91,394130.0,0.28,1.81,-10033.0,1.0,300.0,0.624,2015.0,45.6875,12186,24.77,-2.26,-0.47,74.3,0.1,-2.19,186516.0,138981036.0,-2.73
20240111,1.35,1.87,26.29,1.42,-0.07,74.2,0.0,0.41,-0.07,1320.1,-13867,33779,392367.0,0.28,0.97,-1763.0,1.0,750.0,1.538,995.0,45.6875,-22012,25.13,1.48,-0.13,74.4,0.1,1.42,189173.0,138981036.0,1.35
20240112,-0.62,-1.4,26.01,-1.07,0.45,74.1,-0.1,-1.34,-0.6,1316.0,-8953,-1217,391949.0,0.28,0.26,-418.0,1.0,50.0,0.103,1793.0,45.6875,10274,24.85,-1.11,0.49,74.3,-0.1,-1.07,187156.0,138981036.0,-0.62
20240115,0.62,0.0,26.01,0.0,0.62,74.0,-0.2,-0.38,0.04,1314.1,-22612,36484,390619.0,0.28,1.67,-1330.0,1.0,550.0,1.128,4228.0,45.6875,-14072,24.85,-0.0,0.62,74.1,-0.2,0.0,187168.0,138981036.0,0.62
20240116,-2.15,-1.49,25.71,-1.17,-0.98,74.2,0.3,-0.48,-1.12,1319.3,6312,-12408,390614.0,0.28,2.91,-5.0,1.0,200.0,0.419,2083.0,45.65625,6096,24.56,-1.17,-0.98,74.3,0.2,-1.17,184982.0,138981036.0,-2.15
20240117,-1.78,-0.83,25.54,-0.67,-1.11,74.5,0.3,-0.86,-2.47,1329.0,-9511,14037,385263.0,0.28,0.97,-5351.0,1.0,950.0,2.028,2361.0,45.65625,-4579,24.4,-0.67,-1.11,74.6,0.3,-0.67,183747.0,138981036.0,-1.78
20240118,1.17,3.97,26.3,2.97,-1.8,75.0,0.5,1.79,0.17,1343.2,-8938,32376,376862.0,0.27,0.84,-8401.0,1.0,100.0,0.211,2246.0,45.65625,-23642,25.16,3.12,-1.95,75.1,0.5,2.97,189210.0,138981036.0,1.17
20240119,3.48,3.74,27.07,2.95,0.53,74.8,-0.1,2.32,1.34,1342.4,54366,34430,368518.0,0.27,0.01,-8344.0,1.0,-100.0,-0.204,2653.0,45.65625,-81416,25.91,2.97,0.51,75.0,-0.1,2.95,194792.0,138981036.0,3.48
20240122,2.55,0.92,27.26,0.71,1.84,74.4,-0.5,0.87,-0.34,1336.5,-2430,78036,342124.0,0.25,0.0,-26394.0,1.0,100.0,0.199,1890.0,45.6875,-74177,26.09,0.72,1.83,74.5,-0.5,0.71,196169.0,138981036.0,2.55
20240123,0.8,-1.26,27.0,-0.95,1.75,73.9,-0.5,0.02,0.58,1334.7,-35215,104929,351495.0,0.25,0.01,9371.0,1.0,100.0,0.197,2583.0,45.6875,-69144,25.83,-1.01,1.81,74.1,-0.4,-0.95,194296.0,138981036.0,0.8
20240124,-1.18,0.5,27.1,0.37,-1.55,74.3,0.4,-0.03,-0.36,1336.0,2998,15713,379027.0,0.27,0.69,27532.0,1.0,100.0,0.2,1965.0,45.65625,-18622,25.93,0.39,-1.57,74.5,0.4,0.37,195014.0,138981036.0,-1.18
20240125,-0.5,-2.9,26.5,-2.21,1.71,73.9,-0.5,-0.58,0.03,1339.1,2851,4382,389356.0,0.28,1.13,10329.0,1.0,150.0,0.301,2266.0,45.6875,-7330,25.33,-2.32,1.82,74.0,-0.5,-2.21,190691.0,138981036.0,-0.5
20240126,0.9,-1.02,26.3,-0.75,1.65,73.4,-0.4,-1.15,0.33,1335.7,9939,17060,395665.0,0.28,0.0,6309.0,1.0,500.0,0.994,1700.0,45.71875,-26899,25.13,-0.81,1.71,73.6,-0.4,-0.75,189269.0,138981036.0,0.9
20240129,0.6,-0.74,26.16,-0.56,1.16,73.1,-0.3,-1.73,0.89,1336.6,12945,54329,388071.0,0.28,1.52,-7594.0,1.0,300.0,0.593,1613.0,45.71875,-67275,24.98,-0.58,1.18,73.2,-0.4,-0.56,188206.0,138981036.0,0.6
20240130,1.78,1.41,26.44,1.09,0.69,72.9,-0.2,-1.16,-0.07,1336.9,36140,59801,412556.0,0.3,0.12,24485.0,1.0,200.0,0.388,1729.0,45.75,-91807,25.26,1.13,0.65,73.1,-0.1,1.09,190259.0,138981036.0,1.78
20240131,0.78,-1.61,26.12,-1.22,2.0,72.4,-0.6,-1.78,-0.07,1330.6,38906,32376,394389.0,0.28,0.11,-18167.0,1.0,500.0,0.963,4560.0,45.75,-72672,24.94,-1.27,2.05,72.5,-0.6,-1.22,187912.0,138981036.0,0.78
20240201,3.28,-1.48,25.82,-1.13,4.41,71.2,-1.2,-1.01,1.82,1333.5,199201,117350,394555.0,0.28,0.0,166.0,1.0,-400.0,-0.746,3519.0,45.84375,-324554,24.65,-1.17,4.45,71.3,-1.2,-1.13,185797.0,138981036.0,3.28
20240202,11.01,1.66,26.15,1.29,9.72,68.4,-2.8,0.39,2.87,1332.5,833729,57183,444217.0,0.32,0.07,49662.0,1.0,0.0,0.0,11960.0,45.9375,-872876,24.97,1.3,9.71,68.5,-2.8,1.29,188187.0,138981036.0,11.01
20240205,-0.34,-1.93,25.77,-1.48,1.14,68.0,-0.4,-0.72,-0.92,1325.1,361227,-101556,456606.0,0.33,0.0,12389.0,1.0,-300.0,-0.506,9360.0,46.65625,-250116,24.59,-1.54,1.2,68.1,-0.4,-1.48,185392.0,138981036.0,-0.34
20240206,5.23,4.31,26.59,3.19,2.04,67.4,-0.6,2.44,-0.58,1334.6,493959,142344,475619.0,0.34,0.06,19013.0,1.0,-300.0,-0.481,6268.0,46.90625,-624882,25.42,3.39,1.84,67.6,-0.5,3.19,191309.0,138981036.0,5.23
20240207,6.09,0.0,26.59,0.01,6.08,65.4,-2.0,-0.37,1.3,1329.6,444089,178516,506166.0,0.36,0.0,30547.0,1.0,-300.0,-0.453,6499.0,47.28125,-617576,25.42,0.01,6.08,65.6,-2.0,0.01,191316.0,138981036.0,6.09
20240208,-1.51,3.48,27.29,2.64,-4.15,66.8,1.4,2.41,0.41,1325.3,37770,175401,509019.0,0.37,0.02,2853.0,1.0,300.0,0.46,11047.0,47.625,-208757,26.16,2.93,-4.44,67.1,1.5,2.64,196386.0,138981036.0,-1.51
20240213,0.77,5.04,28.36,3.92,-3.15,67.8,1.0,2.61,1.12,1327.2,-16686,185963,500168.0,0.36,0.0,-8851.0,1.0,300.0,0.457,10408.0,47.6875,-169776,27.22,,,68.1,,3.92,204086.0,138981036.0,
20240214,-3.5,-0.87,28.19,-0.63,-2.87,68.7,0.9,-0.03,-1.1,1328.4,77867,-7630,493673.0,0.36,0.0,-6495,1.0,200.0,0.315,8602.0,47.6875,-69835,27.04,-0.67,-2.83,69.0,0.9,-0.63,202809.0,138981036.0,-3.5
20240215,-1.58,0.0,28.19,-0.0,-1.58,69.2,0.5,-0.23,-0.25,1336.9,-17578,78237,483442.0,0.35,0.02,-10231.0,1.0,200.0,0.321,8868.0,47.75,-60480,27.03,-0.04,-1.54,69.5,0.5,-0.0,202808.0,138981036.0,-1.58
20240216,4.97,-1.28,27.91,-0.99,5.96,67.4,-1.9,-0.16,1.34,1333.2,67696,38595,457553.0,0.33,0.04,-25889.0,1.0,100.0,0.153,7519.0,47.78125,-113881,26.75,-1.03,6.0,67.7,-1.8,-0.99,200798.0,138981036.0,4.97
20240219,6.26,3.07,28.57,2.37,3.89,66.1,-1.2,0.08,1.19,1333.0,175580,168864,468352.0,0.34,0.04,10799.0,1.0,100.0,0.144,10051.0,47.9375,-329778,27.4,2.42,3.84,66.4,-1.3,2.37,205537.0,138981036.0,6.26
20240220,-1.29,-1.12,28.31,-0.88,-0.41,66.3,0.1,0.14,-0.84,1333.8,26699,61673,463837.0,0.33,0.13,-4515.0,1.0,-100.0,-0.146,5833.0,48.0625,-80815,27.15,-0.9,-0.39,66.6,0.2,-0.88,203722.0,138981036.0,-1.29
20240221,0.87,-0.4,28.22,-0.34,1.21,65.9,-0.4,0.48,-0.17,1337.9,44908,6653,482520.0,0.35,0.05,18683.0,1.0,-100.0,-0.144,4513.0,48.09375,-53374,27.06,-0.32,1.19,66.2,-0.4,-0.34,203035.0,138981036.0,0.87
20240222,5.19,5.03,29.31,3.87,1.32,65.4,-0.4,1.32,0.41,1335.0,338120,-46577,469173.0,0.34,0.45,-13347.0,1.0,-600.0,-0.823,6173.0,48.15625,-292417,28.15,4.03,1.16,65.8,-0.4,3.87,210901.0,138981036.0,5.19
20240223,-4.94,3.13,30.03,2.45,-7.39,67.9,2.5,-0.25,0.13,1331.0,126937,-55175,500782.0,0.36,0.03,31609.0,1.0,200.0,0.289,9855.0,48.4375,-70971,28.87,2.54,-7.48,68.3,2.5,2.45,216068.0,138981036.0,-4.94
20240226,-2.89,0.25,30.08,0.18,-3.07,68.9,1.0,0.42,-0.77,1329.3,166274,-9340,481294.0,0.35,0.1,-19488.0,1.0,200.0,0.297,16519.0,48.5625,-149882,28.93,0.21,-3.1,69.3,1.0,0.18,216448.0,138981036.0,-2.89
20240227,-2.97,-4.94,28.92,-3.87,0.9,68.6,-0.3,-1.0,-0.83,1331.4,92180,-21049,513748.0,0.37,0.04,32454.0,1.0,100.0,0.153,7716.0,48.6875,-66821,27.76,-4.05,1.08,68.9,-0.4,-3.87,208058.0,138981036.0,-2.97
20240228,4.13,2.73,29.53,2.12,2.01,68.0,-0.6,1.7,1.04,1331.3,5667,47667,514360.0,0.37,0.19,612.0,1.0,-100.0,-0.147,8337.0,48.78125,-53806,28.37,2.22,1.91,68.3,-0.6,2.12,212465.0,138981036.0,4.13
20240229,2.79,-1.14,29.27,-0.89,3.68,66.8,-1.2,0.3,-0.37,1334.0,51850,-3913,510932.0,0.37,0.13,-3428.0,1.0,-1600.0,-2.289,5873.0,48.78125,-47457,28.11,-0.94,3.73,67.2,-1.1,-0.89,210581.0,138981036.0,2.79
20240304,0.43,6.59,30.77,5.11,-4.68,68.3,1.5,3.44,1.21,1334.1,35703,27446,453086.0,0.33,0.02,-57846.0,1.0,400.0,0.57,5705.0,48.84375,-61800,29.61,,,68.7,,5.11,221363.0,138981036.0,
20240305,0.71,-0.42,30.66,-0.35,1.06,68.0,-0.3,-0.2,-0.93,1330.1,78386,-34140,422551.0,0.3,0.02,-30535,1.0,0.0,0.0,4659.0,48.875,-44121,29.51,-0.35,1.06,68.4,-0.3,-0.35,220613.0,138981036.0,0.71
20240306,0.99,-1.75,30.23,-1.41,2.4,67.2,-0.8,1.2,-0.3,1333.2,58340,-24153,420105.0,0.3,0.03,-2446.0,1.0,-500.0,-0.7,4414.0,48.96875,-33508,29.09,-1.44,2.43,67.6,-0.8,-1.41,217499.0,138981036.0,0.99
20240307,1.26,1.23,30.52,0.97,0.29,67.1,-0.1,-1.11,0.23,1335.7,24276,26226,413229.0,0.3,0.17,-6876.0,1.0,-100.0,-0.138,5233.0,49.03125,-50490,29.37,0.99,0.27,67.5,-0.1,0.97,219628.0,138981036.0,1.26
20240308,3.73,4.24,31.56,3.38,0.35,67.0,-0.1,2.18,1.24,1329.6,115628,85858,442464.0,0.32,0.23,29235.0,1.0,0.0,0.0,7622.0,49.09375,-189175,30.4,3.5,0.23,67.4,-0.1,3.38,227046.0,138981036.0,3.73
20240311,-3.07,-3.08,30.79,-2.42,-0.65,67.2,0.2,-0.21,-0.77,1323.1,53968,-42679,357938.0,0.26,0.28,-84526.0,1.0,-200.0,-0.275,3257.0,49.15625,-9047,29.62,-2.55,-0.52,67.6,0.2,-2.42,221560.0,138981036.0,-3.07
20240312,-1.1,-0.54,30.66,-0.42,-0.68,67.4,0.2,0.8,0.83,1314.4,35678,-25186,351177.0,0.25,0.05,-6761.0,1.0,-71800.0,-99.861,7717.0,49.21875,-10372,29.49,-0.45,-0.65,67.8,0.2,-0.42,220632.0,138981036.0,-1.1
20240313,-2.23,-1.27,30.36,-0.99,-1.24,67.8,0.4,-0.55,0.44,1311.1,5049,-6921,351802.0,0.25,0.13,625.0,1.0,-70600.0,-100.427,5329.0,49.28125,-140,29.18,-1.04,-1.19,68.2,0.4,-0.99,218454.0,138981036.0,-2.23
20240314,-1.42,-1.04,30.11,-0.84,-0.58,68.0,0.2,-1.45,0.94,1312.8,175470,-163522,368812.0,0.27,0.28,17010.0,1.0,-600.0,-0.866,5603.0,49.28125,-4943,28.93,-0.85,-0.57,68.4,0.2,-0.84,216627.0,138981036.0,-1.42
20240315,-1.01,-0.43,30.0,-0.35,-0.66,68.2,0.2,-0.22,-1.91,1316.9,-46851,60518,360850.0,0.26,0.03,-7962.0,1.0,200.0,0.292,5724.0,49.4375,-13496,28.83,-0.36,-0.65,68.6,0.2,-0.35,215862.0,138981036.0,-1.01
20240318,0.58,1.92,30.46,1.53,-0.95,68.5,0.3,1.05,0.71,1328.4,47732,-22746,389311.0,0.28,0.46,28461.0,1.0,-2600.0,-3.768,6236.0,49.40625,-24367,29.28,1.57,-0.99,68.9,0.3,1.53,219173.0,138981036.0,0.58
20240319,-0.43,-2.5,29.86,-1.98,1.55,68.0,-0.5,-0.62,-1.1,1333.0,100880,-70367,433422.0,0.31,0.91,44111.0,1.0,300.0,0.437,5505.0,49.4375,-29014,28.69,-2.01,1.58,68.4,-0.5,-1.98,214836.0,138981036.0,-0.43
20240320,1.02,-2.31,29.32,-1.82,2.84,67.1,-0.9,0.76,1.28,1338.5,7197,16895,438106.0,0.32,0.6,4684.0,1.0,-1000.0,-1.441,7754.0,49.5625,-23516,28.15,-1.88,2.9,67.4,-1.0,-1.82,210934.0,138981036.0,1.02
20240321,10.95,8.63,31.29,6.74,4.21,65.8,-1.3,1.32,2.41,1338.7,239908,104009,435470.0,0.31,0.0,-2636.0,1.0,100.0,0.13,15389.0,49.5625,-339943,30.13,7.01,3.94,66.2,-1.2,6.74,225141.0,138981036.0,10.95
20240322,3.9,-0.12,31.26,-0.11,4.01,64.4,-1.4,-0.36,-0.23,1326.3,82403,17104,418030.0,0.3,0.34,-17440.0,1.0,-500.0,-0.625,13679.0,49.6875,-94899,30.09,-0.11,4.01,64.9,-1.3,-0.11,224892.0,138981036.0,3.9
20240325,-4.13,-0.24,31.2,-0.17,-3.96,65.8,1.4,-0.05,-0.4,1336.1,-23512,17645,427255.0,0.31,0.05,9225.0,1.0,500.0,0.652,9440.0,49.75,5584,30.03,-0.2,-3.93,66.3,1.4,-0.17,224517.0,138981036.0,-4.13
20240326,2.61,4.25,32.26,3.39,-0.78,66.1,0.3,1.03,0.71,1340.7,-21341,84101,424858.0,0.31,0.25,-2397.0,1.0,-200.0,-0.254,9834.0,49.65625,-60607,31.09,3.5,-0.89,66.6,0.3,3.39,232135.0,138981036.0,2.61
20240327,0.76,2.6,32.94,2.12,-1.36,66.6,0.5,0.93,-0.07,1338.6,27228,33495,423656.0,0.3,0.34,-1202.0,1.0,700.0,0.883,4876.0,49.65625,-65508,31.75,2.15,-1.39,67.0,0.4,2.12,237045.0,138981036.0,0.76
20240328,-0.88,-1.66,32.5,-1.35,0.47,66.4,-0.2,1.4,-0.34,1345.8,62138,-36100,422401.0,0.3,0.19,-1255.0,1.0,-800.0,-1.018,6333.0,49.65625,-26071,31.31,-1.39,0.51,66.8,-0.2,-1.35,233826.0,138981036.0,-0.88
20240329,0.51,2.69,33.2,2.15,-1.64,66.9,0.5,0.87,0.03,1346.8,47842,-24076,416317.0,0.3,0.31,-6084.0,1.0,100.0,0.127,3073.0,49.71875,-23674,32.01,2.23,-1.72,67.4,0.6,2.15,238850.0,138981036.0,0.51
20240401,-4.43,1.37,33.55,1.11,-5.54,68.7,1.8,1.67,0.04,1347.4,32050,-55503,415828.0,0.3,0.09,-489.0,1.0,-700.0,-0.927,11165.0,49.75,22036,32.38,1.16,-5.59,69.2,1.8,1.06,241390.0,138981036.0,-4.43
20240402,2.25,0.43,33.66,0.35,1.9,69.1,0.4,0.89,0.19,1347.1,-49032,35919,414271.0,0.3,0.22,-1557.0,1.0,400.0,0.518,11978.0,49.78125,12609,32.5,0.36,1.89,68.6,-0.6,0.35,249833.0,134749960.0,2.25
20240403,-0.91,-3.81,32.63,-3.08,2.17,68.4,-0.7,-2.15,-1.68,1353.0,38769,-2140,411426.0,0.3,0.08,-2845.0,1.0,-400.0,-0.523,9798.0,49.8125,-34062,31.46,-3.19,2.28,67.9,-0.7,-3.08,242147.0,134749960.0,-0.91
20240404,1.96,4.91,33.91,3.94,-1.98,69.0,0.6,1.74,1.29,1349.1,42503,11643,397516.0,0.29,0.38,-13910.0,1.0,100.0,0.128,5184.0,49.84375,-54487,32.75,4.09,-2.13,68.5,0.6,3.94,251685.0,134749960.0,1.96
20240405,-3.21,-2.77,33.15,-2.25,-0.96,69.3,0.3,-0.96,-1.01,1346.8,-46911,53211,401737.0,0.29,0.24,4221.0,1.0,100.0,0.132,6461.0,49.875,-6207,31.98,-2.33,-0.88,68.8,0.3,-2.25,246018.0,134749960.0,-3.21
20240408,-2.12,-0.88,32.91,-0.73,-1.39,69.7,0.4,-1.06,0.13,1351.8,-30653,47019,386050.0,0.28,0.22,-15687.0,1.0,-73700.0,-99.729,6056.0,49.84375,-14874,31.75,-0.74,-1.38,69.3,0.5,-0.73,244215.0,134749960.0,-2.12
20240409,0.27,0.94,33.15,0.75,-0.48,69.9,0.1,0.14,-0.46,1353.6,-67201,96925,382051.0,0.27,0.21,-3999.0,1.0,-300.0,-0.405,3878.0,49.8125,-29435,32.0,0.79,-0.52,69.4,0.1,0.75,246039.0,134749960.0,0.27
20240411,-1.35,3.01,33.96,2.44,-3.79,71.0,1.1,1.03,0.07,1354.4,67875,-36256,378480.0,0.27,0.1,-3571.0,1.0,-1700.0,-2.326,10458.0,49.75,-30945,32.8,,,70.6,,2.44,252032.0,134749960.0,
20240412,6.57,-0.53,33.81,-0.45,7.02,69.0,-2.0,0.23,-0.93,1363.7,176616,-24979,355098.0,0.26,0.41,-23382,1.0,-800.0,-1.027,8774.0,49.78125,-146230,32.65,-0.44,7.01,68.5,-2.1,-0.45,250886.0,134749960.0,6.57
20240415,2.44,0.43,33.93,0.36,2.08,68.3,-0.6,0.76,-0.42,1371.6,49143,31091,365106.0,0.26,0.16,10008.0,1.0,-700.0,-0.877,7455.0,49.90625,-72138,32.76,0.35,2.09,67.8,-0.7,0.36,251795.0,134749960.0,2.44
20240416,0.25,-4.84,32.61,-3.9,4.15,66.9,-1.4,-3.08,-2.28,1383.7,133230,13440,350443.0,0.25,0.18,-14663.0,1.0,-900.0,-1.125,11908.0,49.9375,-129058,31.43,-4.07,4.32,66.4,-1.4,-3.9,241968.0,134749960.0,0.25
20240417,-1.5,-0.22,32.54,-0.18,-1.32,67.4,0.4,0.1,-0.98,1395.3,-2771,28199,403164.0,0.29,0.2,52721.0,1.0,-1700.0,-2.157,12147.0,50.03125,-23065,31.37,-0.19,-1.31,66.8,0.4,-0.18,241518.0,134749960.0,-1.5
20240418,6.22,2.01,33.08,1.66,4.56,65.9,-1.5,1.3,1.95,1386.3,186523,-14489,419775.0,0.3,0.11,16611.0,1.0,-900.0,-1.075,7890.0,49.9375,-172857,31.9,1.69,4.53,65.3,-1.5,1.66,245498.0,134749960.0,6.22
20240419,-9.08,-4.94,31.76,-4.0,-5.08,67.7,1.8,-3.14,-1.63,1375.9,30420,-133133,450660.0,0.32,0.11,30885.0,1.0,-1500.0,-1.971,21090.0,50.09375,102933,30.58,-4.13,-4.95,67.1,1.8,-4.0,235676.0,134749960.0,-9.08
20240422,4.73,-0.98,31.52,-0.75,5.48,65.9,-1.8,-1.42,1.45,1385.0,-6760,122173,501711.0,0.36,0.25,51051.0,1.0,-1500.0,-1.882,9679.0,50.125,-114494,30.33,-0.81,5.54,65.3,-1.8,-0.75,233879.0,134749960.0,4.73
20240423,3.64,-0.35,31.15,-1.17,4.81,64.3,-1.7,-1.07,-0.24,1380.6,-1180,77302,483686.0,0.35,0.07,-18025.0,1.0,-900.0,-1.09,8018.0,51.71875,-74682,30.25,-0.29,3.93,63.9,-1.4,-1.17,231136.0,134749960.0,3.64
20240424,3.51,5.15,32.44,4.14,-0.63,64.5,0.2,2.36,2.01,1377.9,73610,69704,511141.0,0.38,0.1,27455.0,1.0,-200.0,-0.234,8095.0,51.71875,-137962,31.54,4.26,-0.75,64.2,0.3,4.14,240705.0,134749960.0,3.51
20240425,-9.01,-5.12,31.09,-4.14,-4.87,66.3,1.8,-1.17,-1.76,1370.0,-27963,-67693,515961.0,0.38,0.02,4820.0,1.0,-1100.0,-1.414,22181.0,51.78125,96209,30.19,-4.26,-4.75,66.0,1.8,-4.14,230708.0,134749960.0,-9.01
20240426,3.6,4.22,32.14,3.39,0.21,66.2,-0.1,1.38,1.05,1376.6,24126,-6314,508561.0,0.38,0.19,-7400.0,1.0,-1600.0,-1.985,15502.0,51.75,-17618,31.24,3.48,0.12,65.9,-0.1,3.39,238520.0,134749960.0,3.6
20240429,-2.23,-1.07,31.86,-0.86,-1.37,66.7,0.5,1.31,1.17,1375.9,26352,-53600,505139.0,0.37,0.04,-3422.0,1.0,-800.0,-1.015,5656.0,51.78125,27248,30.97,-0.88,-1.35,66.4,0.5,-0.86,236460.0,134749960.0,-2.23
20240430,-2.92,-0.97,31.62,-0.78,-2.14,67.4,0.7,-1.15,0.17,1378.7,25415,-41099,495198.0,0.37,0.35,-9941.0,1.0,-1000.0,-1.307,6818.0,51.8125,15713,30.72,-0.8,-2.12,67.1,0.7,-0.78,234627.0,134749960.0,-2.92
20240502,-1.96,-0.34,31.53,-0.27,-1.69,68.0,0.5,0.42,-0.31,1378.0,71044,-93610,472902.0,0.35,0.32,-22296.0,1.0,500.0,0.667,4396.0,51.8125,22982,30.63,,,67.7,,-0.27,233993.0,134749960.0,
20240503,-0.27,-0.23,31.47,-0.17,-0.1,68.0,0.0,-0.44,-0.26,1378.5,7093,-7662,466684.0,0.35,0.22,-6218,1.0,-75800.0,-101.337,12269.0,51.875,773,30.57,-0.19,-0.08,67.7,0.0,-0.17,233562.0,134749960.0,-0.27
20240507,2.81,3.7,32.41,2.96,-0.15,68.0,0.0,2.24,2.16,1365.2,-89019,111436,468566.0,0.35,0.03,1882.0,1.0,-200.0,-0.26,12280.0,51.875,-22377,31.51,,,67.8,,2.96,240484.0,134749960.0,
20240508,2.21,-0.89,32.17,-0.71,2.92,67.1,-0.9,-0.09,0.39,1357.8,10458,14992,555498.0,0.41,0.03,86932,1.0,-79100.0,-100.636,17216.0,51.78125,-25561,31.28,-0.74,2.95,66.8,-1.0,-0.71,238771.0,134749960.0,2.21
20240509,-0.64,-1.46,31.79,-1.19,0.55,66.9,-0.2,-0.03,-1.2,1364.4,-87946,98192,536511.0,0.4,0.18,-18987.0,1.0,0.0,0.0,6791.0,51.78125,-12221,30.9,-1.22,0.58,66.6,-0.2,-1.19,235939.0,134749960.0,-0.64
20240510,2.94,2.57,32.45,2.06,0.88,66.6,-0.3,-1.12,0.57,1367.9,-85280,146625,534021.0,0.4,0.56,-2490.0,1.0,900.0,1.119,22513.0,51.6875,-60475,31.55,2.13,0.81,66.3,-0.3,2.06,240823.0,134749960.0,2.94
20240513,3.11,2.17,33.02,1.75,1.36,66.2,-0.4,0.11,-0.02,1367.9,-78764,136223,530281.0,0.39,0.17,-3740.0,1.0,600.0,0.724,11944.0,51.625,-57459,32.12,1.81,1.3,65.9,-0.4,1.75,245046.0,134749960.0,3.11
20240514,-4.7,0.82,33.24,0.66,-5.36,68.0,1.8,0.22,0.11,1370.1,-13394,-27832,530977.0,0.39,0.15,696.0,1.0,-100.0,-0.127,5937.0,51.5625,41018,32.34,0.69,-5.39,67.7,1.8,0.66,246665.0,134749960.0,-4.7
20240516,2.41,4.16,34.36,3.38,-0.97,68.3,0.3,0.51,0.83,1369.0,1567,38653,518139.0,0.38,0.14,-12838.0,1.0,600.0,0.742,9543.0,51.5625,-42653,33.47,,,68.1,,3.38,255002.0,134749960.0,
20240517,1.73,-1.61,33.91,-1.33,3.06,67.3,-1.0,-0.95,-1.03,1349.4,97003,-50218,504417.0,0.37,0.08,-13722,1.0,100.0,0.122,6356.0,51.5625,-46133,33.03,-1.31,3.04,67.1,-1.0,-1.33,251621.0,134749960.0,1.73
20240520,-1.82,0.11,33.93,0.08,-1.9,67.9,0.6,0.11,0.64,1355.2,4683,-4630,492274.0,0.37,1.79,-12143.0,1.0,-200.0,-0.248,8893.0,51.625,227,33.05,0.07,-1.89,67.7,0.6,0.08,251816.0,134749960.0,-1.82
20240521,1.24,1.0,34.21,0.82,0.42,67.8,-0.1,0.24,-0.65,1356.2,-16041,29469,470815.0,0.35,0.09,-21459.0,1.0,-200.0,-0.244,7509.0,51.6875,-15353,33.33,0.83,0.41,67.6,-0.1,0.82,253875.0,134749960.0,1.24
20240522,0.24,2.97,35.04,2.43,-2.19,68.5,0.7,1.57,-0.03,1364.4,15742,-12701,457404.0,0.34,0.07,-13411.0,1.0,800.0,0.976,5904.0,51.6875,-2980,34.16,2.5,-2.26,68.3,0.7,2.43,260046.0,134749960.0,0.24
20240523,1.59,1.16,35.38,0.95,0.64,68.3,-0.2,-0.01,-0.06,1363.1,130495,-63436,460632.0,0.34,0.18,3228.0,1.0,700.0,0.84,11899.0,51.71875,-66404,34.5,0.98,0.61,68.1,-0.2,0.95,262542.0,134749960.0,1.59
20240524,2.52,-0.7,35.17,-0.58,3.1,67.3,-1.0,-1.18,-1.26,1364.5,159496,-93308,418266.0,0.31,0.07,-42366.0,1.0,-700.0,-0.82,18727.0,51.84375,-64303,34.29,-0.6,3.12,67.1,-1.0,-0.58,261030.0,134749960.0,2.52
20240527,-0.7,1.46,35.6,1.2,-1.9,67.9,0.6,1.02,1.32,1370.0,-1665,32298,421494.0,0.31,0.37,3228.0,1.0,0.0,0.0,9562.0,51.96875,-31414,34.71,1.23,-1.93,67.7,0.6,1.2,264162.0,134749960.0,-0.7
20240528,-1.77,0.5,35.74,0.41,-2.18,68.6,0.7,0.92,-0.01,1365.4,4591,-17105,399057.0,0.3,0.05,-22437.0,1.0,300.0,0.36,7284.0,51.96875,12691,34.86,0.43,-2.2,68.4,0.7,0.41,265258.0,134749960.0,-1.77
20240529,-2.64,0.0,35.74,-0.0,-2.64,69.4,0.8,-0.0,-1.67,1359.5,58383,-84975,392832.0,0.29,1.21,-6225.0,1.0,0.0,0.0,9038.0,51.96875,26528,34.86,-0.01,-2.63,69.3,0.9,-0.0,265255.0,134749960.0,-2.64
20240530,-2.1,-3.36,34.75,-2.78,0.68,69.2,-0.2,-0.57,-1.56,1364.8,32540,-38682,343154.0,0.25,0.41,-49678.0,1.0,100.0,0.126,11487.0,52.03125,6130,33.86,-2.87,0.77,69.0,-0.3,-2.78,257863.0,134749960.0,-2.1
20240531,-2.27,-3.32,33.8,-2.73,0.46,69.1,-0.1,-1.27,0.04,1376.5,121190,-132428,338098.0,0.25,0.2,-5056.0,1.0,-1500.0,-1.933,23095.0,52.09375,13012,32.91,-2.8,0.53,68.9,-0.1,-2.73,250816.0,134749960.0,-2.27
20240603,0.77,2.64,34.53,2.17,-1.4,69.5,0.4,0.39,1.74,1381.6,5677,3585,418123.0,0.31,0.13,80025.0,1.0,0.0,0.0,6819.0,52.1875,-9259,33.64,2.23,-1.46,69.3,0.4,2.17,256254.0,134749960.0,0.77
20240604,-1.15,-0.46,34.4,-0.38,-0.77,69.7,0.2,-0.36,-0.76,1377.6,15102,-26453,401423.0,0.3,0.43,-16700.0,1.0,-800.0,-1.035,8064.0,52.1875,8024,33.51,-0.4,-0.75,69.5,0.2,-0.38,255274.0,134749960.0,-1.15
20240605,-0.65,0.21,34.46,0.16,-0.81,70.0,0.2,1.2,1.03,1373.1,69469,-70326,394843.0,0.29,0.45,-6580.0,1.0,-400.0,-0.521,16641.0,52.1875,850,33.57,0.18,-0.83,69.8,0.3,0.16,255702.0,134749960.0,-0.65
20240607,13.93,7.12,36.47,5.85,8.08,67.7,-2.3,0.49,1.23,1371.5,189187,16474,368101.0,0.27,0.04,-26742.0,1.0,-700.0,-0.8,20207.0,52.25,-198554,35.59,,,67.5,,5.85,270663.0,134749960.0,
20240610,2.63,0.24,36.54,0.2,2.43,66.9,-0.8,0.01,-0.79,1366.9,-114236,-30749,333304.0,0.25,0.05,-34797,1.0,-1500.0,-1.67,37410.0,52.40625,145862,35.66,0.21,2.42,66.7,-0.8,0.2,271203.0,134749960.0,2.63
20240611,-1.89,2.16,37.2,1.8,-3.69,68.1,1.2,0.11,0.15,1377.9,21181,41213,343873.0,0.26,0.06,10569.0,1.0,500.0,0.568,16001.0,52.34375,-61254,36.33,1.86,-3.75,68.0,1.3,1.8,276089.0,134749960.0,-1.89
20240612,1.93,1.18,37.57,0.99,0.94,67.8,-0.3,1.42,0.84,1377.4,-40088,57206,345598.0,0.26,0.22,1725.0,1.0,-200.0,-0.223,11713.0,52.34375,-19620,36.69,1.01,0.92,67.7,-0.3,0.99,278821.0,134749960.0,1.93
20240613,4.45,3.26,38.59,2.72,1.73,67.2,-0.5,1.38,0.98,1377.8,79246,52258,335248.0,0.25,0.09,-10350.0,1.0,0.0,0.0,19632.0,52.3125,-131341,37.72,2.78,1.67,67.1,-0.6,2.72,286404.0,134749960.0,4.45
20240614,-2.56,-0.45,38.45,-0.38,-2.18,68.0,0.7,-0.4,0.13,1371.0,625,-4299,345959.0,0.26,0.89,10711.0,1.0,900.0,0.985,14614.0,52.375,2022,37.57,-0.4,-2.16,67.9,0.8,-0.38,285312.0,134749960.0,-2.56
20240617,-0.77,0.9,38.74,0.76,-1.53,68.4,0.5,0.11,-0.52,1377.7,-14092,26614,346914.0,0.26,0.27,955.0,1.0,0.0,0.0,6520.0,52.375,-13176,37.86,0.78,-1.55,68.4,0.5,0.76,287470.0,134749960.0,-0.77
20240618,2.98,5.16,40.42,4.33,-1.35,68.9,0.4,1.4,0.72,1380.4,38433,7528,350024.0,0.26,0.4,3110.0,1.0,400.0,0.428,8087.0,52.375,-42883,39.54,4.44,-1.46,68.8,0.4,4.33,299930.0,134749960.0,2.98
20240619,5.46,-0.43,40.27,-0.37,5.83,67.0,-1.8,-0.1,1.21,1380.5,12877,33291,306855.0,0.23,0.08,-43169.0,1.0,-1300.0,-1.32,16284.0,52.375,-44447,39.39,-0.37,5.83,67.0,-1.8,-0.37,298820.0,134749960.0,5.46
20240620,-0.51,1.71,40.85,1.44,-1.95,67.7,0.6,0.19,0.37,1380.8,-113511,59087,335446.0,0.25,0.14,28591.0,1.0,300.0,0.306,13300.0,52.40625,49224,39.98,1.49,-2.0,67.6,0.6,1.44,303153.0,134749960.0,-0.51
20240621,-0.51,-1.47,40.34,-1.27,0.76,67.4,-0.2,-1.12,-0.83,1383.8,55367,-18585,322455.0,0.24,0.03,-12991.0,1.0,-1200.0,-1.231,7153.0,52.3125,-36593,39.46,-1.28,0.77,67.4,-0.2,-1.27,299336.0,134749960.0,-0.51
20240624,-6.46,-4.7,38.72,-4.0,-2.46,68.3,0.8,-1.33,-0.7,1389.1,52033,-51237,314230.0,0.23,0.19,-8225.0,1.0,-500.0,-0.548,9514.0,52.34375,3777,37.86,-4.08,-2.38,68.2,0.8,-4.0,287369.0,134749960.0,-6.46
20240625,4.82,0.9,39.01,0.74,4.08,67.0,-1.3,-0.98,0.35,1389.7,80184,-36745,310356.0,0.23,0.42,-3874.0,1.0,-1600.0,-1.674,9736.0,52.375,-42061,38.15,0.78,4.04,66.9,-1.3,0.74,289531.0,134749960.0,4.82
20240626,6.9,5.33,40.77,4.49,2.41,66.2,-0.8,1.56,0.64,1386.4,87641,2590,311089.0,0.23,0.0,733.0,1.0,-600.0,-0.587,9578.0,52.4375,-87186,39.91,4.6,2.3,66.2,-0.7,4.49,302538.0,134749960.0,6.9
20240627,0.0,-0.21,40.69,-0.19,0.19,66.2,-0.1,-1.08,-0.29,1390.1,22707,-21951,314735.0,0.23,0.25,3646.0,1.0,-1200.0,-1.174,11586.0,52.5625,-1353,39.83,-0.19,0.19,66.1,-0.1,-0.19,301989.0,134749960.0,0.0
20240628,-2.15,0.0,40.69,-0.01,-2.14,66.9,0.7,0.28,0.49,1389.2,-126879,79031,312368.0,0.23,0.41,-2367.0,1.0,-100.0,-0.1,12086.0,52.5625,44166,39.83,0.0,-2.15,66.8,0.7,-0.01,301985.0,134749960.0,-2.15
20240701,0.5,-0.42,40.76,-0.35,0.85,66.8,-0.1,0.37,0.23,1382.4,-18277,27874,386267.0,0.29,0.13,73899.0,1.0,500.0,0.498,9267.0,52.46875,-9572,39.68,-0.37,0.87,66.5,-0.3,0.18,302515.0,134749960.0,0.5
20240702,-4.98,-1.49,40.25,-1.26,-3.72,68.0,1.2,-1.19,-0.84,1380.8,913,-19520,374813.0,0.28,0.35,-11454.0,1.0,500.0,0.524,9500.0,52.46875,14969,39.17,-1.29,-3.69,67.8,1.3,-1.26,298690.0,134749960.0,-4.98
20240703,1.05,1.72,40.83,1.45,-0.4,68.2,0.1,-0.51,0.47,1387.4,-9713,-12684,352156.0,0.26,0.3,-22657.0,1.0,400.0,0.415,13042.0,52.5,23346,39.75,1.49,-0.44,67.9,0.1,1.45,303016.0,134749960.0,1.05
20240704,0.83,-2.54,39.96,-2.14,2.97,67.2,-1.0,0.11,1.11,1389.4,64936,-47445,354303.0,0.26,0.21,2147.0,1.0,-700.0,-0.719,13363.0,52.46875,-17444,38.88,-2.2,3.03,66.9,-1.0,-2.14,296544.0,134749960.0,0.83
20240705,7.09,2.61,40.84,2.2,4.89,65.6,-1.6,0.97,1.32,1381.9,3332,103935,339876.0,0.25,0.21,-14427.0,1.0,700.0,0.672,19012.0,52.5,-103058,39.75,2.25,4.84,65.4,-1.5,2.2,303072.0,134749960.0,7.09
20240708,-1.15,-1.06,40.47,-0.89,-0.26,65.7,0.1,-0.33,-0.16,1379.0,6944,-15420,358057.0,0.27,1.01,18181.0,1.0,-400.0,-0.388,7461.0,52.53125,8677,39.39,-0.92,-0.23,65.5,0.1,-0.89,300361.0,134749960.0,-1.15
20240709,0.19,2.14,41.21,1.81,-1.62,66.2,0.5,1.21,0.34,1379.4,-35320,38928,354737.0,0.26,0.66,-3320.0,1.0,-103000.0,-99.806,17070.0,52.53125,-3707,40.12,1.86,-1.67,66.0,0.5,1.81,305795.0,134749960.0,0.19
20240710,-0.19,0.21,41.28,0.19,-0.38,66.4,0.1,-0.29,0.02,1383.4,3254,1029,359310.0,0.27,0.32,4573.0,1.0,-300.0,-0.291,7763.0,52.4375,-5040,40.2,0.19,-0.38,66.2,0.2,0.19,306352.0,134749960.0,-0.19
20240711,3.59,0.84,41.57,0.7,2.89,65.4,-1.0,0.27,0.81,1385.6,-20236,55706,360403.0,0.27,1.04,1093.0,1.0,-400.0,-0.375,4863.0,52.5,-35684,40.49,0.73,2.86,65.2,-1.0,0.7,308501.0,134749960.0,3.59
20240712,-1.31,-3.32,40.4,-2.81,1.5,64.9,-0.5,-0.84,-1.19,1380.1,-2515,6500,361207.0,0.27,1.01,804.0,1.0,100.0,0.095,9199.0,52.5,-3663,39.32,-2.89,1.58,64.6,-0.6,-2.81,299817.0,134749960.0,-1.31
20240715,0.19,-1.29,39.96,-1.08,1.27,64.4,-0.4,0.13,0.14,1376.3,18760,-21513,362434.0,0.27,0.21,1227.0,1.0,-400.0,-0.379,10590.0,52.5,2641,38.88,-1.11,1.3,64.2,-0.4,-1.08,296578.0,134749960.0,0.19
20240716,0.0,1.3,40.4,1.08,-1.08,64.8,0.4,1.36,0.18,1381.9,-21514,12487,340581.0,0.25,0.17,-21853.0,1.0,-1700.0,-1.611,9653.0,52.5,9314,39.32,1.13,-1.13,64.6,0.4,1.08,299824.0,134749960.0,0.0
20240717,-7.96,-5.36,38.57,-4.52,-3.44,66.1,1.3,-2.63,-0.8,1386.0,57177,-141627,323085.0,0.24,0.54,-17496.0,1.0,-1000.0,-1.03,14954.0,52.5,81561,37.49,-4.65,-3.31,65.8,1.2,-4.52,286248.0,134749960.0,-7.96
20240718,-8.34,-3.63,37.4,-3.02,-5.32,67.9,1.9,-1.23,-0.67,1381.5,61487,-55897,312447.0,0.23,0.32,-10638.0,1.0,1000.0,1.124,23986.0,52.53125,-62,36.32,-3.12,-5.22,67.6,1.8,-3.02,277568.0,134749960.0,-8.34
20240719,-1.12,-1.41,36.97,-1.17,0.05,67.9,0.0,-0.19,-1.02,1379.9,12488,-3111,282782.0,0.21,0.1,-29665.0,1.0,-200.0,-0.227,6589.0,52.59375,-10395,35.88,-1.21,0.09,67.6,0.0,-1.17,274332.0,134749960.0,-1.12
20240722,-2.61,-2.15,36.31,-1.78,-0.83,68.2,0.3,-2.13,-1.14,1386.6,92551,-64414,284110.0,0.21,0.04,1328.0,1.0,600.0,0.7,14236.0,52.59375,-28334,35.22,-1.84,-0.77,67.9,0.3,-1.78,269443.0,134749960.0,-2.61
20240723,-1.17,0.0,36.31,0.01,-1.18,68.6,0.4,-0.66,0.39,1388.6,36878,-35430,268067.0,0.2,0.08,-16043.0,1.0,500.0,0.59,9920.0,52.6875,-1622,35.22,0.0,-1.17,68.2,0.3,0.01,269458.0,134749960.0,-1.17
20240724,-1.06,1.71,36.83,1.42,-2.48,69.3,0.8,0.21,-0.56,1385.1,-47123,9288,264790.0,0.2,0.0,-3277.0,1.0,200.0,0.239,9494.0,52.71875,34144,35.73,1.45,-2.51,69.0,0.8,1.42,273291.0,134749960.0,-1.06
20240725,-4.06,-8.87,34.12,-7.35,3.29,68.2,-1.1,-3.17,-1.74,1385.1,74724,-40810,264185.0,0.2,0.02,-605.0,1.0,100.0,0.124,12183.0,52.6875,-33478,33.03,-7.57,3.51,67.8,-1.2,-7.35,253213.0,134749960.0,-4.06
20240726,3.61,0.95,34.39,0.78,2.83,67.4,-0.9,0.64,0.78,1385.4,10374,6967,258107.0,0.19,0.23,-6078.0,1.0,-500.0,-0.6,7747.0,52.71875,-16692,33.29,0.8,2.81,66.9,-0.9,0.78,255197.0,134749960.0,3.61
20240729,1.44,1.98,34.94,1.61,-0.17,67.4,0.0,0.04,1.23,1385.4,32652,-37843,287665.0,0.21,0.11,29558.0,1.0,300.0,0.355,8708.0,52.75,5217,33.85,1.67,-0.23,67.0,0.1,1.61,259313.0,134749960.0,1.44
20240730,-2.84,-3.43,33.96,-2.81,-0.03,67.4,0.0,-1.86,-0.99,1382.0,43842,-43508,287792.0,0.21,0.05,127.0,1.0,-1000.0,-1.218,7980.0,52.75,-277,32.87,-2.9,0.06,67.0,0.0,-2.81,252022.0,134749960.0,-2.84
20240731,4.99,3.02,34.79,2.45,2.54,66.6,-0.8,2.52,1.19,1384.6,19055,-3105,284959.0,0.21,0.97,-2833.0,1.0,-1400.0,-1.624,9122.0,52.8125,-14163,33.7,2.55,2.44,66.2,-0.8,2.45,258192.0,134749960.0,4.99
20240801,-3.36,-0.67,34.6,-0.53,-2.83,67.6,1.0,-0.58,0.25,1380.1,39787,-94155,272586.0,0.2,0.01,-12373.0,1.0,-700.0,-0.84,11935.0,52.8125,54328,33.52,-0.56,-2.8,67.2,1.0,-0.53,256785.0,134749960.0,-3.36
20240802,-8.88,-10.4,31.66,-8.5,-0.38,67.7,0.1,-5.35,-3.65,1365.9,87570,-120886,265095.0,0.2,0.08,-7491.0,1.0,900.0,1.186,13170.0,52.84375,39357,30.57,-8.78,-0.1,67.2,0.0,-8.5,234947.0,134749960.0,-8.88
20240805,-7.25,-9.87,29.15,-7.94,0.69,67.4,-0.2,-7.55,-8.77,1372.8,39477,12194,255345.0,0.19,0.24,-9750.0,1.0,-2500.0,-3.551,15565.0,52.90625,-51406,28.06,-8.23,0.98,66.9,-0.3,-7.94,216298.0,134749960.0,-7.25
20240806,5.68,4.87,30.26,3.82,1.86,66.9,-0.6,2.89,3.3,1360.6,36027,-3379,247938.0,0.18,0.53,-7407.0,1.0,-900.0,-1.21,17990.0,52.9375,-32728,29.18,3.99,1.69,66.3,-0.6,3.82,224563.0,134749960.0,5.68
20240807,1.08,3.42,31.08,2.71,-1.63,67.4,0.5,1.82,1.83,1372.2,18672,-31147,242535.0,0.18,0.02,-5403.0,1.0,700.0,0.931,11530.0,52.96875,12285,30.0,2.82,-1.74,66.9,0.6,2.71,230657.0,134749960.0,1.08
20240808,-3.99,-3.48,30.22,-2.77,-1.22,67.8,0.4,-1.12,-0.45,1376.4,27542,-52318,254601.0,0.19,0.68,12066.0,1.0,-300.0,-0.416,13995.0,52.96875,24760,29.13,-2.88,-1.11,67.3,0.4,-2.77,224250.0,134749960.0,-3.99
20240809,4.85,4.96,31.4,3.94,0.91,67.5,-0.3,1.6,1.24,1377.7,-431,9989,252513.0,0.19,0.34,-2088.0,1.0,-400.0,-0.528,7637.0,53.0,-9549,30.32,4.07,0.78,67.0,-0.3,3.94,233061.0,134749960.0,4.85
20240812,1.98,3.21,32.21,2.55,-0.57,67.7,0.2,1.28,1.15,1369.4,-1502,21569,256814.0,0.19,0.3,4301.0,1.0,700.0,0.907,7481.0,53.0,-20069,31.13,2.66,-0.68,67.2,0.2,2.55,239034.0,134749960.0,1.98
20240813,0.91,2.77,32.93,2.22,-1.31,68.1,0.4,0.46,0.12,1367.7,-6627,16039,255735.0,0.19,0.08,-1079.0,1.0,1900.0,2.439,9976.0,53.0,-9412,31.84,2.3,-1.39,67.7,0.5,2.22,244343.0,134749960.0,0.91
20240814,5.65,2.64,33.63,2.13,3.52,67.0,-1.1,1.68,0.88,1370.3,16078,22136,249515.0,0.19,0.78,-6220.0,1.0,1000.0,1.215,11292.0,52.96875,-38158,32.55,2.21,3.44,66.6,-1.1,2.13,249542.0,134749960.0,5.65
20240816,7.05,6.96,35.53,5.65,1.4,66.6,-0.4,3.09,1.99,1361.4,18893,45958,257498.0,0.19,0.29,7983.0,1.0,100.0,0.114,14142.0,52.96875,-64888,34.45,,,66.2,,5.65,263639.0,134749960.0,
20240819,-2.16,-2.9,34.68,-2.38,0.22,66.5,-0.1,-2.55,-0.85,1360.1,8432,-6921,254489.0,0.19,0.49,-3009,1.0,300.0,0.348,11367.0,53.0,-1314,33.6,-2.47,0.31,66.1,-0.1,-2.38,257352.0,134749960.0,-2.16
20240820,3.6,2.99,35.53,2.44,1.16,66.1,-0.4,0.66,0.83,1337.8,9567,6265,254214.0,0.19,0.42,-275.0,1.0,-600.0,-0.672,8936.0,53.0,-15561,34.45,2.53,1.07,65.8,-0.3,2.44,263650.0,134749960.0,3.6
20240821,-5.82,-3.56,34.49,-2.92,-2.9,67.1,1.0,-0.82,0.17,1332.0,45119,-82918,240378.0,0.18,0.1,-13836.0,1.0,400.0,0.476,10738.0,53.0,37808,33.41,-3.02,-2.8,66.7,0.9,-2.92,255947.0,134749960.0,-5.82
20240822,0.83,-0.78,34.27,-0.65,1.48,66.6,-0.5,-1.22,0.24,1332.4,50476,-35279,228912.0,0.17,0.32,-11466.0,1.0,-1400.0,-1.651,10403.0,53.03125,-14575,33.19,-0.66,1.49,66.2,-0.5,-0.65,254308.0,134749960.0,0.83
20240823,-3.77,-2.93,33.45,-2.38,-1.39,67.1,0.5,-1.15,-0.22,1335.9,-47469,26694,228313.0,0.17,0.0,-599.0,1.0,100.0,0.123,10251.0,53.09375,20770,32.37,-2.47,-1.3,66.7,0.5,-2.38,248232.0,134749960.0,-3.77
20240826,-1.96,-3.18,32.59,-2.57,0.61,66.9,-0.2,-1.51,-0.14,1340.1,-18307,5346,213813.0,0.16,0.0,-14500.0,1.0,300.0,0.375,9352.0,53.0625,12961,31.51,-2.67,0.71,66.5,-0.2,-2.57,241829.0,134749960.0,-1.96
20240827,1.0,-2.56,31.91,-2.06,3.06,65.9,-1.0,-1.07,-0.32,1323.9,74302,-61183,207273.0,0.15,0.1,-6540.0,1.0,0.0,0.0,10035.0,53.0625,-13119,30.83,-2.13,3.13,65.4,-1.1,-2.06,236836.0,134749960.0,1.0
20240828,1.11,2.46,32.54,1.97,-0.86,66.2,0.3,1.71,0.02,1330.4,-57635,66719,208230.0,0.15,0.0,957.0,1.0,700.0,0.857,15693.0,53.125,-9086,31.46,2.03,-0.92,65.7,0.3,1.97,241495.0,134749960.0,1.11
20240829,-6.0,-5.35,31.14,-4.31,-1.69,66.8,0.6,-2.19,-1.02,1334.7,71403,-103545,210273.0,0.16,0.0,2043.0,1.0,500.0,0.651,25616.0,53.0625,30755,30.06,-4.45,-1.55,66.3,0.6,-4.31,231079.0,134749960.0,-6.0
20240830,2.21,2.36,31.72,1.88,0.33,66.6,-0.1,1.89,0.45,1335.3,-31967,53464,211702.0,0.16,0.12,1429.0,1.0,900.0,1.146,16147.0,53.125,-21495,30.64,1.94,0.27,66.2,-0.1,1.88,235414.0,134749960.0,2.21
20240902,0.0,0.17,31.77,0.14,-0.14,66.7,0.0,-0.9,0.25,1334.8,36948,-36414,198321.0,0.15,0.02,-13381.0,1.0,100.0,0.127,9209.0,53.09375,-534,30.68,0.14,-0.14,66.2,0.0,0.14,235745.0,134749960.0,0.0
20240903,1.91,-3.28,30.93,-2.62,4.53,65.2,-1.5,-1.77,-0.61,1338.8,59343,-28314,205504.0,0.15,0.46,7183.0,1.0,-1000.0,-1.25,12275.0,53.125,-30726,29.85,-2.72,4.63,64.6,-1.6,-2.62,229566.0,134749960.0,1.91
20240904,-8.88,-8.02,28.96,-6.39,-2.49,66.1,0.9,-4.08,-3.15,1341.0,41079,-110221,211404.0,0.16,0.08,5900.0,1.0,700.0,0.96,16804.0,53.15625,67622,27.87,-6.62,-2.26,65.5,0.9,-6.39,214907.0,134749960.0,-8.88
20240905,-0.14,2.97,29.63,2.32,-2.46,66.9,0.8,-0.36,-0.21,1342.0,13056,-14745,197845.0,0.15,0.43,-13559.0,1.0,-700.0,-0.962,11978.0,53.1875,1145,28.55,2.41,-2.55,66.3,0.8,2.32,219889.0,134749960.0,-0.14
20240906,-2.75,-1.88,29.19,-1.49,-1.26,67.3,0.4,-1.79,-1.21,1335.8,5453,-16976,182964.0,0.14,0.04,-14881.0,1.0,600.0,0.847,10726.0,53.21875,11341,28.1,-1.55,-1.2,66.7,0.4,-1.49,216607.0,134749960.0,-2.75
20240909,-0.28,0.38,29.28,0.3,-0.58,67.5,0.2,-0.13,-0.33,1330.4,-37419,31141,183574.0,0.14,0.07,610.0,1.0,400.0,0.567,19420.0,53.21875,6458,28.19,0.31,-0.59,66.9,0.2,0.3,217267.0,134749960.0,-0.28
20240910,1.42,-0.96,29.06,-0.75,2.17,66.8,-0.7,-0.91,-0.49,1339.5,-18470,25311,171345.0,0.13,0.18,-12229.0,1.0,-71400.0,-99.721,16379.0,53.1875,-6742,27.97,-0.79,2.21,66.2,-0.7,-0.75,215645.0,134749960.0,1.42
20240911,1.26,1.09,29.31,0.85,0.41,66.7,-0.1,-0.15,-0.4,1344.3,-22780,34777,186144.0,0.14,0.38,14799.0,1.0,800.0,1.103,13843.0,53.15625,-11996,28.22,0.89,0.37,66.1,-0.1,0.85,217478.0,134749960.0,1.26
20240912,6.76,7.38,31.0,5.78,0.98,66.4,-0.3,3.54,2.34,1340.3,66510,-17556,190633.0,0.14,0.01,4489.0,1.0,300.0,0.388,16948.0,53.15625,-48816,29.92,6.02,0.74,65.8,-0.3,5.78,230081.0,134749960.0,6.76
20240913,-0.52,-3.55,30.13,-2.82,2.3,65.6,-0.8,-1.89,0.13,1339.6,-7242,10005,189448.0,0.14,0.0,-1185.0,1.0,600.0,0.779,13547.0,53.1875,-2841,29.05,-2.93,2.41,65.0,-0.8,-2.82,223589.0,134749960.0,-0.52
20240919,-5.58,-6.14,28.67,-4.84,-0.74,65.8,0.3,-1.36,0.21,1331.0,-83171,25382,216995,0.16,0.07,-7317,1.0,200.0,0.275,32402.0,53.1875,59569,27.58,,,65.2,,-4.84,212766.0,134749960.0,
20240920,4.13,2.81,29.3,2.19,1.94,65.2,-0.6,0.27,0.49,1331.8,2467,46303,209753,0.16,0.07,-7242,1.0,100.0,0.132,16068.0,53.125,-48873,28.21,2.27,1.86,64.6,-0.6,2.19,217424.0,134749960.0,4.13
20240923,4.89,3.12,30.01,2.43,2.46,64.4,-0.8,1.13,0.33,1329.9,-62618,63612,209753.0,0.16,0.0,-7242.0,1.0,-1200.0,-1.511,14615.0,53.125,-3115,28.93,2.54,2.35,63.7,-0.9,2.43,222737.0,134749960.0,4.89
20240924,4.41,0.93,30.23,0.73,3.68,63.0,-1.3,2.01,1.14,1335.5,-6530,23589,199972.0,0.15,0.0,-9781.0,1.0,-900.0,-1.086,13057.0,53.09375,-17857,29.15,0.76,3.65,62.4,-1.3,0.73,224365.0,134749960.0,4.41
20240925,-7.12,1.1,30.5,0.86,-7.98,66.0,2.9,0.7,-1.34,1334.3,-126515,66757,196683.0,0.15,0.01,-3289.0,1.0,900.0,1.169,18204.0,53.09375,58486,29.41,0.9,-8.02,65.4,3.0,0.86,226313.0,134749960.0,-7.12
20240926,11.04,9.44,32.78,7.48,3.56,64.8,-1.1,4.46,2.9,1328.4,16373,101220,195091.0,0.14,0.12,-1592.0,1.0,600.0,0.702,25328.0,53.0,-118604,31.69,7.76,3.28,64.4,-1.0,7.48,243242.0,134749960.0,11.04
20240927,-0.35,1.6,33.2,1.29,-1.64,65.4,0.6,1.12,-0.82,1329.7,20783,13122,194098.0,0.14,0.02,-993.0,1.0,-200.0,-0.235,15800.0,53.03125,-34127,32.12,1.34,-1.69,65.0,0.6,1.29,246382.0,134749960.0,-0.35
20240930,-5.16,-5.01,31.85,-4.04,-1.12,65.8,0.4,0.94,-2.13,1319.6,-20946,574,161599.0,0.12,0.43,-32499.0,1.0,800.0,0.99,13678.0,53.0625,16094,30.77,-4.19,-0.97,65.3,0.3,-4.04,236400.0,134749960.0,-5.16
20241002,-3.22,-3.15,30.9,-2.53,-0.69,65.9,0.1,1.40,-1.22,1306.9,32741,-47059,158993.0,0.12,0.09,-2606.0,1.0,0.0,0.0,19262.0,53.03125,12375,29.96,,,65.5,,-2.98,229340.0,134749960.0,
20241004,0.51,2.96,31.63,2.35,-1.84,66.5,0.6,2.10,0.31,1320.1,-9609,9403,150892.0,0.11,0.01,-8101,1.0,800.0,1.018,11169.0,53.0625,4494,30.69,,,66.2,,2.35,234763.0,134749960.0,
20241007,3.05,6.2,33.21,4.98,-1.93,67.1,0.6,4.24,1.58,1333.3,-27822,41925,148183.0,0.11,0.05,-2709,1.0,-80800.0,-99.753,11289.0,53.0625,-14304,32.27,5.15,-2.1,66.8,0.6,4.98,246465.0,134749960.0,3.05
20241008,-0.25,-3.73,32.2,-3.04,2.79,66.2,-1.0,-3.9,-0.61,1346.5,35803,-29158,147782.0,0.11,0.02,-401.0,1.0,200.0,0.248,10869.0,53.03125,-7228,31.27,-3.12,2.87,65.9,-0.9,-3.04,238980.0,134749960.0,-0.25
20241010,4.08,4.89,33.47,3.95,0.13,66.1,-0.0,-1.58,0.19,1347.8,102352,-62037,144288.0,0.11,0.32,-3494.0,1.0,-1700.0,-2.021,15838.0,53.0625,-40034,32.54,,,65.9,,3.95,248409.0,134749960.0,
20241011,0.48,-0.37,33.37,-0.31,0.79,65.9,-0.3,-0.89,-0.09,1349.4,-10382,16449,137189.0,0.1,0.04,-7099,1.0,400.0,0.473,8104.0,53.125,-6750,32.44,-0.31,0.79,65.6,-0.3,-0.31,247644.0,134749960.0,0.48
20241014,2.13,0.81,33.59,0.65,1.48,65.4,-0.5,1.35,1.02,1348.6,1635,5162,140899.0,0.1,0.0,3710.0,1.0,-100.0,-0.116,13683.0,53.09375,-6802,32.66,0.67,1.46,65.1,-0.5,0.65,249267.0,134749960.0,2.13
20241015,0.12,2.88,34.38,2.35,-2.23,66.1,0.8,-0.06,0.39,1354.9,-132413,59944,133098.0,0.1,0.03,-7801.0,1.0,-100.0,-0.116,14335.0,53.09375,68469,33.45,2.42,-2.3,65.9,0.8,2.35,255121.0,134749960.0,0.12
20241016,-1.62,-2.18,33.76,-1.8,0.18,66.1,-0.0,-2.56,-0.88,1360.4,-127488,156246,120773.0,0.09,0.02,-12325.0,1.0,1000.0,1.176,29524.0,53.0,-29456,32.83,-1.84,0.22,65.8,-0.1,-1.8,250555.0,134749960.0,-1.62
20241017,2.35,3.87,34.83,3.16,-0.81,66.3,0.3,1.15,-0.04,1363.7,-121669,82192,89211.0,0.07,0.07,-31562.0,1.0,600.0,0.69,16014.0,52.90625,35018,33.9,3.25,-0.9,66.1,0.3,3.16,258467.0,134749960.0,2.35
20241018,1.61,-4.44,33.56,-3.65,5.26,64.5,-1.8,-1.44,-0.59,1366.5,-33955,56399,68024.0,0.05,0.01,-21187.0,1.0,500.0,0.566,14590.0,52.8125,-23254,32.62,-3.76,5.37,64.2,-1.9,-3.65,249033.0,134749960.0,1.61
20241021,-1.92,1.92,34.08,1.57,-3.49,65.7,1.2,0.56,0.43,1371.1,-92573,75833,69493.0,0.05,0.11,1469.0,1.0,500.0,0.577,13645.0,52.78125,15203,33.15,1.61,-3.53,65.5,1.3,1.57,252947.0,134749960.0,-1.92
20241022,-0.12,-1.62,33.63,-1.32,1.2,65.3,-0.4,-0.5,-1.31,1370.4,27753,-28506,48834.0,0.04,0.0,-20659.0,1.0,600.0,0.693,13628.0,52.71875,528,32.69,-1.37,1.25,65.0,-0.5,-1.32,249587.0,134749960.0,-0.12
20241023,6.35,4.37,34.85,3.61,2.74,64.4,-0.9,3.35,1.12,1380.1,-115499,192097,48834.0,0.04,0.24,0.0,1.0,500.0,0.543,14187.0,52.75,-75915,33.89,3.66,2.69,64.1,-0.9,3.61,258604.0,134749960.0,6.35
20241024,-2.28,1.12,35.17,0.94,-3.22,65.5,1.1,-1.97,-0.72,1382.0,-120010,93580,48833.0,0.04,0.0,-1.0,1.0,800.0,0.889,15535.0,52.6875,25627,34.21,0.94,-3.22,65.3,1.2,0.94,261025.0,134749960.0,-2.28
20241025,6.11,1.41,35.58,1.17,4.94,63.8,-1.7,1.22,0.09,1380.5,-146946,193162,49561.0,0.04,0.05,728.0,1.0,300.0,0.314,21605.0,52.59375,-50096,34.62,1.19,4.92,63.6,-1.7,1.17,264067.0,134749960.0,6.11
20241028,-2.93,-2.49,34.85,-2.05,-0.88,64.2,0.3,0.04,1.13,1384.4,-54537,25331,49561.0,0.04,0.17,0.0,1.0,600.0,0.647,13062.0,52.46875,28229,33.89,-2.11,-0.82,63.9,0.3,-2.05,258655.0,134749960.0,-2.93
20241029,-3.02,-2.91,34.01,-2.41,-0.61,64.4,0.2,-0.51,0.21,1387.0,-28248,-1736,49561.0,0.04,0.05,0.0,1.0,100.0,0.111,9462.0,52.4375,28030,33.05,-2.46,-0.56,64.1,0.2,-2.41,252423.0,134749960.0,-3.02
20241030,-0.33,2.47,34.7,2.0,-2.33,65.2,0.8,-0.06,-0.92,1383.1,-14780,8813,49561.0,0.04,0.08,0.0,1.0,600.0,0.67,9098.0,52.40625,2211,33.74,2.08,-2.41,64.9,0.8,2.0,257478.0,134749960.0,-0.33
20241031,-5.36,-4.46,33.43,-3.66,-1.7,65.8,0.6,0.82,-1.45,1383.3,-110063,65297,49561.0,0.04,0.06,0.0,1.0,0.0,0.0,15108.0,52.40625,39489,32.47,-3.77,-1.59,65.5,0.6,-3.66,248063.0,134749960.0,-5.36
20241101,-1.06,-2.2,32.82,-1.8,0.74,65.6,-0.3,-1.35,-0.54,1379.3,-7030,20466,49561.0,0.04,0.75,0.0,1.0,-100.0,-0.119,10893.0,52.34375,-11141,31.87,-1.85,0.79,65.2,-0.3,-1.8,243593.0,134749960.0,-1.06
20241104,7.03,6.48,34.55,5.25,1.78,65.0,-0.6,1.51,1.83,1377.9,-17837,54964,49561.0,0.04,0.79,0.0,1.0,-700.0,-0.78,10078.0,52.34375,-38146,33.6,5.42,1.61,64.7,-0.5,5.25,256375.0,134749960.0,7.03
20241105,-0.78,-0.41,34.43,-0.35,-0.43,65.1,0.2,0.06,-0.47,1371.3,-17713,16978,49561.0,0.04,1.38,0.0,1.0,200.0,0.224,13917.0,52.34375,1759,33.48,-0.34,-0.44,64.8,0.1,-0.35,255508.0,134749960.0,-0.78
20241106,3.7,1.35,34.81,1.09,2.61,64.2,-0.9,-0.69,-0.52,1377.8,14740,39342,49563.0,0.04,0.15,2.0,1.0,-100.0,-0.108,16107.0,52.3125,-54491,33.86,1.13,2.57,64.0,-0.8,1.09,258304.0,134749960.0,3.7
20241107,0.43,0.82,35.04,0.66,-0.23,64.3,0.1,-0.15,0.04,1391.5,-33358,44305,49563.0,0.04,0.74,0.0,1.0,200.0,0.216,10483.0,52.34375,-11140,34.1,0.7,-0.27,64.0,0.0,0.66,260034.0,134749960.0,0.43
20241108,2.48,1.57,35.49,1.28,1.2,63.9,-0.4,0.25,-0.14,1399.1,-23656,74135,49563.0,0.04,0.05,0.0,1.0,500.0,0.526,13664.0,52.3125,-51218,34.55,1.33,1.15,63.6,-0.4,1.28,263390.0,134749960.0,2.48
20241111,-2.63,-3.94,34.33,-3.27,0.64,63.7,-0.2,-2.6,-1.15,1385.4,8470,611,49562.0,0.04,0.03,-1.0,1.0,100.0,0.108,9378.0,52.28125,-9580,33.39,-3.34,0.71,63.4,-0.2,-3.27,254798.0,134749960.0,-2.63
20241112,-3.35,-3.53,33.34,-2.9,-0.45,63.8,0.2,-3.04,-1.94,1395.3,21851,-15844,49561.0,0.04,0.48,-1.0,1.0,200.0,0.223,12343.0,52.3125,-5766,32.4,-2.99,-0.36,63.5,0.1,-2.9,247399.0,134749960.0,-3.35
20241113,-4.36,-1.56,32.91,-1.29,-3.07,65.0,1.1,-1.53,-2.64,1401.1,-28628,11259,85148.0,0.06,0.65,35587.0,1.0,-100.0,-0.117,10413.0,52.3125,17865,31.97,-1.32,-3.04,64.6,1.1,-1.29,244238.0,134749960.0,-4.36
20241114,-8.53,-5.41,31.46,-4.39,-4.14,66.5,1.5,-2.2,0.07,1407.3,23599,-88047,85904.0,0.06,0.1,756.0,1.0,200.0,0.255,16679.0,52.28125,60494,30.52,-4.52,-4.01,66.1,1.5,-4.39,233493.0,134749960.0,-8.53
20241115,-0.89,3.01,32.23,2.42,-3.31,67.6,1.1,1.29,-0.08,1406.4,-40156,9447,102395.0,0.08,0.16,16491.0,1.0,-100.0,-0.129,15950.0,52.28125,29891,31.28,2.49,-3.38,67.2,1.1,2.42,239153.0,134749960.0,-0.89
20241118,1.55,-3.65,31.28,-2.94,4.49,66.0,-1.5,-1.38,2.16,1402.8,9002,-11827,91763.0,0.07,1.37,-10632.0,1.0,-500.0,-0.635,14690.0,52.25,2548,30.33,-3.03,4.58,65.7,-1.5,-2.94,232124.0,134749960.0,1.55
20241119,-0.89,-0.64,31.12,-0.5,-0.39,66.2,0.1,0.15,0.12,1392.6,-2486,-3520,95074.0,0.07,0.26,3311.0,1.0,100.0,0.128,5702.0,52.25,5817,30.17,-0.53,-0.36,65.8,0.1,-0.5,230937.0,134749960.0,-0.89
20241120,2.18,0.0,31.12,0.02,2.16,65.4,-0.7,-0.29,0.42,1392.0,-113409,84936,94359.0,0.07,0.32,-715.0,1.0,800.0,1.003,13776.0,52.25,27429,30.17,-0.0,2.18,65.1,-0.7,0.02,230952.0,134749960.0,2.18
20241121,0.75,-1.06,30.86,-0.84,1.59,64.9,-0.6,0.19,-0.07,1391.6,-40775,21038,92807.0,0.07,0.93,-1552.0,1.0,800.0,0.995,9452.0,52.15625,16434,29.91,-0.87,1.62,64.5,-0.6,-0.84,229002.0,134749960.0,0.75
20241122,8.83,4.68,32.01,3.74,5.09,63.2,-1.7,0.54,0.83,1398.1,-57907,114561,93230.0,0.07,0.11,423.0,1.0,-300.0,-0.343,31047.0,52.125,-67891,31.06,3.86,4.97,62.8,-1.7,3.74,237565.0,134749960.0,8.83
20241125,0.23,0.17,32.05,0.13,0.1,63.1,-0.0,0.63,1.32,1400.5,-10458,-173,49579.0,0.04,0.57,-43651.0,1.0,-300.0,-0.342,9964.0,52.09375,5609,31.11,0.14,0.09,62.8,0.0,0.13,237870.0,134749960.0,0.23
20241126,-3.53,0.06,32.07,0.06,-3.59,64.4,1.3,-0.29,-0.55,1398.2,-7,-17766,49580.0,0.04,0.42,1.0,1.0,400.0,0.473,8734.0,52.09375,17083,31.12,0.05,-3.58,64.1,1.3,0.06,237985.0,134749960.0,-3.53
20241127,-5.08,-4.97,30.78,-4.01,-1.07,64.8,0.4,-2.31,-0.69,1401.2,24402,-58416,49580.0,0.04,0.27,0.0,1.0,-800.0,-0.996,18310.0,52.0625,35399,29.84,-4.13,-0.95,64.5,0.4,-4.01,228448.0,134749960.0,-5.08
20241128,-7.85,-4.28,29.73,-3.42,-4.43,66.5,1.6,-0.8,0.06,1396.8,-137163,-28613,49580.0,0.04,0.28,0.0,1.0,0.0,0.0,18824.0,52.09375,161554,28.79,-3.53,-4.32,66.0,1.5,-3.42,220636.0,134749960.0,-7.85
20241129,-0.68,-0.74,29.55,-0.6,-0.08,66.5,0.0,-1.0,-1.95,1394.7,-7144,-11747,50335.0,0.04,0.0,755.0,1.0,500.0,0.68,9196.0,51.96875,16802,28.61,-0.61,-0.07,66.1,0.1,-0.6,219321.0,134749960.0,-0.68
20241202,-0.82,-0.69,29.39,-0.55,-0.27,66.6,0.1,-0.93,-0.06,1395.1,8194,1294,50335.0,0.04,0.43,0.0,1.0,600.0,0.823,11620.0,51.96875,-9517,28.45,-0.57,-0.25,66.2,0.1,-0.55,218122.0,134749960.0,-0.82
20241203,4.94,3.84,30.29,3.04,1.9,66.0,-0.6,1.78,1.86,1402.0,-1954,46365,50323.0,0.04,0.03,-12.0,1.0,100.0,0.131,11185.0,51.96875,-47853,29.34,3.14,1.8,65.6,-0.6,3.04,224755.0,134749960.0,4.94
20241204,-1.83,1.88,30.74,1.49,-3.32,67.1,1.1,-0.7,-1.44,1403.4,-49731,34004,50323.0,0.04,0.36,0.0,1.0,800.0,1.065,10452.0,51.96875,10578,29.79,1.54,-3.37,66.7,1.1,1.49,228106.0,134749960.0,-1.83
20241205,5.06,2.98,31.47,2.37,2.69,66.2,-0.9,1.64,-0.9,1413.0,2492,50115,50323.0,0.04,0.34,0.0,1.0,-500.0,-0.634,14017.0,51.9375,-52767,30.52,2.45,2.61,65.9,-0.8,2.37,233516.0,134749960.0,5.06
20241206,0.63,-3.41,30.6,-2.75,3.38,65.0,-1.2,-0.76,-0.56,1414.9,-28380,58473,50323.0,0.04,0.12,0.0,1.0,300.0,0.378,9760.0,51.9375,-29665,29.66,-2.83,3.46,64.6,-1.3,-2.75,227099.0,134749960.0,0.63
20241209,-0.76,1.08,30.86,0.84,-1.6,65.6,0.5,-2.04,-2.78,1419.4,-53806,86692,50323.0,0.04,0.13,0.0,1.0,800.0,1.015,9451.0,51.90625,-35139,29.91,0.87,-1.63,65.2,0.6,0.84,229018.0,134749960.0,-0.76
20241210,-0.76,0.89,31.08,0.73,-1.49,66.1,0.5,1.15,2.43,1433.2,-3020,-20411,50323.0,0.04,0.09,0.0,1.0,-78000.0,-99.744,13785.0,51.84375,20715,30.14,0.75,-1.51,65.7,0.5,0.73,230683.0,134749960.0,-0.76
20241211,1.28,0.82,31.29,0.67,0.61,65.9,-0.2,2.01,1.02,1428.1,-9846,17809,50323.0,0.04,0.0,0.0,1.0,-600.0,-0.758,9735.0,51.84375,-8904,30.35,0.68,0.6,65.5,-0.2,0.67,232236.0,134749960.0,1.28
20241212,4.17,2.5,31.92,2.0,2.17,65.2,-0.7,1.9,1.62,1431.4,44937,-23343,50324.0,0.04,0.1,1.0,1.0,300.0,0.364,8422.0,51.84375,-22025,30.97,2.07,2.1,64.8,-0.7,2.0,236890.0,134749960.0,4.17
20241213,0.97,-0.34,31.84,-0.26,1.23,64.7,-0.4,-0.41,0.5,1431.5,62148,-49569,50431.0,0.04,0.09,107.0,1.0,100.0,0.12,6675.0,51.875,-15057,30.89,-0.28,1.25,64.4,-0.4,-0.26,236266.0,134749960.0,0.97
20241216,3.6,2.17,32.39,1.74,1.86,64.1,-0.6,0.45,-0.22,1432.7,35279,5104,50426.0,0.04,0.11,-5.0,1.0,-200.0,-0.232,8839.0,51.90625,-40383,31.44,1.8,1.8,63.7,-0.7,1.74,240383.0,134749960.0,3.6
20241217,0.58,2.62,33.08,2.12,-1.54,64.6,0.5,1.03,-1.29,1434.9,-13002,27461,50424.0,0.04,0.07,-2.0,1.0,700.0,0.806,10315.0,51.9375,-15248,32.13,2.18,-1.6,64.3,0.6,2.12,245482.0,134749960.0,0.58
20241218,-1.5,-0.27,33.01,-0.21,-1.29,65.1,0.5,0.81,1.12,1436.6,793,-6587,50424.0,0.04,0.18,0.0,1.0,300.0,0.351,5897.0,51.90625,5656,32.06,-0.22,-1.28,64.8,0.5,-0.21,244950.0,134749960.0,-1.5
20241219,-3.74,-4.63,31.76,-3.76,0.02,65.1,-0.0,-2.1,-1.95,1436.8,43604,-47699,52981.0,0.04,0.05,2557.0,1.0,-200.0,-0.243,11008.0,51.90625,1862,30.82,-3.87,0.13,64.7,-0.1,-3.76,235723.0,134749960.0,-3.74
20241220,-4.13,-3.71,30.81,-2.99,-1.14,65.5,0.4,-1.86,-1.3,1449.7,20191,-29988,52981.0,0.04,0.47,0.0,1.0,400.0,0.507,7714.0,51.9375,10370,29.86,-3.09,-1.04,65.1,0.4,-2.99,228674.0,134749960.0,-4.13
20241223,4.18,0.65,30.97,0.52,3.66,64.2,-1.3,2.1,1.57,1450.3,-34124,51046,52981.0,0.04,0.52,0.0,1.0,-100.0,-0.122,8614.0,52.0625,-16558,30.03,0.55,3.63,63.8,-1.3,0.52,229860.0,134749960.0,4.18
20241224,-1.22,-0.65,30.81,-0.52,-0.7,64.5,0.2,0.39,-0.06,1449.3,5852,-608,52981.0,0.04,0.11,0.0,1.0,300.0,0.369,5771.0,52.09375,-4300,29.87,-0.53,-0.69,64.1,0.3,-0.52,228669.0,134749960.0,-1.22
20241226,-0.37,0.95,31.05,0.77,-1.14,64.9,0.4,-0.79,-0.44,1453.6,-3330,10276,52981.0,0.04,0.19,0.0,1.0,700.0,0.865,4804.0,51.90625,-6545,30.1,,,64.5,,0.77,230410.0,134749960.0,
20241227,-1.24,2.59,31.69,2.06,-3.3,66.0,1.1,0.7,-1.02,1462.9,-21019,18946,50425.0,0.04,0.24,-2556,1.0,600.0,0.751,11958.0,51.90625,285,30.74,2.12,-3.36,65.7,1.2,2.06,235157.0,134749960.0,-1.24
20241230,-0.75,-0.34,31.6,-0.27,-0.48,66.2,0.2,-0.07,-0.22,1474.1,-34569,34370,50431.0,0.04,0.93,6.0,1.0,1400.0,1.765,7059.0,51.90625,-965,30.65,-0.28,-0.47,65.8,0.1,-0.27,234519.0,134749960.0,-0.75
20250102,-0.88,-1.55,30.6,-1.26,0.38,65.4,-0.8,-1.05,-0.02,1470.0,33223,-53626,50431.0,0.04,1.4,0.0,1.0,100.0,0.127,9297.0,51.875,19614,30.26,,,65.7,,-3.18,227055.0,134749960.0,
20250103,7.38,6.25,32.16,5.1,2.28,64.6,-0.8,2.7,1.79,1468.3,-20881,73422,49022.0,0.04,0.43,-1409,1.0,600.0,0.711,17474.0,51.90625,-52741,31.82,5.17,2.21,65.0,-0.7,5.1,238643.0,134749960.0,7.38
20250106,10.31,9.84,34.77,8.13,2.18,64.2,-0.4,3.17,1.91,1466.8,-13304,126755,49022.0,0.04,0.07,0.0,1.0,-100.0,-0.107,14622.0,51.90625,-113471,34.44,8.22,2.09,64.3,-0.7,8.13,260371.0,133548056.0,10.31
20250107,0.11,-2.4,34.07,-2.01,2.12,63.5,-0.8,-0.73,0.14,1470.8,-37510,64586,49022.0,0.04,0.36,0.0,1.0,300.0,0.322,12128.0,51.90625,-25998,33.73,-2.04,2.15,63.5,-0.8,-2.01,255116.0,133548056.0,0.11
20250108,0.97,-0.15,34.03,-0.12,1.09,63.1,-0.4,2.32,1.16,1455.4,-58440,67456,49001.0,0.04,0.09,-21.0,1.0,600.0,0.638,14270.0,51.90625,-10059,33.69,-0.13,1.1,63.1,-0.4,-0.12,254793.0,133548056.0,0.97
20250109,-0.32,5.29,35.53,4.42,-4.74,64.7,1.7,0.65,0.03,1453.2,994,12512,49001.0,0.04,0.2,0.0,1.0,800.0,0.853,8634.0,51.875,-15628,35.19,4.47,-4.79,64.8,1.7,4.42,266058.0,133548056.0,-0.32
20250110,1.07,-0.73,35.31,-0.61,1.68,64.2,-0.6,-0.86,-0.24,1458.2,27481,-11665,49001.0,0.04,0.77,0.0,1.0,400.0,0.422,13260.0,51.875,-15377,34.97,-0.63,1.7,64.2,-0.6,-0.61,264419.0,133548056.0,1.07
20250113,-3.8,-4.52,33.97,-3.81,0.01,64.1,-0.0,-2.63,-1.04,1460.7,-12872,3084,49001.0,0.04,2.5,0.0,1.0,300.0,0.329,10813.0,51.875,9114,33.63,-3.85,0.05,64.2,0.0,-3.81,254341.0,133548056.0,-3.8
20250114,-1.64,0.36,34.07,0.31,-1.95,64.8,0.7,1.18,0.31,1471.3,-23704,6393,49001.0,0.04,2.1,0.0,1.0,0.0,0.0,8576.0,51.875,16647,33.73,0.31,-1.95,64.9,0.7,0.31,255114.0,133548056.0,-1.64
20250115,1.11,1.64,34.54,1.37,-0.26,64.9,0.1,0.09,-0.02,1463.3,-101510,103616,49001.0,0.04,0.16,0.0,1.0,500.0,0.551,12391.0,51.84375,-1494,34.2,1.38,-0.27,65.0,0.1,1.37,258606.0,133548056.0,1.11
20250116,3.86,5.95,36.26,4.99,-1.13,65.3,0.4,1.83,1.23,1460.2,-41467,53992,48991.0,0.04,0.52,-10.0,1.0,600.0,0.637,13195.0,51.78125,-18718,35.92,5.04,-1.18,65.4,0.4,4.99,271530.0,133548056.0,3.86
20250117,3.29,2.14,36.92,1.8,1.49,64.8,-0.5,1.6,-0.16,1454.7,-57797,113336,48991.0,0.04,0.22,0.0,1.0,200.0,0.206,16569.0,51.75,-55089,36.58,1.83,1.46,64.9,-0.5,1.8,276451.0,133548056.0,3.29
20250120,-1.85,-1.17,36.55,-1.0,-0.85,65.1,0.3,-0.17,-0.14,1455.8,8238,-18808,48991.0,0.04,0.36,0.0,1.0,-400.0,-0.419,10637.0,51.71875,8577,36.22,-1.0,-0.85,65.2,0.3,-1.0,273707.0,133548056.0,-1.85
20250121,0.52,2.83,37.43,2.39,-1.87,65.8,0.6,1.13,-0.08,1453.0,-14823,4968,48991.0,0.04,0.69,0.0,1.0,0.0,0.0,12558.0,51.96875,9729,37.09,2.42,-1.9,65.8,0.6,2.39,280261.0,133548056.0,0.52
20250122,4.9,3.44,38.53,2.93,1.97,65.1,-0.7,1.35,1.15,1437.9,-17231,92940,52341.0,0.04,0.31,3350.0,1.0,-800.0,-0.794,14721.0,51.9375,-74096,38.19,2.95,1.95,65.2,-0.6,2.93,288475.0,133548056.0,4.9
20250123,-1.19,-2.66,37.65,-2.27,1.08,64.7,-0.4,-1.39,-1.24,1434.3,27681,-13945,52271.0,0.04,0.12,-70.0,1.0,-100.0,-0.101,13971.0,51.9375,-15588,37.31,-2.3,1.11,64.8,-0.4,-2.27,281906.0,133548056.0,-1.19
20250124,0.4,0.68,37.87,0.59,-0.19,64.8,0.1,0.38,0.85,1437.1,-88711,97120,52281.0,0.04,0.7,10.0,1.0,-600.0,-0.601,11166.0,51.96875,-7865,37.53,0.59,-0.19,64.8,0.0,0.59,283550.0,133548056.0,0.4
20250131,-5.81,-9.86,34.68,-8.41,2.6,63.8,-1.0,-3.46,-0.77,1433.3,76351,-77353,55631,0.04,0.26,3350,1.0,-1200.0,-1.275,14853.0,51.875,-433,34.34,,,63.8,,-8.41,259695.0,133548056.0,
20250203,-6.91,-4.17,33.47,-3.49,-3.42,65.0,1.3,-4.32,-2.52,1453.0,-4933,-38268,55631,0.04,0.26,0,1.0,-300.0,-0.342,18199.0,51.9375,35760,33.13,-3.54,-3.37,65.1,1.3,-3.49,250627.0,133548056.0,-6.91
20250204,1.26,0.1,33.5,0.1,1.16,64.6,-0.4,1.56,1.13,1469.2,-60669,78815,55631.0,0.04,1.4,0.0,1.0,-1000.0,-1.127,14474.0,51.9375,-15930,33.16,0.1,1.16,64.7,-0.4,0.1,250857.0,133548056.0,1.26
20250205,4.4,4.03,34.63,3.35,1.05,64.3,-0.3,1.2,1.11,1460.8,-21977,44519,55607.0,0.04,0.55,-24.0,1.0,-800.0,-0.864,8306.0,51.875,-22558,34.28,3.39,1.01,64.3,-0.4,3.35,259289.0,133548056.0,4.4
20250206,6.16,2.36,35.31,1.97,4.19,62.8,-1.5,2.17,1.1,1450.0,-79570,123767,55607.0,0.04,0.14,0.0,1.0,-300.0,-0.305,14556.0,51.875,-44070,34.97,2.0,4.16,62.9,-1.4,1.97,264429.0,133548056.0,6.16
20250207,-2.95,-0.25,35.24,-0.21,-2.74,63.8,1.0,2.22,-0.58,1447.1,-19241,27862,55888.0,0.04,0.06,281.0,1.0,0.0,0.0,10631.0,51.8125,-8530,34.9,-0.21,-2.74,63.9,1.0,-0.21,263877.0,133548056.0,-2.95
20250210,-2.31,-2.41,34.52,-2.02,-0.29,64.0,0.1,0.4,-0.03,1447.4,-13722,17230,55888.0,0.04,0.41,0.0,1.0,-200.0,-0.215,11241.0,51.78125,-4260,34.18,-2.05,-0.26,64.0,0.1,-2.02,258515.0,133548056.0,-2.31
20250211,0.11,0.81,34.76,0.67,-0.56,64.2,0.2,-0.09,0.71,1453.4,-8286,19929,55888.0,0.04,0.12,0.0,1.0,-100.0,-0.107,6454.0,51.9375,-14758,34.42,0.68,-0.57,64.2,0.2,0.67,260262.0,133548056.0,0.11
20250212,1.71,-0.4,34.64,-0.34,2.05,63.4,-0.7,-0.48,0.37,1453.5,-39988,46232,55740.0,0.04,0.08,-148.0,1.0,800.0,0.843,8988.0,51.9375,-7310,34.3,-0.34,2.05,63.5,-0.7,-0.34,259386.0,133548056.0,1.71
20250213,2.74,4.83,36.04,4.05,-1.31,63.9,0.5,1.03,1.36,1452.6,-45462,69339,55740.0,0.04,0.13,0.0,1.0,700.0,0.718,12139.0,51.90625,-23440,35.7,4.09,-1.35,63.9,0.4,4.05,269885.0,133548056.0,2.74
20250214,2.56,0.72,36.26,0.62,1.94,63.2,-0.7,0.68,0.31,1450.5,-21339,75736,55810.0,0.04,0.35,70.0,1.0,0.0,0.0,11286.0,51.875,-51422,35.92,0.61,1.95,63.2,-0.7,0.62,271537.0,133548056.0,2.56
20250217,-0.1,0.95,36.56,0.81,-0.91,63.5,0.3,1.14,0.75,1443.3,-66258,81115,55683.0,0.04,0.22,-127.0,1.0,500.0,0.501,11450.0,51.84375,-7507,36.21,0.82,-0.92,63.6,0.4,0.81,273732.0,133548056.0,-0.1
20250218,-0.8,-0.94,36.26,-0.8,0.0,63.5,0.0,0.04,0.63,1441.1,3730,4057,55683.0,0.04,0.14,0.0,1.0,0.0,0.0,15559.0,51.8125,-6393,35.92,-0.81,0.01,63.6,0.0,-0.8,271545.0,133548056.0,-0.8
20250219,5.25,4.05,37.51,3.42,1.83,62.9,-0.6,2.42,1.7,1443.9,-100752,151078,55683.0,0.04,0.19,0.0,1.0,700.0,0.671,13148.0,51.8125,-47248,37.17,3.46,1.79,62.9,-0.7,3.42,280838.0,133548056.0,5.25
20250220,-3.26,-2.97,36.56,-2.53,-0.73,63.1,0.3,-1.63,-0.65,1440.6,18189,-20044,55664.0,0.04,0.37,-19.0,1.0,300.0,0.297,7018.0,51.75,-499,36.22,-2.56,-0.7,63.2,0.3,-2.53,273735.0,133548056.0,-3.26
20250221,-0.79,-1.18,36.19,-1.0,0.21,63.1,-0.1,0.14,0.02,1439.4,48945,-42792,55556.0,0.04,0.27,-108.0,1.0,-100.0,-0.1,6355.0,51.75,-4862,35.85,-1.01,0.22,63.1,-0.1,-1.0,270999.0,133548056.0,-0.79
20250224,-2.2,-2.15,35.53,-1.82,-0.38,63.2,0.1,-1.72,-0.35,1434.1,37907,-53487,55605.0,0.04,0.24,49.0,1.0,-500.0,-0.511,8767.0,51.78125,15226,35.19,-1.83,-0.37,63.3,0.2,-1.82,266072.0,133548056.0,-2.2
20250225,-3.17,-2.2,34.88,-1.84,-1.33,63.7,0.5,-0.68,-0.57,1429.2,31579,-54807,55704.0,0.04,0.3,99.0,1.0,700.0,0.738,7874.0,51.8125,19575,34.53,-1.87,-1.3,63.7,0.4,-1.84,261149.0,133548056.0,-3.17
20250226,1.37,1.25,35.24,1.04,0.33,63.6,-0.1,0.45,0.41,1430.7,-31280,16599,55702.0,0.04,0.47,-2.0,1.0,-100.0,-0.104,10933.0,51.84375,13373,34.9,1.06,0.31,63.6,-0.1,1.04,263884.0,133548056.0,1.37
20250227,-1.66,-1.87,34.69,-1.57,-0.09,63.6,0.0,-1.05,-0.73,1431.8,4050,-20419,55702.0,0.04,0.08,0.0,1.0,0.0,0.0,9386.0,51.8125,14346,34.34,-1.59,-0.07,63.7,0.1,-1.57,259722.0,133548056.0,-1.66
20250228,-4.66,-4.52,33.37,-3.8,-0.86,63.9,0.3,-2.72,-3.39,1439.6,63526,-84637,55702.0,0.04,0.04,0.0,1.0,-2000.0,-2.22,12420.0,51.8125,19507,33.03,-3.84,-0.82,64.0,0.3,-3.8,249864.0,133548056.0,-4.66
20250304,-1.33,-2.16,32.77,-1.81,0.48,63.8,-0.2,-0.80,-0.15,1458.7,34507,-42189,55702.0,0.04,3.15,0.0,1.0,-300.0,-0.337,11158.0,51.875,7622,32.43,,,63.8,,-1.81,245365.0,133548056.0,
20250305,2.36,3.76,33.79,3.12,-0.76,64.0,0.3,0.85,1.16,1459.6,30718,-34653,55702.0,0.04,0.37,0,1.0,200.0,0.22,10510.0,51.875,3216,33.45,3.16,-0.8,64.1,0.3,3.12,253031.0,133548056.0,2.36
20250306,-0.88,-0.36,33.69,-0.29,-0.59,64.2,0.2,-2.01,0.7,1456.0,-11288,1045,55717.0,0.04,0.93,15.0,1.0,300.0,0.333,8573.0,51.90625,8820,33.35,-0.31,-0.57,64.3,0.2,-0.29,252277.0,133548056.0,-0.88
20250307,-1.0,0.0,33.69,-0.01,-0.99,64.6,0.3,0.34,-0.49,1441.6,9220,-25976,55717.0,0.04,1.67,0.0,1.0,200.0,0.224,9767.0,51.90625,10214,33.35,0.0,-1.0,64.6,0.3,-0.01,252261.0,133548056.0,-1.0
20250310,-0.11,-2.34,33.03,-1.95,1.84,63.9,-0.7,-0.31,0.27,1446.3,15071,-15391,55717.0,0.04,0.21,0.0,1.0,-300.0,-0.336,6725.0,51.90625,-72,32.69,-1.97,1.86,64.0,-0.6,-1.95,247349.0,133548056.0,-0.11
20250311,-1.68,-0.05,33.02,-0.03,-1.65,64.5,0.6,-0.64,-1.28,1451.5,20197,-41018,67488.0,0.05,0.98,11771.0,1.0,800.0,0.912,12586.0,51.9375,18125,32.68,-0.05,-1.63,64.5,0.5,-0.03,247276.0,133548056.0,-1.68
20250312,4.9,5.91,34.65,4.91,-0.01,64.5,0.0,3.06,1.47,1457.9,-70145,87516,69899.0,0.05,0.13,2411.0,1.0,0.0,0.0,10309.0,51.9375,-21937,34.3,4.96,-0.06,64.6,0.1,4.91,259437.0,133548056.0,4.9
20250313,0.22,0.4,34.76,0.34,-0.12,64.6,0.0,-0.76,-0.05,1452.0,-21186,20379,73823.0,0.06,0.54,3924.0,1.0,-1400.0,-1.518,11880.0,51.875,-1585,34.42,0.34,-0.12,64.6,0.0,0.34,260306.0,133548056.0,0.22
20250314,1.3,2.4,35.46,2.0,-0.7,64.8,0.2,1.9,-0.28,1451.9,-17297,28445,76181.0,0.06,3.36,2358.0,1.0,-300.0,-0.321,5836.0,51.875,-13816,35.12,2.04,-0.74,64.9,0.3,2.0,265524.0,133548056.0,1.3
20250317,0.21,0.73,35.68,0.62,-0.41,65.0,0.2,1.74,1.73,1454.8,-43062,40082,80193.0,0.06,1.25,4012.0,1.0,-300.0,-0.321,6186.0,51.875,723,35.34,0.63,-0.42,65.0,0.1,0.62,267169.0,133548056.0,0.21
20250318,0.21,-1.46,35.24,-1.22,1.43,64.4,-0.5,-0.38,0.06,1448.0,-34187,49310,79106.0,0.06,0.18,-1087.0,1.0,0.0,0.0,8038.0,51.84375,-14892,34.9,-1.24,1.45,64.5,-0.5,-1.22,263887.0,133548056.0,0.21
20250319,0.96,1.23,35.61,1.03,-0.07,64.5,0.0,1.12,0.62,1447.1,-13670,27088,71306.0,0.05,0.43,-7800.0,1.0,200.0,0.211,8005.0,51.8125,-15436,35.27,1.05,-0.09,64.5,0.0,1.03,266613.0,133548056.0,0.96
20250320,4.44,2.19,36.26,1.84,2.6,63.6,-0.9,1.02,0.32,1452.3,9059,55510,89177.0,0.07,0.02,17871.0,1.0,-100.0,-0.101,9899.0,51.8125,-61856,35.92,1.86,2.58,63.6,-0.9,1.84,271525.0,133548056.0,4.44
20250321,2.33,2.62,37.06,2.2,0.13,63.5,-0.0,0.56,0.23,1459.2,10862,50812,84300.0,0.06,0.0,-4877.0,1.0,100.0,0.099,12900.0,51.84375,-58300,36.73,2.24,0.09,63.6,0.0,2.2,277538.0,133548056.0,2.33
20250324,-0.89,-1.86,36.48,-1.57,0.68,63.3,-0.3,-1.07,-0.42,1466.9,-11671,10331,90464.0,0.07,0.12,6164.0,1.0,200.0,0.199,7263.0,51.84375,1636,36.14,-1.59,0.7,63.3,-0.3,-1.57,273163.0,133548056.0,-0.89
20250325,-0.5,-1.65,35.97,-1.4,0.9,62.9,-0.3,-0.8,-0.62,1466.9,-18576,32136,88424.0,0.07,0.14,-2040.0,1.0,100.0,0.1,10905.0,51.84375,-11164,35.63,-1.42,0.92,63.0,-0.3,-1.4,269328.0,133548056.0,-0.5
20250326,-0.1,2.88,36.85,2.43,-2.53,63.9,0.9,0.7,1.08,1469.6,-35310,31636,101838.0,0.08,0.3,13414.0,1.0,0.0,0.0,6904.0,51.96875,508,36.51,2.46,-2.56,63.9,0.9,2.43,275895.0,133548056.0,-0.1
20250327,-1.81,-3.27,35.82,-2.77,0.96,63.5,-0.4,-1.48,-1.39,1465.3,-31624,29065,110665.0,0.08,0.24,8827.0,1.0,0.0,0.0,8094.0,51.9375,1274,35.48,-2.8,0.99,63.6,-0.3,-2.77,268228.0,133548056.0,-1.81
20250328,-1.94,-3.72,34.69,-3.14,1.2,63.0,-0.5,-2.39,-1.89,1466.8,-19693,32877,112261.0,0.08,0.2,1596.0,1.0,0.0,0.0,8611.0,52.0625,-7992,34.36,-3.18,1.24,63.1,-0.5,-3.14,259788.0,133548056.0,-1.94
20250331,-2.71,-4.32,33.43,-3.63,0.92,62.7,-0.4,-3.31,-3.0,1466.5,-65132,58717,117430.0,0.09,0.22,5169.0,1.0,600.0,0.642,10880.0,52.0625,6359,33.1,-3.67,0.96,62.7,-0.4,-3.63,250352.0,133548056.0,-2.71
20250401,-0.54,3.3,34.42,2.76,-3.3,64.2,1.5,1.58,1.62,1470.6,-94425,45846,134430.0,0.1,13.3,17000.0,1.0,500.0,0.538,12493.0,52.0,38034,34.02,2.79,-3.33,63.9,1.2,2.94,259676.0,132540858.0,-0.54
20250402,0.0,0.46,34.55,0.37,-0.37,64.4,0.1,-0.66,-0.62,1471.7,-30582,45513,133475.0,0.1,19.71,-955.0,1.0,200.0,0.215,16031.0,51.8125,-12093,34.15,0.38,-0.38,64.1,0.2,0.37,260659.0,132540858.0,0.0
20250403,-1.4,-1.67,34.06,-1.41,0.01,64.4,0.0,-1.38,-0.76,1467.8,-27798,3319,140470.0,0.11,11.1,6995.0,1.0,0.0,0.0,14722.0,51.78125,20721,33.67,-1.41,0.01,64.1,0.0,-1.41,257009.0,132540858.0,-1.4
20250404,-4.69,-6.37,32.25,-5.32,0.63,64.1,-0.2,-2.98,-0.86,1467.0,-51467,8044,139694.0,0.1,9.09,-776.0,1.0,-200.0,-0.229,20557.0,51.78125,48611,31.86,-5.38,0.69,63.8,-0.3,-5.32,243348.0,132540858.0,-4.69
20250407,-11.34,-9.55,29.71,-7.89,-3.45,65.5,1.3,-7.16,-5.57,1439.3,-54327,-24459,144227.0,0.11,9.07,4533.0,1.0,300.0,0.388,18827.0,51.75,63393,29.31,-8.0,-3.34,65.1,1.3,-7.89,224148.0,132540858.0,-11.34
20250408,1.29,2.85,30.4,2.3,-1.01,65.8,0.3,0.66,0.26,1465.9,74870,-91528,88867.0,0.07,10.16,-55360.0,1.0,1000.0,1.276,21114.0,51.78125,17644,30.0,2.35,-1.06,65.5,0.4,2.3,229327.0,132540858.0,1.29
20250409,-4.08,-2.65,29.73,-2.17,-1.91,66.5,0.7,-0.73,-1.74,1470.2,5447,-40486,116725.0,0.09,15.96,27858.0,1.0,700.0,0.931,14121.0,51.84375,34390,29.34,-2.2,-1.88,66.1,0.6,-2.17,224341.0,132540858.0,-4.08
20250410,13.96,11.03,32.4,8.96,5.0,64.9,-1.5,5.24,6.6,1482.9,-130827,178399,108890.0,0.08,11.85,-7835.0,1.0,-400.0,-0.467,14533.0,51.84375,-51083,32.0,9.08,4.88,64.6,-1.5,8.96,244444.0,132540858.0,13.96
20250411,-0.7,-1.31,32.05,-1.07,0.37,64.8,-0.1,0.28,-0.5,1458.5,-60374,55693,103416.0,0.08,11.16,-5474.0,1.0,400.0,0.47,7342.0,51.78125,4793,31.65,-1.09,0.39,64.5,-0.1,-1.07,241804.0,132540858.0,-0.7
20250414,-1.18,-0.33,31.96,-0.26,-0.92,65.1,0.3,-0.17,0.95,1450.8,-26767,1946,93197.0,0.07,4.03,-10219.0,1.0,600.0,0.713,6060.0,51.6875,25270,31.57,-0.27,-0.91,64.8,0.3,-0.26,241149.0,132540858.0,-1.18
20250415,-0.12,0.22,32.02,0.2,-0.32,65.2,0.1,0.34,0.88,1427.4,18492,-17995,94865.0,0.07,8.78,1668.0,1.0,100.0,0.119,4798.0,51.6875,2846,31.63,0.19,-0.31,64.9,0.1,0.2,241600.0,132540858.0,-0.12
20250416,-2.74,-3.65,31.06,-3.0,0.26,65.1,-0.1,-2.83,-1.21,1423.3,74839,-85489,88976.0,0.07,6.39,-5889.0,1.0,200.0,0.245,7533.0,51.65625,10228,30.66,-3.05,0.31,64.8,-0.1,-3.0,234322.0,132540858.0,-2.74
20250417,0.12,0.57,31.21,0.49,-0.37,65.3,0.1,1.22,0.94,1427.4,-4774,-7643,87319.0,0.07,10.93,-1657.0,1.0,200.0,0.244,4638.0,51.71875,12579,30.81,0.48,-0.36,64.9,0.1,0.49,235438.0,132540858.0,0.12
20250418,0.73,0.0,31.21,0.01,0.72,65.0,-0.3,0.53,0.53,1419.9,28737,-31240,77688.0,0.06,6.94,-9631.0,1.0,100.0,0.121,2553.0,51.71875,2372,30.81,0.0,0.73,64.7,-0.2,0.01,235446.0,132540858.0,0.73
20250421,1.58,0.91,31.44,0.75,0.83,64.7,-0.3,0.48,0.2,1421.5,-10136,7544,56977.0,0.04,8.22,-20711.0,1.0,0.0,0.0,5786.0,51.75,2360,31.05,0.78,0.8,64.4,-0.3,0.75,237212.0,132540858.0,1.58
20250422,-2.39,-1.59,31.03,-1.31,-1.08,65.1,0.4,-0.6,-0.07,1418.9,15184,-32096,55845.0,0.04,14.84,-1132.0,1.0,200.0,0.245,3865.0,51.75,15880,30.64,-1.32,-1.07,64.8,0.4,-1.31,234116.0,132540858.0,-2.39
20250423,4.65,4.14,32.08,3.39,1.26,64.7,-0.4,3.03,1.57,1422.6,-58324,104151,54066.0,0.04,23.57,-1779.0,1.0,-300.0,-0.351,4603.0,51.75,-44834,31.69,3.43,1.22,64.4,-0.4,3.39,242055.0,132540858.0,4.65
20250424,-2.11,-1.49,31.69,-1.23,-0.88,65.0,0.3,-0.68,-0.13,1426.6,-8760,-21692,51633.0,0.04,5.16,-2433.0,1.0,200.0,0.239,4551.0,51.6875,29160,31.3,-1.24,-0.87,64.7,0.3,-1.23,239077.0,132540858.0,-2.11
20250425,7.17,3.42,32.58,2.82,4.35,63.5,-1.5,1.55,0.95,1430.2,63982,17159,55788.0,0.04,11.14,4155.0,1.0,-600.0,-0.669,12280.0,51.65625,-65580,32.19,2.85,4.32,63.2,-1.5,2.82,245815.0,132540858.0,7.17
20250428,-3.34,-1.3,32.23,-1.09,-2.25,64.3,0.8,-1.44,0.1,1434.6,-17939,4878,74567.0,0.06,15.72,18779.0,1.0,-100.0,-0.115,5255.0,52.125,12523,31.84,-1.09,-2.25,64.0,0.8,-1.09,243161.0,132540858.0,-3.34
20250429,0.58,-0.66,32.05,-0.53,1.11,63.9,-0.4,-0.74,0.65,1439.3,-6174,18499,70947.0,0.05,16.96,-3620.0,1.0,-200.0,-0.229,3848.0,52.09375,-11036,31.67,-0.55,1.13,63.6,-0.4,-0.53,241846.0,132540858.0,0.58
20250430,1.95,-1.83,31.68,-1.15,3.1,62.8,-1.1,-0.97,-0.34,1438.5,56071,-46355,69191.0,0.05,21.57,-1756.0,1.0,-900.0,-1.012,3913.0,52.125,-8476,31.18,-1.52,3.47,62.3,-1.3,-1.15,239049.0,132540858.0,1.95
20250502,2.7,4.79,32.93,3.92,-1.22,63.2,0.4,0.85,0.12,1426.9,10498,38603,83567.0,0.06,23.83,14376.0,1.0,400.0,0.438,9068.0,52.15625,-47090,32.42,,,62.8,,3.92,248417.0,132540858.0,
20250507,1.1,2.58,33.63,2.14,-1.04,63.6,0.4,0.56,0.55,1426.6,-23855,28120,98448.0,0.07,26.88,14881,1.0,100.0,0.108,6790.0,52.15625,-3480,33.12,,,63.2,,2.14,253751.0,132540858.0,
20250508,0.76,-0.26,33.56,-0.23,0.99,63.3,-0.4,0.75,0.22,1394.1,10784,-3683,70013.0,0.05,30.56,-28435,1.0,-92600.0,-99.57,12245.0,52.125,-7253,33.05,-0.22,0.98,62.8,-0.4,-0.23,253191.0,132540858.0,0.76
20250509,0.75,-0.11,33.54,-0.06,0.81,63.0,-0.3,-0.92,-0.09,1396.0,41382,-27955,60929.0,0.05,16.01,-9084.0,1.0,-200.0,-0.213,9612.0,52.15625,-13718,33.02,-0.09,0.84,62.5,-0.3,-0.06,253046.0,132540858.0,0.75
20250512,1.6,2.58,34.26,2.14,-0.54,63.2,0.2,3.34,1.17,1405.6,-46604,51020,58726.0,0.04,41.21,-2203.0,1.0,-500.0,-0.525,4436.0,52.1875,-4473,33.74,2.18,-0.58,62.7,0.2,2.14,258450.0,132540858.0,1.6
20250513,4.94,1.79,34.77,1.5,3.44,61.9,-1.2,1.33,0.04,1400.4,-9885,86914,52029.0,0.04,12.13,-6697.0,1.0,-800.0,-0.801,11313.0,52.15625,-76637,34.25,1.52,3.42,61.5,-1.2,1.5,262357.0,132540858.0,4.94
20250514,3.6,3.78,35.87,3.15,0.45,61.8,-0.2,1.33,1.23,1413.7,-2920,71332,75696.0,0.06,19.35,23667.0,1.0,0.0,0.0,7901.0,52.15625,-66689,35.35,3.2,0.4,61.3,-0.2,3.15,270623.0,132540858.0,3.6
20250515,-2.61,-2.67,35.07,-2.24,-0.37,61.9,0.1,-2.43,-0.73,1415.8,88590,-71275,99140.0,0.07,20.07,23444.0,1.0,0.0,0.0,11398.0,52.15625,-16981,34.55,-2.27,-0.34,61.5,0.2,-2.24,264565.0,132540858.0,-2.61
20250516,1.79,2.0,35.65,1.64,0.15,61.8,-0.0,1.13,0.21,1399.6,12259,3014,99411.0,0.08,19.4,271.0,1.0,-100.0,-0.097,6065.0,52.21875,-15417,35.12,1.67,0.12,61.4,-0.1,1.64,268941.0,132540858.0,1.79
20250519,-2.73,-2.49,34.91,-2.07,-0.66,62.1,0.3,-2.14,-0.89,1394.3,39090,-40909,81621.0,0.06,16.93,-17790.0,1.0,0.0,0.0,6029.0,52.21875,-373,34.38,-2.12,-0.61,61.7,0.3,-2.07,263386.0,132540858.0,-2.73
20250520,1.3,1.3,35.29,1.1,0.2,62.0,-0.1,-0.03,-0.06,1398.0,-23441,29669,72966.0,0.06,14.17,-8655.0,1.0,-100.0,-0.099,8053.0,52.21875,-6307,34.76,1.12,0.18,61.6,-0.1,1.1,266275.0,132540858.0,1.3
20250521,-0.3,-0.74,35.08,-0.62,0.32,61.9,-0.1,-0.01,0.91,1392.6,18148,-24231,67103.0,0.05,12.94,-5863.0,1.0,0.0,0.0,6305.0,52.1875,6153,34.55,-0.63,0.33,61.5,-0.1,-0.62,264637.0,132540858.0,-0.3
20250522,-2.28,-1.8,34.55,-1.51,-0.77,62.2,0.3,-1.59,-1.22,1387.1,41726,-42346,43961.0,0.03,7.05,-23142.0,1.0,200.0,0.203,9182.0,52.1875,614,34.02,-1.52,-0.76,61.8,0.3,-1.51,260646.0,132540858.0,-2.28
20250523,0.61,1.57,35.04,1.44,-0.83,62.5,0.3,-1.1,-0.06,1378.4,8534,-4870,45326.0,0.03,9.68,1365.0,1.0,-500.0,-0.505,5836.0,52.21875,-3935,34.47,1.33,-0.72,62.0,0.2,1.44,264403.0,132540858.0,0.61
20250526,3.43,1.5,35.48,1.25,2.18,61.7,-0.8,0.95,2.02,1376.9,26587,-9373,56337.0,0.04,11.92,11011.0,1.0,-1500.0,-1.463,7916.0,52.25,-17555,34.91,1.28,2.15,61.2,-0.8,1.25,267706.0,132540858.0,3.43
20250527,-1.95,-0.25,35.41,-0.22,-1.73,62.4,0.7,-0.54,-0.27,1365.0,51531,-61332,42675.0,0.03,14.92,-13662.0,1.0,300.0,0.299,8291.0,52.28125,10200,34.85,-0.19,-1.76,61.9,0.7,-0.22,267151.0,132540858.0,-1.95
20250528,7.66,2.72,36.22,2.29,5.37,60.4,-2.0,1.66,1.25,1368.3,-28812,116148,43354.0,0.03,11.48,679.0,1.0,-500.0,-0.462,18713.0,52.34375,-84232,35.65,2.31,5.35,59.9,-2.0,2.29,273287.0,132540858.0,7.66
20250529,4.62,1.92,36.8,1.61,3.01,59.2,-1.2,0.78,1.89,1374.6,-16102,19123,35049.0,0.03,8.62,-8305.0,1.0,-200.0,-0.177,12771.0,52.3125,-2227,36.24,1.63,2.99,58.7,-1.2,1.61,277675.0,132540858.0,4.62
20250530,1.41,-3.54,35.69,-3.01,4.42,57.4,-1.9,-1.68,-0.84,1381.4,94837,-71567,69265.0,0.05,10.48,34216.0,1.0,-600.0,-0.523,16062.0,52.3125,-21259,35.14,-3.03,4.44,56.8,-1.9,-3.01,269289.0,132540858.0,1.41
20250602,-3.92,1.47,36.12,1.19,-5.11,59.5,2.2,0.06,0.05,1375.7,-15157,-6664,69115.0,0.05,6.32,-150.0,1.0,100.0,0.091,8928.0,52.375,21289,35.58,1.24,-5.16,59.0,2.2,1.19,272519.0,132540858.0,-3.92
20250604,13.06,4.82,37.58,4.03,9.03,56.0,-3.5,2.48,2.66,1376.9,-21037,73281,81166.0,0.06,17.57,12051.0,1.0,500.0,0.401,17885.0,52.34375,-44248,37.04,,,55.5,,4.03,283508.0,132540858.0,
20250605,3.69,3.22,38.6,2.73,0.96,55.6,-0.4,1.8,1.49,1373.8,-112424,101011,76553.0,0.06,8.83,-4613,1.0,-700.0,-0.541,13627.0,52.34375,4967,38.06,2.76,0.93,55.1,-0.4,2.73,291232.0,132540858.0,3.69
20250609,-0.54,2.0,39.26,1.69,-2.23,56.6,1.0,0.82,1.55,1359.0,-23300,-30311,51967.0,0.04,10.83,-24586.0,1.0,0.0,0.0,11303.0,52.25,48536,38.72,,,56.1,,1.69,296192.0,132540858.0,
20250610,0.47,0.66,39.48,0.56,-0.09,56.6,0.1,-0.2,0.56,1358.9,116817,-80717,28923.0,0.02,6.09,-23044,1.0,100.0,0.077,8737.0,52.1875,-33920,38.94,0.57,-0.1,56.2,0.1,0.56,297873.0,132540858.0,0.47
20250611,7.12,4.12,40.87,3.51,3.61,55.1,-1.5,3.2,1.23,1359.9,-73298,102687,31872.0,0.02,8.51,2949.0,1.0,200.0,0.145,10600.0,52.25,-33710,40.33,3.57,3.55,54.7,-1.5,3.51,308335.0,132540858.0,7.12
20250612,1.59,-1.88,40.2,-1.62,3.21,53.6,-1.5,-0.87,0.45,1368.8,-3671,6069,98483.0,0.07,24.54,66611.0,1.0,-1400.0,-0.996,13643.0,52.1875,-5232,39.67,-1.63,3.22,53.2,-1.5,-1.62,303331.0,132540858.0,1.59
20250613,-1.28,0.0,40.2,-0.01,-1.27,54.2,0.6,-1.03,-0.87,1362.9,37434,-32382,206968.0,0.16,22.34,108485.0,1.0,500.0,0.36,15251.0,52.21875,-5344,39.67,-0.0,-1.28,53.8,0.6,-0.01,303314.0,132540858.0,-1.28
20250616,8.0,5.31,42.02,4.54,3.46,52.7,-1.5,0.87,1.8,1366.8,-99982,94329,236156.0,0.18,12.56,29188.0,1.0,-300.0,-0.2,15826.0,52.25,-224,41.5,4.6,3.4,52.3,-1.5,4.54,317069.0,132540858.0,8.0
20250617,2.33,0.4,42.18,0.35,1.98,51.8,-0.9,1.05,0.12,1363.6,-105756,71544,214155.0,0.16,14.35,-22001.0,1.0,100.0,0.065,16391.0,52.1875,29224,41.64,0.34,1.99,51.3,-1.0,0.35,318208.0,132540858.0,2.33
20250618,-3.26,-1.0,41.81,-0.86,-2.4,53.0,1.2,0.36,0.74,1361.7,-68216,30266,246445.0,0.19,14.89,32290.0,1.0,600.0,0.404,18270.0,52.09375,31807,41.28,-0.88,-2.38,52.5,1.2,-0.86,315444.0,132540858.0,-3.26
20250619,0.0,-0.2,41.74,-0.16,0.16,52.9,-0.1,-0.34,0.19,1373.2,29204,-32653,274236.0,0.21,5.45,27791.0,1.0,-400.0,-0.27,9455.0,51.96875,1169,41.2,-0.18,0.18,52.4,-0.1,-0.16,314940.0,132540858.0,0.0
20250620,4.78,4.47,43.35,3.84,0.94,52.5,-0.4,1.05,1.48,1379.6,-39414,49924,278390.0,0.21,5.29,4154.0,1.0,-400.0,-0.257,12965.0,52.0,-7800,42.81,3.9,0.88,52.0,-0.4,3.84,327078.0,132540858.0,4.78
20250623,5.27,0.97,43.72,0.84,4.43,50.4,-2.1,-0.34,-0.24,1369.4,83039,-75647,253946.0,0.19,8.78,-24444.0,1.0,600.0,0.367,22385.0,52.0,-5913,43.18,0.86,4.41,49.9,-2.1,0.84,329841.0,132540858.0,5.27
20250624,10.57,7.32,46.5,6.36,4.21,48.4,-2.0,2.52,2.96,1381.9,-101854,65211,235702.0,0.18,18.66,-18244.0,1.0,-800.0,-0.442,23249.0,52.03125,30086,45.96,6.43,4.14,48.0,-1.9,6.36,350809.0,132540858.0,10.57
20250625,6.19,2.69,47.59,2.35,3.84,46.5,-1.9,2.04,0.15,1365.0,-58089,-20712,208958.0,0.16,18.54,-26744.0,1.0,-800.0,-0.416,25518.0,51.9375,63685,47.05,2.39,3.8,46.0,-2.0,2.35,359062.0,132540858.0,6.19
20250626,-2.5,2.45,48.6,2.12,-4.62,48.9,2.4,0.06,-0.92,1360.9,-112749,109202,191691.0,0.14,13.33,-17267.0,1.0,200.0,0.107,22276.0,51.9375,-4677,48.07,2.17,-4.67,48.5,2.5,2.12,366679.0,132540858.0,-2.5
20250627,-5.92,-3.07,47.3,-2.68,-3.24,50.6,1.7,-0.79,-0.77,1357.6,-52907,7024,161368.0,0.12,4.99,-30323.0,1.0,-300.0,-0.17,24329.0,51.84375,35395,46.76,-2.74,-3.18,50.2,1.7,-2.68,356839.0,132540858.0,-5.92
20250630,3.8,2.82,48.47,2.47,1.33,50.0,-0.6,0.64,0.52,1356.4,-73497,101351,135135.0,0.1,10.42,-26233.0,1.0,100.0,0.055,17392.0,51.84375,-21970,47.92,2.5,1.3,49.6,-0.6,2.47,365664.0,132540858.0,3.8
20250701,1.09,-2.23,47.53,-1.93,3.02,48.4,-1.5,-0.08,0.58,1353.6,-44968,52544,110349.0,0.08,2.81,-24786.0,1.0,-500.0,-0.27,24147.0,51.78125,-1248,46.98,-1.97,3.06,48.0,-1.6,-1.93,358591.0,132540858.0,1.09
20250702,-4.76,-2.28,46.57,-2.01,-2.75,49.8,1.4,-1.25,-0.47,1352.6,25652,-19903,161466.0,0.12,13.25,51117.0,1.0,100.0,0.057,15407.0,51.71875,-6158,46.03,-2.02,-2.74,49.4,1.4,-2.01,351342.0,132540858.0,-4.76
20250703,-2.5,-0.18,46.51,-0.12,-2.38,51.0,1.2,2.29,1.34,1359.4,125,1402,182181.0,0.14,5.99,20715.0,1.0,1000.0,0.582,10730.0,51.71875,-1055,45.96,-0.16,-2.34,50.6,1.2,-0.12,350909.0,132540858.0,-2.5
20250704,-5.01,-2.87,45.34,-2.51,-2.5,52.3,1.2,-1.12,-1.99,1358.1,120848,-124104,183917.0,0.14,7.31,1736.0,1.0,-300.0,-0.184,17230.0,51.71875,-2573,44.79,-2.55,-2.46,51.9,1.3,-2.51,342092.0,132540858.0,-5.01
20250707,-0.74,0.18,45.41,0.16,-0.9,52.7,0.4,-0.58,0.17,1364.2,50225,-45893,200151.0,0.15,2.49,16234.0,1.0,-300.0,-0.185,8012.0,51.8125,-3587,44.86,0.16,-0.9,52.3,0.4,0.16,342644.0,132540858.0,-0.74
20250708,6.73,4.06,47.03,3.55,3.18,51.3,-1.4,1.82,1.81,1366.6,-172486,138751,208233.0,0.16,5.28,8082.0,1.0,-900.0,-0.521,17577.0,51.84375,29973,46.47,3.58,3.15,50.9,-1.4,3.55,354799.0,132540858.0,6.73
20250709,4.8,-0.35,46.88,-0.3,5.1,48.8,-2.5,-0.84,0.6,1368.0,-24668,61102,134279.0,0.1,3.46,-73954.0,1.0,-1200.0,-0.662,10664.0,51.71875,-33982,46.32,-0.31,5.11,48.3,-2.6,-0.3,353700.0,132540858.0,4.8
20250710,1.32,5.69,49.22,4.99,-3.67,50.6,1.8,1.48,1.58,1373.8,-45953,36919,163323.0,0.12,8.69,29044.0,1.0,-700.0,-0.381,8974.0,51.6875,6348,48.66,5.05,-3.73,50.2,1.9,4.99,371352.0,132540858.0,1.32
20250711,-5.23,-0.84,48.86,-0.74,-4.49,52.8,2.2,0.71,-0.23,1373.0,2314668,106647,170236.0,0.13,10.02,6913.0,1.0,700.0,0.402,18055.0,51.65625,66505,48.3,-0.75,-4.48,52.4,2.2,-0.74,368608.0,132540858.0,-5.23
20250714,2.47,1.87,49.64,1.61,0.86,52.4,-0.4,0.22,0.83,1374.7,-30922,-13576,173776.0,0.13,4.08,3540.0,1.0,0.0,0.0,5489.0,53.15625,43781,49.1,1.67,0.8,52.0,-0.4,1.61,374561.0,132540858.0,2.47
20250715,-2.97,-0.5,49.43,-0.45,-2.52,53.6,1.2,0.95,0.41,1378.5,5599,-67964,164911.0,0.12,11.36,-8865.0,1.0,1000.0,0.578,7432.0,53.125,54685,48.88,-0.45,-2.52,53.3,1.3,-0.45,372919.0,132540858.0,-2.97
20250716,0.64,-0.84,49.06,-0.74,1.38,53.0,-0.6,-0.25,-0.9,1382.7,92817,-98299,165230.0,0.12,8.24,319.0,1.0,700.0,0.402,6350.0,53.125,6764,48.51,-0.75,1.39,52.6,-0.7,-0.74,370132.0,132540858.0,0.64
20250717,-8.73,-8.95,45.19,-7.87,-0.86,53.4,0.4,-1.28,0.19,1387.1,175186,-383123,149028.0,0.11,2.68,-16202.0,1.0,100.0,0.063,24918.0,53.1875,199178,44.64,-7.98,-0.75,53.0,0.4,-7.87,340986.0,132540858.0,-8.73
20250718,1.01,-0.19,45.13,-0.15,1.16,52.9,-0.5,-0.25,-0.13,1390.8,-22608,34787,208685.0,0.16,10.32,59657.0,1.0,1100.0,0.685,10723.0,53.3125,-11712,44.57,-0.16,1.17,52.4,-0.6,-0.15,340467.0,132540858.0,1.01
20250721,0.56,1.3,45.64,1.14,-0.58,53.1,0.3,0.42,0.71,1391.9,27771,-1362,165765.0,0.13,2.99,-42920.0,1.0,800.0,0.496,5019.0,53.3125,-30115,45.08,1.15,-0.59,52.7,0.3,1.14,344372.0,132540858.0,0.56
20250722,-2.85,-1.47,45.05,-1.3,-1.55,53.9,0.7,-0.29,-1.27,1391.1,73115,-86025,172456.0,0.13,1.81,6691.0,1.0,500.0,0.319,7136.0,53.3125,12706,44.49,-1.3,-1.55,53.4,0.7,-1.3,339890.0,132540858.0,-2.85
20250723,-0.51,0.19,45.11,0.13,-0.64,54.2,0.3,-0.77,0.44,1386.3,11170,-9743,194627.0,0.15,16.45,22171.0,1.0,800.0,0.513,11015.0,53.375,-3669,44.57,0.16,-0.67,53.8,0.4,0.13,340354.0,132540858.0,-0.51
20250724,-2.56,0.19,45.19,0.18,-2.74,55.4,1.2,-0.6,0.21,1379.1,283,-73310,183132.0,0.14,4.88,-11495.0,1.0,-700.0,-0.461,11385.0,53.4375,63028,44.64,0.16,-2.72,55.0,1.2,0.18,340968.0,132540858.0,-2.56
20250725,0.66,-1.3,44.68,-1.13,1.79,54.6,-0.8,-0.35,0.18,1368.7,55130,-40318,158434.0,0.12,6.17,-24698.0,1.0,900.0,0.588,5828.0,53.40625,-15533,44.13,-1.15,1.81,54.2,-0.8,-1.13,337112.0,132540858.0,0.66
20250728,-1.83,-1.5,44.09,-1.32,-0.51,54.8,0.2,1.59,0.42,1376.0,65847,-52831,137807.0,0.1,1.92,-20627.0,1.0,-1000.0,-0.666,8742.0,53.46875,-14784,43.54,-1.33,-0.5,54.4,0.2,-1.32,332678.0,132540858.0,-1.83
20250729,-0.67,0.19,44.16,0.17,-0.84,55.2,0.4,0.07,0.66,1379.6,45418,-43216,125419.0,0.09,8.85,-12388.0,1.0,500.0,0.335,7318.0,53.53125,-4759,43.61,0.17,-0.84,54.8,0.4,0.17,333215.0,132540858.0,-0.67
20250730,-0.8,0.38,44.31,0.33,-1.13,55.7,0.5,0.52,0.74,1391.4,8044,-22867,123802.0,0.09,5.84,-1617.0,1.0,0.0,0.0,7541.0,53.5625,12801,43.76,0.34,-1.14,55.3,0.5,0.33,334323.0,132540858.0,-0.8
20250731,2.77,3.8,45.77,3.3,-0.53,56.0,0.2,-0.02,-0.28,1382.9,-20312,35909,123305.0,0.09,3.42,-497.0,1.0,-100.0,-0.066,11188.0,53.5625,-17164,45.22,3.34,-0.57,55.6,0.3,3.3,345348.0,132540858.0,2.77
20250801,-7.76,-5.67,43.51,-4.95,-2.81,57.3,1.3,-2.37,-3.88,1390.4,-17100,-14290,122657.0,0.09,4.68,-648.0,1.0,700.0,0.499,14203.0,53.5625,26139,42.95,-5.02,-2.74,56.9,1.3,-4.95,328243.0,132540858.0,-7.76
20250804,-0.07,0.0,43.5,-0.01,-0.06,57.3,0.0,-0.34,0.91,1399.3,-44225,38272,183556.0,0.14,22.31,60899.0,1.0,500.0,0.357,10953.0,53.53125,3643,42.95,0.01,-0.08,56.9,0.0,-0.01,328224.0,132540858.0,-0.07
20250805,2.35,2.13,44.31,1.86,0.49,57.1,-0.2,0.9,1.6,1384.9,-2211,-7995,219662.0,0.17,2.17,36106.0,1.0,-500.0,-0.348,8426.0,53.5625,9736,43.76,1.87,0.48,56.7,-0.2,1.86,334317.0,132540858.0,2.35
20250806,-2.23,-1.9,43.59,-1.63,-0.6,57.3,0.3,-0.34,0.0,1386.7,26923,-59437,191330.0,0.14,4.6,-28332.0,1.0,500.0,0.356,6605.0,53.5625,27489,43.03,-1.67,-0.56,56.9,0.2,-1.63,328859.0,132540858.0,-2.23
20250807,1.14,1.35,44.1,1.16,-0.02,57.4,0.0,0.85,0.92,1389.5,42758,-48552,177123.0,0.13,5.85,-14207.0,1.0,500.0,0.352,7754.0,53.59375,2627,43.54,1.19,-0.05,56.9,0.0,1.16,332694.0,132540858.0,1.14
20250808,-1.83,-2.1,43.29,-1.83,0.0,57.4,0.0,0.94,-0.55,1384.2,15043,-44840,169514.0,0.13,5.14,-7609.0,1.0,700.0,0.503,13733.0,53.625,23484,42.73,-1.85,0.02,56.9,0.0,-1.83,326599.0,132540858.0,-1.83
20250811,1.94,4.09,44.83,3.56,-1.62,58.0,0.7,1.04,-0.1,1386.0,-47828,47566,154359.0,0.12,3.83,-15155.0,1.0,-700.0,-0.493,5504.0,53.625,640,44.27,3.6,-1.66,57.6,0.7,3.56,338234.0,132540858.0,1.94
20250812,-0.35,0.75,45.13,0.67,-1.02,58.4,0.4,0.07,-0.53,1388.3,-94382,106276,131953.0,0.1,7.83,-22406.0,1.0,-141100.0,-99.717,9179.0,53.59375,-15890,44.56,0.66,-1.01,58.1,0.5,0.67,340506.0,132540858.0,-0.35
20250813,2.19,3.35,46.44,2.89,-0.7,58.7,0.3,1.74,1.08,1390.2,-33372,31151,118376.0,0.09,4.69,-13577.0,1.0,0.0,0.0,5281.0,53.5,-1660,45.88,2.95,-0.76,58.4,0.3,2.89,350356.0,132540858.0,2.19
20250814,-0.62,-0.54,46.21,-0.5,-0.12,58.8,0.1,0.02,0.04,1383.8,-21329,25036,73489.0,0.06,6.14,-44887.0,1.0,-143400.0,-99.791,12780.0,53.46875,-3669,45.66,-0.48,-0.14,58.4,0.0,-0.5,348651.0,132540858.0,-0.62
20250818,-4.24,-3.25,44.89,-2.85,-1.39,59.4,0.6,-1.08,-1.50,1382.2,-18791,1231,89388.0,0.07,12.35,15899.0,1.0,600.0,0.436,7673.0,53.46875,17443,44.34,,,59.0,,-2.85,338687.0,132540858.0,
20250819,2.03,-1.68,44.23,-1.45,3.48,57.9,-1.4,-0.11,-0.81,1385.3,44757,-17806,88849.0,0.07,3.75,-539,1.0,200.0,0.142,7782.0,53.4375,-26245,43.68,-1.48,3.51,57.5,-1.5,-1.45,333736.0,132540858.0,2.03
20250820,-2.35,-2.85,43.12,-2.5,0.15,57.9,-0.1,-1.28,-0.68,1389.4,22598,18005,86058.0,0.06,4.07,-2791.0,1.0,-600.0,-0.438,11671.0,53.5,-38251,42.59,-2.51,0.16,57.5,0.0,-2.5,325368.0,132540858.0,-2.35
20250821,-1.39,-4.11,41.59,-3.56,2.17,56.9,-1.0,-1.14,0.37,1397.5,120937,-97189,107421.0,0.08,4.38,21363.0,1.0,300.0,0.222,10002.0,53.5,-23763,41.06,-3.6,2.21,56.5,-1.0,-3.56,313791.0,132540858.0,-1.39
20250822,0.0,2.45,42.47,2.11,-2.11,57.8,0.9,1.35,0.86,1398.1,-21430,13734,107591.0,0.08,4.82,170.0,1.0,100.0,0.074,5260.0,53.625,7676,41.93,2.13,-2.13,57.4,0.9,2.11,320405.0,132540858.0,0.0
20250825,7.1,3.39,43.72,2.95,4.15,56.1,-1.7,1.83,1.3,1395.6,30528,20314,101715.0,0.08,6.08,-5876.0,1.0,-600.0,-0.414,10327.0,53.625,-50685,43.17,2.96,4.14,55.7,-1.7,2.95,329844.0,132540858.0,7.1
20250826,-2.49,0.77,44.01,0.65,-3.14,57.5,1.4,1.12,-0.95,1386.3,-92732,79060,68655.0,0.05,7.42,-33060.0,1.0,600.0,0.425,8479.0,53.625,14652,43.47,0.68,-3.17,57.1,1.4,0.65,332016.0,132540858.0,-2.49
20250827,-0.92,-0.57,43.79,-0.48,-0.44,57.7,0.2,-0.08,0.25,1391.2,-33933,22805,56940.0,0.04,8.05,-11715.0,1.0,700.0,0.5,5887.0,53.5625,11263,43.25,-0.5,-0.42,57.3,0.2,-0.48,330423.0,132540858.0,-0.92
20250828,6.93,3.27,45.04,2.85,4.08,56.0,-1.7,0.03,0.29,1395.7,-186677,244389,58150.0,0.04,6.23,1210.0,1.0,400.0,0.267,16538.0,53.625,-54694,44.5,2.88,4.05,55.6,-1.7,2.85,339825.0,132540858.0,6.93
20250829,-0.4,0.19,45.11,0.16,-0.56,56.2,0.2,0.38,-0.32,1388.6,-59718,59317,49101.0,0.04,6.02,-9049.0,1.0,1100.0,0.738,7099.0,53.34375,298,44.57,0.17,-0.57,55.8,0.2,0.16,340367.0,132540858.0,-0.4
20250901,-2.68,-4.83,43.21,-4.21,1.53,55.5,-0.7,-2.41,-1.35,1387.7,32938,-21202,56764.0,0.04,13.39,7663.0,1.0,600.0,0.414,8549.0,53.28125,-10034,42.67,-4.26,1.58,55.1,-0.7,-4.21,326028.0,132540858.0,-2.68
20250902,-0.97,1.76,43.87,1.52,-2.49,56.6,1.1,0.59,0.94,1392.4,22495,-25330,53277.0,0.04,9.86,-3487.0,1.0,900.0,0.627,5622.0,53.3125,4333,43.33,1.54,-2.51,56.2,1.1,1.52,330981.0,132540858.0,-0.97
20250903,0.21,0.77,44.16,0.68,-0.47,56.8,0.2,1.36,0.38,1392.2,-74,-3971,53210.0,0.04,11.56,-67.0,1.0,700.0,0.486,4023.0,53.3125,4281,43.62,0.67,-0.46,56.4,0.2,0.68,333194.0,132540858.0,0.21
20250904,3.82,1.14,44.59,0.97,2.85,55.6,-1.2,0.85,0.52,1393.8,-6380,39987,49209.0,0.04,4.6,-4001.0,1.0,-600.0,-0.402,8396.0,53.3125,-33609,44.06,1.01,2.81,55.2,-1.2,0.97,336447.0,132540858.0,3.82
20250905,2.28,3.01,45.77,2.62,-0.34,55.8,0.2,2.39,0.13,1392.7,-87103,85036,49355.0,0.04,6.32,146.0,1.0,100.0,0.065,8138.0,53.28125,1704,45.23,2.66,-0.38,55.4,0.2,2.62,345309.0,132540858.0,2.28
20250908,0.52,1.28,46.28,1.12,-0.6,56.0,0.3,1.18,0.45,1391.8,-4213,12423,38561.0,0.03,9.64,-10794.0,1.0,-300.0,-0.195,3538.0,53.1875,-5013,45.74,1.14,-0.62,55.6,0.2,1.12,349157.0,132540858.0,0.52
20250909,5.47,3.97,47.88,3.46,2.01,55.2,-0.9,1.56,1.26,1390.4,-81449,142731,38419.0,0.03,12.94,-142.0,1.0,-161800.0,-99.877,11592.0,53.1875,-56350,47.35,3.53,1.94,54.8,-0.8,3.46,361268.0,132540858.0,5.47
20250910,7.59,5.56,50.23,4.9,2.69,54.0,-1.1,2.03,1.67,1386.6,-125814,252500,40513.0,0.03,6.68,2094.0,1.0,-500.0,-0.287,19128.0,53.125,-123948,49.69,4.94,2.65,53.7,-1.1,4.9,379001.0,132540858.0,7.59
20250911,4.48,0.99,50.67,0.86,3.62,52.4,-1.6,1.04,0.9,1387.6,-600,123307,34847.0,0.03,12.76,-5666.0,1.0,-1100.0,-0.604,13785.0,53.0625,-114274,50.13,0.88,3.6,52.0,-1.7,0.86,382300.0,132540858.0,4.48
20250912,8.35,7.0,53.82,6.22,2.13,51.4,-0.9,2.18,1.54,1389.4,-108465,201828,35059.0,0.03,25.52,212.0,1.0,-600.0,-0.304,24336.0,53.09375,-90745,53.27,6.26,2.09,51.1,-0.9,6.22,406093.0,132540858.0,8.35
20250915,1.62,0.76,54.22,0.73,0.89,51.0,-0.4,0.99,0.35,1388.7,75099,-22945,27151.0,0.02,22.03,-7908.0,1.0,-500.0,-0.249,15872.0,53.0,-50528,53.63,0.69,0.93,50.6,-0.5,0.73,409086.0,132540858.0,1.62
20250916,2.74,5.14,56.72,4.6,-1.86,51.9,0.9,1.89,1.24,1389.5,-44831,99279,39471.0,0.03,11.64,12320.0,1.0,500.0,0.243,12264.0,53.09375,-52012,56.12,4.63,-1.89,51.5,0.9,4.6,427930.0,132540858.0,2.74
20250917,-2.67,-4.17,54.61,-3.71,1.04,51.3,-0.5,-0.6,-1.05,1382.3,36858,32303,38335.0,0.03,11.35,-1136.0,1.0,500.0,0.249,10133.0,53.0625,-66947,53.99,-3.78,1.11,51.0,-0.5,-3.71,412042.0,132540858.0,-2.67
20250918,3.99,5.85,57.47,5.24,-1.25,51.9,0.6,2.8,1.4,1380.0,-78145,72057,37834.0,0.03,8.75,-501.0,1.0,0.0,0.0,16599.0,53.0625,4619,56.84,5.28,-1.29,51.6,0.6,5.24,433634.0,132540858.0,3.99
20250919,3.84,0.0,57.48,0.0,3.84,50.1,-1.8,0.34,-0.46,1384.6,6037,66598,33598.0,0.03,15.33,-4236.0,1.0,-1000.0,-0.462,7539.0,53.0,-63908,56.85,0.0,3.84,49.7,-1.9,0.0,433667.0,132540858.0,3.84
20250922,-0.46,-0.57,57.2,-0.49,0.03,50.1,-0.0,1.12,0.68,1393.6,-43314,46977,38916.0,0.03,14.99,5318.0,1.0,500.0,0.232,12115.0,53.0,-4120,56.55,-0.52,0.06,49.7,0.0,-0.49,431566.0,132540858.0,-0.46
20250923,2.09,2.85,58.67,2.56,-0.47,50.3,0.2,1.09,0.51,1394.0,-99932,102905,42165.0,0.03,20.41,3249.0,1.0,500.0,0.227,8637.0,52.9375,316,58.01,2.58,-0.49,49.9,0.2,2.56,442645.0,132540858.0,2.09
20250924,-1.14,-0.97,58.17,-0.85,-0.29,50.4,0.1,2.09,-0.4,1393.8,-41384,81622,46864.0,0.04,12.95,4699.0,1.0,0.0,0.0,8266.0,52.84375,-41418,57.5,-0.89,-0.25,50.0,0.1,-0.85,438893.0,132540858.0,-1.14
20250925,-2.99,-0.28,58.02,-0.26,-2.73,51.8,1.4,-0.25,-0.03,1394.9,-126061,106874,51523.0,0.04,7.04,4659.0,1.0,500.0,0.237,10270.0,52.875,16403,57.35,-0.26,-2.73,51.4,1.4,-0.26,437758.0,132540858.0,-2.99
20250926,-7.44,-5.61,55.08,-5.06,-2.38,53.0,1.2,-1.74,-2.45,1400.4,-12047,-37785,54117.0,0.04,6.74,2594.0,1.0,200.0,0.102,17003.0,52.78125,46544,54.43,-5.1,-2.34,52.6,1.2,-5.06,415566.0,132540858.0,-7.44
20250929,0.92,3.71,56.9,3.3,-2.38,54.1,1.1,1.59,1.33,1411.6,-42385,49281,54422.0,0.04,4.76,305.0,1.0,-200.0,-0.101,7936.0,52.75,-5393,56.25,3.36,-2.44,53.7,1.1,3.3,429265.0,132540858.0,0.92
20250930,2.23,-0.43,56.66,-0.41,2.64,52.9,-1.2,0.08,-0.19,1402.2,-19243,42525,53750.0,0.04,1.51,-672.0,1.0,-200800.0,-99.653,14381.0,52.71875,-24646,56.03,-0.39,2.62,52.5,-1.2,-0.41,427524.0,132540858.0,2.23
20251001,1.99,3.6,58.17,3.21,-1.22,53.2,0.3,1.76,0.91,1403.2,-69108,81690,49381.0,0.04,7.03,-4369.0,1.0,-500.0,-0.243,5769.0,52.6875,-11575,57.86,3.26,-1.27,53.1,0.6,2.64,438852.0,132540858.0,1.99
20251002,15.82,9.86,63.36,8.93,6.89,50.2,-3.0,3.11,2.7,1406.0,-204682,308504,50110.0,0.04,8.58,729.0,1.0,1500.0,0.63,27142.0,52.625,-113843,63.05,8.97,6.85,50.1,-3.0,8.93,478029.0,132540858.0,15.82
20251010,3.78,8.22,68.17,7.59,-3.81,52.0,1.8,3.48,1.73,1401.9,-520882,418075,34501,0.03,13.39,133,1.0,0.0,0.0,25236.0,52.46875,98871,67.79,,,51.9,,7.59,514297.0,132540858.0,
20251013,-0.61,-3.04,66.24,-2.83,2.22,50.9,-1.1,0.31,-0.72,1420.5,-96696,117563,34876,0.03,14.14,375,1.0,500.0,0.204,15434.0,52.09375,-18817,65.89,-2.8,2.19,50.8,-1.1,-2.83,499750.0,132540858.0,-0.61
20251014,-4.48,-0.84,65.77,-0.69,-3.79,52.8,1.9,-1.61,-0.63,1427.7,-40104,32747,34876.0,0.03,20.01,375.0,1.0,2000.0,0.853,22268.0,52.0,360,65.38,-0.78,-3.7,52.6,1.8,-0.69,496246.0,132540858.0,-4.48
20251015,3.84,2.67,67.36,2.42,1.42,52.1,-0.7,2.88,2.68,1428.4,-59092,42178,34333.0,0.03,16.29,-543.0,1.0,-500.0,-0.205,10347.0,51.9375,16163,66.99,2.46,1.38,52.0,-0.6,2.42,508233.0,132540858.0,3.84
20251016,5.75,7.1,71.72,6.48,-0.73,52.4,0.3,1.82,2.49,1424.4,-165875,153669,32816.0,0.02,14.42,-1517.0,1.0,-1000.0,-0.388,20398.0,51.875,10110,71.37,6.54,-0.79,52.3,0.3,6.48,541146.0,132540858.0,5.75
20251017,0.0,2.87,73.59,2.61,-2.61,53.6,1.2,-1.42,0.01,1419.1,-22207,47095,28155.0,0.02,13.62,-4661.0,1.0,500.0,0.194,15739.0,51.75,-31800,73.27,2.66,-2.66,53.6,1.3,2.61,555257.0,132540858.0,0.0
20251020,1.75,4.3,76.51,3.96,-2.21,54.6,1.0,1.48,1.76,1419.5,-72366,64961,33347.0,0.03,13.18,5192.0,1.0,0.0,0.0,12790.0,51.75,5821,76.19,3.99,-2.24,54.6,1.0,3.96,577231.0,132540858.0,1.75
20251021,-2.29,-1.34,75.55,-1.24,-1.05,55.1,0.5,0.19,0.24,1420.2,8198,-10575,36022.0,0.03,16.72,2675.0,1.0,500.0,0.195,14149.0,51.6875,1481,75.24,-1.25,-1.04,55.1,0.5,-1.24,570001.0,132540858.0,-2.29
20251022,0.98,0.52,75.91,0.48,0.5,54.9,-0.2,0.17,1.56,1423.7,43363,-20220,37127.0,0.03,13.86,1105.0,1.0,0.0,0.0,10181.0,51.6875,-22941,75.61,0.49,0.49,54.8,-0.3,0.48,572744.0,132540858.0,0.98
20251023,-2.13,-0.62,75.46,-0.61,-1.52,55.6,0.7,-0.55,-0.98,1430.1,-78428,42067,38245.0,0.03,10.06,1118.0,1.0,1500.0,0.593,14457.0,51.71875,33334,75.17,-0.58,-1.55,55.5,0.7,-0.61,569305.0,132540858.0,-2.13
20251024,7.11,6.58,80.07,6.12,0.99,55.1,-0.4,2.79,2.5,1436.6,-62811,145130,39906.0,0.03,8.25,1661.0,1.0,0.0,0.0,19219.0,51.65625,-81274,79.77,6.12,0.99,55.1,-0.4,6.12,604150.0,132540858.0,7.11
20251027,7.56,4.9,83.73,4.56,3.0,53.9,-1.3,1.77,2.57,1436.1,-96946,88871,36983.0,0.03,10.79,-2923.0,1.0,500.0,0.172,16122.0,51.625,8449,83.42,4.58,2.98,53.8,-1.3,4.56,631740.0,132540858.0,7.56
20251028,-6.69,-2.62,81.7,-2.42,-4.27,55.9,2.0,-1.53,-0.8,1432.5,-162638,36446,35459.0,0.03,13.03,-1524.0,1.0,3500.0,1.287,13436.0,51.53125,121688,81.38,-2.45,-4.24,55.9,2.1,-2.42,616380.0,132540858.0,-6.69
20251029,1.1,7.1,87.08,6.59,-5.49,58.1,2.3,3.27,1.76,1434.3,-91436,27437,37873.0,0.03,7.47,2414.0,1.0,0.0,0.0,19851.0,51.40625,57310,86.78,6.64,-5.54,58.1,2.2,6.59,656984.0,132540858.0,1.1
20251030,2.18,1.79,88.55,1.68,0.5,57.9,-0.2,0.78,0.14,1433.0,52507,-28744,42461.0,0.03,5.25,4588.0,1.0,-1000.0,-0.356,23694.0,51.34375,-31152,88.24,1.68,0.5,57.9,-0.2,1.68,668113.0,132540858.0,2.18
20251031,-7.47,-1.58,87.23,-1.49,-5.98,60.5,2.6,-0.55,0.5,1423.2,120653,-220957,40083.0,0.03,3.58,-2378.0,1.0,6000.0,2.308,35668.0,51.375,95079,86.92,-1.49,-5.98,60.5,2.6,-1.49,658153.0,132540858.0,-7.47
20251103,8.65,10.91,96.15,10.23,-1.58,61.1,0.6,3.11,2.78,1427.4,381421,-425526,47298.0,0.04,7.3,7215.0,1.0,500.0,0.177,23800.0,51.46875,39551,95.83,10.25,-1.6,61.1,0.6,10.23,725450.0,132540858.0,8.65
20251104,-3.01,-5.48,91.17,-5.18,2.17,60.2,-0.9,-1.3,-2.37,1429.0,175391,-121471,47194.0,0.04,4.37,-104.0,1.0,0.0,0.0,21727.0,51.75,-54245,90.87,-5.18,2.17,60.2,-0.9,-5.18,687842.0,132540858.0,-3.01
20251105,-5.11,-1.19,90.13,-1.14,-3.97,61.8,1.6,-0.86,-2.85,1437.7,30462,-94282,49547.0,0.04,11.16,2353.0,1.0,500.0,0.192,27966.0,51.875,59252,89.84,-1.13,-3.98,61.8,1.6,-1.14,679984.0,132540858.0,-5.11
20251106,3.85,2.42,92.18,2.28,1.57,61.2,-0.6,1.22,0.55,1447.0,35544,-30701,41837.0,0.03,3.85,-7710.0,1.0,-3500.0,-1.296,20383.0,51.90625,-8040,91.89,2.28,1.57,61.2,-0.6,2.28,695486.0,132540858.0,3.85
20251107,3.33,-2.19,90.29,-2.05,5.38,59.0,-2.1,-1.21,-1.81,1445.6,39284,21934,34248.0,0.03,3.65,-7589.0,1.0,2000.0,0.717,31326.0,51.9375,-60983,89.99,-2.07,5.4,59.0,-2.2,-2.05,681223.0,132540858.0,3.33
20251110,3.94,4.48,94.1,4.21,-0.27,59.2,0.1,1.32,3.02,1454.0,13023,16225,26401.0,0.02,14.89,-7847.0,1.0,2000.0,0.69,19643.0,51.96875,-31642,93.79,4.22,-0.28,59.2,0.2,4.21,709958.0,132540858.0,3.94
20251111,7.41,2.15,95.99,2.02,5.39,57.0,-2.2,1.58,0.81,1453.7,-128487,126813,26134.0,0.02,8.97,-267.0,1.0,-500.0,-0.161,37820.0,51.96875,1058,95.69,2.02,5.39,57.0,-2.2,2.02,724193.0,132540858.0,7.41
20251112,3.53,-0.32,95.69,-0.31,3.84,55.3,-1.7,-1.03,1.07,1463.2,-103530,83202,23601.0,0.02,6.75,-2533.0,1.0,-2500.0,-0.775,21308.0,51.875,22250,95.4,-0.3,3.83,55.3,-1.7,-0.31,721963.0,132540858.0,3.53
20251113,0.31,-0.81,94.95,-0.78,1.09,54.8,-0.5,0.09,0.49,1466.4,-27434,19761,19238.0,0.01,19.09,-4363.0,1.0,-1000.0,-0.309,14930.0,51.78125,9304,94.67,-0.76,1.07,54.9,-0.4,-0.78,716348.0,132540858.0,0.31
20251114,-10.05,-8.5,87.33,-8.02,-2.03,55.8,1.0,-3.9,-3.81,1469.5,-125097,-39034,19063.0,0.01,11.98,-175.0,1.0,1000.0,0.344,18505.0,51.75,157898,87.07,-8.03,-2.02,55.9,1.0,-8.02,658865.0,132540858.0,-10.05
20251117,4.64,8.21,94.05,7.7,-3.06,57.1,1.3,2.03,1.94,1458.5,11712,22935,23005.0,0.02,14.05,3942.0,1.0,-1500.0,-0.493,16421.0,51.65625,-31900,93.79,7.72,-3.08,57.1,1.2,7.7,709598.0,132540858.0,4.64
20251118,-6.9,-5.94,88.79,-5.58,-1.32,57.7,0.6,-3.52,-3.32,1458.3,-84262,65052,18950.0,0.01,9.13,-4055.0,1.0,1000.0,0.353,18996.0,51.65625,21681,88.52,-5.61,-1.29,57.7,0.6,-5.58,669932.0,132540858.0,-6.9
20251119,-0.18,-1.4,87.63,-1.3,1.12,57.2,-0.5,-1.03,-0.61,1465.2,-151201,137069,27361.0,0.02,19.7,8411.0,1.0,1000.0,0.353,22653.0,51.59375,13539,87.36,-1.32,1.14,57.2,-0.5,-1.3,661156.0,132540858.0,-0.18
20251120,3.71,1.6,88.94,1.49,2.22,56.3,-0.9,1.07,1.92,1465.0,83120,-47682,29853.0,0.02,14.72,2492.0,1.0,-1500.0,-0.511,18607.0,51.46875,-35434,88.67,1.51,2.2,56.3,-0.9,1.49,671051.0,132540858.0,3.71
20251121,-9.37,-8.76,81.61,-8.24,-1.13,56.8,0.5,-5.85,-3.79,1468.4,-70699,8626,35375.0,0.03,8.38,5522.0,1.0,1500.0,0.564,16432.0,51.53125,62866,81.37,-8.24,-1.13,56.8,0.5,-8.24,615713.0,132540858.0,-9.37
20251124,3.76,-0.19,81.46,-0.17,3.93,55.2,-1.5,1.18,-0.19,1472.0,1678,26587,37068.0,0.03,8.54,1693.0,1.0,500.0,0.181,21109.0,51.46875,-26589,81.22,-0.18,3.94,55.1,-1.7,-0.17,616741.0,132087115.0,3.76
20251125,5.25,-0.19,81.34,-0.16,5.41,52.8,-2.4,0.89,0.3,1473.5,96531,-6657,37510.0,0.03,5.9,442.0,1.0,-1500.0,-0.516,21874.0,51.46875,-80415,81.07,-0.18,5.43,52.7,-2.4,-0.16,615789.0,132087115.0,5.25
20251126,0.17,0.96,82.07,0.9,-0.73,53.2,0.3,2.24,2.67,1473.5,3481,-2379,33276.0,0.03,15.59,-4234.0,1.0,-1500.0,-0.515,16499.0,51.5625,2700,81.8,0.9,-0.73,53.0,0.3,0.9,621328.0,132087115.0,0.17
20251127,3.44,3.82,84.99,3.55,-0.11,53.2,0.1,0.69,0.66,1462.7,-21366,71224,34266.0,0.03,18.51,990.0,1.0,-1500.0,-0.498,13636.0,51.5625,-45120,84.73,3.57,-0.13,53.1,0.1,3.55,643444.0,132087115.0,3.44
20251128,-1.0,-2.57,82.93,-2.43,1.43,52.5,-0.7,0.15,-1.51,1464.8,-7171,19395,32879.0,0.02,17.78,-1387.0,1.0,1000.0,0.336,8852.0,51.53125,-7626,82.68,-2.41,1.41,52.4,-0.7,-2.43,627811.0,132087115.0,-1.0
20251201,1.34,1.51,84.1,1.42,-0.08,52.6,0.0,0.53,-0.16,1465.9,23608,-10253,32639.0,0.02,18.9,-240.0,1.0,-1500.0,-0.497,12438.0,51.53125,-11052,83.85,1.41,-0.07,52.4,0.0,1.42,636732.0,132087115.0,1.34
20251202,2.15,3.72,87.02,3.46,-1.31,53.2,0.6,1.23,1.9,1469.1,-21785,42871,32493.0,0.02,21.78,-146.0,1.0,0.0,0.0,13448.0,51.53125,-18718,86.77,3.48,-1.33,53.0,0.6,3.46,658795.0,132087115.0,2.15
20251203,0.65,-1.08,86.14,-1.01,1.66,52.4,-0.8,0.12,1.04,1469.6,-710,20485,32493.0,0.02,15.34,0.0,1.0,-1500.0,-0.483,13129.0,51.53125,-19453,85.9,-1.01,1.66,52.3,-0.7,-1.01,652152.0,132087115.0,0.65
20251204,0.64,-1.81,84.69,-1.69,2.33,51.3,-1.1,-1.08,-0.19,1468.7,103529,-117508,28729.0,0.02,14.48,-3764.0,1.0,-500.0,-0.16,11314.0,51.5,15168,84.44,-1.7,2.34,51.1,-1.2,-1.69,641138.0,132087115.0,0.64
20251205,-3.36,0.37,85.01,0.38,-3.74,53.1,1.8,1.27,1.78,1471.5,-50829,-26735,28682.0,0.02,11.7,-47.0,1.0,0.0,0.0,11944.0,51.59375,76921,84.73,0.35,-3.71,52.9,1.8,0.38,643558.0,132087115.0,-3.36
20251208,6.62,6.07,89.82,5.65,0.97,52.6,-0.4,1.53,1.34,1472.1,41887,45860,45931.0,0.03,15.24,17249.0,1.0,-2500.0,-0.776,18918.0,51.53125,-84348,89.55,5.69,0.93,52.5,-0.4,5.65,679988.0,132087115.0,6.62
20251209,0.31,-1.91,88.22,-1.78,2.09,51.6,-1.0,-0.69,-0.27,1469.0,11194,32273,23909.0,0.02,10.39,-22022.0,1.0,-1500.0,-0.464,20268.0,51.59375,-41808,87.94,-1.79,2.1,51.5,-1.0,-1.78,667865.0,132087115.0,0.31
20251210,0.31,3.71,91.29,3.47,-3.16,53.1,1.5,0.07,-0.21,1470.4,-26130,28631,24050.0,0.02,11.65,141.0,1.0,-2500.0,-0.772,17584.0,51.59375,1657,91.01,3.49,-3.18,53.0,1.5,3.47,691098.0,132087115.0,0.31
20251211,-5.09,-3.75,88.06,-3.53,-1.56,53.9,0.8,-0.72,-0.59,1470.4,22620,-58194,24483.0,0.02,6.16,433.0,1.0,1500.0,0.488,9509.0,51.5625,35448,87.8,-3.53,-1.56,53.7,0.7,-3.53,666680.0,132087115.0,-5.09
20251212,0.16,1.06,88.94,0.99,-0.83,54.3,0.4,0.4,1.38,1469.5,-45782,31443,23732.0,0.02,6.67,-751.0,1.0,2000.0,0.649,10632.0,51.59375,15985,88.68,1.0,-0.84,54.1,0.4,0.99,673339.0,132087115.0,0.16
20251215,-5.03,-2.98,86.45,-2.8,-2.23,55.3,1.1,-1.76,-1.84,1472.5,-49994,-79375,23740.0,0.02,8.63,8.0,1.0,500.0,0.171,11835.0,51.59375,128625,86.2,-2.8,-2.23,55.2,1.1,-2.8,654475.0,132087115.0,-5.03
20251216,-3.93,-4.33,82.92,-4.07,0.14,55.2,-0.1,-2.88,-2.24,1474.1,6521,-23082,28540.0,0.02,7.26,4800.0,1.0,2500.0,0.89,8136.0,51.5625,16405,82.69,-4.07,0.14,55.1,-0.1,-4.07,627788.0,132087115.0,-3.93
20251217,0.71,3.96,86.01,3.71,-3.0,56.5,1.3,3.17,1.43,1472.4,-97600,71383,26447.0,0.02,6.01,-2093.0,1.0,1500.0,0.53,16042.0,51.75,24893,85.76,3.71,-3.0,56.4,1.3,3.71,651134.0,132087115.0,0.71
20251218,2.65,0.18,86.14,0.15,2.5,55.4,-1.1,-1.21,-1.53,1478.6,-33135,60012,25855.0,0.02,1.08,-592.0,1.0,2000.0,0.688,20806.0,51.65625,-28523,85.91,0.17,2.48,55.3,-1.1,0.15,652117.0,132087115.0,2.65
20251219,0.0,-0.91,85.41,-0.84,0.84,55.1,-0.4,-0.32,0.65,1477.2,-65374,52924,22177.0,0.02,1.18,-3678.0,1.0,2500.0,0.861,10049.0,51.625,13700,85.18,-0.85,0.85,55.0,-0.3,-0.84,646608.0,132087115.0,0.0
20251222,8.43,6.03,90.24,5.65,2.78,53.9,-1.2,3.74,2.12,1477.8,-34335,117963,18563.0,0.01,2.25,-3614.0,1.0,1000.0,0.317,11726.0,51.5625,-80413,90.0,5.66,2.77,53.8,-1.2,5.65,683171.0,132087115.0,8.43
20251223,0.0,0.69,90.84,0.67,-0.67,54.2,0.3,0.71,0.28,1478.9,-3050,14038,18563.0,0.01,1.05,0.0,1.0,1000.0,0.317,6297.0,51.5625,-9836,90.58,0.65,-0.65,54.1,0.3,0.67,687757.0,132087115.0,0.0
20251224,1.9,0.68,91.42,0.63,1.27,53.6,-0.6,-1.42,-0.21,1483.4,12171,24264,18563.0,0.01,4.61,0.0,1.0,1500.0,0.467,6008.0,51.53125,-35326,91.17,0.64,1.26,53.5,-0.6,0.63,692105.0,132087115.0,1.9
20251226,4.21,1.87,93.01,1.74,2.47,52.5,-1.1,2.76,0.51,1460.6,42305,50391,18563.0,0.01,3.2,0.0,1.0,1000.0,0.299,16012.0,51.5625,-87225,92.77,,,52.4,,1.74,704185.0,132087115.0,
20251229,3.44,6.84,98.99,6.41,-2.97,53.8,1.3,0.29,2.2,1442.3,-110005,86377,18563.0,0.01,3.43,0,1.0,-500.0,-0.145,13890.0,51.59375,24862,98.76,6.45,-3.01,53.7,1.3,6.41,749407.0,132087115.0,3.44
20251230,6.36,1.72,100.59,1.62,4.74,51.7,-2.1,0.47,-0.15,1433.9,5982,34245,18550.0,0.01,19.43,-13.0,1.0,0.0,0.0,20949.0,51.53125,-40363,100.37,1.63,4.73,51.6,-2.1,1.62,761541.0,132087115.0,6.36
20260102,6.52,3.99,103.98,3.76,2.76,50.2,-1.5,4.77,2.27,1434.9,-91626,72314,31860.0,0.02,10.49,13310.0,1.0,-1500.0,-0.383,17287.0,51.53125,20826,104.16,,,50.3,,3.37,787196.0,132087115.0,
20260105,6.12,2.81,106.76,2.67,3.45,48.5,-1.7,3.4,3.43,1442.1,20234,-9600,18550.0,0.01,13.71,-13310,1.0,-2000.0,-0.481,20207.0,51.46875,-5891,106.94,2.66,3.46,48.6,-1.7,2.67,808262.0,132087115.0,6.12
20260106,3.85,4.31,111.15,4.11,-0.26,48.7,0.1,2.84,1.52,1446.8,-21145,1126,18550.0,0.01,14.24,0.0,1.0,-5000.0,-1.157,23010.0,51.5,27234,111.32,4.1,-0.25,48.7,0.1,4.11,841509.0,132087115.0,3.85
20260107,-0.58,2.2,113.5,2.11,-2.69,50.0,1.4,0.16,0.57,1445.7,-25614,-39972,18016.0,0.01,8.81,-534.0,1.0,-500.0,-0.116,26108.0,51.5,62992,113.66,2.1,-2.68,50.1,1.4,2.11,859268.0,132087115.0,-0.58
20260108,0.23,1.89,115.54,1.8,-1.57,50.8,0.8,0.62,0.03,1448.3,-59780,72535,25639.0,0.02,7.52,7623.0,1.0,-4500.0,-1.045,22703.0,51.46875,-14862,115.7,1.8,-1.57,50.9,0.8,1.8,874721.0,132087115.0,0.23
20260109,0.0,-1.59,113.79,-1.51,1.51,50.0,-0.8,-0.91,0.75,1449.4,-2766,19646,19734.0,0.01,3.61,-5905.0,1.0,500.0,0.116,15751.0,51.4375,-15957,113.95,-1.52,1.52,50.1,-0.8,-1.51,861479.0,132087115.0,0.0
20260112,-0.7,0.67,114.52,0.64,-1.34,50.7,0.7,0.72,0.84,1455.7,25985,-14168,17290.0,0.01,3.21,-2444.0,1.0,500.0,0.117,18118.0,51.40625,-12389,114.68,0.64,-1.34,50.8,0.7,0.64,866982.0,132087115.0,-0.7
20260113,-0.23,-1.47,112.92,-1.4,1.17,50.1,-0.6,0.31,1.47,1464.1,56663,-26543,33824.0,0.03,6.64,16534.0,1.0,500.0,0.117,12034.0,51.4375,-28003,113.07,-1.4,1.17,50.2,-0.6,-1.4,854869.0,132087115.0,-0.23
20260114,2.11,0.54,113.5,0.51,1.6,49.3,-0.8,1.12,0.65,1472.8,52234,-11980,34826.0,0.03,6.1,1002.0,1.0,-1000.0,-0.23,10521.0,51.375,-37552,113.66,0.52,1.59,49.4,-0.8,0.51,859245.0,132087115.0,2.11
20260115,-1.38,0.94,114.53,0.91,-2.29,50.5,1.1,0.59,1.58,1477.5,-38728,-16939,32690.0,0.02,6.06,-2136.0,1.0,0.0,0.0,11457.0,51.40625,58152,114.68,0.9,-2.28,50.5,1.1,0.91,867042.0,132087115.0,-1.38
20260116,3.96,0.93,115.53,0.88,3.08,49.0,-1.5,1.33,0.9,1469.7,80541,10487,36538.0,0.03,6.67,3848.0,1.0,1500.0,0.336,16408.0,51.375,-89612,115.7,0.89,3.07,49.0,-1.5,0.88,874678.0,132087115.0,3.96
20260119,-2.46,1.06,116.72,1.02,-3.48,50.7,1.8,1.32,1.32,1473.5,-24503,-52835,21386.0,0.02,3.9,-15152.0,1.0,500.0,0.115,14372.0,51.4375,76637,116.87,1.01,-3.47,50.8,1.8,1.02,883625.0,132087115.0,-2.46
20260120,-1.95,-2.75,113.65,-2.62,0.67,50.4,-0.3,-1.74,-0.39,1473.6,33155,-24901,21058.0,0.02,3.93,-328.0,1.0,0.0,0.0,12533.0,51.40625,-8458,113.8,-2.62,0.67,50.4,-0.4,-2.62,860402.0,132087115.0,-1.95
20260121,0.7,-0.4,113.21,-0.38,1.08,49.8,-0.5,0.11,0.49,1477.0,39557,3590,26745.0,0.02,4.47,5687.0,1.0,2000.0,0.465,16090.0,51.4375,-41184,113.36,-0.39,1.09,49.9,-0.5,-0.38,857087.0,132087115.0,0.7
20260122,3.84,2.03,115.39,1.93,1.91,48.9,-0.9,0.47,0.87,1472.8,27338,63974,21095.0,0.02,4.02,-5650.0,1.0,-500.0,-0.112,26539.0,51.46875,-89825,115.56,1.93,1.91,49.0,-0.9,1.93,873593.0,132087115.0,3.84
20260123,-0.22,1.59,117.15,1.52,-1.74,49.8,0.9,1.48,0.76,1468.4,-28972,11448,19957.0,0.02,1.51,-1138.0,1.0,2000.0,0.449,15707.0,51.5,18275,117.31,1.52,-1.74,49.8,0.8,1.52,886897.0,132087115.0,-0.22
20260126,-1.01,-4.04,112.61,-3.87,2.86,48.3,-1.5,0.3,-0.81,1467.2,109364,-76031,20328.0,0.02,4.59,371.0,1.0,-1000.0,-0.227,13625.0,51.46875,-33055,112.78,-3.86,2.85,48.4,-1.4,-3.87,852524.0,132087115.0,-1.01
20260127,7.26,8.7,121.94,8.28,-1.02,48.8,0.5,4.09,2.73,1442.8,-16073,58475,20321.0,0.02,2.38,-7.0,1.0,-500.0,-0.106,25866.0,51.5625,-40223,122.13,8.29,-1.03,48.8,0.4,8.28,923190.0,132087115.0,7.26
20260128,6.55,5.13,127.94,4.91,1.64,48.0,-0.8,3.52,1.69,1448.8,-16691,24533,17505.0,0.01,4.09,-2816.0,1.0,0.0,0.0,28306.0,51.53125,-4326,128.12,4.9,1.65,48.0,-0.8,4.91,968597.0,132087115.0,6.55
20260129,5.36,2.38,130.86,2.28,3.08,46.4,-1.6,0.85,0.98,1428.6,-18267,3242,16919.0,0.01,5.75,-586.0,1.0,-1000.0,-0.188,35261.0,51.53125,19795,131.04,2.28,3.08,46.5,-1.5,2.28,990721.0,132087115.0,5.36
20260130,7.34,5.57,137.86,5.34,2.0,45.4,-1.0,2.63,0.06,1427.0,-68885,37634,16101.0,0.01,3.3,-818.0,1.0,-5000.0,-0.877,35666.0,51.5,40936,138.06,5.35,1.99,45.5,-1.0,5.34,1043728.0,132087115.0,7.34
20260202,-11.4,-8.69,126.31,-8.38,-3.02,47.2,1.8,-4.38,-5.26,1436.7,-277725,56921,15635.0,0.01,1.98,-466.0,1.0,2000.0,0.396,45301.0,51.4375,212435,126.51,-8.36,-3.04,47.3,1.8,-8.38,956258.0,132087115.0,-11.4
20260203,8.12,9.28,137.55,8.9,-0.78,47.6,0.4,6.31,6.84,1457.3,-209032,219693,18850.0,0.01,1.63,3215.0,1.0,2000.0,0.366,36515.0,51.1875,-9899,137.76,8.89,-0.77,47.6,0.3,8.9,1041386.0,132087115.0,8.12
20260204,4.21,-0.77,136.45,-0.8,5.01,44.9,-2.6,1.02,1.57,1449.0,-125526,150954,19188.0,0.01,1.72,338.0,1.0,2000.0,0.351,33727.0,51.0,-22784,136.75,-0.74,4.95,45.0,-2.6,-0.8,1033014.0,132087115.0,4.21
20260205,-6.15,-6.44,127.97,-6.21,0.06,44.9,-0.0,-4.19,-3.86,1451.2,-81339,-77855,18634.0,0.01,2.47,-554.0,1.0,4000.0,0.749,33666.0,50.90625,146089,128.27,-6.2,0.05,45.0,0.0,-6.21,968814.0,132087115.0,-6.15
20260206,-3.75,-0.36,127.52,-0.35,-3.4,46.8,1.9,0.39,-1.44,1464.1,-179434,71299,19508.0,0.01,4.15,874.0,1.0,2000.0,0.389,38916.0,50.78125,104500,127.83,-0.34,-3.41,46.9,1.9,-0.35,965436.0,132087115.0,-3.75
20260209,9.53,5.72,134.54,5.5,4.03,44.7,-2.0,3.69,4.1,1470.3,-20878,169148,18987.0,0.01,0.98,-521.0,1.0,0.0,0.0,24355.0,50.625,-141127,134.85,5.5,4.03,44.9,-2.0,5.5,1018589.0,132087115.0,9.53
20260210,-3.55,-1.24,132.94,-1.19,-2.36,46.0,1.3,-1.37,0.07,1464.3,-91272,50731,17290.0,0.01,3.7,-1697.0,1.0,-2000.0,-0.368,14972.0,50.625,42403,133.25,-1.19,-2.36,46.2,1.3,-1.19,1006431.0,132087115.0,-3.55
20260211,-2.03,-1.83,130.6,-1.76,-0.27,46.2,0.1,-1.06,1.0,1457.7,-51726,-1927,14923.0,0.01,3.87,-2367.0,1.0,-5000.0,-0.94,13878.0,50.53125,52550,130.91,-1.76,-0.27,46.3,0.1,-1.76,988729.0,132087115.0,-2.03
20260212,7.14,3.26,134.69,3.13,4.01,44.1,-2.1,2.94,3.13,1454.4,46558,83214,17187.0,0.01,3.81,2264.0,1.0,0.0,0.0,20973.0,50.5,-128328,135.0,3.12,4.02,44.2,-2.1,3.13,1019673.0,132087115.0,7.14
20260213,-2.11,-0.9,133.51,-0.87,-1.24,44.8,0.7,-0.97,-0.28,1443.4,2330,-14603,13267.0,0.01,2.1,-3920.0,1.0,1000.0,0.179,20673.0,50.53125,12244,133.83,-0.86,-1.25,44.9,0.7,-0.87,1010791.0,132087115.0,-2.11
20260219,1.43,1.59,135.56,1.53,-0.1,44.8,0.1,2.16,3.09,1443.1,-98074,117463,13341,0.01,4.66,88,1.0,6000.0,1.06,13229.0,50.5,-20668,135.88,,,45.0,,1.53,1026308.0,132087115.0,
20260220,2.47,6.15,143.6,5.92,-3.45,46.6,1.8,0.75,2.31,1450.7,-112271,60956,14151,0.01,5.08,810,1.0,2000.0,0.345,22350.0,50.4375,49038,143.91,5.91,-3.44,46.8,1.8,5.92,1087143.0,132087115.0,2.47
20260223,0.0,0.21,143.89,0.2,-0.2,46.8,0.1,0.1,0.65,1448.7,63562,-53944,14151.0,0.01,3.59,810.0,1.0,-3000.0,-0.517,15790.0,50.34375,-10539,144.21,0.2,-0.2,46.9,0.1,0.2,1089329.0,132087115.0,0.0
20260224,6.38,5.68,151.77,5.48,0.9,46.3,-0.5,2.79,2.11,1442.0,88039,57465,14116.0,0.01,3.19,-35.0,1.0,6000.0,0.972,24273.0,50.375,-132952,152.09,5.47,0.91,46.4,-0.5,5.48,1149040.0,132087115.0,6.38
20260225,4.86,1.29,153.67,1.25,3.61,44.4,-1.9,0.59,1.91,1445.8,25667,-5120,12821.0,0.01,4.24,-1295.0,1.0,2000.0,0.309,31009.0,50.4375,-12679,153.99,1.25,3.61,44.5,-1.9,1.25,1163430.0,132087115.0,4.86
20260226,4.95,7.96,165.51,7.7,-2.75,45.8,1.4,6.03,3.67,1435.3,-99696,14322,12910.0,0.01,5.54,89.0,1.0,5000.0,0.736,33279.0,50.4375,87431,165.83,7.68,-2.73,45.9,1.4,7.7,1253040.0,132087115.0,4.95
20260227,-5.01,-3.46,159.97,-3.35,-1.66,46.7,0.9,0.31,-1.0,1424.5,-174387,-9699,14712.0,0.01,6.79,1802.0,1.0,3000.0,0.465,31573.0,50.375,182487,160.27,-3.35,-1.66,46.8,0.9,-3.35,1211112.0,132087115.0,-5.01
20260303,-9.92,-11.5,142.14,-11.14,1.22,46.0,-0.7,-4.42,-7.24,1435.4,11729,-38591,15374.0,0.01,0.87,662.0,1.0,-5000.0,-0.861,42005.0,50.1875,21266,142.44,,,46.1,,-11.14,1076133.0,132087115.0,
20260304,-12.74,-9.58,128.99,-9.25,-3.49,48.1,2.1,-8.34,-12.06,1464.5,-23149,-13543,13470.0,0.01,4.04,-1904,1.0,6000.0,1.183,68072.0,50.1875,30304,129.28,-9.24,-3.5,48.2,2.1,-9.25,976562.0,132087115.0,-12.74
20260305,11.64,10.84,142.43,10.42,1.22,47.5,-0.6,12.45,9.63,1478.8,61755,-14822,10823.0,0.01,3.93,-2647.0,1.0,-8000.0,-1.413,31932.0,50.15625,-46568,142.73,10.4,1.24,47.6,-0.6,10.42,1078327.0,132087115.0,11.64
20260306,-2.3,-1.81,139.95,-1.74,-0.56,47.8,0.3,1.55,0.02,1464.3,113783,-149262,10823.0,0.01,1.89,0.0,1.0,-1000.0,-0.181,39101.0,50.1875,34064,140.25,-1.74,-0.56,47.9,0.3,-1.74,1059515.0,132087115.0,-2.3
20260309,-7.96,-9.52,127.09,-9.19,1.23,47.1,-0.7,-4.79,-5.96,1474.5,93058,-136352,13227.0,0.01,5.03,2404.0,1.0,0.0,0.0,40943.0,50.28125,42048,127.39,-9.17,1.21,47.2,-0.7,-9.19,962166.0,132087115.0,-7.96
20260310,8.84,12.2,141.99,11.72,-2.88,48.5,1.4,4.08,5.35,1493.1,-16080,32385,42191.0,0.03,8.6,28964.0,1.0,-2000.0,-0.361,23894.0,50.34375,-20582,142.29,11.7,-2.86,48.6,1.4,11.72,1074987.0,132087115.0,8.84
20260311,1.99,1.81,144.48,1.75,0.24,48.3,-0.1,0.19,1.4,1472.8,-46368,63929,28170.0,0.02,2.95,-14021.0,1.0,4000.0,0.708,21654.0,50.3125,-17963,144.78,1.75,0.24,48.5,-0.1,1.75,1093789.0,132087115.0,1.99
20260312,-1.95,-2.62,140.82,-2.53,0.58,48.0,-0.3,-0.08,-0.48,1467.3,-69478,42424,23010.0,0.02,7.79,-5160.0,1.0,-4000.0,-0.722,19857.0,50.28125,24537,141.13,-2.52,0.57,48.1,-0.4,-2.53,1066130.0,132087115.0,-1.95
20260313,-3.61,-2.15,137.9,-2.07,-1.54,48.8,0.8,-0.49,-1.72,1479.8,-10702,-59482,10813.0,0.01,7.69,-12197.0,1.0,1000.0,0.187,14364.0,50.21875,69408,138.21,-2.07,-1.54,49.0,0.9,-2.07,1044002.0,132087115.0,-3.61
20260316,5.24,7.03,147.25,6.78,-1.54,49.6,0.7,0.7,1.14,1489.5,-56156,61410,10813.0,0.01,13.02,0.0,1.0,3000.0,0.534,15737.0,50.1875,-7296,147.55,6.76,-1.52,49.7,0.7,6.78,1114802.0,132087115.0,5.24
20260317,4.45,-0.41,146.67,-0.4,4.85,47.1,-2.5,-0.49,1.63,1496.0,-34234,114745,10813.0,0.01,2.92,0.0,1.0,-2000.0,-0.341,19581.0,50.15625,-81806,146.97,-0.4,4.85,47.2,-2.5,-0.4,1110373.0,132087115.0,4.45
20260318,7.33,8.87,159.23,8.56,-1.23,47.7,0.6,3.58,5.04,1491.6,-118015,142081,10773.0,0.01,6.36,-40.0,1.0,-1000.0,-0.159,13200.0,50.125,-23741,159.54,8.55,-1.22,47.8,0.6,8.56,1205490.0,132087115.0,7.33
20260319,-3.02,-4.07,152.95,-3.95,0.93,47.2,-0.5,-1.12,-2.73,1486.0,-37301,-6531,10759.0,0.01,10.27,-14.0,1.0,4000.0,0.655,19067.0,50.0625,44510,153.25,-3.94,0.92,47.3,-0.5,-3.95,1157914.0,132087115.0,-3.02
20260320,-0.49,-0.59,152.07,-0.57,0.08,47.2,-0.0,0.67,0.31,1499.7,-100104,32862,10759.0,0.01,8.16,0.0,1.0,-3000.0,-0.493,16666.0,50.03125,57726,152.38,-0.57,0.08,47.3,0.0,-0.57,1151270.0,132087115.0,-0.49
20260323,-8.39,-7.35,141.26,-7.11,-1.28,47.9,0.7,-4.42,-6.49,1494.9,-46137,-78824,10759.0,0.01,8.0,0.0,1.0,0.0,0.0,30595.0,49.9375,120750,141.57,-7.09,-1.3,48.0,0.7,-7.11,1069413.0,132087115.0,-8.39
20260324,6.82,5.68,149.0,5.48,1.34,47.2,-0.7,1.45,2.74,1509.6,39913,982,15547.0,0.01,7.59,4788.0,1.0,0.0,0.0,35692.0,49.875,-45159,149.32,5.47,1.35,47.4,-0.6,5.48,1128056.0,132087115.0,6.82
20260325,1.68,0.91,150.32,0.88,0.8,46.8,-0.4,1.52,1.59,1498.3,-45597,43212,30304.0,0.02,9.65,14757.0,1.0,0.0,0.0,22220.0,49.9375,3649,150.63,0.88,0.8,46.9,-0.5,0.88,1138009.0,132087115.0,1.68
20260326,-7.77,-6.23,141.26,-6.02,-1.75,47.8,1.0,-4.14,-3.22,1495.6,-27065,-67866,29152.0,0.02,7.6,-1152.0,1.0,2000.0,0.358,24788.0,49.90625,90210,141.57,-6.01,-1.76,47.9,1.0,-6.02,1069425.0,132087115.0,-7.77
20260327,-2.51,-1.18,139.65,-1.14,-1.37,48.5,0.7,-0.4,-0.4,1506.2,-54816,-6040,31034.0,0.02,5.7,1882.0,1.0,-1000.0,-0.184,28177.0,49.875,61475,139.96,-1.14,-1.37,48.7,0.8,-1.14,1057233.0,132087115.0,-2.51
20260330,-6.25,-5.31,132.48,-5.13,-1.12,49.2,0.6,-3.49,-2.97,1508.1,-5046,-51806,31125.0,0.02,4.3,91.0,1.0,3000.0,0.588,30031.0,49.84375,54411,132.8,-5.12,-1.13,49.3,0.6,-5.13,1002998.0,132087115.0,-6.25
20260331,-8.53,-7.56,122.84,-7.28,-1.25,49.8,0.7,-3.78,-4.26,1513.4,57189,-136603,30345.0,0.02,3.09,-780.0,1.0,3000.0,0.643,76403.0,49.8125,79231,123.15,-7.27,-1.26,50.0,0.7,-7.28,929974.0,132087115.0,-8.53
20260401,7.4,10.66,135.6,10.21,-2.81,51.2,1.4,6.84,8.44,1530.5,-250393,157134,10705.0,0.01,2.08,-19640.0,1.0,1000.0,0.2,42800.0,49.875,80133,135.72,10.21,-2.81,51.2,1.2,10.39,1027623.0,131958386.0,7.4
20260402,-6.29,-7.05,126.4,-6.79,0.5,51.0,-0.3,-4.87,-4.47,1507.8,198637,-163943,10695.0,0.01,2.35,-10.0,1.0,-1000.0,-0.213,56946.0,49.59375,-37321,126.51,-6.78,0.49,51.0,-0.2,-6.79,957852.0,131958386.0,-6.29
20260403,2.88,5.54,133.12,5.31,-2.43,52.1,1.1,1.34,2.74,1518.8,-42882,31561,10683.0,0.01,6.73,-12.0,1.0,-2000.0,-0.414,31076.0,49.71875,5359,133.24,5.31,-2.43,52.1,1.1,5.31,1008802.0,131958386.0,2.88
20260406,0.83,1.14,134.58,1.1,-0.27,52.2,0.1,-0.09,1.36,1507.6,38262,-37021,10683.0,0.01,4.22,0.0,1.0,1000.0,0.205,29292.0,49.6875,-3528,134.7,1.1,-0.27,52.2,0.1,1.1,1019870.0,131958386.0,0.83
20260407,2.46,3.39,138.96,3.26,-0.8,52.6,0.4,1.25,0.82,1507.2,35330,-13365,12871.0,0.01,7.17,2188.0,1.0,3000.0,0.601,30662.0,49.71875,-20826,139.08,3.25,-0.79,52.6,0.4,3.26,1053086.0,131958386.0,2.46
20260408,15.83,12.77,156.06,12.29,3.54,51.1,-1.5,7.14,6.87,1506.8,-63950,180609,10683.0,0.01,10.85,-2188.0,1.0,-2000.0,-0.346,36453.0,49.75,-117259,156.18,12.29,3.54,51.1,-1.5,12.29,1182611.0,131958386.0,15.83
20260409,-3.11,-3.39,150.94,-3.27,0.16,51.0,-0.1,-1.51,-1.61,1476.1,12075,-15874,10683.0,0.01,6.06,0.0,1.0,7000.0,1.25,20971.0,49.71875,6955,151.06,-3.28,0.17,51.0,-0.1,-3.27,1143867.0,131958386.0,-3.11
20260410,1.43,2.91,155.18,2.8,-1.37,51.7,0.7,1.41,1.4,1481.1,-21981,9970,10683.0,0.01,3.25,0.0,1.0,1000.0,0.176,19013.0,49.71875,13918,155.3,2.81,-1.38,51.7,0.7,2.8,1175961.0,131958386.0,1.43
20260413,2.11,1.27,157.08,1.22,0.89,51.3,-0.4,0.39,-0.86,1479.8,43895,9020,10683.0,0.01,6.3,0.0,1.0,0.0,0.0,16080.0,49.71875,-53971,157.2,1.22,0.89,51.3,-0.4,1.22,1190363.0,131958386.0,2.11
20260414,10.34,6.06,166.28,5.86,4.48,49.2,-2.1,1.58,2.74,1489.8,29106,117384,10683.0,0.01,7.01,0.0,1.0,-1000.0,-0.156,25497.0,49.75,-143550,166.41,5.86,4.48,49.2,-2.1,5.86,1260127.0,131958386.0,10.34
20260415,3.91,2.99,171.12,2.91,1.0,48.7,-0.5,2.07,2.07,1481.4,-18013,67594,10683.0,0.01,6.61,0.0,1.0,4000.0,0.602,22806.0,49.78125,-47720,171.23,2.9,1.01,48.7,-0.5,2.91,1296754.0,131958386.0,3.91
20260416,3.76,1.67,173.91,1.63,2.13,47.6,-1.1,1.18,2.21,1473.1,34511,48424,10683.0,0.01,5.23,0.0,1.0,2000.0,0.29,15819.0,49.84375,-80844,174.01,1.62,2.14,47.6,-1.1,1.63,1317906.0,131958386.0,3.76
20260417,-1.16,-2.34,169.97,-2.27,1.11,47.0,-0.6,0.2,-0.55,1472.6,28622,-46700,10654.0,0.01,10.66,-29.0,1.0,-2000.0,-0.293,15440.0,49.875,17440,170.06,-2.27,1.11,47.0,-0.6,-2.27,1288033.0,131958386.0,-1.16
20260420,2.79,3.37,175.52,3.27,-0.48,47.3,0.2,1.49,0.44,1480.0,-37217,52398,10424.0,0.01,5.89,-230.0,1.0,5000.0,0.713,23179.0,49.90625,-10902,175.61,3.26,-0.47,47.3,0.3,3.27,1330121.0,131958386.0,2.79
20260421,2.43,4.97,184.0,4.83,-2.4,48.5,1.2,1.83,2.72,1475.6,-70111,42985,10424.0,0.01,3.1,0.0,1.0,-4000.0,-0.557,16334.0,49.875,30347,184.09,4.83,-2.4,48.5,1.2,4.83,1394376.0,131958386.0,2.43
20260422,0.28,-0.08,183.85,-0.08,0.36,48.3,-0.2,0.72,0.46,1470.8,84789,-45376,10424.0,0.01,8.22,0.0,1.0,-2000.0,-0.278,17843.0,49.8125,-39684,183.94,-0.08,0.36,48.3,-0.2,-0.08,1393236.0,131958386.0,0.28
20260423,1.11,0.16,184.14,0.16,0.95,47.8,-0.5,0.45,0.9,1477.6,59934,31953,10422.0,0.01,4.32,-2.0,1.0,0.0,0.0,34686.0,49.875,-89608,184.23,0.16,0.95,47.8,-0.5,0.16,1395466.0,131958386.0,1.11
20260424,-0.41,-0.24,183.7,-0.24,-0.17,47.9,0.1,1.47,-0.0,1480.6,12856,2722,10410.0,0.01,2.84,-12.0,1.0,4000.0,0.552,18379.0,49.9375,-15162,183.8,-0.24,-0.17,47.9,0.1,-0.24,1392090.0,131958386.0,-0.41
20260427,8.83,5.73,193.92,5.56,3.27,46.3,-1.6,2.13,2.15,1482.9,45628,21608,10265.0,0.01,1.6,-145.0,1.0,0.0,0.0,26109.0,49.9375,-62305,194.02,5.56,3.27,46.3,-1.6,5.56,1469573.0,131958386.0,8.83
20260428,2.79,0.62,195.09,0.6,2.19,45.2,-1.2,-0.02,0.39,1473.1,-35144,45126,10265.0,0.01,4.43,0.0,1.0,0.0,0.0,22619.0,50.0,-5820,195.19,0.6,2.19,45.1,-1.2,0.6,1478443.0,131958386.0,2.79
20260429,2.34,-0.54,194.07,-0.52,2.86,43.6,-1.6,-0.13,0.75,1473.3,-56561,992,9878.0,0.01,4.03,-387.0,1.0,-3000.0,-0.361,29941.0,49.9375,53568,194.17,-0.52,2.86,43.5,-1.6,-0.52,1470688.0,131958386.0,2.34
20260430,1.33,-0.54,193.04,-0.53,1.86,42.5,-1.1,-0.52,-1.38,1476.1,-53382,17519,11420.0,0.01,1.86,1542.0,1.0,1000.0,0.119,23456.0,49.90625,39443,193.14,-0.53,1.86,42.5,-1.0,-0.53,1462916.0,131958386.0,1.33
20260504,17.84,12.52,216.57,12.18,5.66,39.6,-2.9,3.45,5.12,1484.8,-110452,45905,24743.0,0.02,1.5,13323.0,1.0,0.0,0.0,57945.0,49.875,83385,216.67,,,39.6,,12.18,1641225.0,131958386.0,
20260506,9.89,10.64,239.07,10.38,-0.49,39.9,0.3,5.09,6.45,1470.5,-393409,65222,13595.0,0.01,3.99,-11148,1.0,-1000.0,-0.092,68245.0,49.78125,340209,239.16,,,39.9,,10.38,1811731.0,131958386.0,
20260507,0.92,3.31,246.83,3.24,-2.32,41.2,1.4,1.55,1.43,1456.8,-253627,125123,45719.0,0.03,3.52,32124,1.0,8000.0,0.728,54916.0,49.4375,127445,246.9,3.24,-2.32,41.2,1.3,3.24,1870481.0,131958386.0,0.92
20260508,-0.09,1.93,251.49,1.89,-1.98,42.4,1.1,1.04,0.11,1450.8,-122354,66892,31328.0,0.02,1.3,-14391.0,1.0,5000.0,0.455,31326.0,49.1875,54804,251.58,1.89,-1.98,42.4,1.2,1.89,1905839.0,131958386.0,-0.09
20260511,8.11,11.51,279.84,11.27,-3.16,44.0,1.6,4.65,4.32,1466.0,-93076,181950,24143.0,0.02,0.36,-7185.0,1.0,-3000.0,-0.253,47993.0,49.125,-105051,279.92,11.26,-3.15,44.0,1.6,11.27,2120652.0,131958386.0,8.11
20260512,-5.14,-2.39,273.28,-2.35,-2.79,45.6,1.6,-1.3,-2.29,1473.0,-26692,-25098,40467.0,0.03,2.66,16324.0,1.0,-14000.0,-1.243,58983.0,49.0625,55217,273.34,-2.35,-2.79,45.6,1.6,-2.35,2070941.0,131958386.0,-5.14
20260513,5.68,7.68,293.88,7.54,-1.86,46.6,0.9,4.21,2.63,1484.3,-95147,113775,42698.0,0.03,1.21,2231.0,1.0,4000.0,0.336,39370.0,49.0,-20252,293.94,7.54,-1.86,46.5,0.9,7.54,2227033.0,131958386.0,5.68
20260514,-1.6,-0.3,293.0,-0.3,-1.3,47.3,0.7,0.4,1.75,1495.1,-3384,28176,45411.0,0.03,1.51,2713.0,1.0,-1000.0,-0.085,34380.0,48.9375,-23925,293.07,-0.3,-1.3,47.2,0.7,-0.3,2220382.0,131958386.0,-1.6
20260515,-6.23,-7.66,270.94,-7.53,1.3,46.5,-0.7,-6.0,-6.12,1491.8,54787,5401,11494.0,0.01,2.64,-33917.0,1.0,11000.0,1.002,51370.0,48.9375,-56773,271.0,-7.53,1.3,46.5,-0.7,-7.53,2053224.0,131958386.0,-6.23
20260518,-0.46,1.15,274.0,1.13,-1.59,47.4,0.8,0.84,0.31,1499.8,-91680,86570,18022.0,0.01,1.88,6528.0,1.0,-8000.0,-0.732,62476.0,48.9375,5044,274.08,1.13,-1.59,47.3,0.8,1.13,2076397.0,131958386.0,-0.46
20260519,-6.68,-5.16,260.11,-5.07,-1.61,48.2,0.9,-2.08,-3.25,1503.4,-23403,-544,16226.0,0.01,2.26,-1796.0,1.0,9000.0,0.882,34959.0,48.875,24610,260.2,-5.06,-1.62,48.2,0.9,-5.07,1971185.0,131958386.0,-6.68
20260520,0.88,0.0,260.11,-0.0,0.88,47.8,-0.5,0.48,-0.86,1503.8,-31485,26029,35756.0,0.03,6.19,19530.0,1.0,2000.0,0.194,68618.0,48.875,4484,260.19,-0.0,0.88,47.8,-0.4,-0.0,1971168.0,131958386.0,0.88
20260521,14.58,11.17,288.61,10.95,3.63,46.1,-1.7,6.01,8.42,1509.7,-66962,113451,44161.0,0.03,6.69,8405.0,1.0,-3000.0,-0.254,32397.0,48.84375,-42710,288.68,10.95,3.63,46.1,-1.7,10.95,2187128.0,131958386.0,14.58
20260522,0.51,0.05,288.77,0.06,0.45,45.8,-0.2,0.47,0.41,1503.5,2149,50902,36017.0,0.03,9.02,-8144.0,1.0,7000.0,0.591,28005.0,48.8125,-52752,288.83,0.05,0.46,45.8,-0.3,0.06,2188339.0,131958386.0,0.51
20260526,-0.34,5.72,305.0,5.62,-5.96,48.9,3.0,2.28,2.55,1513.3,-38846,-84,35921.0,0.03,5.0,-96.0,1.0,4000.0,0.339,43462.0,48.8125,42741,305.05,,,48.9,,5.62,2311299.0,131958386.0,
20260527,8.04,9.31,332.9,9.15,-1.11,49.4,0.5,1.28,2.25,1507.9,42823,65728,42982.0,0.03,4.77,7061,1.0,4000.0,0.313,62037.0,48.75,-107008,332.95,9.15,-1.11,49.4,0.5,9.15,2522768.0,131958386.0,8.04
20260528,-3.06,2.05,339.62,2.02,-5.08,51.9,2.5,-0.73,-0.53,1501.6,9037,-26678,34589.0,0.03,3.29,-8393.0,1.0,17000.0,1.374,54923.0,48.84375,18179,339.67,2.02,-5.08,51.9,2.5,2.02,2573718.0,131958386.0,-3.06
20260529,-0.32,1.92,346.06,1.89,-2.21,53.0,1.0,-0.49,3.55,1505.8,-56985,153077,32274.0,0.02,2.59,-2315.0,1.0,2000.0,0.162,38926.0,48.84375,-92663,346.09,1.89,-2.21,52.9,1.0,1.89,2622502.0,131958386.0,-0.32
20260601,1.87,1.29,350.45,1.27,0.6,52.7,-0.3,1.45,3.68,1503.2,270815,-144594,17691.0,0.01,1.21,-14583.0,1.0,-7000.0,-0.557,38232.0,48.8125,-122503,350.47,1.27,0.6,52.7,-0.2,1.27,2655755.0,131958386.0,1.87
20260602,7.17,-0.13,350.01,-0.13,7.3,49.2,-3.5,-0.66,0.15,1511.3,255747,-61625,18757.0,0.01,5.83,1066.0,1.0,-3000.0,-0.223,57889.0,49.03125,-188311,350.04,-0.13,7.3,49.2,-3.5,-0.13,2652395.0,131958386.0,7.17
20260604,1.11,-2.63,340.95,-2.59,3.7,47.3,-1.9,1.11,-1.84,1515.6,34734,4593,17904.0,0.01,9.98,-853.0,1.0,-8000.0,-0.588,45036.0,49.21875,-40503,340.98,,,47.3,,-2.59,2583745.0,131958386.0,
20260605,-7.57,-9.92,307.63,-9.77,2.2,46.0,-1.3,-5.14,-5.54,1528.6,40876,-25435,17946.0,0.01,7.72,42,1.0,28000.0,2.226,48319.0,49.25,-16260,307.67,-9.77,2.2,46.0,-1.3,-9.77,2331268.0,131958386.0,-7.57
20260608,-11.13,-7.68,284.38,-7.56,-3.57,48.1,2.1,-7.62,-8.29,1543.0,7021,-24451,17096.0,0.01,6.31,-850.0,1.0,2000.0,0.179,60671.0,49.25,14247,284.43,-7.55,-3.58,48.1,2.1,-7.56,2155083.0,131958386.0,-11.13
20260609,13.51,15.91,328.81,15.62,-2.11,49.1,1.0,7.93,8.18,1546.5,38142,17814,12093.0,0.01,3.83,-5003.0,1.0,-8000.0,-0.63,56229.0,49.21875,-52444,328.85,15.62,-2.11,49.0,0.9,15.62,2491751.0,131958386.0,13.51
20260610,-6.78,-7.54,304.4,-7.42,0.64,48.7,-0.4,-4.02,-4.52,1518.4,-119779,111931,8234.0,0.01,3.42,-3859.0,1.0,12000.0,1.014,54736.0,49.25,7374,304.45,-7.42,0.64,48.7,-0.3,-7.42,2306762.0,131958386.0,-6.78
20260611,3.8,2.59,312.14,2.54,1.26,48.1,-0.6,3.69,0.43,1522.4,-491623,501010,15535.0,0.01,4.57,7301.0,1.0,-3000.0,-0.244,57010.0,49.125,-10187,312.2,2.55,1.25,48.0,-0.7,2.54,2365443.0,131958386.0,3.8
20260612,10.59,2.33,319.3,2.3,8.29,43.9,-4.2,4.49,4.63,1527.0,-513309,716022,63177.0,0.05,8.77,47642.0,1.0,-5000.0,-0.368,76191.0,48.75,-189581,319.36,2.29,8.3,43.8,-4.2,2.3,2419726.0,131958386.0,10.59
20260615,4.05,6.42,339.46,6.31,-2.26,45.1,1.2,2.03,5.2,1520.4,132963,-226773,16088.0,0.01,12.95,-47089.0,1.0,-6000.0,-0.425,44713.0,48.375,92754,339.52,6.31,-2.26,45.0,1.2,6.31,2572504.0,131958386.0,4.05
20260616,6.23,4.11,353.2,4.05,2.18,43.9,-1.1,0.18,2.11,1510.0,-98844,168107,16088.0,0.01,12.95,-47089.0,1.0,-3000.0,-0.2,38754.0,48.46875,-63079,353.26,4.05,2.18,43.9,-1.1,4.05,2676631.0,131958386.0,6.23
20260706,-5.92,-3.38,347.1,-3.34,-2.58,43.2,1.5,-2.07,-0.46,1539.7,-71712,-27589,134838.0,0.1,5.93,81783.0,1.0,-1000.0,-0.067,67867.0,45.34375,100980,347.55,-3.33,-2.59,43.2,1.6,-3.34,2630360.0,131958386.0,-5.92
20260709,4.49,5.3,324.15,5.22,-0.73,46.0,0.4,2.41,0.62,1509.9,110135,-55186,133378.0,0.1,9.11,2384.0,1.0,12000.0,0.904,44859.0,45.40625,-56258,324.61,5.21,-0.72,46.0,0.4,5.22,2456454.0,131958386.0,4.49
20260617,6.33,5.84,373.5,5.75,0.58,43.6,-0.3,1.46,1.58,1513.5,-205001,163170,7826.0,0.01,5.14,1707.0,1.0,4000.0,0.251,46451.0,48.375,38061,373.56,5.75,0.58,43.6,-0.3,5.75,2830458.0,131958386.0,6.33
20260618,6.52,6.51,397.46,6.41,0.11,43.6,-0.0,2.51,2.25,1512.8,-177706,31407,7298.0,0.01,2.68,-528.0,1.0,13000.0,0.765,53436.0,48.1875,139200,397.52,6.41,0.11,43.5,-0.1,6.41,3012022.0,131958386.0,6.52
20260619,4.71,2.94,409.01,2.9,1.81,42.6,-1.0,-0.31,-0.13,1523.4,-282497,118715,8691.0,0.01,6.22,1393.0,1.0,22000.0,1.236,81057.0,48.0,159551,409.06,2.9,1.81,42.5,-1.0,2.9,3099511.0,131958386.0,4.71
20260622,10.67,5.61,431.65,5.53,5.14,39.8,-2.8,3.62,0.69,1535.0,-249514,43802,5922.0,0.0,1.98,-2769.0,1.0,28000.0,1.421,76695.0,47.6875,195877,431.7,5.54,5.13,39.7,-2.8,5.53,3271113.0,131958386.0,10.67
20260623,-7.01,-12.47,378.47,-12.32,5.31,36.1,-3.6,-8.54,-9.99,1535.7,-587275,-25495,25180.0,0.02,2.33,19258.0,1.0,2000.0,0.109,173895.0,47.40625,604176,378.52,-12.32,5.31,36.1,-3.6,-12.32,2868129.0,131958386.0,-7.01
20260624,-1.8,0.98,382.13,0.96,-2.76,37.9,1.8,1.78,3.26,1537.2,-301862,4866,27842.0,0.02,2.11,2662.0,1.0,13000.0,0.723,129585.0,46.8125,293049,382.17,0.97,-2.77,37.8,1.7,0.96,2895806.0,131958386.0,-1.8
20260625,5.56,13.06,431.35,12.88,-7.32,41.9,4.0,4.05,5.42,1538.3,-138918,16887,37286.0,0.03,2.17,9444.0,1.0,0.0,0.0,92262.0,46.53125,119573,431.41,12.88,-7.32,41.9,4.1,12.88,3268859.0,131958386.0,5.56
20260626,-9.43,-8.36,395.72,-8.26,-1.17,42.6,0.7,-3.36,-5.81,1545.3,-134520,-32743,20457.0,0.02,2.09,-16829.0,1.0,23000.0,1.337,89645.0,46.40625,162595,395.76,-8.26,-1.17,42.6,0.7,-8.26,2998812.0,131958386.0,-9.43
20260629,-4.65,-1.68,389.14,-1.66,-2.99,44.4,1.8,-0.79,-0.2,1544.2,-132668,142031,24285.0,0.02,2.39,3828.0,1.0,25000.0,1.524,70958.0,46.28125,-8777,389.19,-1.66,-2.99,44.3,1.7,-1.66,2948983.0,131958386.0,-4.65
20260630,3.48,0.84,392.37,0.83,2.65,42.9,-1.5,2.94,0.97,1541.5,-326334,395090,25037.0,0.02,4.65,752.0,1.0,19000.0,1.12,87756.0,46.1875,-69872,392.4,0.83,2.65,42.9,-1.4,0.83,2973422.0,131958386.0,3.48
20260701,3.54,-3.4,378.81,-3.36,6.9,38.8,-4.1,-1.98,-2.04,1548.4,-343411,634067,53055.0,0.04,4.1,28018.0,1.0,11000.0,0.626,106635.0,45.90625,-277294,379.25,-3.35,6.89,38.8,-4.1,-3.45,2870702.0,131958386.0,3.54
20260702,-13.2,-14.57,324.31,-14.38,1.18,38.0,-0.8,-9.12,-7.89,1554.4,-318535,161224,134838.0,0.1,5.93,81783.0,1.0,14000.0,0.918,81396.0,45.65625,158331,324.76,-14.37,1.17,38.0,-0.8,-14.38,2457690.0,131958386.0,-13.2
20260703,4.2,10.88,359.08,10.72,-6.52,41.6,3.7,3.36,5.76,1554.1,-75902,27184,150197.0,0.11,4.26,15359.0,1.0,0.0,0.0,97724.0,45.40625,48822,359.53,10.71,-6.51,41.6,3.6,10.72,2721164.0,131958386.0,4.2
20260707,-9.3,-6.06,326.35,-5.98,-3.32,45.2,2.0,-5.1,-4.91,1531.8,46688,-91627,133378.0,0.1,9.11,2384.0,1.0,9000.0,0.664,77781.0,45.3125,43309,326.8,-5.97,-3.33,45.2,2.0,-5.98,2473127.0,131958386.0,-9.3
20260708,-6.34,-5.68,308.08,-5.6,-0.74,45.6,0.4,-5.03,-5.35,1526.6,58432,11581,132541.0,0.1,3.72,-837.0,1.0,-10000.0,-0.787,91808.0,45.34375,-72456,308.54,-5.59,-0.75,45.6,0.4,-5.6,2334669.0,131958386.0,-6.34
20260710,6.18,-0.27,323.27,-0.27,6.45,42.5,-3.5,3.06,2.52,1504.2,76324,-49707,134993.0,0.1,5.15,4002.0,1.0,-1000.0,-0.071,46657.0,45.5,-26130,323.74,-0.27,6.45,42.5,-3.5,-0.27,2449810.0,131958386.0,6.18
20260713,-17.6,-15.37,274.33,-15.14,-2.46,44.2,1.7,-8.83,-8.95,1507.1,90652,-142797,132725.0,0.1,4.54,-2268.0,1.0,0.0,0.0,77757.0,45.53125,45546,274.79,-15.12,-2.48,44.2,1.7,-15.14,2078880.0,131958386.0,-17.6
20260714,2.5,3.69,284.25,3.62,-1.12,44.8,0.6,0.86,0.73,1504.9,172449,-80264,133280.0,0.1,3.43,555.0,1.0,2000.0,0.168,81793.0,45.59375,-90959,284.73,3.62,-1.12,44.8,0.6,3.62,2154105.0,131958386.0,2.5
20260715,16.13,8.83,308.94,8.68,7.45,41.0,-3.8,6.16,6.24,1492.2,41847,30164,121683.0,0.09,5.12,-11597.0,1.0,-5000.0,-0.362,67934.0,45.75,-66537,309.42,8.67,7.46,41.0,-3.8,8.68,2341227.0,131958386.0,16.13
20260716,-12.3,-11.53,273.88,-11.35,-0.95,41.6,0.6,-6.91,-6.37,1488.8,-44406,-33801,126646.0,0.1,6.57,4963.0,1.0,14000.0,1.155,55265.0,45.75,78047,274.35,-11.33,-0.97,41.6,0.6,-11.35,2075476.0,131958386.0,-12.3
20260720,-2.89,-4.23,262.47,-4.16,1.27,40.8,-0.8,-5.04,-4.46,1484.3,-23696,26864,126646.0,0.1,6.57,4963.0,1.0,5000.0,0.425,57044.0,45.65625,-3237,262.96,-4.15,1.26,40.9,-0.7,-4.16,1989072.0,131958386.0,-2.89
20260722,-1.84,-0.33,272.12,-0.32,-1.52,40.4,0.9,-0.22,0.74,1475.6,-65228,6376,127933,0.10,4.82,1298,1.0,-1000.0,-0.081,49940.0,45.625,58237,272.6,-0.32,-1.52,40.4,0.9,-0.32,2062160.0,131958386.0,-1.84
20260721,6.46,4.08,272.99,4.01,2.45,39.4,-1.4,2.72,3.56,1482.0,-3804,30868,126548.0,0.1,3.9,-98,1.0,9000.0,0.718,45219.0,45.625,-23879,273.48,4.0,2.46,39.5,-1.4,4.01,2068784.0,131958386.0,6.46
20260723,-0.73,4.86,285.12,4.78,-5.51,43.5,3.1,4.17,4.4,1480.9,-28388,-82794,127933.0,0.1,3.61,1298.0,1.0,6000.0,0.491,41097.0,45.5625,109678,285.6,4.77,-5.5,43.5,3.1,4.78,2160684.0,131958386.0,-0.73
20260724,-9.17,-8.34,261.74,-8.2,-0.97,44.1,0.6,-7.43,-5.72,1469.4,81645,-209708,130252.0,0.1,4.65,2319.0,1.0,7000.0,0.631,44617.0,45.5,122484,262.23,-8.18,-0.99,44.1,0.6,-8.2,1983524.0,131958386.0,-9.17
20260727,-1.17,3.24,270.07,3.18,-4.35,46.4,2.4,3.06,0.97,1466.3,-12341,-51764,130252.0,0.1,4.65,2319.0,1.0,2000.0,0.182,54730.0,45.53125,60692,270.56,3.18,-4.35,46.5,2.4,3.18,2046611.0,131958386.0,-1.17
20260728,-15.6,-14.65,231.21,-14.39,-1.21,47.2,0.8,-9.79,-10.84,1465.4,69571,-161145,130252.0,0.1,4.65,2319.0,0.0,,,,45.53125,82814,231.69,-14.37,-1.23,47.3,0.8,-14.39,1752136.0,131958386.0,-15.6
20260729,-8.11,-9.61,209.44,-9.42,1.31,46.4,-0.8,-6.07,-5.98,1466.2,209522,-18839,138093.0,0.1,1.19,-11673.0,0.0,,,,45.5625,-195677,209.92,-9.4,1.29,46.5,-0.8,-9.42,1587130.0,131958386.0,-8.11
20260730,-6.0,-5.64,197.89,-5.52,-0.48,46.7,0.3,-3.29,-1.23,1450.1,204799,-226652,138093.0,0.1,1.19,-11673.0,0.0,,,,45.71875,15241,198.38,-5.5,-0.5,46.8,0.3,-5.52,1499618.0,131958386.0,-6.0
20260731,29.91,29.95,255.75,29.23,0.68,46.5,-0.3,19.23,17.91,1441.1,327069,-17231,138093.0,0.1,1.19,-11673.0,0.0,,,,45.875,-298159,256.24,29.17,0.74,46.5,-0.3,29.23,1938624.0,131923998.0,29.91
20260803,-1.25,-8.79,233.69,-8.62,7.37,42.1,-4.3,-4.26,-5.12,1433.6,-20683,8732,98563,0.07,5.39,10158,1.0,4000.0,0.39,53630.0,46.15625,14772,234.18,-8.61,7.36,42.2,-4.3,-8.62,1771411.0,131923998.0,-1.25
20260804,3.41,0.64,235.16,0.63,2.78,40.5,-1.6,-1.59,1.62,1429.9,-8045,9009,93299,0.07,3.65,-5264,1.0,5000.0,0.472,64157.0,46.125,3944,223.22,-4.68,2.83,40.5,-1.7,0.63,1782531.0,131923998.0,-1.85
20260812,8.36,5.54,224.5,5.42,2.94,39.8,-1.6,2.89,3.68,1415.0,98321,57735,91965.0,0.07,4.53,4748.0,1.0,1000.0,0.098,51308.0,46.15625,-152882,224.98,5.41,2.95,39.9,-1.6,5.42,1701742.0,131923998.0,8.36
20260813,9.08,5.92,237.51,5.79,3.29,38.0,-1.9,2.97,3.56,1415.0,26232,47118,94505.0,0.07,3.14,2540.0,1.0,0.0,0.0,33271.0,46.28125,-69511,237.98,5.78,3.3,38.0,-1.9,5.79,1800333.0,131923998.0,9.08
20260826,-0.19,0.6,251.38,0.59,-0.78,44.5,0.4,0.2,0.97,1383.1,18195,-18036,112947.0,0.09,8.57,4743.0,1.0,2000.0,0.189,36914.0,46.21875,-3319,251.87,0.58,-0.77,44.5,0.4,0.59,1905483.0,131923998.0,-0.19
20260827,0.95,2.49,257.51,2.44,-1.49,45.3,0.8,0.56,1.53,1384.6,46736,-33868,118998.0,0.09,6.28,6051.0,1.0,3000.0,0.281,38647.0,46.21875,-15140,258.0,2.44,-1.49,45.3,0.8,2.44,1951978.0,131923998.0,0.95
20260831,0.88,1.27,249.33,1.24,-0.36,45.1,0.2,-0.78,0.46,1376.5,-15214,12759,118297.0,0.09,1.56,4.0,1.0,-4000.0,-0.386,31473.0,46.3125,1636,249.82,1.24,-0.36,45.2,0.2,1.24,1889945.0,131923998.0,0.88
20260901,2.89,1.14,252.11,1.12,1.77,44.2,-1.0,-0.13,0.23,1373.6,43316,16193,120250.0,0.09,5.61,1953.0,1.0,4000.0,0.375,31975.0,46.28125,-59629,252.6,1.11,1.78,44.2,-1.0,1.12,1911004.0,131923998.0,2.89
20260902,-7.97,-4.73,240.42,-4.64,-3.33,46.1,1.9,-2.14,-3.99,1370.3,-100802,-183077,122394.0,0.09,6.37,2144.0,1.0,5000.0,0.509,31283.0,46.34375,278322,240.9,-4.63,-3.34,46.2,2.0,-4.64,1822381.0,131923998.0,-7.97
20260907,8.07,8.26,265.25,8.1,-0.03,44.0,0.0,3.4,4.61,1355.2,122501,121448,116438.0,0.09,4.57,72.0,1.0,4000.0,0.356,30989.0,46.34375,-239592,265.74,8.08,-0.01,44.1,0.0,8.1,2010661.0,131923998.0,8.07
20260910,-0.26,-0.16,275.48,-0.15,-0.11,45.6,0.1,0.75,-0.25,1337.9,115628,-127630,90105.0,0.07,2.16,-16370.0,1.0,0.0,0.0,24028.0,46.5,11256,275.97,-0.16,-0.1,45.7,0.1,-0.15,2088196.0,131923998.0,-0.26
20260915,0.0,-0.41,251.67,-0.4,0.4,47.6,-0.2,-0.2,-0.85,1345.3,37275,-62234,92377.0,0.07,4.2,826.0,1.0,4000.0,0.4,19062.0,46.53,25015,252.01,0.35,-0.15,47.5,0.1,-0.4,1907687.0,131923998.0,0.2
20260805,5.57,5.77,248.46,5.65,-0.08,40.6,0.0,2.83,3.76,1428.2,9840,12520,93299.0,0.07,4.18,-5264.0,1.0,1000.0,0.089,39691.0,46.1,-20577,248.94,5.64,-0.07,40.6,0.0,5.65,1883345.0,131923998.0,5.57
20260806,-13.32,-10.37,223.18,-10.17,-3.15,42.7,2.1,-5.0,-4.58,1424.8,-149681,-83034,85979.0,0.07,3.23,-7320.0,1.0,7000.0,0.722,38456.0,45.93,232387,223.66,-10.15,-3.17,42.7,2.1,-10.17,1691726.0,131923998.0,-13.32
20260807,-3.2,-4.88,212.51,-4.78,1.58,41.7,-0.9,-1.59,-0.6,1418.8,111846,-115076,87217.0,0.07,2.24,1238.0,1.0,-1000.0,-0.106,41380.0,46.05,4862,213.0,-4.77,1.57,41.8,-0.9,-4.78,1610873.0,131923998.0,-3.2
20260810,1.06,-0.14,212.23,-0.13,1.19,41.0,-0.7,2.46,0.65,1420.1,62883,-44691,91965.0,0.07,4.53,4748.0,1.0,-13000.0,-1.37,28239.0,46.09,-14741,212.71,-0.14,1.2,41.1,-0.7,-0.13,1608719.0,131923998.0,1.06
20260811,-0.42,0.35,212.96,0.34,-0.76,41.5,0.5,1.95,0.73,1415.3,68519,-80678,94505.0,0.07,3.14,2540.0,1.0,9000.0,0.952,35283.0,46.15,11334,213.44,0.34,-0.76,41.5,0.4,0.34,1614232.0,131923998.0,-0.42
20260814,3.31,3.26,245.1,3.2,0.11,37.9,-0.1,0.59,2.42,1414.9,-25480,40464,87025.0,0.07,3.85,1062.0,1.0,4000.0,0.347,39205.0,46.29,-14569,245.58,3.19,0.12,37.9,-0.1,3.2,1857919.0,131923998.0,3.31
20260818,-1.65,1.03,247.59,1.01,-2.66,39.5,1.6,0.03,-1.55,1415.2,38607,-30122,91628.0,0.07,5.47,4603.0,1.0,-3000.0,-0.264,55460.0,46.35,-5748,248.07,1.01,-2.66,39.6,1.7,1.01,1876769.0,131923998.0,-1.65
20260819,-11.54,-9.75,223.92,-9.56,-1.98,40.8,1.3,-4.85,-5.8,1411.0,-213363,-23196,92840.0,0.07,4.83,1212.0,1.0,24000.0,2.39,38082.0,46.17,231105,224.4,-9.54,-2.0,40.9,1.3,-9.56,1697313.0,131923998.0,-11.54
20260820,11.85,12.73,251.82,12.46,-0.61,41.2,0.3,4.32,5.89,1402.5,68091,-19027,90449.0,0.07,5.64,-2391.0,1.0,3000.0,0.267,61876.0,46.26,-47740,252.3,12.44,-0.59,41.2,0.3,12.46,1908832.0,131923998.0,11.85
20260821,0.0,2.31,257.52,2.26,-2.26,42.5,1.3,-0.38,0.88,1393.0,2178,25355,108204.0,0.08,9.08,17755.0,1.0,-3000.0,-0.267,43179.0,46.26,-26001,258.0,2.26,-2.26,42.5,1.3,2.26,1951996.0,131923998.0,0.0
20260824,-4.19,-3.41,248.9,-3.34,-0.85,43.0,0.5,-2.97,-3.12,1383.6,50105,-58126,112947.0,0.09,8.57,4743.0,1.0,-5000.0,-0.465,41793.0,46.28,7359,249.38,-3.34,-0.85,43.0,0.5,-3.34,1886693.0,131923998.0,-4.19
20260825,-1.49,0.42,249.92,0.41,-1.9,44.0,1.1,1.89,0.68,1380.6,-82677,-2058,118998.0,0.09,6.28,6051.0,1.0,5000.0,0.472,45684.0,46.21,81802,250.4,0.41,-1.9,44.1,1.1,0.41,1894390.0,131923998.0,-1.49
20260828,-3.75,-4.45,246.27,-4.37,0.62,44.9,-0.4,-1.75,-1.79,1380.3,67702,-117798,120250.0,0.09,5.61,1953.0,1.0,-1000.0,-0.097,22988.0,46.3,49689,246.75,-4.36,0.61,45.0,-0.3,-4.37,1866739.0,131923998.0,-3.75
20260903,-0.1,-1.05,237.93,-1.03,0.93,45.6,-0.5,-1.28,0.26,1369.4,21025,-14552,116438.0,0.09,4.57,72.0,1.0,1000.0,0.102,31025.0,46.21,-9135,238.42,-1.03,0.93,45.7,-0.5,-1.03,1803542.0,131923998.0,-0.1
20260904,6.12,3.2,245.38,3.13,2.99,44.0,-1.6,2.3,1.64,1359.5,130191,81906,112787.0,0.09,7.35,-3651.0,1.0,-7000.0,-0.672,27189.0,46.33,-210740,245.87,3.13,2.99,44.1,-1.6,3.13,1860044.0,131923998.0,6.12
20260908,0.53,0.56,266.71,0.55,-0.02,44.1,0.0,-0.16,-0.58,1342.6,94072,49731,90105.0,0.07,2.16,-16370.0,1.0,3000.0,0.265,44041.0,46.54,-141465,267.2,0.55,-0.02,44.1,0.0,0.55,2021731.0,131923998.0,0.53
20260909,0.62,3.51,275.92,3.45,-2.83,45.6,1.5,2.31,1.4,1341.1,-27733,12851,90464.0,0.07,2.18,359.0,1.0,5000.0,0.439,29744.0,46.49,15001,276.41,3.44,-2.82,45.6,1.5,3.45,2091515.0,131923998.0,0.62
20260911,-4.05,-2.21,269.49,-2.17,-1.88,46.7,1.0,-3.98,-1.76,1338.2,7228,-83234,92377.0,0.07,4.2,826.0,1.0,0.0,0.0,22719.0,46.54,75302,269.98,-2.17,-1.88,46.7,1.0,-2.17,2042780.0,131923998.0,-4.05
20260914,-8.17,-6.35,252.69,-6.23,-1.94,47.8,1.1,-2.69,-3.26,1346.4,-60281,-116560,91610.0,0.07,6.01,-767.0,1.0,2000.0,0.2,23871.0,46.49,172362,251.13,-6.98,-1.19,47.4,0.7,-6.23,1915421.0,131923998.0,-8.17
20260916,2.0,4.08,261.75,4.01,-2.01,48.6,1.0,2.93,1.37,1353.3,-43024,10824,95938.0,0.07,4.18,4328.0,1.0,-8000.0,-0.784,19164.0,46.49,31824,261.94,2.57,-2.27,48.7,1.1,4.01,1984092.0,131923998.0,0.3
20260917,-1.18,-0.8,259.7,-0.78,-0.4,48.8,0.2,0.4,-0.04,1368.3,33942,-44342,94783,0.07,3.76,-286,1.0,1000.0,0.099,19923.0,46.5,10718,,,,,,-0.78,1968582.0,131923998,
20260918,7.04,6.42,276.07,6.3,0.74,48.4,-0.4,2.09,2.66,1380.3,96156,39648,93779,0.07,2.60,-1004,1.0,1000.0,0.093,27045.0,46.61,-133811,,,,,,6.3,2092667.0,131923998,
20260921,4.45,0.59,277.68,0.58,3.87,46.5,-2.0,2.36,1.65,1383.8,108074,33266,94459,0.07,1.93,680,1.0,0.0,0.0,29897.0,46.7,-139300,,,,,,0.58,2104827.0,131923998,
20260922,0.53,-1.5,273.59,-1.47,2.0,45.4,-1.1,0.29,0.15,1384.3,72246,-3659,94344,0.07,3.94,-115,1.0,2000.0,0.177,30499.0,46.76,-68287,,,,,,-1.47,2073824.0,131923998,
20260923,5.03,1.2,276.8,1.17,3.86,43.3,-2.1,1.24,0.90,1360,31268,61115,96217,0.07,1.47,1873,1.0,-6000.0,-0.504,31571.0,46.84,-91571,,,,,,1.17,2098194.0,131923998,
20260928,-7.56,-5.05,263.08,-4.96,-2.6,44.8,1.6,-2.83,-2.70,1352,-79963,-63817,99851,0.08,5.15,3634,1.0,-8000.0,-0.727,34682.0,46.73,144079,,,,,,-4.96,1994156.0,131923998,
20260929,1.64,-0.17,262.64,-0.17,1.81,43.8,-1.0,2.3,-0.27,1360,11629,1698,,,3.35,,1.0,-2000.0,-0.179,32256.0,46.73,-14216,,,,,,-0.17,1990818.0,131923998,
20260930,1.88,0.62,264.24,0.61,1.27,43.1,-0.7,1.14,-0.48,1358.4,29397,-2345,,,,,1,0,0.0,31451,46.78,-25635,,,,,,0.61,2002996.0,131923998,
