date,skhynix_shares,skhynix_price,skhynix_value,skhynix_conf,dreamus_shares,dreamus_price,dreamus_value,dreamus_conf,incross_shares,incross_price,incross_value,incross_conf,nanoentek_shares,nanoentek_price,nanoentek_value,nanoentek_conf,krafton_shares,krafton_price,krafton_value,krafton_conf,nexus_shares,nexus_price,nexus_value,nexus_conf,ionq_shares,ionq_price_usd,usdkrw,ionq_value,ionq_conf,total_listed_value,total_listed_value_trillion
20211130,146100000,114000.0,16655400000000.0,confirmed,29246387,5250.0,153543531750.0,confirmed,4631251,29083.0,134690672833.0,confirmed,7600649,7180.0,54572659820.0,confirmed,0,503000.0,0.0,none,0,7400.0,0.0,none,0,24.079999923706055,1190.739990234375,0.0,none,16998206864403.0,16.9982
20211201,146100000,116500.0,17020650000000.0,confirmed,29246387,5850.0,171091363950.0,confirmed,4631251,28895.0,133819997645.0,confirmed,7600649,7200.0,54724672800.0,confirmed,0,489000.0,0.0,none,0,6730.0,0.0,none,0,23.81999969482422,1182.8599853515625,0.0,none,17380286034395.0,17.3803
20211202,146100000,120000.0,17532000000000.0,confirmed,29246387,5920.0,173138611040.0,confirmed,4631251,29366.0,136001316866.0,confirmed,7600649,7590.0,57688925910.0,confirmed,0,502000.0,0.0,none,0,6160.0,0.0,none,0,20.75,1177.1099853515625,0.0,none,17898828853816.0,17.8988
20211203,146100000,118000.0,17239800000000.0,confirmed,29246387,6290.0,183959774230.0,confirmed,4631251,29429.0,136293085679.0,confirmed,7600649,7560.0,57460906440.0,confirmed,0,500000.0,0.0,none,0,8000.0,0.0,none,0,21.450000762939453,1176.77001953125,0.0,none,17617513766349.0,17.6175
20211206,146100000,118500.0,17312850000000.0,confirmed,29246387,5690.0,166411942030.0,confirmed,4631251,29397.0,136144885647.0,confirmed,7600649,7470.0,56776848030.0,confirmed,0,472500.0,0.0,none,0,8730.0,0.0,none,0,18.780000686645508,1183.1400146484375,0.0,none,17672183675707.0,17.6722
20211207,146100000,121500.0,17751150000000.0,confirmed,29246387,5480.0,160270200760.0,confirmed,4631251,29586.0,137020192086.0,confirmed,7600649,7670.0,58296977830.0,confirmed,0,465000.0,0.0,none,0,8010.0,0.0,none,0,18.790000915527344,1180.56005859375,0.0,none,18106737370676.0,18.1067
20211208,146100000,120000.0,17532000000000.0,confirmed,29246387,5580.0,163194839460.0,confirmed,4631251,30214.0,139928617714.0,confirmed,7600649,8140.0,61869282860.0,confirmed,0,464500.0,0.0,none,0,7700.0,0.0,none,0,21.530000686645508,1176.8399658203125,0.0,none,17896992740034.0,17.897
20211209,146100000,123500.0,18043350000000.0,confirmed,29246387,5790.0,169336580730.0,confirmed,4631251,30025.0,139053311275.0,confirmed,7600649,7910.0,60121133590.0,confirmed,0,479000.0,0.0,none,0,7760.0,0.0,none,0,20.969999313354492,1172.56005859375,0.0,none,18411861025595.0,18.4119
20211210,146100000,120500.0,17605050000000.0,confirmed,29246387,5890.0,172261219430.0,confirmed,4631251,30025.0,139053311275.0,confirmed,7600649,7780.0,59133049220.0,confirmed,0,489500.0,0.0,none,0,7470.0,0.0,none,0,18.610000610351562,1177.3299560546875,0.0,none,17975497579925.0,17.9755
20211213,146100000,121500.0,17751150000000.0,confirmed,29246387,5750.0,168166725250.0,confirmed,4631251,31031.0,143712349781.0,confirmed,7600649,7780.0,59133049220.0,confirmed,0,489500.0,0.0,none,0,6720.0,0.0,none,0,18.56999969482422,1178.969970703125,0.0,none,18122162124251.0,18.1222
20211214,146100000,121000.0,17678100000000.0,confirmed,29246387,5650.0,165242086550.0,confirmed,4631251,30779.0,142545274529.0,confirmed,7600649,7680.0,58372984320.0,confirmed,0,493000.0,0.0,none,0,6520.0,0.0,none,0,16.670000076293945,1185.0999755859375,0.0,none,18044260345399.0,18.0443
20211215,146100000,123500.0,18043350000000.0,confirmed,29246387,5680.0,166119478160.0,confirmed,4631251,30685.0,142109936935.0,confirmed,7600649,7860.0,59741101140.0,confirmed,0,485000.0,0.0,none,0,6630.0,0.0,none,0,16.100000381469727,1184.22998046875,0.0,none,18411320516235.0,18.4113
20211216,146100000,124000.0,18116400000000.0,confirmed,29246387,5550.0,162317447850.0,confirmed,4631251,30465.0,141091061715.0,confirmed,7600649,7940.0,60349153060.0,confirmed,0,484000.0,0.0,none,0,6420.0,0.0,none,0,17.84000015258789,1184.4000244140625,0.0,none,18480157662625.0,18.4802
20211217,146100000,122000.0,17824200000000.0,confirmed,29246387,5990.0,175185858130.0,confirmed,4631251,30183.0,139785048933.0,confirmed,7600649,7840.0,59589088160.0,confirmed,0,494500.0,0.0,none,0,6370.0,0.0,none,0,16.059999465942383,1186.1500244140625,0.0,none,18198759995223.0,18.1988
20211220,146100000,120500.0,17605050000000.0,confirmed,29246387,5800.0,169629044600.0,confirmed,4631251,31973.0,148074988223.0,confirmed,7600649,7620.0,57916945380.0,confirmed,0,471000.0,0.0,none,0,6050.0,0.0,none,0,16.770000457763672,1186.3900146484375,0.0,none,17980670978203.0,17.9807
20211221,146100000,124500.0,18189450000000.0,confirmed,29246387,6100.0,178402960700.0,confirmed,4631251,31596.0,146329006596.0,confirmed,7600649,7610.0,57840938890.0,confirmed,0,466500.0,0.0,none,0,6140.0,0.0,none,0,15.279999732971191,1190.1199951171875,0.0,none,18572022906186.0,18.572
20211222,146100000,127000.0,18554700000000.0,confirmed,29246387,6060.0,177233105220.0,confirmed,4631251,31407.0,145453700157.0,confirmed,7600649,7460.0,56700841540.0,confirmed,0,470500.0,0.0,none,0,6480.0,0.0,none,0,16.18000030517578,1191.27001953125,0.0,none,18934087646917.0,18.9341
20211223,146100000,127500.0,18627750000000.0,confirmed,29246387,6140.0,179572816180.0,confirmed,4631251,31313.0,145018362563.0,confirmed,7600649,7380.0,56092789620.0,confirmed,0,464000.0,0.0,none,0,6300.0,0.0,none,0,16.81999969482422,1187.77001953125,0.0,none,19008433968363.0,19.0084
20211224,146100000,128000.0,18700800000000.0,confirmed,29246387,6040.0,176648177480.0,confirmed,4631251,31345.0,145166562595.0,confirmed,7600649,7430.0,56472822070.0,confirmed,0,463000.0,0.0,none,0,6410.0,0.0,none,0,17.860000610351562,1185.5,0.0,none,19079087562145.0,19.0791
20211227,146100000,126000.0,18408600000000.0,confirmed,29246387,5690.0,166411942030.0,confirmed,4631251,30999.0,143564149749.0,confirmed,7600649,7280.0,55332724720.0,confirmed,0,450500.0,0.0,none,0,6260.0,0.0,none,0,17.860000610351562,1185.9200439453125,0.0,none,18773908816499.0,18.7739
20211228,146100000,127500.0,18627750000000.0,confirmed,29246387,5670.0,165827014290.0,confirmed,4631251,30873.0,142980612123.0,confirmed,7600649,7260.0,55180711740.0,confirmed,0,462000.0,0.0,none,0,6060.0,0.0,none,0,18.299999237060547,1185.6500244140625,0.0,none,18991738338153.0,18.9917
20211229,146100000,127000.0,18554700000000.0,confirmed,29246387,5750.0,168166725250.0,confirmed,4631251,31533.0,146037237783.0,confirmed,7600649,7440.0,56548828560.0,confirmed,0,467000.0,0.0,none,0,6170.0,0.0,none,0,17.06999969482422,1187.8499755859375,0.0,none,18925452791593.0,18.9255
20211230,146100000,131000.0,19139100000000.0,confirmed,29246387,5880.0,171968755560.0,confirmed,4631251,33229.0,153891839479.0,confirmed,7600649,7450.0,56624835050.0,confirmed,0,460000.0,0.0,none,0,6210.0,0.0,none,0,17.700000762939453,1183.6700439453125,0.0,none,19521585430089.0,19.5216
20220103,146100000,128500.0,18773850000000.0,confirmed,29246387,6020.0,176063249740.0,confirmed,4631251,32412.0,150108107412.0,confirmed,7600649,7470.0,56776848030.0,confirmed,0,460000.0,0.0,none,0,6510.0,0.0,none,0,16.700000762939453,1187.780029296875,0.0,none,19156798205182.0,19.1568
20220104,146100000,128500.0,18773850000000.0,confirmed,29246387,6120.0,178987888440.0,confirmed,4631251,32475.0,150399876225.0,confirmed,7600649,7450.0,56624835050.0,confirmed,0,444000.0,0.0,none,0,6420.0,0.0,none,0,17.469999313354492,1194.6800537109375,0.0,none,19159862599715.0,19.1599
20220105,146100000,125500.0,18335550000000.0,confirmed,29246387,6180.0,180742671660.0,confirmed,4631251,32664.0,151275182664.0,confirmed,7600649,7490.0,56928861010.0,confirmed,0,417000.0,0.0,none,0,6140.0,0.0,none,0,16.440000534057617,1196.5,0.0,none,18724496715334.0,18.7245
20220106,146100000,125000.0,18262500000000.0,confirmed,29246387,5880.0,171968755560.0,confirmed,4631251,31596.0,146329006596.0,confirmed,7600649,7290.0,55408731210.0,confirmed,0,402000.0,0.0,none,0,5880.0,0.0,none,0,15.380000114440918,1199.25,0.0,none,18636206493366.0,18.6362
20220107,146100000,127000.0,18554700000000.0,confirmed,29246387,6030.0,176355713610.0,confirmed,4631251,32601.0,150983413851.0,confirmed,7600649,7340.0,55788763660.0,confirmed,0,394500.0,0.0,none,0,5940.0,0.0,none,0,14.84000015258789,1205.780029296875,0.0,none,18937827891121.0,18.9378
20220110,146100000,124500.0,18189450000000.0,confirmed,29246387,5710.0,166996869770.0,confirmed,4631251,32098.0,148653894598.0,confirmed,7600649,7310.0,55560744190.0,confirmed,0,381500.0,0.0,none,0,5650.0,0.0,none,0,14.369999885559082,1196.8800048828125,0.0,none,18560661508558.0,18.5607
20220111,146100000,128000.0,18700800000000.0,confirmed,29246387,5680.0,166119478160.0,confirmed,4631251,32287.0,149529201037.0,confirmed,7600649,7220.0,54876685780.0,confirmed,0,365000.0,0.0,none,0,5200.0,0.0,none,0,13.710000038146973,1198.0899658203125,0.0,none,19071325364977.0,19.0713
20220112,146100000,128500.0,18773850000000.0,confirmed,29246387,5720.0,167289333640.0,confirmed,4631251,32350.0,149820969850.0,confirmed,7600649,7360.0,55940776640.0,confirmed,0,367500.0,0.0,none,0,5340.0,0.0,none,0,14.6899995803833,1189.4300537109375,0.0,none,19146901080130.0,19.1469
20220113,146100000,129500.0,18919950000000.0,confirmed,29246387,5670.0,165827014290.0,confirmed,4631251,31093.0,143999487343.0,confirmed,7600649,7400.0,56244802600.0,confirmed,0,346500.0,0.0,none,0,5120.0,0.0,none,0,14.09000015258789,1185.8800048828125,0.0,none,19286021304233.0,19.286
20220114,146100000,128500.0,18773850000000.0,confirmed,29246387,5790.0,169336580730.0,confirmed,4631251,31156.0,144291256156.0,confirmed,7600649,7400.0,56244802600.0,confirmed,0,343500.0,0.0,none,0,5070.0,0.0,none,0,12.979999542236328,1186.6099853515625,0.0,none,19143722639486.0,19.1437
20220117,146100000,127000.0,18554700000000.0,confirmed,29246387,5310.0,155298314970.0,confirmed,4631251,30654.0,141966368154.0,confirmed,7600649,7290.0,55408731210.0,confirmed,0,341000.0,0.0,none,0,4780.0,0.0,none,0,12.930000305175781,1188.9599609375,0.0,none,18907373414334.0,18.9074
20220118,146100000,126500.0,18481650000000.0,confirmed,29246387,5200.0,152081212400.0,confirmed,4631251,30434.0,140947492934.0,confirmed,7600649,7050.0,53584575450.0,confirmed,0,340500.0,0.0,none,0,4685.0,0.0,none,0,12.930000305175781,1190.06005859375,0.0,none,18828263280784.0,18.8283
20220119,146100000,127000.0,18554700000000.0,confirmed,29246387,5060.0,147986718220.0,confirmed,4631251,29900.0,138474404900.0,confirmed,7600649,6810.0,51760419690.0,confirmed,0,324500.0,0.0,none,0,4690.0,0.0,none,0,12.199999809265137,1192.97998046875,0.0,none,18892921542810.0,18.8929
20220120,146100000,125000.0,18262500000000.0,confirmed,29246387,5080.0,148571645960.0,confirmed,4631251,30057.0,139201511307.0,confirmed,7600649,6970.0,52976523530.0,confirmed,0,325000.0,0.0,none,0,4895.0,0.0,none,0,11.789999961853027,1188.1600341796875,0.0,none,18603249680797.0,18.6032
20220121,146100000,119000.0,17385900000000.0,confirmed,29246387,4965.0,145208311455.0,confirmed,4631251,29900.0,138474404900.0,confirmed,7600649,6860.0,52140452140.0,confirmed,0,310000.0,0.0,none,0,4815.0,0.0,none,0,11.720000267028809,1192.4300537109375,0.0,none,17721723168495.0,17.7217
20220124,146100000,119000.0,17385900000000.0,confirmed,29246387,4750.0,138920338250.0,confirmed,4631251,29020.0,134398904020.0,confirmed,7600649,6850.0,52064445650.0,confirmed,0,302000.0,0.0,none,0,4455.0,0.0,none,0,10.880000114440918,1191.5,0.0,none,17711283687920.0,17.7113
20220125,146100000,118000.0,17239800000000.0,confirmed,29246387,4520.0,132193669240.0,confirmed,4631251,28832.0,133528228832.0,confirmed,7600649,7450.0,56624835050.0,confirmed,0,291000.0,0.0,none,0,4170.0,0.0,none,0,10.890000343322754,1195.6600341796875,0.0,none,17562146733122.0,17.5621
20220126,146100000,117500.0,17166750000000.0,confirmed,29246387,4545.0,132924828915.0,confirmed,4631251,27858.0,129017390358.0,confirmed,7600649,8010.0,60881198490.0,confirmed,0,276500.0,0.0,none,0,4210.0,0.0,none,0,10.4399995803833,1196.0999755859375,0.0,none,17489573417763.0,17.4896
20220127,146100000,113500.0,16582350000000.0,confirmed,29246387,4405.0,128830334735.0,confirmed,4631251,26633.0,123344107883.0,confirmed,7600649,7430.0,56472822070.0,confirmed,0,264000.0,0.0,none,0,3940.0,0.0,none,0,10.710000038146973,1200.6300048828125,0.0,none,16890997264688.0,16.891
20220128,146100000,120500.0,17605050000000.0,confirmed,29246387,4625.0,135264539875.0,confirmed,4631251,27764.0,128582052764.0,confirmed,7600649,8200.0,62325321800.0,confirmed,0,274500.0,0.0,none,0,3910.0,0.0,none,0,9.510000228881836,1203.4599609375,0.0,none,17931221914439.0,17.9312
20220203,146100000,124000.0,18116400000000.0,confirmed,29246387,4690.0,137165555030.0,confirmed,4631251,28172.0,130471603172.0,confirmed,7600649,8630.0,65593600870.0,confirmed,0,275500.0,0.0,none,0,4055.0,0.0,none,0,11.489999771118164,1199.9599609375,0.0,none,18449630759072.0,18.4496
20220204,146100000,124500.0,18189450000000.0,confirmed,29246387,4690.0,137165555030.0,confirmed,4631251,28298.0,131055140798.0,confirmed,7600649,8050.0,61185224450.0,confirmed,0,288500.0,0.0,none,0,4220.0,0.0,none,0,11.390000343322754,1200.3299560546875,0.0,none,18518855920278.0,18.5189
20220207,146100000,123000.0,17970300000000.0,confirmed,29246387,4650.0,135995699550.0,confirmed,4631251,28958.0,134111766458.0,confirmed,7600649,8200.0,62325321800.0,confirmed,0,305000.0,0.0,none,0,4315.0,0.0,none,0,12.899999618530273,1197.0899658203125,0.0,none,18302732787808.0,18.3027
20220208,146100000,125000.0,18262500000000.0,confirmed,29246387,4690.0,137165555030.0,confirmed,4631251,28172.0,130471603172.0,confirmed,7600649,7710.0,58601003790.0,confirmed,0,299500.0,0.0,none,0,4430.0,0.0,none,0,13.1899995803833,1196.8499755859375,0.0,none,18588738161992.0,18.5887
20220209,146100000,126000.0,18408600000000.0,confirmed,29246387,4780.0,139797729860.0,confirmed,4631251,27858.0,129017390358.0,confirmed,7600649,7810.0,59361068690.0,confirmed,0,297000.0,0.0,none,0,4325.0,0.0,none,0,12.960000038146973,1196.3599853515625,0.0,none,18736776188908.0,18.7368
20220210,146100000,129500.0,18919950000000.0,confirmed,29246387,4715.0,137896714705.0,confirmed,4631251,27513.0,127419608763.0,confirmed,7600649,7580.0,57612919420.0,confirmed,0,297000.0,0.0,none,0,4140.0,0.0,none,0,14.270000457763672,1194.030029296875,0.0,none,19242879242888.0,19.2429
20220211,146100000,132000.0,19285200000000.0,confirmed,29246387,4555.0,133217292785.0,confirmed,4631251,27356.0,126692502356.0,confirmed,7600649,7170.0,54496653330.0,confirmed,0,259000.0,0.0,none,0,4050.0,0.0,none,0,14.760000228881836,1199.3499755859375,0.0,none,19599606448471.0,19.5996
20220214,146100000,132500.0,19358250000000.0,confirmed,29246387,4400.0,128684102800.0,confirmed,4631251,26791.0,124075845541.0,confirmed,7600649,6910.0,52520484590.0,confirmed,0,267500.0,0.0,none,0,3825.0,0.0,none,0,16.81999969482422,1199.239990234375,0.0,none,19663530432931.0,19.6635
20220215,146100000,127000.0,18554700000000.0,confirmed,29246387,4265.0,124735840555.0,confirmed,4631251,26696.0,123635876696.0,confirmed,7600649,6460.0,49100192540.0,confirmed,0,281000.0,0.0,none,0,3755.0,0.0,none,0,16.540000915527344,1197.3599853515625,0.0,none,18852171909791.0,19.3511
20220216,146100000,130500.0,19066050000000.0,confirmed,29246387,4465.0,130585117955.0,confirmed,4631251,27010.0,125090089510.0,confirmed,7600649,6940.0,52748504060.0,confirmed,0,277500.0,0.0,none,0,3905.0,0.0,none,0,16.579999923706055,1196.8299560546875,0.0,none,19374473711525.0,19.3745
20220217,146100000,133000.0,19431300000000.0,confirmed,29246387,4450.0,130146422150.0,confirmed,4631251,26885.0,124511183135.0,confirmed,7600649,6900.0,52444478100.0,confirmed,0,273000.0,0.0,none,0,3885.0,0.0,none,0,15.819999694824219,1196.75,0.0,none,19738402083385.0,19.7384
20220218,146100000,131500.0,19212150000000.0,confirmed,29246387,4535.0,132632365045.0,confirmed,4631251,26853.0,124362983103.0,confirmed,7600649,7130.0,54192627370.0,confirmed,0,274000.0,0.0,none,0,3900.0,0.0,none,0,15.479999542236328,1198.6600341796875,0.0,none,19523337975518.0,19.5233
20220221,146100000,130000.0,18993000000000.0,confirmed,29246387,4545.0,132924828915.0,confirmed,4631251,27167.0,125817195917.0,confirmed,7600649,7020.0,53356555980.0,confirmed,0,273500.0,0.0,none,0,3880.0,0.0,none,0,14.680000305175781,1195.0699462890625,0.0,none,19305098580812.0,19.3051
20220222,146100000,128500.0,18773850000000.0,confirmed,29246387,4390.0,128391638930.0,confirmed,4631251,26508.0,122765201508.0,confirmed,7600649,6720.0,51076361280.0,confirmed,0,273500.0,0.0,none,0,3725.0,0.0,none,0,14.680000305175781,1194.6800537109375,0.0,none,19076083201718.0,19.0761
20220223,146100000,128500.0,18773850000000.0,confirmed,29246387,4365.0,127660479255.0,confirmed,4631251,26602.0,123200539102.0,confirmed,7600649,6730.0,51152367770.0,confirmed,0,286000.0,0.0,none,0,3650.0,0.0,none,0,14.529999732971191,1192.6800537109375,0.0,none,19075863386127.0,19.0759
20220224,146100000,122500.0,17897250000000.0,confirmed,29246387,4220.0,123419753140.0,confirmed,4631251,26414.0,122329863914.0,confirmed,7600649,6310.0,47960095190.0,confirmed,0,285500.0,0.0,none,0,3470.0,0.0,none,0,13.720000267028809,1192.4000244140625,0.0,none,18190959712244.0,18.6846
20220225,146100000,123000.0,17970300000000.0,confirmed,29246387,4290.0,125467000230.0,confirmed,4631251,26822.0,124219414322.0,confirmed,7600649,6340.0,48188114660.0,confirmed,0,284000.0,0.0,none,0,3635.0,0.0,none,0,15.600000381469727,1206.0,0.0,none,18268174529212.0,18.2682
20220228,146100000,123500.0,18043350000000.0,confirmed,29246387,4300.0,125759464100.0,confirmed,4631251,26602.0,123200539102.0,confirmed,7600649,6360.0,48340127640.0,confirmed,0,295000.0,0.0,none,0,3680.0,0.0,none,0,15.100000381469727,1197.5899658203125,0.0,none,18340650130842.0,18.3407
20220302,146100000,125000.0,18262500000000.0,confirmed,29246387,4370.0,127806711190.0,confirmed,4631251,26822.0,124219414322.0,confirmed,7600649,6470.0,49176199030.0,confirmed,0,298000.0,0.0,none,0,3620.0,0.0,none,0,14.5,1205.3699951171875,0.0,none,18563702324542.0,18.5637
20220303,146100000,129000.0,18846900000000.0,confirmed,29246387,4425.0,129415262475.0,confirmed,4631251,26979.0,124946520729.0,confirmed,7600649,6640.0,50468309360.0,confirmed,0,298500.0,0.0,none,0,3760.0,0.0,none,0,14.65999984741211,1203.1500244140625,0.0,none,19151730092564.0,19.1517
20220304,146100000,124500.0,18189450000000.0,confirmed,29246387,4450.0,130146422150.0,confirmed,4631251,26916.0,124654751916.0,confirmed,7600649,6570.0,49936263930.0,confirmed,0,282500.0,0.0,none,0,3780.0,0.0,none,0,13.279999732971191,1205.989990234375,0.0,none,18494187437996.0,18.4942
20220307,146100000,119500.0,17458950000000.0,confirmed,29246387,4280.0,125174536360.0,confirmed,4631251,26445.0,122473432695.0,confirmed,7600649,6320.0,48036101680.0,confirmed,0,271000.0,0.0,none,0,3540.0,0.0,none,0,12.390000343322754,1216.7099609375,0.0,none,17754634070735.0,17.7546
20220308,146100000,118000.0,17239800000000.0,confirmed,29246387,4280.0,125174536360.0,confirmed,4631251,26288.0,121746326288.0,confirmed,7600649,6260.0,47580062740.0,confirmed,0,273500.0,0.0,none,0,3480.0,0.0,none,0,11.890000343322754,1232.300048828125,0.0,none,17534300925388.0,17.5343
20220310,146100000,120000.0,17532000000000.0,confirmed,29246387,4355.0,127368015385.0,confirmed,4631251,26319.0,121889895069.0,confirmed,7600649,6430.0,48872173070.0,confirmed,0,295000.0,0.0,none,0,3625.0,0.0,none,0,12.5,1223.22998046875,0.0,none,17830130083524.0,17.8301
20220311,146100000,117000.0,17093700000000.0,confirmed,29246387,4380.0,128099175060.0,confirmed,4631251,26696.0,123635876696.0,confirmed,7600649,6450.0,49024186050.0,confirmed,0,285000.0,0.0,none,0,3690.0,0.0,none,0,12.75,1228.5999755859375,0.0,none,17394459237806.0,17.3945
20220314,146100000,116000.0,16947600000000.0,confirmed,29246387,4295.0,125613232165.0,confirmed,4631251,26508.0,122765201508.0,confirmed,7600649,6290.0,47808082210.0,confirmed,0,281000.0,0.0,none,0,3515.0,0.0,none,0,12.329999923706055,1236.8900146484375,0.0,none,17243786515883.0,17.2438
20220315,146100000,112500.0,16436250000000.0,confirmed,29246387,4280.0,125174536360.0,confirmed,4631251,26382.0,122181663882.0,confirmed,7600649,6350.0,48264121150.0,confirmed,0,277500.0,0.0,none,0,3595.0,0.0,none,0,11.40999984741211,1242.050048828125,0.0,none,16731870321392.0,16.7319
20220316,146100000,116500.0,17020650000000.0,confirmed,29246387,4525.0,132339901175.0,confirmed,4631251,26696.0,123635876696.0,confirmed,7600649,6610.0,50240289890.0,confirmed,0,281500.0,0.0,none,0,3585.0,0.0,none,0,12.489999771118164,1241.6800537109375,0.0,none,17326866067761.0,17.3269
20220317,146100000,124000.0,18116400000000.0,confirmed,29246387,4520.0,132193669240.0,confirmed,4631251,27073.0,125381858323.0,confirmed,7600649,6760.0,51380387240.0,confirmed,0,284000.0,0.0,none,0,3790.0,0.0,none,0,13.069999694824219,1223.0,0.0,none,18425355914803.0,18.4254
20220318,146100000,124000.0,18116400000000.0,confirmed,29246387,4650.0,135995699550.0,confirmed,4631251,26759.0,123927645509.0,confirmed,7600649,6750.0,51304380750.0,confirmed,0,286000.0,0.0,none,0,3850.0,0.0,none,0,13.829999923706055,1210.3299560546875,0.0,none,18427627725809.0,18.4276
20220321,146100000,122000.0,17824200000000.0,confirmed,29246387,4780.0,139797729860.0,confirmed,4631251,26759.0,123927645509.0,confirmed,7600649,6640.0,50468309360.0,confirmed,0,276000.0,0.0,none,0,3835.0,0.0,none,0,14.359999656677246,1210.3699951171875,0.0,none,18138393684729.0,18.1384
20220322,146100000,123500.0,18043350000000.0,confirmed,29246387,4710.0,137750482770.0,confirmed,4631251,27010.0,125090089510.0,confirmed,7600649,8470.0,64377497030.0,confirmed,0,279000.0,0.0,none,0,3835.0,0.0,none,0,14.640000343322754,1219.780029296875,0.0,none,18370568069310.0,18.3706
20220323,146100000,123500.0,18043350000000.0,confirmed,29246387,4635.0,135557003745.0,confirmed,4631251,26728.0,123784076728.0,confirmed,7600649,7610.0,57840938890.0,confirmed,0,283000.0,0.0,none,0,3995.0,0.0,none,0,14.8100004196167,1214.949951171875,0.0,none,18360532019363.0,18.3605
20220324,146100000,120500.0,17605050000000.0,confirmed,29246387,4670.0,136580627290.0,confirmed,4631251,26508.0,122765201508.0,confirmed,7600649,7490.0,56928861010.0,confirmed,0,280500.0,0.0,none,0,4015.0,0.0,none,0,14.199999809265137,1218.010009765625,0.0,none,17921324689808.0,17.9213
20220325,146100000,118000.0,17239800000000.0,confirmed,29246387,4780.0,139797729860.0,confirmed,4631251,26382.0,122181663882.0,confirmed,7600649,7390.0,56168796110.0,confirmed,0,278500.0,0.0,none,0,4040.0,0.0,none,0,13.949999809265137,1217.550048828125,0.0,none,17557948189852.0,17.5579
20220328,146100000,118000.0,17239800000000.0,confirmed,29246387,4830.0,141260049210.0,confirmed,4631251,26885.0,124511183135.0,confirmed,7600649,7320.0,55636750680.0,confirmed,0,271500.0,0.0,none,0,4035.0,0.0,none,0,13.180000305175781,1223.6600341796875,0.0,none,17561207983025.0,17.5612
20220329,146100000,120000.0,17532000000000.0,confirmed,29246387,4765.0,139359034055.0,confirmed,4631251,27042.0,125238289542.0,confirmed,7600649,7470.0,56776848030.0,confirmed,0,273000.0,0.0,none,0,4030.0,0.0,none,0,13.140000343322754,1209.1300048828125,0.0,none,17853374171627.0,17.8534
20220330,146100000,121000.0,17678100000000.0,confirmed,29246387,4765.0,139359034055.0,confirmed,4631251,27230.0,126108964730.0,confirmed,7600649,7170.0,54496653330.0,confirmed,0,272500.0,0.0,none,0,4250.0,0.0,none,0,12.390000343322754,1210.43994140625,0.0,none,17998064652115.0,17.9981
20220331,146100000,118000.0,17239800000000.0,confirmed,29246387,4795.0,140236425665.0,confirmed,4631251,27356.0,126692502356.0,confirmed,7600649,7200.0,54724672800.0,confirmed,0,275500.0,0.0,none,0,4165.0,0.0,none,0,12.369999885559082,1214.5,0.0,none,17561453600821.0,17.5615
20220401,146100000,116000.0,16947600000000.0,confirmed,29246387,4800.0,140382657600.0,confirmed,4631251,27890.0,129165590390.0,confirmed,7600649,7070.0,53736588430.0,confirmed,0,278000.0,0.0,none,0,4160.0,0.0,none,0,12.760000228881836,1214.5,0.0,none,17270884836420.0,17.2709
20220404,146100000,117000.0,17093700000000.0,confirmed,29246387,4895.0,143161064365.0,confirmed,4631251,27105.0,125530058355.0,confirmed,7600649,7100.0,53964607900.0,confirmed,0,298500.0,0.0,none,0,4180.0,0.0,none,0,13.0,1213.9000244140625,0.0,none,17416355730620.0,17.4164
20220405,146100000,116500.0,17020650000000.0,confirmed,29246387,5010.0,146524398870.0,confirmed,4631251,26257.0,121602757507.0,confirmed,7600649,7150.0,54344640350.0,confirmed,0,293500.0,0.0,none,0,4355.0,0.0,none,0,13.579999923706055,1218.75,0.0,none,17343121796727.0,17.3431
20220406,146100000,113000.0,16509300000000.0,confirmed,29246387,4920.0,143892224040.0,confirmed,4631251,25566.0,118402563066.0,confirmed,7600649,7120.0,54116620880.0,confirmed,0,287000.0,0.0,none,0,4640.0,0.0,none,0,12.529999732971191,1217.5999755859375,0.0,none,16825711407986.0,16.8257
20220407,146100000,113500.0,16582350000000.0,confirmed,29246387,4755.0,139066570185.0,confirmed,4631251,24372.0,112872849372.0,confirmed,7600649,6920.0,52596491080.0,confirmed,0,284000.0,0.0,none,0,4510.0,0.0,none,0,12.300000190734863,1222.6600341796875,0.0,none,16886885910637.0,16.8869
20220408,146100000,112000.0,16363200000000.0,confirmed,29246387,4825.0,141113817275.0,confirmed,4631251,24058.0,111418636558.0,confirmed,7600649,6840.0,51988439160.0,confirmed,0,280000.0,0.0,none,0,4850.0,0.0,none,0,12.4399995803833,1222.6600341796875,0.0,none,16667720892993.0,16.6677
20220411,146100000,111500.0,16290150000000.0,confirmed,29246387,4765.0,139359034055.0,confirmed,4631251,24152.0,111853974152.0,confirmed,7600649,6730.0,51152367770.0,confirmed,0,281500.0,0.0,none,0,4715.0,0.0,none,0,12.319999694824219,1235.050048828125,0.0,none,16592515375977.0,16.5925
20220412,146100000,111000.0,16217100000000.0,confirmed,29246387,4690.0,137165555030.0,confirmed,4631251,23493.0,108801979743.0,confirmed,7600649,6680.0,50772335320.0,confirmed,0,267000.0,0.0,none,0,4635.0,0.0,none,0,10.789999961853027,1228.5999755859375,0.0,none,16513839870093.0,16.5138
20220413,146100000,113000.0,16509300000000.0,confirmed,29246387,4730.0,138335410510.0,confirmed,4631251,23336.0,108074873336.0,confirmed,7600649,6760.0,51380387240.0,confirmed,0,267500.0,0.0,none,0,4535.0,0.0,none,0,10.989999771118164,1223.1199951171875,0.0,none,16807090671086.0,16.8071
20220414,146100000,110000.0,16071000000000.0,confirmed,29246387,4730.0,138335410510.0,confirmed,4631251,23241.0,107634904491.0,confirmed,7600649,6840.0,51988439160.0,confirmed,0,266500.0,0.0,none,0,4540.0,0.0,none,0,11.369999885559082,1230.0999755859375,0.0,none,16368958754161.0,16.369
20220415,146100000,108000.0,15778800000000.0,confirmed,29246387,4760.0,139212802120.0,confirmed,4631251,23367.0,108218442117.0,confirmed,7600649,6680.0,50772335320.0,confirmed,0,264500.0,0.0,none,0,4475.0,0.0,none,0,10.65999984741211,1230.0999755859375,0.0,none,16077003579557.0,16.077
20220418,146100000,109000.0,15924900000000.0,confirmed,29246387,4745.0,138774106315.0,confirmed,4631251,23367.0,108218442117.0,confirmed,7600649,6710.0,51000354790.0,confirmed,0,261000.0,0.0,none,0,4300.0,0.0,none,0,10.65999984741211,1235.3499755859375,0.0,none,16222892903222.0,16.2229
20220419,146100000,112500.0,16436250000000.0,confirmed,29246387,4735.0,138481642445.0,confirmed,4631251,23493.0,108801979743.0,confirmed,7600649,6700.0,50924348300.0,confirmed,0,261500.0,0.0,none,0,4400.0,0.0,none,0,10.600000381469727,1239.5999755859375,0.0,none,16734457970488.0,16.7345
20220420,146100000,112500.0,16436250000000.0,confirmed,29246387,4720.0,138042946640.0,confirmed,4631251,23775.0,110107992525.0,confirmed,7600649,6790.0,51608406710.0,confirmed,0,258000.0,0.0,none,0,4390.0,0.0,none,0,10.920000076293945,1234.0899658203125,0.0,none,16736009345875.0,16.736
20220421,146100000,113000.0,16509300000000.0,confirmed,29246387,4695.0,137311786965.0,confirmed,4631251,24027.0,111275067777.0,confirmed,7600649,6810.0,51760419690.0,confirmed,0,258000.0,0.0,none,0,4325.0,0.0,none,0,9.800000190734863,1242.489990234375,0.0,none,16809647274432.0,16.8096
20220422,146100000,110500.0,16144050000000.0,confirmed,29246387,4815.0,140821353405.0,confirmed,4631251,23870.0,110547961370.0,confirmed,7600649,6690.0,50848341810.0,confirmed,0,250000.0,0.0,none,0,4220.0,0.0,none,0,9.5,1242.489990234375,0.0,none,16446267656585.0,16.4463
20220425,146100000,108000.0,15778800000000.0,confirmed,29246387,4790.0,140090193730.0,confirmed,4631251,23304.0,107926673304.0,confirmed,7600649,6480.0,49252205520.0,confirmed,0,242500.0,0.0,none,0,4080.0,0.0,none,0,9.180000305175781,1249.2099609375,0.0,none,16076069072554.0,16.0761
20220426,146100000,111000.0,16217100000000.0,confirmed,29246387,4700.0,137458018900.0,confirmed,4631251,23901.0,110691530151.0,confirmed,7600649,6490.0,49328212010.0,confirmed,0,248500.0,0.0,none,0,4420.0,0.0,none,0,9.140000343322754,1260.7099609375,0.0,none,16514577761061.0,16.5146
20220427,146100000,108500.0,15851850000000.0,confirmed,29246387,4610.0,134825844070.0,confirmed,4631251,23556.0,109093748556.0,confirmed,7600649,6310.0,47960095190.0,confirmed,0,238500.0,0.0,none,0,4615.0,0.0,none,0,8.100000381469727,1266.280029296875,0.0,none,16143729687816.0,16.1437
20220428,146100000,109500.0,15997950000000.0,confirmed,29246387,4505.0,131754973435.0,confirmed,4631251,23870.0,110547961370.0,confirmed,7600649,6260.0,47580062740.0,confirmed,0,240500.0,0.0,none,0,4675.0,0.0,none,0,8.199999809265137,1272.2900390625,0.0,none,16287832997545.0,16.2878
20220429,146100000,112500.0,16436250000000.0,confirmed,29246387,4500.0,131608741500.0,confirmed,4631251,24247.0,112293942997.0,confirmed,7600649,6290.0,47808082210.0,confirmed,0,252000.0,0.0,none,0,4290.0,0.0,none,0,8.3100004196167,1272.2900390625,0.0,none,16727960766707.0,16.728
20220502,146100000,110500.0,16144050000000.0,confirmed,29246387,4430.0,129561494410.0,confirmed,4631251,24058.0,111418636558.0,confirmed,7600649,6320.0,48036101680.0,confirmed,0,251500.0,0.0,none,0,4210.0,0.0,none,0,7.869999885559082,1266.75,0.0,none,16433066232648.0,16.4331
20220503,146100000,110000.0,16071000000000.0,confirmed,29246387,4535.0,132632365045.0,confirmed,4631251,23964.0,110983298964.0,confirmed,7600649,6340.0,48188114660.0,confirmed,0,256500.0,0.0,none,0,4190.0,0.0,none,0,7.860000133514404,1261.06005859375,0.0,none,16362803778669.0,16.3628
20220504,146100000,109500.0,15997950000000.0,confirmed,29246387,4600.0,134533380200.0,confirmed,4631251,23744.0,109964423744.0,confirmed,7600649,6350.0,48264121150.0,confirmed,0,258000.0,0.0,none,0,4150.0,0.0,none,0,7.150000095367432,1251.5,0.0,none,16290711925094.0,16.2907
20220506,146100000,107500.0,15705750000000.0,confirmed,29246387,4540.0,132778596980.0,confirmed,4631251,23650.0,109529086150.0,confirmed,7600649,6230.0,47352043270.0,confirmed,0,256500.0,0.0,none,0,3970.0,0.0,none,0,6.230000019073486,1268.699951171875,0.0,none,15995409726400.0,15.9954
20220509,146100000,107500.0,15705750000000.0,confirmed,29246387,4395.0,128537870865.0,confirmed,4631251,22676.0,105018247676.0,confirmed,7600649,6090.0,46287952410.0,confirmed,0,251500.0,0.0,none,0,3695.0,0.0,none,0,5.920000076293945,1274.8599853515625,0.0,none,15985594070951.0,15.9856
20220510,146100000,110000.0,16071000000000.0,confirmed,29246387,4470.0,130731349890.0,confirmed,4631251,21797.0,100947378047.0,confirmed,7600649,5910.0,44919835590.0,confirmed,0,245000.0,0.0,none,0,3580.0,0.0,none,0,5.079999923706055,1276.550048828125,0.0,none,16347598563527.0,16.3476
20220511,146100000,110500.0,16144050000000.0,confirmed,29246387,4455.0,130292654085.0,confirmed,4631251,21985.0,101818053235.0,confirmed,7600649,6020.0,45755906980.0,confirmed,0,257000.0,0.0,none,0,3580.0,0.0,none,0,4.880000114440918,1278.1500244140625,0.0,none,16421916614300.0,16.4219
20220512,146100000,109000.0,15924900000000.0,confirmed,29246387,4290.0,125467000230.0,confirmed,4631251,21357.0,98909627607.0,confirmed,7600649,5760.0,43779738240.0,confirmed,0,252000.0,0.0,none,0,3350.0,0.0,none,0,4.340000152587891,1290.75,0.0,none,16193056366077.0,16.1931
20220513,146100000,112500.0,16436250000000.0,confirmed,29246387,4265.0,124735840555.0,confirmed,4631251,21514.0,99636734014.0,confirmed,7600649,5860.0,44539803140.0,confirmed,0,253500.0,0.0,none,0,3395.0,0.0,none,0,4.760000228881836,1290.75,0.0,none,16705162377709.0,17.2041
20220516,146100000,110500.0,16144050000000.0,confirmed,29246387,4240.0,124004680880.0,confirmed,4631251,21640.0,100220271640.0,confirmed,7600649,5970.0,45375874530.0,confirmed,0,241000.0,0.0,none,0,3400.0,0.0,none,0,5.199999809265137,1279.8499755859375,0.0,none,16413650827050.0,16.9097
20220517,146100000,112500.0,16436250000000.0,confirmed,29246387,4245.0,124150912815.0,confirmed,4631251,21074.0,97598983574.0,confirmed,7600649,6060.0,46059932940.0,confirmed,0,240000.0,0.0,none,0,3475.0,0.0,none,0,4.860000133514404,1266.6600341796875,0.0,none,16704059829329.0,17.2007
20220518,146100000,113500.0,16582350000000.0,confirmed,29246387,4260.0,124589608620.0,confirmed,4631251,20792.0,96292970792.0,confirmed,7600649,6050.0,45983926450.0,confirmed,0,247500.0,0.0,none,0,3475.0,0.0,none,0,5.710000038146973,1275.5799560546875,0.0,none,16849216505862.0,17.3476
20220519,146100000,111000.0,16217100000000.0,confirmed,29246387,4220.0,123419753140.0,confirmed,4631251,20760.0,96144770760.0,confirmed,7600649,5910.0,44919835590.0,confirmed,0,237000.0,0.0,none,0,3465.0,0.0,none,0,5.449999809265137,1263.550048828125,0.0,none,16481584359490.0,16.9753
20220520,146100000,112500.0,16436250000000.0,confirmed,29246387,4235.0,123858448945.0,confirmed,4631251,20949.0,97020077199.0,confirmed,7600649,5920.0,44995842080.0,confirmed,0,256000.0,0.0,none,0,3460.0,0.0,none,0,5.829999923706055,1263.550048828125,0.0,none,16702124368224.0,17.1976
20220523,146100000,113000.0,16509300000000.0,confirmed,29246387,4230.0,123712217010.0,confirmed,4631251,21326.0,98766058826.0,confirmed,7600649,6030.0,45831913470.0,confirmed,0,256500.0,0.0,none,0,3480.0,0.0,none,0,5.630000114440918,1258.8199462890625,0.0,none,16777610189306.0,17.2725
20220524,146100000,108500.0,15851850000000.0,confirmed,29246387,4180.0,122249897660.0,confirmed,4631251,20540.0,95125895540.0,confirmed,7600649,5950.0,45223861550.0,confirmed,0,247500.0,0.0,none,0,3490.0,0.0,none,0,5.760000228881836,1260.989990234375,0.0,none,16114449654750.0,16.6034
20220525,146100000,108000.0,15778800000000.0,confirmed,29246387,4170.0,121957433790.0,confirmed,4631251,20415.0,94546989165.0,confirmed,7600649,5950.0,45223861550.0,confirmed,0,257000.0,0.0,none,0,3635.0,0.0,none,0,5.389999866485596,1266.5999755859375,0.0,none,16040528284505.0,16.5284
20220526,146100000,103000.0,15048300000000.0,confirmed,29246387,4165.0,121811201855.0,confirmed,4631251,20226.0,93671682726.0,confirmed,7600649,5940.0,45147855060.0,confirmed,0,255000.0,0.0,none,0,3910.0,0.0,none,0,5.71999979019165,1258.8900146484375,0.0,none,15308930739641.0,15.7962
20220527,146100000,106000.0,15486600000000.0,confirmed,29246387,4195.0,122688593465.0,confirmed,4631251,19944.0,92365669944.0,confirmed,7600649,5950.0,45223861550.0,confirmed,0,249000.0,0.0,none,0,3720.0,0.0,none,0,5.760000228881836,1258.8900146484375,0.0,none,15746878124959.0,16.2376
20220530,146100000,107000.0,15632700000000.0,confirmed,29246387,4215.0,123273521205.0,confirmed,4631251,20540.0,95125895540.0,confirmed,7600649,6050.0,45983926450.0,confirmed,0,259000.0,0.0,none,0,3775.0,0.0,none,0,5.929999828338623,1236.1700439453125,0.0,none,15897083343195.0,16.3902
20220531,146100000,108000.0,15778800000000.0,confirmed,29246387,4250.0,124297144750.0,confirmed,4631251,20823.0,96436539573.0,confirmed,7600649,6060.0,46059932940.0,confirmed,0,259500.0,0.0,none,0,3715.0,0.0,none,0,5.929999828338623,1241.739990234375,0.0,none,16045593617263.0,16.5428
20220602,146100000,107000.0,15632700000000.0,confirmed,29246387,4210.0,123127289270.0,confirmed,4631251,20666.0,95709433166.0,confirmed,7600649,6250.0,47504056250.0,confirmed,0,250000.0,0.0,none,0,3670.0,0.0,none,0,5.289999961853027,1240.8399658203125,0.0,none,15899040778686.0,16.3915
20220603,146100000,107000.0,15632700000000.0,confirmed,29246387,4255.0,124443376685.0,confirmed,4631251,20697.0,95853001947.0,confirmed,7600649,6250.0,47504056250.0,confirmed,0,253000.0,0.0,none,0,3695.0,0.0,none,0,5.800000190734863,1240.8399658203125,0.0,none,15900500434882.0,16.3983
20220607,146100000,104000.0,15194400000000.0,confirmed,29246387,4180.0,122249897660.0,confirmed,4631251,22174.0,102693359674.0,confirmed,7600649,6070.0,46135939430.0,confirmed,0,268500.0,0.0,none,0,3520.0,0.0,none,0,5.639999866485596,1254.5799560546875,0.0,none,15465479196764.0,15.9545
20220608,146100000,106000.0,15486600000000.0,confirmed,29246387,4165.0,121811201855.0,confirmed,4631251,22393.0,103707603643.0,confirmed,7600649,6070.0,46135939430.0,confirmed,0,271500.0,0.0,none,0,3565.0,0.0,none,0,5.519999980926514,1256.739990234375,0.0,none,15758254744928.0,16.2455
20220609,146100000,105500.0,15413550000000.0,confirmed,29246387,4135.0,120933810245.0,confirmed,4631251,22017.0,101966253267.0,confirmed,7600649,6070.0,46135939430.0,confirmed,0,276500.0,0.0,none,0,3540.0,0.0,none,0,5.840000152587891,1264.02001953125,0.0,none,15682586002942.0,16.1663
20220610,146100000,103500.0,15121350000000.0,confirmed,29246387,4010.0,117278011870.0,confirmed,4631251,22927.0,106180691677.0,confirmed,7600649,5980.0,45451881020.0,confirmed,0,274000.0,0.0,none,0,3530.0,0.0,none,0,5.320000171661377,1264.02001953125,0.0,none,15390260584567.0,15.8594
20220613,146100000,99000.0,14463900000000.0,confirmed,29246387,3800.0,111136270600.0,confirmed,4631251,22205.0,102836928455.0,confirmed,7600649,5550.0,42183601950.0,confirmed,0,260000.0,0.0,none,0,3350.0,0.0,none,0,4.909999847412109,1291.800048828125,0.0,none,14720056801005.0,15.1646
20220614,146100000,99100.0,14478510000000.0,confirmed,29246387,3710.0,108504095770.0,confirmed,4631251,21891.0,101382715641.0,confirmed,7600649,5360.0,40739478640.0,confirmed,0,261000.0,0.0,none,0,3225.0,0.0,none,0,4.519999980926514,1289.47998046875,0.0,none,14729136290051.0,15.1632
20220615,146100000,97900.0,14303190000000.0,confirmed,29246387,3500.0,102362354500.0,confirmed,4631251,21420.0,99201396420.0,confirmed,7600649,5140.0,39067335860.0,confirmed,0,259500.0,0.0,none,0,3020.0,0.0,none,0,4.610000133514404,1278.1600341796875,0.0,none,14543821086780.0,14.9533
20220616,146100000,97400.0,14230140000000.0,confirmed,29246387,3565.0,104263369655.0,confirmed,4631251,21451.0,99344965201.0,confirmed,7600649,5070.0,38535290430.0,confirmed,0,252000.0,0.0,none,0,3015.0,0.0,none,0,5.0,1288.1800537109375,0.0,none,14472283625286.0,14.8893
20220617,146100000,96400.0,14084040000000.0,confirmed,29246387,3600.0,105286993200.0,confirmed,4631251,20886.0,96728308386.0,confirmed,7600649,5080.0,38611296920.0,confirmed,0,262500.0,0.0,none,0,2965.0,0.0,none,0,4.760000228881836,1288.1800537109375,0.0,none,14324666598506.0,14.7458
20220620,146100000,94500.0,13806450000000.0,confirmed,29246387,3355.0,98121628385.0,confirmed,4631251,21200.0,98182521200.0,confirmed,7600649,4750.0,36103082750.0,confirmed,0,259000.0,0.0,none,0,2855.0,0.0,none,0,5.039999961853027,1292.3800048828125,0.0,none,14038857232335.0,14.4313
20220621,146100000,95200.0,13908720000000.0,confirmed,29246387,3410.0,99730179670.0,confirmed,4631251,21300.0,98645646300.0,confirmed,7600649,4870.0,37015160630.0,confirmed,0,268500.0,0.0,none,0,2890.0,0.0,none,0,5.039999961853027,1291.5999755859375,0.0,none,14144110986600.0,14.543
20220622,146100000,92200.0,13470420000000.0,confirmed,29246387,3240.0,94758293880.0,confirmed,4631251,19000.0,87993769000.0,confirmed,7600649,4670.0,35495030830.0,confirmed,0,259500.0,0.0,none,0,2725.0,0.0,none,0,5.139999866485596,1297.6800537109375,0.0,none,13688667093710.0,14.0677
20220623,146100000,90200.0,13178220000000.0,confirmed,29246387,3040.0,88909016480.0,confirmed,4631251,17300.0,80120642300.0,confirmed,7600649,4360.0,33138829640.0,confirmed,0,264500.0,0.0,none,0,2560.0,0.0,none,0,4.989999771118164,1299.81005859375,0.0,none,13380388488420.0,13.736
20220624,146100000,91600.0,13382760000000.0,confirmed,29246387,3160.0,92418582920.0,confirmed,4631251,17600.0,81510017600.0,confirmed,7600649,4610.0,35038991890.0,confirmed,0,273500.0,0.0,none,0,2600.0,0.0,none,0,5.119999885559082,1299.81005859375,0.0,none,13591727592410.0,13.9614
20220627,146100000,95000.0,13879500000000.0,confirmed,29246387,3250.0,95050757750.0,confirmed,4631251,18000.0,83362518000.0,confirmed,7600649,4790.0,36407108710.0,confirmed,0,266000.0,0.0,none,0,2715.0,0.0,none,0,5.110000133514404,1286.199951171875,0.0,none,14094320384460.0,14.4745
20220628,146100000,95300.0,13923330000000.0,confirmed,29246387,3225.0,94319598075.0,confirmed,4631251,17750.0,82204705250.0,confirmed,7600649,4845.0,36825144405.0,confirmed,0,260000.0,0.0,none,0,2675.0,0.0,none,0,4.829999923706055,1292.030029296875,0.0,none,14136679447730.0,14.514
20220629,146100000,94000.0,13733400000000.0,confirmed,29246387,3205.0,93734670335.0,confirmed,4631251,19050.0,88225331550.0,confirmed,7600649,4890.0,37167173610.0,confirmed,0,238000.0,0.0,none,0,2660.0,0.0,none,0,4.690000057220459,1301.72998046875,0.0,none,13952527175495.0,14.3275
20220630,146100000,91000.0,13295100000000.0,confirmed,29246387,3205.0,93734670335.0,confirmed,4631251,19000.0,87993769000.0,confirmed,7600649,4760.0,36179089240.0,confirmed,0,219000.0,0.0,none,0,2570.0,0.0,none,0,4.460000038146973,1287.7099609375,0.0,none,13513007528575.0,13.8879
20220701,146100000,87500.0,12783750000000.0,confirmed,29246387,3160.0,92418582920.0,confirmed,4631251,18250.0,84520330750.0,confirmed,7600649,4615.0,35076995135.0,confirmed,0,215500.0,0.0,none,0,2570.0,0.0,none,0,4.380000114440918,1287.7099609375,0.0,none,12995765908805.0,13.3654
20220704,146100000,89100.0,13017510000000.0,confirmed,29246387,3085.0,90225103895.0,confirmed,4631251,18050.0,83594080550.0,confirmed,7600649,4780.0,36331102220.0,confirmed,0,222500.0,0.0,none,0,2480.0,0.0,none,0,4.389999866485596,1295.6800537109375,0.0,none,13227660286665.0,13.5886
20220705,146100000,92500.0,13514250000000.0,confirmed,29246387,3180.0,93003510660.0,confirmed,4631251,17750.0,82204705250.0,confirmed,7600649,5180.0,39371361820.0,confirmed,0,226000.0,0.0,none,0,2560.0,0.0,none,0,4.389999866485596,1308.6600341796875,0.0,none,13728829577730.0,14.1008
20220706,146100000,92100.0,13455810000000.0,confirmed,29246387,3205.0,93734670335.0,confirmed,4631251,17900.0,82899392900.0,confirmed,7600649,5220.0,39675387780.0,confirmed,0,234000.0,0.0,none,0,2635.0,0.0,none,0,4.550000190734863,1304.8499755859375,0.0,none,13672119451015.0,14.0471
20220707,146100000,93900.0,13718790000000.0,confirmed,29246387,3250.0,95050757750.0,confirmed,4631251,17400.0,80583767400.0,confirmed,7600649,5420.0,41195517580.0,confirmed,0,240500.0,0.0,none,0,2685.0,0.0,none,0,4.610000133514404,1297.6500244140625,0.0,none,13935620042730.0,14.3158
20220708,146100000,94800.0,13850280000000.0,confirmed,29246387,3300.0,96513077100.0,confirmed,4631251,17700.0,81973142700.0,confirmed,7600649,5440.0,41347530560.0,confirmed,0,237000.0,0.0,none,0,2700.0,0.0,none,0,5.050000190734863,1297.6500244140625,0.0,none,14070113750360.0,14.4562
20220711,146100000,93700.0,13689570000000.0,confirmed,29246387,3295.0,96366845165.0,confirmed,4631251,17100.0,79194392100.0,confirmed,7600649,5450.0,41423537050.0,confirmed,0,239500.0,0.0,none,0,2735.0,0.0,none,0,5.070000171661377,1310.8599853515625,0.0,none,13906554774315.0,14.292
20220712,146100000,93300.0,13631130000000.0,confirmed,29246387,3195.0,93442206465.0,confirmed,4631251,17050.0,78962829550.0,confirmed,7600649,6090.0,46287952410.0,confirmed,0,237000.0,0.0,none,0,3085.0,0.0,none,0,4.610000133514404,1305.8299560546875,0.0,none,13849822988425.0,14.2236
20220713,146100000,94000.0,13733400000000.0,confirmed,29246387,3215.0,94027134205.0,confirmed,4631251,16300.0,75489391300.0,confirmed,7600649,6130.0,46591978370.0,confirmed,0,242500.0,0.0,none,0,3110.0,0.0,none,0,4.46999979019165,1304.8499755859375,0.0,none,13949508503875.0,14.3256
20220714,146100000,94000.0,13733400000000.0,confirmed,29246387,3230.0,94465830010.0,confirmed,4631251,16000.0,74100016000.0,confirmed,7600649,6230.0,47352043270.0,confirmed,0,245000.0,0.0,none,0,3065.0,0.0,none,0,4.429999828338623,1316.1800537109375,0.0,none,13949317889280.0,14.3272
20220715,146100000,98700.0,14420070000000.0,confirmed,29246387,3205.0,93734670335.0,confirmed,4631251,15500.0,71784390500.0,confirmed,7600649,6390.0,48568147110.0,confirmed,0,235500.0,0.0,none,0,2880.0,0.0,none,0,4.389999866485596,1316.1800537109375,0.0,none,14634157207945.0,15.0091
20220718,146100000,101000.0,14756100000000.0,confirmed,29246387,3240.0,94758293880.0,confirmed,4631251,15650.0,72479078150.0,confirmed,7600649,6240.0,47428049760.0,confirmed,0,238500.0,0.0,none,0,2985.0,0.0,none,0,4.53000020980835,1318.9100341796875,0.0,none,14970765421790.0,15.3498
20220719,146100000,100000.0,14610000000000.0,confirmed,29246387,3255.0,95196989685.0,confirmed,4631251,15600.0,72247515600.0,confirmed,7600649,6320.0,48036101680.0,confirmed,0,235000.0,0.0,none,0,2935.0,0.0,none,0,4.590000152587891,1305.5,0.0,none,14825480606965.0,15.2063
20220720,146100000,102000.0,14902200000000.0,confirmed,29246387,3295.0,96366845165.0,confirmed,4631251,16000.0,74100016000.0,confirmed,7600649,6030.0,45831913470.0,confirmed,0,247500.0,0.0,none,0,3085.0,0.0,none,0,4.730000019073486,1312.8699951171875,0.0,none,15118498774635.0,15.504
20220721,146100000,102500.0,14975250000000.0,confirmed,29246387,3310.0,96805540970.0,confirmed,4631251,15850.0,73405328350.0,confirmed,7600649,5880.0,44691816120.0,confirmed,0,258500.0,0.0,none,0,3115.0,0.0,none,0,5.119999885559082,1306.8499755859375,0.0,none,15190152685440.0,15.5774
20220722,146100000,100000.0,14610000000000.0,confirmed,29246387,3335.0,97536700645.0,confirmed,4631251,15700.0,72710640700.0,confirmed,7600649,5870.0,44615809630.0,confirmed,0,258000.0,0.0,none,0,3015.0,0.0,none,0,5.260000228881836,1306.8499755859375,0.0,none,14824863150975.0,15.215
20220725,146100000,100000.0,14610000000000.0,confirmed,29246387,3375.0,98706556125.0,confirmed,4631251,15250.0,70626577750.0,confirmed,7600649,5840.0,44387790160.0,confirmed,0,256000.0,0.0,none,0,3030.0,0.0,none,0,4.880000114440918,1310.4000244140625,0.0,none,14823720924035.0,15.2185
20220726,146100000,100500.0,14683050000000.0,confirmed,29246387,3350.0,97975396450.0,confirmed,4631251,15400.0,71321265400.0,confirmed,7600649,5810.0,44159770690.0,confirmed,0,257000.0,0.0,none,0,2990.0,0.0,none,0,4.940000057220459,1310.9000244140625,0.0,none,14896506432540.0,15.2884
20220727,146100000,100000.0,14610000000000.0,confirmed,29246387,3410.0,99730179670.0,confirmed,4631251,15600.0,72247515600.0,confirmed,7600649,5820.0,44235777180.0,confirmed,0,241000.0,0.0,none,0,2970.0,0.0,none,0,4.71999979019165,1305.949951171875,0.0,none,14826213472450.0,15.2251
20220728,146100000,99400.0,14522340000000.0,confirmed,29246387,3380.0,98852788060.0,confirmed,4631251,15550.0,72015953050.0,confirmed,7600649,5630.0,42791653870.0,confirmed,0,244500.0,0.0,none,0,2950.0,0.0,none,0,5.099999904632568,1295.1500244140625,0.0,none,14736000394980.0,15.1314
20220729,146100000,97900.0,14303190000000.0,confirmed,29246387,3400.0,99437715800.0,confirmed,4631251,15650.0,72479078150.0,confirmed,7600649,5550.0,42183601950.0,confirmed,0,233500.0,0.0,none,0,2970.0,0.0,none,0,5.289999961853027,1295.1500244140625,0.0,none,14517290395900.0,14.915
20220801,146100000,97100.0,14186310000000.0,confirmed,29246387,3395.0,99291483865.0,confirmed,4631251,15550.0,72015953050.0,confirmed,7600649,5520.0,41955582480.0,confirmed,0,243000.0,0.0,none,0,3030.0,0.0,none,0,5.400000095367432,1306.75,0.0,none,14399573019395.0,14.7967
20220802,146100000,96500.0,14098650000000.0,confirmed,29246387,3320.0,97098004840.0,confirmed,4631251,15500.0,71784390500.0,confirmed,7600649,5510.0,41879575990.0,confirmed,0,242000.0,0.0,none,0,3030.0,0.0,none,0,5.25,1314.6300048828125,0.0,none,14309411971330.0,14.6978
20220803,146100000,97500.0,14244750000000.0,confirmed,29246387,3345.0,97829164515.0,confirmed,4631251,16150.0,74794703650.0,confirmed,7600649,5560.0,42259608440.0,confirmed,0,252000.0,0.0,none,0,3125.0,0.0,none,0,5.510000228881836,1307.3800048828125,0.0,none,14459633476605.0,14.851
20220804,146100000,97500.0,14244750000000.0,confirmed,29246387,3400.0,99437715800.0,confirmed,4631251,16100.0,74563141100.0,confirmed,7600649,5700.0,43323699300.0,confirmed,0,263000.0,0.0,none,0,3300.0,0.0,none,0,5.900000095367432,1302.0799560546875,0.0,none,14462074556200.0,14.8598
20220805,146100000,98500.0,14390850000000.0,confirmed,29246387,3430.0,100315107410.0,confirmed,4631251,16250.0,75257828750.0,confirmed,7600649,5660.0,43019673340.0,confirmed,0,257500.0,0.0,none,0,3200.0,0.0,none,0,6.199999809265137,1302.0799560546875,0.0,none,14609442609500.0,15.0107
20220808,146100000,96300.0,14069430000000.0,confirmed,29246387,3620.0,105871920940.0,confirmed,4631251,16250.0,75257828750.0,confirmed,7600649,5700.0,43323699300.0,confirmed,0,260000.0,0.0,none,0,3215.0,0.0,none,0,6.420000076293945,1299.030029296875,0.0,none,14293883448990.0,14.7174
20220809,146100000,95100.0,13894110000000.0,confirmed,29246387,3720.0,108796559640.0,confirmed,4631251,16350.0,75720953850.0,confirmed,7600649,5690.0,43247692810.0,confirmed,0,263000.0,0.0,none,0,3290.0,0.0,none,0,6.130000114440918,1307.56005859375,0.0,none,14121875206300.0,14.5571
20220810,146100000,91800.0,13411980000000.0,confirmed,29246387,3720.0,108796559640.0,confirmed,4631251,16150.0,74794703650.0,confirmed,7600649,5540.0,42107595460.0,confirmed,0,253000.0,0.0,none,0,3365.0,0.0,none,0,5.71999979019165,1296.699951171875,0.0,none,13637678858750.0,14.0729
20220811,146100000,93300.0,13631130000000.0,confirmed,29246387,3720.0,108796559640.0,confirmed,4631251,16600.0,76878766600.0,confirmed,7600649,5550.0,42183601950.0,confirmed,0,263500.0,0.0,none,0,3385.0,0.0,none,0,6.329999923706055,1306.8299560546875,0.0,none,13858988928190.0,14.2942
20220812,146100000,93300.0,13631130000000.0,confirmed,29246387,3740.0,109381487380.0,confirmed,4631251,17050.0,78962829550.0,confirmed,7600649,5590.0,42487627910.0,confirmed,0,266000.0,0.0,none,0,3485.0,0.0,none,0,6.070000171661377,1306.8299560546875,0.0,none,13861961944840.0,14.2995
20220816,146100000,96700.0,14127870000000.0,confirmed,29246387,3770.0,110258878990.0,confirmed,4631251,17100.0,79194392100.0,confirmed,7600649,5550.0,42183601950.0,confirmed,0,269000.0,0.0,none,0,3605.0,0.0,none,0,6.360000133514404,1311.0,0.0,none,14359506873040.0,14.8005
20220817,146100000,97100.0,14186310000000.0,confirmed,29246387,3750.0,109673951250.0,confirmed,4631251,17250.0,79889079750.0,confirmed,7600649,5410.0,41119511090.0,confirmed,0,265500.0,0.0,none,0,3640.0,0.0,none,0,8.380000114440918,1314.8299560546875,0.0,none,14416992542090.0,14.8557
20220818,146100000,95700.0,13981770000000.0,confirmed,29246387,3695.0,108065399965.0,confirmed,4631251,17200.0,79657517200.0,confirmed,7600649,5300.0,40283439700.0,confirmed,0,258000.0,0.0,none,0,3620.0,0.0,none,0,7.860000133514404,1326.9100341796875,0.0,none,14209776356865.0,14.642
20220819,146100000,96400.0,14084040000000.0,confirmed,29246387,3640.0,106456848680.0,confirmed,4631251,17300.0,80120642300.0,confirmed,7600649,5310.0,40359446190.0,confirmed,0,255000.0,0.0,none,0,3810.0,0.0,none,0,7.630000114440918,1326.9100341796875,0.0,none,14310976937170.0,14.7368
20220822,146100000,95200.0,13908720000000.0,confirmed,29246387,3490.0,102069890630.0,confirmed,4631251,16550.0,76647204050.0,confirmed,7600649,5220.0,39675387780.0,confirmed,0,252500.0,0.0,none,0,3995.0,0.0,none,0,6.619999885559082,1343.3599853515625,0.0,none,14127112482460.0,14.5354
20220823,146100000,93600.0,13674960000000.0,confirmed,29246387,3330.0,97390468710.0,confirmed,4631251,15650.0,72479078150.0,confirmed,7600649,5060.0,38459283940.0,confirmed,0,243500.0,0.0,none,0,4040.0,0.0,none,0,6.420000076293945,1339.0799560546875,0.0,none,13883288830800.0,14.2729
20220824,146100000,93200.0,13616520000000.0,confirmed,29246387,3375.0,98706556125.0,confirmed,4631251,15400.0,71321265400.0,confirmed,7600649,5050.0,38383277450.0,confirmed,0,241000.0,0.0,none,0,4155.0,0.0,none,0,6.429999828338623,1340.0,0.0,none,13824931098975.0,14.2198
20220825,146100000,94100.0,13748010000000.0,confirmed,29246387,3530.0,103239746110.0,confirmed,4631251,15850.0,73405328350.0,confirmed,7600649,5150.0,39143342350.0,confirmed,0,244500.0,0.0,none,0,4330.0,0.0,none,0,6.579999923706055,1334.43994140625,0.0,none,13963798416810.0,14.3768
20220826,146100000,95100.0,13894110000000.0,confirmed,29246387,3480.0,101777426760.0,confirmed,4631251,15800.0,73173765800.0,confirmed,7600649,5030.0,38231264470.0,confirmed,0,244500.0,0.0,none,0,4315.0,0.0,none,0,6.840000152587891,1334.43994140625,0.0,none,14107292457030.0,14.5144
20220829,146100000,92500.0,13514250000000.0,confirmed,29246387,3285.0,96074381295.0,confirmed,4631251,15200.0,70395015200.0,confirmed,7600649,4905.0,37281183345.0,confirmed,0,232000.0,0.0,none,0,3855.0,0.0,none,0,6.190000057220459,1345.72998046875,0.0,none,13718000579840.0,14.1023
20220830,146100000,93200.0,13616520000000.0,confirmed,29246387,3320.0,97098004840.0,confirmed,4631251,15500.0,71784390500.0,confirmed,7600649,5050.0,38383277450.0,confirmed,0,239000.0,0.0,none,0,3860.0,0.0,none,0,6.190000057220459,1350.18994140625,0.0,none,13823785672790.0,14.2122
20220831,146100000,95200.0,13908720000000.0,confirmed,29246387,3370.0,98560324190.0,confirmed,4631251,15500.0,71784390500.0,confirmed,7600649,5070.0,38535290430.0,confirmed,0,246500.0,0.0,none,0,3980.0,0.0,none,0,5.880000114440918,1342.260009765625,0.0,none,14117600005120.0,14.5118
20220901,146100000,92400.0,13499640000000.0,confirmed,29246387,3270.0,95635685490.0,confirmed,4631251,15300.0,70858140300.0,confirmed,7600649,4945.0,37585209305.0,confirmed,0,236000.0,0.0,none,0,3960.0,0.0,none,0,5.940000057220459,1355.0999755859375,0.0,none,13703719035095.0,14.0863
20220902,146100000,91700.0,13397370000000.0,confirmed,29246387,3245.0,94904525815.0,confirmed,4631251,15250.0,70626577750.0,confirmed,7600649,4920.0,37395193080.0,confirmed,0,232000.0,0.0,none,0,4160.0,0.0,none,0,5.789999961853027,1355.0999755859375,0.0,none,13600296296645.0,13.9799
20220905,146100000,91100.0,13309710000000.0,confirmed,29246387,3210.0,93880902270.0,confirmed,4631251,15000.0,69468765000.0,confirmed,7600649,6390.0,48568147110.0,confirmed,0,236000.0,0.0,none,0,4365.0,0.0,none,0,5.699999809265137,1361.81005859375,0.0,none,13521627814380.0,13.8972
20220906,146100000,91800.0,13411980000000.0,confirmed,29246387,3210.0,93880902270.0,confirmed,4631251,14850.0,68774077350.0,confirmed,7600649,6890.0,52368471610.0,confirmed,0,235500.0,0.0,none,0,4350.0,0.0,none,0,5.699999809265137,1378.1099853515625,0.0,none,13627003451230.0,14.0025
20220907,146100000,90400.0,13207440000000.0,confirmed,29246387,3145.0,91979887115.0,confirmed,4631251,14000.0,64837514000.0,confirmed,7600649,6670.0,50696328830.0,confirmed,0,233500.0,0.0,none,0,4335.0,0.0,none,0,5.630000114440918,1374.31005859375,0.0,none,13414953729945.0,13.7829
20220908,146100000,90400.0,13207440000000.0,confirmed,29246387,3200.0,93588438400.0,confirmed,4631251,13700.0,63448138700.0,confirmed,7600649,6330.0,48112108170.0,confirmed,0,237000.0,0.0,none,0,4350.0,0.0,none,0,5.300000190734863,1383.0,0.0,none,13412588685270.0,13.7869
20220913,146100000,94800.0,13850280000000.0,confirmed,29246387,3245.0,94904525815.0,confirmed,4631251,14250.0,65995326750.0,confirmed,7600649,6320.0,48036101680.0,confirmed,0,246500.0,0.0,none,0,4500.0,0.0,none,0,5.920000076293945,1393.469970703125,0.0,none,14059215954245.0,14.4388
20220914,146100000,93000.0,13587300000000.0,confirmed,29246387,3150.0,92126119050.0,confirmed,4631251,14100.0,65300639100.0,confirmed,7600649,6440.0,48948179560.0,confirmed,0,238500.0,0.0,none,0,4380.0,0.0,none,0,5.590000152587891,1391.1800537109375,0.0,none,13793674937710.0,14.1622
20220915,146100000,92000.0,13441200000000.0,confirmed,29246387,3190.0,93295974530.0,confirmed,4631251,14000.0,64837514000.0,confirmed,7600649,6340.0,48188114660.0,confirmed,0,239000.0,0.0,none,0,4310.0,0.0,none,0,5.789999961853027,1398.6300048828125,0.0,none,13647521603190.0,14.0207
20220916,146100000,91200.0,13324320000000.0,confirmed,29246387,3195.0,93442206465.0,confirmed,4631251,14000.0,64837514000.0,confirmed,7600649,6330.0,48112108170.0,confirmed,0,239000.0,0.0,none,0,4075.0,0.0,none,0,5.760000228881836,1398.6300048828125,0.0,none,13530711828635.0,13.9045
20220919,146100000,90000.0,13149000000000.0,confirmed,29246387,3100.0,90663799700.0,confirmed,4631251,13150.0,60900950650.0,confirmed,7600649,5740.0,43627725260.0,confirmed,0,226000.0,0.0,none,0,4030.0,0.0,none,0,5.489999771118164,1390.1099853515625,0.0,none,13344192475610.0,13.7068
20220920,146100000,88000.0,12856800000000.0,confirmed,29246387,3115.0,91102495505.0,confirmed,4631251,13100.0,60669388100.0,confirmed,7600649,5880.0,44691816120.0,confirmed,0,225500.0,0.0,none,0,3930.0,0.0,none,0,5.389999866485596,1392.510009765625,0.0,none,13053263699725.0,13.4177
20220921,146100000,88000.0,12856800000000.0,confirmed,29246387,3085.0,90225103895.0,confirmed,4631251,12900.0,59743137900.0,confirmed,7600649,5810.0,44159770690.0,confirmed,0,222000.0,0.0,none,0,3860.0,0.0,none,0,5.269999980926514,1397.56005859375,0.0,none,13050928012485.0,13.4118
20220922,146100000,86000.0,12564600000000.0,confirmed,29246387,3075.0,89932640025.0,confirmed,4631251,13900.0,64374388900.0,confirmed,7600649,5310.0,40359446190.0,confirmed,0,216500.0,0.0,none,0,3800.0,0.0,none,0,5.199999809265137,1403.6600341796875,0.0,none,12759266475115.0,13.119
20220923,146100000,83500.0,12199350000000.0,confirmed,29246387,3095.0,90517567765.0,confirmed,4631251,13750.0,63679701250.0,confirmed,7600649,5050.0,38383277450.0,confirmed,0,205500.0,0.0,none,0,3855.0,0.0,none,0,4.96999979019165,1403.6600341796875,0.0,none,12391930546465.0,12.754
20220926,146100000,82500.0,12053250000000.0,confirmed,29246387,2760.0,80720028120.0,confirmed,4631251,12850.0,59511575350.0,confirmed,7600649,4755.0,36141085995.0,confirmed,0,209000.0,0.0,none,0,3800.0,0.0,none,0,4.769999980926514,1429.77001953125,0.0,none,12229622689465.0,12.5525
20220927,146100000,82000.0,11980200000000.0,confirmed,29246387,2800.0,81889883600.0,confirmed,4631251,13000.0,60206263000.0,confirmed,7600649,4775.0,36293098975.0,confirmed,0,213000.0,0.0,none,0,4020.0,0.0,none,0,4.789999961853027,1426.260009765625,0.0,none,12158589245575.0,12.4861
20220928,146100000,81200.0,11863320000000.0,confirmed,29246387,2800.0,81889883600.0,confirmed,4631251,12300.0,56964387300.0,confirmed,7600649,4650.0,35343017850.0,confirmed,0,205000.0,0.0,none,0,3930.0,0.0,none,0,4.840000152587891,1421.949951171875,0.0,none,12037517288750.0,12.3651
20220929,146100000,80800.0,11804880000000.0,confirmed,29246387,2810.0,82182347470.0,confirmed,4631251,12600.0,58353762600.0,confirmed,7600649,4805.0,36521118445.0,confirmed,0,205500.0,0.0,none,0,3890.0,0.0,none,0,5.070000171661377,1430.1700439453125,0.0,none,11981937228515.0,12.3107
20220930,146100000,83100.0,12140910000000.0,confirmed,29246387,2760.0,80720028120.0,confirmed,4631251,12650.0,58585325150.0,confirmed,7600649,4870.0,37015160630.0,confirmed,0,210000.0,0.0,none,0,3910.0,0.0,none,0,4.78000020980835,1430.1700439453125,0.0,none,12317230513900.0,12.6401
20221004,146100000,86200.0,12593820000000.0,confirmed,29246387,2800.0,81889883600.0,confirmed,4631251,12250.0,56732824750.0,confirmed,7600649,4965.0,37737222285.0,confirmed,0,214000.0,0.0,none,0,3945.0,0.0,none,0,5.260000228881836,1416.530029296875,0.0,none,12770179930635.0,13.0977
20221005,146100000,89800.0,13119780000000.0,confirmed,29246387,2770.0,81012491990.0,confirmed,4631251,11650.0,53954074150.0,confirmed,7600649,4970.0,37775225530.0,confirmed,0,202000.0,0.0,none,0,3925.0,0.0,none,0,5.880000114440918,1416.760009765625,0.0,none,13292521791670.0,13.6166
20221006,146100000,89900.0,13134390000000.0,confirmed,29246387,2785.0,81451187795.0,confirmed,4631251,12200.0,56501262200.0,confirmed,7600649,5110.0,38839316390.0,confirmed,0,201000.0,0.0,none,0,3975.0,0.0,none,0,5.710000038146973,1408.449951171875,0.0,none,13311181766385.0,13.637
20221007,146100000,91200.0,13324320000000.0,confirmed,29246387,2770.0,81012491990.0,confirmed,4631251,12200.0,56501262200.0,confirmed,7600649,5040.0,38307270960.0,confirmed,0,191500.0,0.0,none,0,3910.0,0.0,none,0,5.639999866485596,1408.449951171875,0.0,none,13500141025150.0,13.8242
20221011,146100000,90200.0,13178220000000.0,confirmed,29246387,2680.0,78380317160.0,confirmed,4631251,11550.0,53490949050.0,confirmed,7600649,4815.0,36597124935.0,confirmed,0,178000.0,0.0,none,0,3750.0,0.0,none,0,5.070000171661377,1430.800048828125,0.0,none,13346688391145.0,13.6602
20221012,146100000,94000.0,13733400000000.0,confirmed,29246387,2740.0,80135100380.0,confirmed,4631251,12200.0,56501262200.0,confirmed,7600649,4890.0,37167173610.0,confirmed,0,180500.0,0.0,none,0,3750.0,0.0,none,0,4.889999866485596,1423.9000244140625,0.0,none,13907203536190.0,14.2277
20221013,146100000,94900.0,13864890000000.0,confirmed,29246387,2625.0,76771765875.0,confirmed,4631251,12450.0,57659074950.0,confirmed,7600649,4575.0,34772969175.0,confirmed,0,176000.0,0.0,none,0,3705.0,0.0,none,0,5.050000190734863,1430.300048828125,0.0,none,14034093810000.0,14.3412
20221014,146100000,95500.0,13952550000000.0,confirmed,29246387,2730.0,79842636510.0,confirmed,4631251,15150.0,70163452650.0,confirmed,7600649,4930.0,37471199570.0,confirmed,0,182000.0,0.0,none,0,3695.0,0.0,none,0,5.179999828338623,1430.300048828125,0.0,none,14140027288730.0,14.4594
20221017,146100000,95200.0,13908720000000.0,confirmed,29246387,2725.0,79696404575.0,confirmed,4631251,14200.0,65763764200.0,confirmed,7600649,5010.0,38079251490.0,confirmed,0,179500.0,0.0,none,0,3705.0,0.0,none,0,4.869999885559082,1430.1500244140625,0.0,none,14092259420265.0,14.411
20221018,146100000,95800.0,13996380000000.0,confirmed,29246387,2765.0,80866260055.0,confirmed,4631251,14200.0,65763764200.0,confirmed,7600649,5190.0,39447368310.0,confirmed,0,189000.0,0.0,none,0,3795.0,0.0,none,0,5.139999866485596,1425.02001953125,0.0,none,14182457392565.0,14.5059
20221019,146100000,92900.0,13572690000000.0,confirmed,29246387,2730.0,79842636510.0,confirmed,4631251,13950.0,64605951450.0,confirmed,7600649,5200.0,39523374800.0,confirmed,0,183000.0,0.0,none,0,3775.0,0.0,none,0,5.079999923706055,1435.010009765625,0.0,none,13756661962760.0,14.076
20221020,146100000,90200.0,13178220000000.0,confirmed,29246387,2655.0,77649157485.0,confirmed,4631251,13650.0,63216576150.0,confirmed,7600649,5140.0,39067335860.0,confirmed,0,176000.0,0.0,none,0,3680.0,0.0,none,0,5.010000228881836,1430.31005859375,0.0,none,13358153069495.0,13.6687
20221021,146100000,90500.0,13222050000000.0,confirmed,29246387,2655.0,77649157485.0,confirmed,4631251,14200.0,65763764200.0,confirmed,7600649,5140.0,39067335860.0,confirmed,0,179000.0,0.0,none,0,3600.0,0.0,none,0,5.070000171661377,1430.31005859375,0.0,none,13404530257545.0,13.7151
20221024,146100000,91800.0,13411980000000.0,confirmed,29246387,2670.0,78087853290.0,confirmed,4631251,14300.0,66226889300.0,confirmed,7600649,5100.0,38763309900.0,confirmed,0,178500.0,0.0,none,0,3595.0,0.0,none,0,5.130000114440918,1443.9599609375,0.0,none,13595058052490.0,13.9074
20221025,146100000,93500.0,13660350000000.0,confirmed,29246387,2670.0,78087853290.0,confirmed,4631251,14500.0,67153139500.0,confirmed,7600649,5180.0,39371361820.0,confirmed,0,174500.0,0.0,none,0,3615.0,0.0,none,0,5.059999942779541,1426.9300537109375,0.0,none,13844962354610.0,14.1573
20221026,146100000,93900.0,13718790000000.0,confirmed,29246387,2625.0,76771765875.0,confirmed,4631251,14750.0,68310952250.0,confirmed,7600649,5180.0,39371361820.0,confirmed,0,172500.0,0.0,none,0,3620.0,0.0,none,0,5.400000095367432,1412.68994140625,0.0,none,13903244079945.0,14.2103
20221027,146100000,90000.0,13149000000000.0,confirmed,29246387,2650.0,77502925550.0,confirmed,4631251,15350.0,71089702850.0,confirmed,7600649,5240.0,39827400760.0,confirmed,0,175000.0,0.0,none,0,3655.0,0.0,none,0,5.53000020980835,1420.6500244140625,0.0,none,13337420029160.0,13.6474
20221028,146100000,83400.0,12184740000000.0,confirmed,29246387,2640.0,77210461680.0,confirmed,4631251,15800.0,73173765800.0,confirmed,7600649,5090.0,38687303410.0,confirmed,0,175000.0,0.0,none,0,3535.0,0.0,none,0,5.46999979019165,1420.6500244140625,0.0,none,12373811530890.0,12.6827
20221031,146100000,82700.0,12082470000000.0,confirmed,29246387,2640.0,77210461680.0,confirmed,4631251,15950.0,73868453450.0,confirmed,7600649,5170.0,39295355330.0,confirmed,0,177500.0,0.0,none,0,3410.0,0.0,none,0,5.690000057220459,1421.6500244140625,0.0,none,12272844270460.0,12.5817
20221101,146100000,83900.0,12257790000000.0,confirmed,29246387,2660.0,77795389420.0,confirmed,4631251,15600.0,72247515600.0,confirmed,7600649,5240.0,39827400760.0,confirmed,0,178000.0,0.0,none,0,3230.0,0.0,none,0,5.889999866485596,1424.6700439453125,0.0,none,12447660305780.0,12.7588
20221102,146100000,84500.0,12345450000000.0,confirmed,29246387,2665.0,77941621355.0,confirmed,4631251,15550.0,72015953050.0,confirmed,7600649,5240.0,39827400760.0,confirmed,0,194000.0,0.0,none,0,3240.0,0.0,none,0,5.610000133514404,1416.5999755859375,0.0,none,12535234975165.0,12.847
20221103,146100000,82700.0,12082470000000.0,confirmed,29246387,2625.0,76771765875.0,confirmed,4631251,15600.0,72247515600.0,confirmed,7600649,5110.0,38839316390.0,confirmed,0,183000.0,0.0,none,0,3150.0,0.0,none,0,5.329999923706055,1423.0999755859375,0.0,none,12270328597865.0,12.5774
20221104,146100000,84500.0,12345450000000.0,confirmed,29246387,2675.0,78234085225.0,confirmed,4631251,15600.0,72247515600.0,confirmed,7600649,5070.0,38535290430.0,confirmed,0,188500.0,0.0,none,0,3170.0,0.0,none,0,5.159999847412109,1423.6500244140625,0.0,none,12534466891255.0,12.8474
20221107,146100000,86500.0,12637650000000.0,confirmed,29246387,2670.0,78087853290.0,confirmed,4631251,15300.0,70858140300.0,confirmed,7600649,5190.0,39447368310.0,confirmed,0,194000.0,0.0,none,0,3170.0,0.0,none,0,5.159999847412109,1402.1099853515625,0.0,none,12826043361900.0,13.1384
20221108,146100000,87700.0,12812970000000.0,confirmed,29246387,2705.0,79111476835.0,confirmed,4631251,14950.0,69237202450.0,confirmed,7600649,5200.0,39523374800.0,confirmed,0,194500.0,0.0,none,0,3230.0,0.0,none,0,5.269999980926514,1392.699951171875,0.0,none,13000842054085.0,13.3173
20221109,146100000,89200.0,13032120000000.0,confirmed,29246387,2700.0,78965244900.0,confirmed,4631251,15300.0,70858140300.0,confirmed,7600649,5230.0,39751394270.0,confirmed,0,195000.0,0.0,none,0,3195.0,0.0,none,0,4.960000038146973,1374.1500244140625,0.0,none,13221694779470.0,13.5376
20221110,146100000,89100.0,13017510000000.0,confirmed,29246387,2710.0,79257708770.0,confirmed,4631251,15000.0,69468765000.0,confirmed,7600649,5290.0,40207433210.0,confirmed,0,192000.0,0.0,none,0,3195.0,0.0,none,0,4.610000133514404,1370.550048828125,0.0,none,13206443906980.0,13.5235
20221111,146100000,93500.0,13660350000000.0,confirmed,29246387,2755.0,80573796185.0,confirmed,4631251,15100.0,69931890100.0,confirmed,7600649,5290.0,40207433210.0,confirmed,0,227000.0,0.0,none,0,3250.0,0.0,none,0,5.559999942779541,1349.3699951171875,0.0,none,13851063119495.0,14.1734
20221114,146100000,90900.0,13280490000000.0,confirmed,29246387,2775.0,81158723925.0,confirmed,4631251,14750.0,68310952250.0,confirmed,7600649,5430.0,41271524070.0,confirmed,0,224500.0,0.0,none,0,3235.0,0.0,none,0,5.829999923706055,1313.030029296875,0.0,none,13471231200245.0,13.7959
20221115,146100000,91600.0,13382760000000.0,confirmed,29246387,2805.0,82036115535.0,confirmed,4631251,15050.0,69700327550.0,confirmed,7600649,5560.0,42259608440.0,confirmed,0,220000.0,0.0,none,0,3245.0,0.0,none,0,5.989999771118164,1324.0799560546875,0.0,none,13576756051525.0,13.9049
20221116,146100000,91500.0,13368150000000.0,confirmed,29246387,2795.0,81743651665.0,confirmed,4631251,15000.0,69468765000.0,confirmed,7600649,5360.0,40739478640.0,confirmed,0,221000.0,0.0,none,0,3270.0,0.0,none,0,5.650000095367432,1316.260009765625,0.0,none,13560101895305.0,13.8871
20221117,146100000,87700.0,12812970000000.0,confirmed,29246387,2780.0,81304955860.0,confirmed,4631251,14600.0,67616264600.0,confirmed,7600649,5450.0,41423537050.0,confirmed,0,229500.0,0.0,none,0,3280.0,0.0,none,0,5.25,1336.4300537109375,0.0,none,13003314757510.0,13.3285
20221118,146100000,88400.0,12915240000000.0,confirmed,29246387,2920.0,85399450040.0,confirmed,4631251,14300.0,66226889300.0,confirmed,7600649,5490.0,41727563010.0,confirmed,0,230000.0,0.0,none,0,3570.0,0.0,none,0,4.909999847412109,1342.75,0.0,none,13108593902350.0,13.4502
20221121,146100000,86300.0,12608430000000.0,confirmed,29246387,2835.0,82913507145.0,confirmed,4631251,14500.0,67153139500.0,confirmed,7600649,5090.0,38687303410.0,confirmed,0,236500.0,0.0,none,0,3545.0,0.0,none,0,4.920000076293945,1339.030029296875,0.0,none,12797183950055.0,13.1288
20221122,146100000,85200.0,12447720000000.0,confirmed,29246387,2785.0,81451187795.0,confirmed,4631251,13900.0,64374388900.0,confirmed,7600649,5020.0,38155257980.0,confirmed,0,224000.0,0.0,none,0,3530.0,0.0,none,0,4.800000190734863,1359.75,0.0,none,12631700834675.0,12.9575
20221123,146100000,85200.0,12447720000000.0,confirmed,29246387,2795.0,81743651665.0,confirmed,4631251,14100.0,65300639100.0,confirmed,7600649,4885.0,37129170365.0,confirmed,0,223000.0,0.0,none,0,3525.0,0.0,none,0,4.849999904632568,1352.68994140625,0.0,none,12631893461130.0,12.9589
20221124,146100000,86900.0,12696090000000.0,confirmed,29246387,2900.0,84814522300.0,confirmed,4631251,14500.0,67153139500.0,confirmed,7600649,4910.0,37319186590.0,confirmed,0,228000.0,0.0,none,0,3800.0,0.0,none,0,4.980000019073486,1336.81005859375,0.0,none,12885376848390.0,13.2246
20221125,146100000,85100.0,12433110000000.0,confirmed,29246387,2905.0,84960754235.0,confirmed,4631251,14950.0,69237202450.0,confirmed,7600649,4875.0,37053163875.0,confirmed,0,219500.0,0.0,none,0,3890.0,0.0,none,0,4.980000019073486,1317.8900146484375,0.0,none,12624361120560.0,12.9642
20221128,146100000,83100.0,12140910000000.0,confirmed,29246387,2850.0,83352202950.0,confirmed,4631251,14350.0,66458451850.0,confirmed,7600649,4715.0,35837060035.0,confirmed,0,217000.0,0.0,none,0,3925.0,0.0,none,0,4.909999847412109,1334.56005859375,0.0,none,12326557714835.0,12.66
20221129,146100000,83700.0,12228570000000.0,confirmed,29246387,2880.0,84229594560.0,confirmed,4631251,14450.0,66921576950.0,confirmed,7600649,4780.0,36331102220.0,confirmed,0,219000.0,0.0,none,0,3940.0,0.0,none,0,4.940000057220459,1340.1199951171875,0.0,none,12416052273730.0,12.753
20221130,146100000,85000.0,12418500000000.0,confirmed,29246387,2905.0,84960754235.0,confirmed,4631251,14850.0,68774077350.0,confirmed,7600649,4785.0,36369105465.0,confirmed,0,227000.0,0.0,none,0,3940.0,0.0,none,0,4.829999923706055,1325.3699951171875,0.0,none,12608603937050.0,12.9484
20221201,146100000,84700.0,12374670000000.0,confirmed,29246387,2910.0,85106986170.0,confirmed,4631251,16600.0,76878766600.0,confirmed,7600649,4815.0,36597124935.0,confirmed,0,220000.0,0.0,none,0,3935.0,0.0,none,0,5.159999847412109,1279.800048828125,0.0,none,12573252877705.0,12.9137
20221202,146100000,81900.0,11965590000000.0,confirmed,29246387,2870.0,83937130690.0,confirmed,4631251,16500.0,76415641500.0,confirmed,7600649,4910.0,37319186590.0,confirmed,0,201500.0,0.0,none,0,3855.0,0.0,none,0,4.960000038146973,1303.25,0.0,none,12163261958780.0,12.499
20221205,146100000,81000.0,11834100000000.0,confirmed,29246387,2870.0,83937130690.0,confirmed,4631251,16350.0,75720953850.0,confirmed,7600649,5220.0,39675387780.0,confirmed,0,184500.0,0.0,none,0,3800.0,0.0,none,0,4.940000057220459,1299.1700439453125,0.0,none,12033433472320.0,12.3692
20221206,146100000,81000.0,11834100000000.0,confirmed,29246387,2830.0,82767275210.0,confirmed,4631251,15800.0,73173765800.0,confirmed,7600649,4965.0,37737222285.0,confirmed,0,180000.0,0.0,none,0,3655.0,0.0,none,0,4.650000095367432,1304.3699951171875,0.0,none,12027778263295.0,12.3588
20221207,146100000,78900.0,11527290000000.0,confirmed,29246387,2850.0,83352202950.0,confirmed,4631251,16150.0,74794703650.0,confirmed,7600649,4920.0,37395193080.0,confirmed,0,178500.0,0.0,none,0,3600.0,0.0,none,0,4.349999904632568,1319.7099609375,0.0,none,11722832099680.0,12.0562
20221208,146100000,78800.0,11512680000000.0,confirmed,29246387,2830.0,82767275210.0,confirmed,4631251,15900.0,73636890900.0,confirmed,7600649,4980.0,37851232020.0,confirmed,0,179500.0,0.0,none,0,3525.0,0.0,none,0,4.349999904632568,1314.0999755859375,0.0,none,11706935398130.0,12.038
20221209,146100000,81500.0,11907150000000.0,confirmed,29246387,2880.0,84229594560.0,confirmed,4631251,16200.0,75026266200.0,confirmed,7600649,4995.0,37965241755.0,confirmed,0,180500.0,0.0,none,0,3535.0,0.0,none,0,4.619999885559082,1316.6300048828125,0.0,none,12104371102515.0,12.4413
20221212,146100000,81100.0,11848710000000.0,confirmed,29246387,2945.0,86130609715.0,confirmed,4631251,15750.0,72942203250.0,confirmed,7600649,4950.0,37623212550.0,confirmed,0,181500.0,0.0,none,0,3450.0,0.0,none,0,4.480000019073486,1303.1700439453125,0.0,none,12045406025515.0,12.3899
20221213,146100000,82300.0,12024030000000.0,confirmed,29246387,2950.0,86276841650.0,confirmed,4631251,15200.0,70395015200.0,confirmed,7600649,5040.0,38307270960.0,confirmed,0,181500.0,0.0,none,0,3660.0,0.0,none,0,4.46999979019165,1305.9200439453125,0.0,none,12219009127810.0,12.5641
20221214,146100000,81800.0,11950980000000.0,confirmed,29246387,2930.0,85691913910.0,confirmed,4631251,16400.0,75952516400.0,confirmed,7600649,5190.0,39447368310.0,confirmed,0,185500.0,0.0,none,0,3615.0,0.0,none,0,4.320000171661377,1288.97998046875,0.0,none,12152071798620.0,12.4948
20221215,146100000,80200.0,11717220000000.0,confirmed,29246387,2950.0,86276841650.0,confirmed,4631251,16250.0,75257828750.0,confirmed,7600649,5230.0,39751394270.0,confirmed,0,179500.0,0.0,none,0,3510.0,0.0,none,0,4.230000019073486,1295.6800537109375,0.0,none,11918506064670.0,12.2636
20221216,146100000,78400.0,11454240000000.0,confirmed,29246387,2945.0,86130609715.0,confirmed,4631251,16200.0,75026266200.0,confirmed,7600649,6790.0,51608406710.0,confirmed,0,183500.0,0.0,none,0,3440.0,0.0,none,0,3.9100000858306885,1317.0999755859375,0.0,none,11667005282625.0,12.0115
20221219,146100000,79000.0,11541900000000.0,confirmed,29246387,2975.0,87008001325.0,confirmed,4631251,16050.0,74331578550.0,confirmed,7600649,6610.0,50240289890.0,confirmed,0,182500.0,0.0,none,0,3445.0,0.0,none,0,3.859999895095825,1308.8599853515625,0.0,none,11753479869765.0,12.1015
20221220,146100000,78300.0,11439630000000.0,confirmed,29246387,2900.0,84814522300.0,confirmed,4631251,15650.0,72479078150.0,confirmed,7600649,6330.0,48112108170.0,confirmed,0,179000.0,0.0,none,0,3490.0,0.0,none,0,3.700000047683716,1301.3299560546875,0.0,none,11645035708620.0,11.9843
20221221,146100000,78000.0,11395800000000.0,confirmed,29246387,2895.0,84668290365.0,confirmed,4631251,15400.0,71321265400.0,confirmed,7600649,6350.0,48264121150.0,confirmed,0,176000.0,0.0,none,0,3490.0,0.0,none,0,3.7100000381469727,1283.6400146484375,0.0,none,11600053676915.0,11.9387
20221222,146100000,79200.0,11571120000000.0,confirmed,29246387,2935.0,85838145845.0,confirmed,4631251,15950.0,73868453450.0,confirmed,7600649,6170.0,46896004330.0,confirmed,0,179000.0,0.0,none,0,3455.0,0.0,none,0,3.690000057220459,1280.77001953125,0.0,none,11777722603625.0,12.1211
20221223,146100000,77800.0,11366580000000.0,confirmed,29246387,2880.0,84229594560.0,confirmed,4631251,15050.0,69700327550.0,confirmed,7600649,5950.0,45223861550.0,confirmed,0,172500.0,0.0,none,0,3245.0,0.0,none,0,3.369999885559082,1290.199951171875,0.0,none,11565733783660.0,11.9027
20221226,146100000,77000.0,11249700000000.0,confirmed,29246387,2830.0,82767275210.0,confirmed,4631251,15200.0,70395015200.0,confirmed,7600649,5710.0,43399705790.0,confirmed,0,172000.0,0.0,none,0,3045.0,0.0,none,0,3.299999952316284,1279.239990234375,0.0,none,11446261996200.0,11.7773
20221227,146100000,77000.0,11249700000000.0,confirmed,29246387,2845.0,83205971015.0,confirmed,4631251,15400.0,71321265400.0,confirmed,7600649,5700.0,43323699300.0,confirmed,0,172500.0,0.0,none,0,3080.0,0.0,none,0,3.299999952316284,1275.1300048828125,0.0,none,11447550935715.0,11.7804
20221228,146100000,76000.0,11103600000000.0,confirmed,29246387,2830.0,82767275210.0,confirmed,4631251,15350.0,71089702850.0,confirmed,7600649,5690.0,43247692810.0,confirmed,0,169500.0,0.0,none,0,3070.0,0.0,none,0,3.0999999046325684,1272.280029296875,0.0,none,11300704670870.0,11.6318
20221229,146100000,75000.0,10957500000000.0,confirmed,29246387,2785.0,81451187795.0,confirmed,4631251,15200.0,70395015200.0,confirmed,7600649,5950.0,45223861550.0,confirmed,1085600,168000.0,182380800000.0,confirmed,0,3185.0,0.0,none,0,3.119999885559082,1274.3199462890625,0.0,none,11336950864545.0,11.6628
20230102,146100000,75700.0,11059770000000.0,confirmed,29246387,2690.0,78672781030.0,confirmed,4631251,14300.0,66226889300.0,confirmed,7600649,6330.0,48112108170.0,confirmed,1085600,164000.0,178038400000.0,confirmed,0,3265.0,0.0,none,0,3.450000047683716,1260.9100341796875,0.0,none,11430820178500.0,11.7455
20230103,146100000,75600.0,11045160000000.0,confirmed,29246387,2690.0,78672781030.0,confirmed,4631251,14000.0,64837514000.0,confirmed,7600649,5820.0,44235777180.0,confirmed,1085600,166500.0,180752400000.0,confirmed,0,3255.0,0.0,none,0,3.450000047683716,1270.0999755859375,0.0,none,11413658472210.0,11.7283
20230104,146100000,81000.0,11834100000000.0,confirmed,29246387,2720.0,79550172640.0,confirmed,4631251,14150.0,65532201650.0,confirmed,7600649,6370.0,48416134130.0,confirmed,1085600,166000.0,180209600000.0,confirmed,0,3260.0,0.0,none,0,3.4600000381469727,1279.0799560546875,0.0,none,12207808108420.0,12.526
20230105,146100000,81400.0,11892540000000.0,confirmed,29246387,2735.0,79988868445.0,confirmed,4631251,14150.0,65532201650.0,confirmed,7600649,6060.0,46059932940.0,confirmed,1085600,165500.0,179666800000.0,confirmed,0,3225.0,0.0,none,0,3.609999895095825,1271.0799560546875,0.0,none,12263787803035.0,12.5837
20230106,146100000,83100.0,12140910000000.0,confirmed,29246387,2740.0,80135100380.0,confirmed,4631251,14450.0,66921576950.0,confirmed,7600649,5910.0,44919835590.0,confirmed,1085600,165500.0,179666800000.0,confirmed,0,3210.0,0.0,none,0,3.640000104904175,1274.1800537109375,0.0,none,12512553312920.0,12.8331
20230109,146100000,86000.0,12564600000000.0,confirmed,29246387,2790.0,81597419730.0,confirmed,4631251,14600.0,67616264600.0,confirmed,7600649,6000.0,45603894000.0,confirmed,1085600,171500.0,186180400000.0,confirmed,0,3235.0,0.0,none,0,3.7699999809265137,1252.8800048828125,0.0,none,12945597978330.0,13.272
20230110,146100000,86500.0,12637650000000.0,confirmed,29246387,2800.0,81889883600.0,confirmed,4631251,14650.0,67847827150.0,confirmed,7600649,5760.0,43779738240.0,confirmed,1085600,171500.0,186180400000.0,confirmed,0,3250.0,0.0,none,0,3.809999942779541,1239.280029296875,0.0,none,13017347848990.0,13.3449
20230111,146100000,87300.0,12754530000000.0,confirmed,29246387,2800.0,81889883600.0,confirmed,4631251,14500.0,67153139500.0,confirmed,7600649,5750.0,43703731750.0,confirmed,1085600,171000.0,185637600000.0,confirmed,0,3380.0,0.0,none,0,3.809999942779541,1240.1600341796875,0.0,none,13132914354850.0,13.4605
20230112,146100000,86800.0,12681480000000.0,confirmed,29246387,2785.0,81451187795.0,confirmed,4631251,14250.0,65995326750.0,confirmed,7600649,5700.0,43323699300.0,confirmed,1085600,171500.0,186180400000.0,confirmed,0,3450.0,0.0,none,0,3.859999895095825,1241.5999755859375,0.0,none,13058430613845.0,13.3842
20230113,146100000,85700.0,12520770000000.0,confirmed,29246387,2810.0,82182347470.0,confirmed,4631251,14200.0,65763764200.0,confirmed,7600649,5540.0,42107595460.0,confirmed,1085600,173500.0,188351600000.0,confirmed,0,3330.0,0.0,none,0,4.050000190734863,1239.1300048828125,0.0,none,12899175307130.0,13.2279
20230116,146100000,85800.0,12535380000000.0,confirmed,29246387,2870.0,83937130690.0,confirmed,4631251,13850.0,64142826350.0,confirmed,7600649,5660.0,43019673340.0,confirmed,1085600,175500.0,190522800000.0,confirmed,0,3275.0,0.0,none,0,4.409999847412109,1236.5899658203125,0.0,none,12917002430380.0,13.2528
20230117,146100000,86000.0,12564600000000.0,confirmed,29246387,2880.0,84229594560.0,confirmed,4631251,13600.0,62985013600.0,confirmed,7600649,5500.0,41803569500.0,confirmed,1085600,170000.0,184552000000.0,confirmed,0,3295.0,0.0,none,0,4.409999847412109,1240.7099609375,0.0,none,12938170177660.0,13.2751
20230118,146100000,85100.0,12433110000000.0,confirmed,29246387,2850.0,83352202950.0,confirmed,4631251,14900.0,69005639900.0,confirmed,7600649,5550.0,42183601950.0,confirmed,1085600,171000.0,185637600000.0,confirmed,0,3310.0,0.0,none,0,4.349999904632568,1237.0,0.0,none,12813289044800.0,13.1467
20230119,146100000,85500.0,12491550000000.0,confirmed,29246387,2905.0,84960754235.0,confirmed,4631251,14500.0,67153139500.0,confirmed,7600649,5650.0,42943666850.0,confirmed,1085600,172500.0,187266000000.0,confirmed,0,3385.0,0.0,none,0,4.199999809265137,1237.8800048828125,0.0,none,12873873560585.0,13.2137
20230120,146100000,87600.0,12798360000000.0,confirmed,29246387,3145.0,91979887115.0,confirmed,4631251,15200.0,70395015200.0,confirmed,7600649,5520.0,41955582480.0,confirmed,1085600,172500.0,187266000000.0,confirmed,0,3355.0,0.0,none,0,4.019999980926514,1232.1800537109375,0.0,none,13189956484795.0,13.5579
20230125,146100000,91400.0,13353540000000.0,confirmed,29246387,3450.0,100900035150.0,confirmed,4631251,15240.0,70580265240.0,confirmed,7600649,5570.0,42335614930.0,confirmed,1085600,174000.0,188894400000.0,confirmed,0,3355.0,0.0,none,0,4.440000057220459,1232.6600341796875,0.0,none,13756250315320.0,14.1599
20230126,146100000,92300.0,13485030000000.0,confirmed,29246387,3490.0,102069890630.0,confirmed,4631251,16040.0,74285266040.0,confirmed,7600649,5740.0,43627725260.0,confirmed,1085600,182200.0,197796320000.0,confirmed,0,3350.0,0.0,none,0,4.5,1232.5899658203125,0.0,none,13902809201930.0,14.3111
20230127,146100000,91500.0,13368150000000.0,confirmed,29246387,3750.0,109673951250.0,confirmed,4631251,15970.0,73961078470.0,confirmed,7600649,5790.0,44007757710.0,confirmed,1085600,183900.0,199641840000.0,confirmed,0,3360.0,0.0,none,0,4.539999961853027,1231.8499755859375,0.0,none,13795434627430.0,14.2341
20230130,146100000,90700.0,13251270000000.0,confirmed,29246387,3870.0,113183517690.0,confirmed,4631251,17010.0,78777579510.0,confirmed,7600649,5650.0,42943666850.0,confirmed,1085600,180200.0,195625120000.0,confirmed,0,3350.0,0.0,none,0,4.489999771118164,1228.949951171875,0.0,none,13681799884050.0,14.1345
20230131,146100000,88500.0,12929850000000.0,confirmed,29246387,3505.0,102508586435.0,confirmed,4631251,16890.0,78221829390.0,confirmed,7600649,5630.0,42791653870.0,confirmed,1085600,179300.0,194648080000.0,confirmed,0,3330.0,0.0,none,0,4.460000038146973,1231.5,0.0,none,13348020149695.0,13.7581
20230201,146100000,91400.0,13353540000000.0,confirmed,29246387,3490.0,102069890630.0,confirmed,4631251,16840.0,77990266840.0,confirmed,7600649,5850.0,44463796650.0,confirmed,1085600,181000.0,196493600000.0,confirmed,0,3290.0,0.0,none,0,4.440000057220459,1232.1500244140625,0.0,none,13774557554120.0,14.1828
20230202,146100000,93400.0,13645740000000.0,confirmed,29246387,3870.0,113183517690.0,confirmed,4631251,17120.0,79287017120.0,confirmed,7600649,5870.0,44615809630.0,confirmed,1085600,182000.0,197579200000.0,confirmed,0,3250.0,0.0,none,0,4.760000228881836,1221.949951171875,0.0,none,14080405544440.0,14.5331
20230203,146100000,92200.0,13470420000000.0,confirmed,29246387,3865.0,113037285755.0,confirmed,4631251,18660.0,86419143660.0,confirmed,7600649,5960.0,45299868040.0,confirmed,1085600,186700.0,202681520000.0,confirmed,0,3230.0,0.0,none,0,5.489999771118164,1224.9000244140625,0.0,none,13917857817455.0,14.37
20230206,146100000,89100.0,13017510000000.0,confirmed,29246387,3705.0,108357863835.0,confirmed,4631251,18260.0,84566643260.0,confirmed,7600649,5840.0,44387790160.0,confirmed,1085600,179000.0,194322400000.0,confirmed,0,3190.0,0.0,none,0,5.5,1246.75,0.0,none,13449144697255.0,13.8826
20230207,146100000,90800.0,13265880000000.0,confirmed,29246387,3800.0,111136270600.0,confirmed,4631251,18520.0,85770768520.0,confirmed,7600649,5940.0,45147855060.0,confirmed,1085600,180600.0,196059360000.0,confirmed,0,3155.0,0.0,none,0,5.409999847412109,1261.22998046875,0.0,none,13703994254180.0,14.1485
20230208,146100000,94900.0,13864890000000.0,confirmed,29246387,4435.0,129707726345.0,confirmed,4631251,19580.0,90679894580.0,confirmed,7600649,5900.0,44843829100.0,confirmed,1085600,192000.0,208435200000.0,confirmed,0,3120.0,0.0,none,0,5.150000095367432,1255.3499755859375,0.0,none,14338556650025.0,14.3386
20230209,146100000,94400.0,13791840000000.0,confirmed,29246387,4175.0,122103665725.0,confirmed,4631251,19540.0,90494644540.0,confirmed,7600649,5930.0,45071848570.0,confirmed,1085600,181000.0,196493600000.0,confirmed,0,3120.0,0.0,none,0,5.130000114440918,1260.469970703125,0.0,none,14246003758835.0,14.7344
20230210,146100000,93500.0,13660350000000.0,confirmed,29246387,4055.0,118594099285.0,confirmed,4631251,18370.0,85076080870.0,confirmed,7600649,5830.0,44311783670.0,confirmed,1085600,177100.0,192259760000.0,confirmed,0,3140.0,0.0,none,0,4.690000057220459,1264.550048828125,0.0,none,14100591723825.0,14.575
20230213,146100000,90600.0,13236660000000.0,confirmed,29246387,4090.0,119617722830.0,confirmed,4631251,17670.0,81834205170.0,confirmed,7600649,5790.0,44007757710.0,confirmed,1085600,172200.0,186940320000.0,confirmed,0,3140.0,0.0,none,0,4.809999942779541,1266.8699951171875,0.0,none,13669060005710.0,14.1475
20230214,146100000,93400.0,13645740000000.0,confirmed,29246387,4130.0,120787578310.0,confirmed,4631251,18210.0,84335080710.0,confirmed,7600649,5770.0,43855744730.0,confirmed,1085600,174300.0,189220080000.0,confirmed,0,3125.0,0.0,none,0,4.889999866485596,1272.93994140625,0.0,none,14083938483750.0,14.5671
20230215,146100000,91700.0,13397370000000.0,confirmed,29246387,3970.0,116108156390.0,confirmed,4631251,17820.0,82528892820.0,confirmed,7600649,5500.0,41803569500.0,confirmed,1085600,171900.0,186614640000.0,confirmed,0,3090.0,0.0,none,0,4.989999771118164,1272.25,0.0,none,13824425258710.0,14.2889
20230216,146100000,92900.0,13572690000000.0,confirmed,29246387,3860.0,112891053820.0,confirmed,4631251,17990.0,83316205490.0,confirmed,7600649,5630.0,42791653870.0,confirmed,1085600,178200.0,193453920000.0,confirmed,0,3195.0,0.0,none,0,5.650000095367432,1283.719970703125,0.0,none,14005142833180.0,14.4567
20230217,146100000,92000.0,13441200000000.0,confirmed,29246387,3865.0,113037285755.0,confirmed,4631251,18350.0,84983455850.0,confirmed,7600649,5530.0,42031588970.0,confirmed,1085600,174600.0,189545760000.0,confirmed,0,3135.0,0.0,none,0,5.28000020980835,1288.9599609375,0.0,none,13870798090575.0,14.3229
20230220,146100000,92500.0,13514250000000.0,confirmed,29246387,3700.0,108211631900.0,confirmed,4631251,19100.0,88456894100.0,confirmed,7600649,6060.0,46059932940.0,confirmed,1085600,175800.0,190848480000.0,confirmed,0,3115.0,0.0,none,0,4.880000114440918,1293.9200439453125,0.0,none,13947826938940.0,14.3807
20230221,146100000,91200.0,13324320000000.0,confirmed,29246387,3750.0,109673951250.0,confirmed,4631251,19280.0,89290519280.0,confirmed,7600649,6020.0,45755906980.0,confirmed,1085600,174500.0,189437200000.0,confirmed,0,3100.0,0.0,none,0,4.880000114440918,1296.1099853515625,0.0,none,13758477577510.0,14.1972
20230222,146100000,89100.0,13017510000000.0,confirmed,29246387,3650.0,106749312550.0,confirmed,4631251,19430.0,89985206930.0,confirmed,7600649,5870.0,44615809630.0,confirmed,1085600,171700.0,186397520000.0,confirmed,0,3100.0,0.0,none,0,4.639999866485596,1305.8299560546875,0.0,none,13445257849110.0,13.8723
20230223,146100000,92700.0,13543470000000.0,confirmed,29246387,3760.0,109966415120.0,confirmed,4631251,20300.0,94014395300.0,confirmed,7600649,6010.0,45679900490.0,confirmed,1085600,174200.0,189111520000.0,confirmed,0,3050.0,0.0,none,0,4.760000228881836,1302.8299560546875,0.0,none,13982242230910.0,14.4221
20230224,146100000,91000.0,13295100000000.0,confirmed,29246387,3815.0,111574966405.0,confirmed,4631251,19980.0,92532394980.0,confirmed,7600649,5800.0,44083764200.0,confirmed,1085600,172500.0,187266000000.0,confirmed,0,3075.0,0.0,none,0,4.78000020980835,1298.0799560546875,0.0,none,13730557125585.0,14.1769
20230227,146100000,90000.0,13149000000000.0,confirmed,29246387,3700.0,108211631900.0,confirmed,4631251,19980.0,92532394980.0,confirmed,7600649,5680.0,43171686320.0,confirmed,1085600,172200.0,186940320000.0,confirmed,0,3065.0,0.0,none,0,4.570000171661377,1313.699951171875,0.0,none,13579856033200.0,14.0127
20230228,146100000,89400.0,13061340000000.0,confirmed,29246387,3795.0,110990038665.0,confirmed,4631251,19920.0,92254519920.0,confirmed,7600649,5870.0,44615809630.0,confirmed,1085600,169800.0,184334880000.0,confirmed,0,3070.0,0.0,none,0,4.630000114440918,1318.3499755859375,0.0,none,13493535248215.0,13.9375
20230302,146100000,88100.0,12871410000000.0,confirmed,29246387,3680.0,107626704160.0,confirmed,4631251,19390.0,89799956890.0,confirmed,7600649,5940.0,45147855060.0,confirmed,1085600,169000.0,183466400000.0,confirmed,0,3050.0,0.0,none,0,4.619999885559082,1305.72998046875,0.0,none,13297450916110.0,13.728
20230303,146100000,87300.0,12754530000000.0,confirmed,29246387,3660.0,107041776420.0,confirmed,4631251,19330.0,89522081830.0,confirmed,7600649,6010.0,45679900490.0,confirmed,1085600,169800.0,184334880000.0,confirmed,0,3055.0,0.0,none,0,4.760000228881836,1311.06005859375,0.0,none,13181108638740.0,13.6093
20230306,146100000,89700.0,13105170000000.0,confirmed,29246387,3715.0,108650327705.0,confirmed,4631251,19600.0,90772519600.0,confirmed,7600649,6010.0,45679900490.0,confirmed,1085600,173500.0,188351600000.0,confirmed,0,3020.0,0.0,none,0,5.03000020980835,1294.780029296875,0.0,none,13538624347795.0,13.9732
20230307,146100000,88900.0,12988290000000.0,confirmed,29246387,3630.0,106164384810.0,confirmed,4631251,19080.0,88364269080.0,confirmed,7600649,6200.0,47124023800.0,confirmed,1085600,169200.0,183683520000.0,confirmed,0,2940.0,0.0,none,0,4.929999828338623,1299.0,0.0,none,13413626197690.0,13.8383
20230308,146100000,86800.0,12681480000000.0,confirmed,29246387,3515.0,102801050305.0,confirmed,4631251,19270.0,89244206770.0,confirmed,7600649,6210.0,47200030290.0,confirmed,1085600,167400.0,181729440000.0,confirmed,0,2945.0,0.0,none,0,4.940000057220459,1317.9000244140625,0.0,none,13102454727365.0,13.5137
20230309,146100000,85600.0,12506160000000.0,confirmed,29246387,3460.0,101192499020.0,confirmed,4631251,19000.0,87993769000.0,confirmed,7600649,5960.0,45299868040.0,confirmed,1085600,166000.0,180209600000.0,confirmed,0,2885.0,0.0,none,0,5.059999942779541,1316.449951171875,0.0,none,12920855736060.0,13.3256
20230310,146100000,83300.0,12170130000000.0,confirmed,29246387,3400.0,99437715800.0,confirmed,4631251,19180.0,88827394180.0,confirmed,7600649,5760.0,43779738240.0,confirmed,1085600,161900.0,175758640000.0,confirmed,0,2885.0,0.0,none,0,4.829999923706055,1325.550048828125,0.0,none,12577933488220.0,12.9757
20230313,146100000,84300.0,12316230000000.0,confirmed,29246387,3395.0,99291483865.0,confirmed,4631251,18660.0,86419143660.0,confirmed,7600649,5580.0,42411621420.0,confirmed,1085600,163500.0,177495600000.0,confirmed,0,2910.0,0.0,none,0,4.559999942779541,1319.5400390625,0.0,none,12721847848945.0,13.119
20230314,146100000,81100.0,11848710000000.0,confirmed,29246387,3210.0,93880902270.0,confirmed,4631251,18200.0,84288768200.0,confirmed,7600649,5100.0,38763309900.0,confirmed,1085600,161700.0,175541520000.0,confirmed,0,2915.0,0.0,none,0,4.710000038146973,1296.3800048828125,0.0,none,12241184500370.0,12.6167
20230315,146100000,79100.0,11556510000000.0,confirmed,29246387,3260.0,95343221620.0,confirmed,4631251,17830.0,82575205330.0,confirmed,7600649,5210.0,39599381290.0,confirmed,1085600,158000.0,171524800000.0,confirmed,0,2905.0,0.0,none,0,4.789999961853027,1304.5799560546875,0.0,none,11945552608240.0,12.3269
20230316,146100000,79000.0,11541900000000.0,confirmed,29246387,3215.0,94027134205.0,confirmed,4631251,17670.0,81834205170.0,confirmed,7600649,5230.0,39751394270.0,confirmed,1085600,156100.0,169462160000.0,confirmed,0,2880.0,0.0,none,0,4.769999980926514,1311.739990234375,0.0,none,11926974893645.0,12.3031
20230317,146100000,84000.0,12272400000000.0,confirmed,29246387,3325.0,97244236775.0,confirmed,4631251,17460.0,80861642460.0,confirmed,7600649,5450.0,41423537050.0,confirmed,1085600,164400.0,178472640000.0,confirmed,0,2895.0,0.0,none,0,4.800000190734863,1301.6199951171875,0.0,none,12670402056285.0,13.0594
20230320,146100000,83700.0,12228570000000.0,confirmed,29246387,3320.0,97098004840.0,confirmed,4631251,17150.0,79425954650.0,confirmed,7600649,5450.0,41423537050.0,confirmed,1085600,165200.0,179341120000.0,confirmed,0,2875.0,0.0,none,0,4.730000019073486,1307.6500244140625,0.0,none,12625858616540.0,13.0143
20230321,146100000,83600.0,12213960000000.0,confirmed,29246387,3405.0,99583947735.0,confirmed,4631251,17130.0,79333329630.0,confirmed,7600649,5400.0,41043504600.0,confirmed,1085600,169200.0,183683520000.0,confirmed,0,2940.0,0.0,none,0,4.610000133514404,1304.93994140625,0.0,none,12617604301965.0,13.0159
20230322,146100000,86900.0,12696090000000.0,confirmed,29246387,3360.0,98267860320.0,confirmed,4631251,18010.0,83408830510.0,confirmed,7600649,5320.0,40435452680.0,confirmed,1085600,177200.0,192368320000.0,confirmed,0,2920.0,0.0,none,0,4.869999885559082,1303.43994140625,0.0,none,13110570463510.0,13.5036
20230323,146100000,88500.0,12929850000000.0,confirmed,29246387,3230.0,94465830010.0,confirmed,4631251,17820.0,82528892820.0,confirmed,7600649,5260.0,39979413740.0,confirmed,1085600,176500.0,191608400000.0,confirmed,0,2845.0,0.0,none,0,4.650000095367432,1298.25,0.0,none,13338432536570.0,13.7163
20230324,146100000,87300.0,12754530000000.0,confirmed,29246387,3300.0,96513077100.0,confirmed,4631251,18000.0,83362518000.0,confirmed,7600649,5430.0,41271524070.0,confirmed,1085600,173000.0,187808800000.0,confirmed,0,2810.0,0.0,none,0,4.840000152587891,1286.2900390625,0.0,none,13163485919170.0,13.5495
20230327,146100000,85500.0,12491550000000.0,confirmed,29246387,3285.0,96074381295.0,confirmed,4631251,17710.0,82019455210.0,confirmed,7600649,5260.0,39979413740.0,confirmed,1085600,174900.0,189871440000.0,confirmed,0,2775.0,0.0,none,0,4.880000114440918,1297.800048828125,0.0,none,12899494690245.0,13.2838
20230328,146100000,88400.0,12915240000000.0,confirmed,29246387,3365.0,98414092255.0,confirmed,4631251,17710.0,82019455210.0,confirmed,7600649,5330.0,40511459170.0,confirmed,1085600,179500.0,194865200000.0,confirmed,0,2735.0,0.0,none,0,5.119999885559082,1296.97998046875,0.0,none,13331050206635.0,13.7247
20230329,146100000,86900.0,12696090000000.0,confirmed,29246387,3360.0,98267860320.0,confirmed,4631251,18730.0,86743331230.0,confirmed,7600649,5240.0,39827400760.0,confirmed,1085600,174300.0,189220080000.0,confirmed,0,2730.0,0.0,none,0,4.699999809265137,1307.1300048828125,0.0,none,13110148672310.0,13.5032
20230330,146100000,88800.0,12973680000000.0,confirmed,29246387,3360.0,98267860320.0,confirmed,4631251,18870.0,87391706370.0,confirmed,7600649,5440.0,41347530560.0,confirmed,1085600,179100.0,194430960000.0,confirmed,0,2680.0,0.0,none,0,5.130000114440918,1296.5,0.0,none,13395118057250.0,13.7882
20230331,146100000,88600.0,12944460000000.0,confirmed,29246387,3340.0,97682932580.0,confirmed,4631251,18820.0,87160143820.0,confirmed,7600649,5400.0,41043504600.0,confirmed,1085600,183500.0,199207600000.0,confirmed,0,2680.0,0.0,none,0,5.079999923706055,1296.5,0.0,none,13369554181000.0,13.7603
20230403,146100000,87200.0,12739920000000.0,confirmed,29246387,3295.0,96366845165.0,confirmed,4631251,18850.0,87299081350.0,confirmed,7600649,5250.0,39903407250.0,confirmed,1085600,182800.0,198447680000.0,confirmed,0,2635.0,0.0,none,0,6.150000095367432,1308.050048828125,0.0,none,13161937013765.0,13.5474
20230404,146100000,84500.0,12345450000000.0,confirmed,29246387,3310.0,96805540970.0,confirmed,4631251,18890.0,87484331390.0,confirmed,7600649,5330.0,40511459170.0,confirmed,1085600,189400.0,205612640000.0,confirmed,0,2730.0,0.0,none,0,6.150000095367432,1312.4100341796875,0.0,none,12775863971530.0,13.1631
20230405,146100000,84600.0,12360060000000.0,confirmed,29246387,3340.0,97682932580.0,confirmed,4631251,19450.0,90077831950.0,confirmed,7600649,5570.0,42335614930.0,confirmed,1085600,184200.0,199967520000.0,confirmed,0,2665.0,0.0,none,0,7.070000171661377,1316.2099609375,0.0,none,12790123899460.0,13.1809
20230406,146100000,83800.0,12243180000000.0,confirmed,29246387,3205.0,93734670335.0,confirmed,4631251,19060.0,88271644060.0,confirmed,7600649,5470.0,41575550030.0,confirmed,1085600,182600.0,198230560000.0,confirmed,0,2670.0,0.0,none,0,6.659999847412109,1317.93994140625,0.0,none,12664992424425.0,13.0399
20230407,146100000,89100.0,13017510000000.0,confirmed,29246387,3300.0,96513077100.0,confirmed,4631251,18880.0,87438018880.0,confirmed,7600649,5410.0,41119511090.0,confirmed,1085600,183500.0,199207600000.0,confirmed,0,2700.0,0.0,none,0,6.809999942779541,1317.93994140625,0.0,none,13441788207070.0,13.8278
20230410,146100000,90700.0,13251270000000.0,confirmed,29246387,3200.0,93588438400.0,confirmed,4631251,17980.0,83269892980.0,confirmed,7600649,5700.0,43323699300.0,confirmed,1085600,183000.0,198664800000.0,confirmed,0,2685.0,0.0,none,0,6.809999942779541,1320.8800048828125,0.0,none,13670116830680.0,14.0445
20230411,146100000,91800.0,13411980000000.0,confirmed,29246387,3150.0,92126119050.0,confirmed,4631251,17540.0,81232142540.0,confirmed,7600649,5590.0,42487627910.0,confirmed,1085600,185600.0,201487360000.0,confirmed,0,2705.0,0.0,none,0,6.849999904632568,1322.0899658203125,0.0,none,13829313249500.0,14.1978
20230412,146100000,90300.0,13192830000000.0,confirmed,29246387,3220.0,94173366140.0,confirmed,4631251,17690.0,81926830190.0,confirmed,7600649,5740.0,43627725260.0,confirmed,1085600,186600.0,202572960000.0,confirmed,0,2705.0,0.0,none,0,6.78000020980835,1322.8299560546875,0.0,none,13615130881590.0,13.9918
20230413,146100000,88700.0,12959070000000.0,confirmed,29246387,3270.0,95635685490.0,confirmed,4631251,16250.0,75257828750.0,confirmed,7600649,5810.0,44159770690.0,confirmed,1085600,189400.0,205612640000.0,confirmed,0,2665.0,0.0,none,0,6.590000152587891,1301.4300537109375,0.0,none,13379735924930.0,13.7623
20230414,146100000,89300.0,13046730000000.0,confirmed,29246387,3505.0,102508586435.0,confirmed,4631251,15880.0,73544265880.0,confirmed,7600649,5820.0,44235777180.0,confirmed,1085600,191900.0,208326640000.0,confirmed,0,2735.0,0.0,none,0,6.820000171661377,1301.4300537109375,0.0,none,13475345269495.0,13.8854
20230417,146100000,88500.0,12929850000000.0,confirmed,29246387,3390.0,99145251930.0,confirmed,4631251,15880.0,73544265880.0,confirmed,7600649,5730.0,43551718770.0,confirmed,1085600,189200.0,205395520000.0,confirmed,0,2795.0,0.0,none,0,6.710000038146973,1316.0699462890625,0.0,none,13351486756580.0,13.7481
20230418,146100000,87600.0,12798360000000.0,confirmed,29246387,3390.0,99145251930.0,confirmed,4631251,15500.0,71784390500.0,confirmed,7600649,5640.0,42867660360.0,confirmed,1085600,188400.0,204527040000.0,confirmed,0,2830.0,0.0,none,0,6.550000190734863,1315.9000244140625,0.0,none,13216684342790.0,13.6133
20230419,146100000,88200.0,12886020000000.0,confirmed,29246387,3365.0,98414092255.0,confirmed,4631251,16000.0,74100016000.0,confirmed,7600649,5680.0,43171686320.0,confirmed,1085600,192400.0,208869440000.0,confirmed,0,2835.0,0.0,none,0,6.400000095367432,1326.760009765625,0.0,none,13310575234575.0,13.7042
20230420,146100000,87700.0,12812970000000.0,confirmed,29246387,3275.0,95781917425.0,confirmed,4631251,14920.0,69098264920.0,confirmed,7600649,5490.0,41727563010.0,confirmed,1085600,194500.0,211149200000.0,confirmed,0,2835.0,0.0,none,0,6.28000020980835,1323.5999755859375,0.0,none,13230726945355.0,13.6139
20230421,146100000,89100.0,13017510000000.0,confirmed,29246387,3255.0,95196989685.0,confirmed,4631251,14580.0,67523639580.0,confirmed,7600649,5360.0,40739478640.0,confirmed,1085600,193900.0,210497840000.0,confirmed,0,2800.0,0.0,none,0,6.099999904632568,1323.5999755859375,0.0,none,13431467947905.0,13.8123
20230424,146100000,87200.0,12739920000000.0,confirmed,29246387,3125.0,91394959375.0,confirmed,4631251,14700.0,68079389700.0,confirmed,7600649,5170.0,39295355330.0,confirmed,1085600,191000.0,207349600000.0,confirmed,0,2785.0,0.0,none,0,6.25,1332.800048828125,0.0,none,13146039304405.0,13.5116
20230425,146100000,85500.0,12491550000000.0,confirmed,29246387,3000.0,87739161000.0,confirmed,4631251,14640.0,67801514640.0,confirmed,7600649,5060.0,38459283940.0,confirmed,1085600,191500.0,207892400000.0,confirmed,0,2755.0,0.0,none,0,5.840000152587891,1341.0,0.0,none,12893442359580.0,13.2444
20230426,146100000,87400.0,12769140000000.0,confirmed,29246387,3025.0,88470320675.0,confirmed,4631251,14950.0,69237202450.0,confirmed,7600649,4980.0,37851232020.0,confirmed,1085600,190700.0,207023920000.0,confirmed,0,2725.0,0.0,none,0,5.510000228881836,1337.8299560546875,0.0,none,13171722675145.0,13.5256
20230427,146100000,88800.0,12973680000000.0,confirmed,29246387,3010.0,88031624870.0,confirmed,4631251,15410.0,71367577910.0,confirmed,7600649,5070.0,38535290430.0,confirmed,1085600,189100.0,205286960000.0,confirmed,0,2730.0,0.0,none,0,5.400000095367432,1339.3900146484375,0.0,none,13376901453210.0,13.729
20230428,146100000,89500.0,13075950000000.0,confirmed,29246387,2990.0,87446697130.0,confirmed,4631251,14950.0,69237202450.0,confirmed,7600649,4970.0,37775225530.0,confirmed,1085600,192100.0,208543760000.0,confirmed,0,2740.0,0.0,none,0,5.550000190734863,1339.3900146484375,0.0,none,13478952885110.0,13.8287
20230502,146100000,90200.0,13178220000000.0,confirmed,29246387,3085.0,90225103895.0,confirmed,4631251,14370.0,66551076870.0,confirmed,7600649,5040.0,38307270960.0,confirmed,1085600,193600.0,210172160000.0,confirmed,0,2650.0,0.0,none,0,5.489999771118164,1342.300048828125,0.0,none,13583475611725.0,13.9444
20230503,146100000,89800.0,13119780000000.0,confirmed,29246387,3195.0,93442206465.0,confirmed,4631251,14350.0,66458451850.0,confirmed,7600649,5100.0,38763309900.0,confirmed,1085600,192900.0,209412240000.0,confirmed,0,2670.0,0.0,none,0,5.309999942779541,1335.22998046875,0.0,none,13527856208215.0,13.9016
20230504,146100000,88700.0,12959070000000.0,confirmed,29246387,3300.0,96513077100.0,confirmed,4631251,14200.0,65763764200.0,confirmed,7600649,5170.0,39295355330.0,confirmed,1085600,198300.0,215274480000.0,confirmed,0,2685.0,0.0,none,0,5.409999847412109,1320.1500244140625,0.0,none,13375916676630.0,13.762
20230508,146100000,88700.0,12959070000000.0,confirmed,29246387,3255.0,95196989685.0,confirmed,4631251,14400.0,66690014400.0,confirmed,7600649,5160.0,39219348840.0,confirmed,1085600,203000.0,220376800000.0,confirmed,0,2655.0,0.0,none,0,5.900000095367432,1322.4100341796875,0.0,none,13380553152925.0,13.7613
20230509,146100000,87300.0,12754530000000.0,confirmed,29246387,3300.0,96513077100.0,confirmed,4631251,14130.0,65439576630.0,confirmed,7600649,5100.0,38763309900.0,confirmed,1085600,201000.0,218205600000.0,confirmed,0,2660.0,0.0,none,0,6.150000095367432,1326.050048828125,0.0,none,13173451563630.0,13.5595
20230510,146100000,86900.0,12696090000000.0,confirmed,29246387,3285.0,96074381295.0,confirmed,4631251,14000.0,64837514000.0,confirmed,7600649,5130.0,38991329370.0,confirmed,1085600,200500.0,217662800000.0,confirmed,0,2845.0,0.0,none,0,6.380000114440918,1318.050048828125,0.0,none,13113656024665.0,13.498
20230511,146100000,86300.0,12608430000000.0,confirmed,29246387,3265.0,95489453555.0,confirmed,4631251,13930.0,64513326430.0,confirmed,7600649,5200.0,39523374800.0,confirmed,1085600,198800.0,215817280000.0,confirmed,0,2810.0,0.0,none,0,6.949999809265137,1329.8800048828125,0.0,none,13023773434785.0,13.4057
20230512,146100000,87200.0,12739920000000.0,confirmed,29246387,3230.0,94465830010.0,confirmed,4631251,13600.0,62985013600.0,confirmed,7600649,5100.0,38763309900.0,confirmed,1085600,200500.0,217662800000.0,confirmed,0,2665.0,0.0,none,0,7.019999980926514,1329.8800048828125,0.0,none,13153796953510.0,13.5317
20230515,146100000,86400.0,12623040000000.0,confirmed,29246387,3190.0,93295974530.0,confirmed,4631251,13440.0,62244013440.0,confirmed,7600649,4995.0,37965241755.0,confirmed,1085600,200000.0,217120000000.0,confirmed,0,2660.0,0.0,none,0,6.349999904632568,1335.4000244140625,0.0,none,13033665229725.0,13.4068
20230516,146100000,90400.0,13207440000000.0,confirmed,29246387,3190.0,93295974530.0,confirmed,4631251,13500.0,62521888500.0,confirmed,7600649,4925.0,37433196325.0,confirmed,1085600,198800.0,215817280000.0,confirmed,0,2665.0,0.0,none,0,7.340000152587891,1342.4300537109375,0.0,none,13616508339355.0,13.9897
20230517,146100000,91900.0,13426590000000.0,confirmed,29246387,3440.0,100607571280.0,confirmed,4631251,13560.0,62799763560.0,confirmed,7600649,5090.0,38687303410.0,confirmed,1085600,200000.0,217120000000.0,confirmed,0,2720.0,0.0,none,0,7.989999771118164,1334.1500244140625,0.0,none,13845804638250.0,14.2482
20230518,146100000,93600.0,13674960000000.0,confirmed,29246387,3365.0,98414092255.0,confirmed,4631251,13450.0,62290325950.0,confirmed,7600649,5080.0,38611296920.0,confirmed,1085600,199600.0,216685760000.0,confirmed,0,2665.0,0.0,none,0,8.960000038146973,1334.739990234375,0.0,none,14090961475125.0,14.4846
20230519,146100000,97300.0,14215530000000.0,confirmed,29246387,3490.0,102069890630.0,confirmed,4631251,13780.0,63818638780.0,confirmed,7600649,5140.0,39067335860.0,confirmed,1085600,202500.0,219834000000.0,confirmed,0,2615.0,0.0,none,0,9.09000015258789,1334.739990234375,0.0,none,14640319865270.0,15.0486
20230522,146100000,98200.0,14347020000000.0,confirmed,29246387,3520.0,102947282240.0,confirmed,4631251,13680.0,63355513680.0,confirmed,7600649,5140.0,39067335860.0,confirmed,1085600,200500.0,217662800000.0,confirmed,0,2620.0,0.0,none,0,8.880000114440918,1313.8299560546875,0.0,none,14770052931780.0,15.1818
20230523,146100000,97900.0,14303190000000.0,confirmed,29246387,3450.0,100900035150.0,confirmed,4631251,13520.0,62614513520.0,confirmed,7600649,5160.0,39219348840.0,confirmed,1085600,199300.0,216360080000.0,confirmed,0,2660.0,0.0,none,0,10.859999656677246,1319.8399658203125,0.0,none,14722283977510.0,15.1259
20230524,146100000,97700.0,14273970000000.0,confirmed,29246387,3420.0,100022643540.0,confirmed,4631251,14840.0,68727764840.0,confirmed,7600649,5170.0,39295355330.0,confirmed,1085600,186900.0,202898640000.0,confirmed,0,2625.0,0.0,none,0,10.829999923706055,1318.52001953125,0.0,none,14684914403710.0,15.085
20230525,146100000,103500.0,15121350000000.0,confirmed,29246387,3340.0,97682932580.0,confirmed,4631251,14690.0,68033077190.0,confirmed,7600649,5080.0,38611296920.0,confirmed,1085600,187500.0,203550000000.0,confirmed,0,2600.0,0.0,none,0,10.239999771118164,1330.8900146484375,0.0,none,15529227306690.0,15.92
20230526,146100000,109200.0,15954120000000.0,confirmed,29246387,3290.0,96220613230.0,confirmed,4631251,14600.0,67616264600.0,confirmed,7600649,4990.0,37927238510.0,confirmed,1085600,185200.0,201053120000.0,confirmed,0,2595.0,0.0,none,0,9.350000381469727,1330.8900146484375,0.0,none,16356937236340.0,16.7418
20230530,146100000,110300.0,16114830000000.0,confirmed,29246387,3415.0,99876411605.0,confirmed,4631251,14440.0,66875264440.0,confirmed,7600649,5050.0,38383277450.0,confirmed,1085600,189000.0,205178400000.0,confirmed,0,2570.0,0.0,none,0,10.0,1319.7900390625,0.0,none,16525143353495.0,16.9246
20230531,146100000,108600.0,15866460000000.0,confirmed,29246387,3350.0,97975396450.0,confirmed,4631251,14490.0,67106826990.0,confirmed,7600649,5000.0,38003245000.0,confirmed,1085600,189100.0,205286960000.0,confirmed,0,2540.0,0.0,none,0,10.989999771118164,1321.739990234375,0.0,none,16274832428440.0,16.6667
20230601,146100000,110300.0,16114830000000.0,confirmed,29246387,3365.0,98414092255.0,confirmed,4631251,14470.0,67014201970.0,confirmed,7600649,5100.0,38763309900.0,confirmed,1085600,189400.0,205612640000.0,confirmed,0,2515.0,0.0,none,0,10.789999961853027,1312.8499755859375,0.0,none,16524634244125.0,16.9183
20230602,146100000,110300.0,16114830000000.0,confirmed,29246387,3395.0,99291483865.0,confirmed,4631251,14770.0,68403577270.0,confirmed,7600649,5070.0,38535290430.0,confirmed,1085600,189000.0,205178400000.0,confirmed,0,2420.0,0.0,none,0,10.720000267028809,1312.8499755859375,0.0,none,16526238751565.0,16.9234
20230605,146100000,108700.0,15881070000000.0,confirmed,29246387,3390.0,99145251930.0,confirmed,4631251,14870.0,68866702370.0,confirmed,7600649,5050.0,38383277450.0,confirmed,1085600,191500.0,207892400000.0,confirmed,0,2340.0,0.0,none,0,9.220000267028809,1299.7900390625,0.0,none,16295357631750.0,16.6919
20230607,146100000,108000.0,15778800000000.0,confirmed,29246387,3445.0,100753803215.0,confirmed,4631251,14870.0,68866702370.0,confirmed,7600649,5020.0,38155257980.0,confirmed,1085600,193600.0,210172160000.0,confirmed,0,2305.0,0.0,none,0,9.8100004196167,1308.3399658203125,0.0,none,16196747923565.0,16.5998
20230608,146100000,109700.0,16027170000000.0,confirmed,29246387,3380.0,98852788060.0,confirmed,4631251,15280.0,70765515280.0,confirmed,7600649,5000.0,38003245000.0,confirmed,1085600,192500.0,208978000000.0,confirmed,0,2290.0,0.0,none,0,9.449999809265137,1296.3299560546875,0.0,none,16443769548340.0,16.8392
20230609,146100000,115400.0,16859940000000.0,confirmed,29246387,3360.0,98267860320.0,confirmed,4631251,15560.0,72062265560.0,confirmed,7600649,5010.0,38079251490.0,confirmed,1085600,199700.0,216794320000.0,confirmed,0,2320.0,0.0,none,0,10.649999618530273,1296.3299560546875,0.0,none,17285143697370.0,17.6782
20230612,146100000,114800.0,16772280000000.0,confirmed,29246387,3455.0,101046267085.0,confirmed,4631251,15070.0,69792952570.0,confirmed,7600649,5020.0,38155257980.0,confirmed,1085600,204500.0,222005200000.0,confirmed,0,2290.0,0.0,none,0,10.550000190734863,1284.5799560546875,0.0,none,17203279677635.0,17.6075
20230613,146100000,119500.0,17458950000000.0,confirmed,29246387,3430.0,100315107410.0,confirmed,4631251,14910.0,69051952410.0,confirmed,7600649,5010.0,38079251490.0,confirmed,1085600,203000.0,220376800000.0,confirmed,0,2325.0,0.0,none,0,10.539999961853027,1267.6199951171875,0.0,none,17886773111310.0,18.288
20230614,146100000,118800.0,17356680000000.0,confirmed,29246387,3390.0,99145251930.0,confirmed,4631251,14750.0,68310952250.0,confirmed,7600649,4875.0,37053163875.0,confirmed,1085600,205500.0,223090800000.0,confirmed,0,2295.0,0.0,none,0,10.630000114440918,1273.989990234375,0.0,none,17784280168055.0,18.1809
20230615,146100000,119000.0,17385900000000.0,confirmed,29246387,3380.0,98852788060.0,confirmed,4631251,14750.0,68310952250.0,confirmed,7600649,4780.0,36331102220.0,confirmed,1085600,203500.0,220919600000.0,confirmed,0,2230.0,0.0,none,0,9.9399995803833,1270.050048828125,0.0,none,17810314442530.0,18.2057
20230616,146100000,118900.0,17371290000000.0,confirmed,29246387,3285.0,96074381295.0,confirmed,4631251,14980.0,69376139980.0,confirmed,7600649,4770.0,36255095730.0,confirmed,1085600,203500.0,220919600000.0,confirmed,0,2180.0,0.0,none,0,9.9399995803833,1270.050048828125,0.0,none,17793915217005.0,18.1782
20230619,146100000,114800.0,16772280000000.0,confirmed,29246387,3300.0,96513077100.0,confirmed,4631251,15020.0,69561390020.0,confirmed,7600649,4790.0,36407108710.0,confirmed,1085600,200500.0,217662800000.0,confirmed,0,2085.0,0.0,none,0,9.699999809265137,1283.239990234375,0.0,none,17192424375830.0,17.5785
20230620,146100000,116100.0,16962210000000.0,confirmed,29246387,3280.0,95928149360.0,confirmed,4631251,14840.0,68727764840.0,confirmed,7600649,4790.0,36407108710.0,confirmed,1085600,204500.0,222005200000.0,confirmed,0,2085.0,0.0,none,0,9.699999809265137,1287.5400390625,0.0,none,17385278222910.0,17.769
20230621,146100000,115100.0,16816110000000.0,confirmed,29246387,3180.0,93003510660.0,confirmed,4631251,14300.0,66226889300.0,confirmed,7600649,4770.0,36255095730.0,confirmed,1085600,205000.0,222548000000.0,confirmed,0,2030.0,0.0,none,0,9.3100004196167,1288.3800048828125,0.0,none,17234143495690.0,17.6062
20230622,146100000,114000.0,16655400000000.0,confirmed,29246387,3220.0,94173366140.0,confirmed,4631251,14390.0,66643701890.0,confirmed,7600649,4700.0,35723050300.0,confirmed,1085600,203500.0,220919600000.0,confirmed,0,1984.0,0.0,none,0,9.220000267028809,1298.2099609375,0.0,none,17072859718330.0,17.4496
20230623,146100000,113600.0,16596960000000.0,confirmed,29246387,3190.0,93295974530.0,confirmed,4631251,14270.0,66087951770.0,confirmed,7600649,4595.0,34924982155.0,confirmed,1085600,201500.0,218748400000.0,confirmed,0,2015.0,0.0,none,0,9.430000305175781,1298.2099609375,0.0,none,17010017308455.0,17.3832
20230626,146100000,113500.0,16582350000000.0,confirmed,29246387,3145.0,91979887115.0,confirmed,4631251,14450.0,66921576950.0,confirmed,7600649,4685.0,35609040565.0,confirmed,1085600,204000.0,221462400000.0,confirmed,0,2025.0,0.0,none,0,9.369999885559082,1302.6600341796875,0.0,none,16998322904630.0,17.3662
20230627,146100000,113000.0,16509300000000.0,confirmed,29246387,3145.0,91979887115.0,confirmed,4631251,14280.0,66134264280.0,confirmed,7600649,4665.0,35457027585.0,confirmed,1085600,202500.0,219834000000.0,confirmed,0,2120.0,0.0,none,0,10.329999923706055,1296.5999755859375,0.0,none,16922705178980.0,17.2906
20230628,146100000,114300.0,16699230000000.0,confirmed,29246387,3120.0,91248727440.0,confirmed,4631251,14160.0,65578514160.0,confirmed,7600649,4600.0,34962985400.0,confirmed,1085600,199000.0,216034400000.0,confirmed,0,2435.0,0.0,none,0,10.8100004196167,1309.010009765625,0.0,none,17107054627000.0,17.472
20230629,146100000,116200.0,16976820000000.0,confirmed,29246387,3125.0,91394959375.0,confirmed,4631251,14040.0,65022764040.0,confirmed,7600649,4450.0,33822888050.0,confirmed,1085600,195000.0,211692000000.0,confirmed,0,2470.0,0.0,none,0,13.350000381469727,1323.0699462890625,0.0,none,17378752611465.0,17.7443
20230630,146100000,115200.0,16830720000000.0,confirmed,29246387,3145.0,91979887115.0,confirmed,4631251,14270.0,66087951770.0,confirmed,7600649,4480.0,34050907520.0,confirmed,1085600,194800.0,211474880000.0,confirmed,0,2380.0,0.0,none,0,13.529999732971191,1323.0699462890625,0.0,none,17234313626405.0,17.6022
20230703,146100000,117600.0,17181360000000.0,confirmed,29246387,3190.0,93295974530.0,confirmed,4631251,14460.0,66967889460.0,confirmed,7600649,4525.0,34392936725.0,confirmed,1085600,194500.0,211149200000.0,confirmed,0,2285.0,0.0,none,0,13.529999732971191,1306.0999755859375,0.0,none,17587166000715.0,17.9603
20230704,146100000,117900.0,17225190000000.0,confirmed,29246387,3125.0,91394959375.0,confirmed,4631251,14430.0,66828951930.0,confirmed,7600649,4445.0,33784884805.0,confirmed,1085600,183000.0,198664800000.0,confirmed,0,2295.0,0.0,none,0,13.5,1295.5,0.0,none,17615863596110.0,17.9814
20230705,146100000,116700.0,17049870000000.0,confirmed,29246387,3115.0,91102495505.0,confirmed,4631251,14200.0,65763764200.0,confirmed,7600649,4355.0,33100826395.0,confirmed,1085600,178300.0,193562480000.0,confirmed,0,2415.0,0.0,none,0,13.5,1302.969970703125,0.0,none,17433399566100.0,17.7978
20230706,146100000,113800.0,16626180000000.0,confirmed,29246387,3000.0,87739161000.0,confirmed,4631251,14100.0,65300639100.0,confirmed,7600649,4230.0,32150745270.0,confirmed,1085600,178500.0,193779600000.0,confirmed,0,2450.0,0.0,none,0,14.119999885559082,1309.219970703125,0.0,none,17005150145370.0,17.3561
20230707,146100000,111800.0,16333980000000.0,confirmed,29246387,2980.0,87154233260.0,confirmed,4631251,13320.0,61688263320.0,confirmed,7600649,4180.0,31770712820.0,confirmed,1085600,174500.0,189437200000.0,confirmed,0,2395.0,0.0,none,0,13.289999961853027,1309.219970703125,0.0,none,16704030409400.0,17.0526
20230710,146100000,110300.0,16114830000000.0,confirmed,29246387,3000.0,87739161000.0,confirmed,4631251,13550.0,62753451050.0,confirmed,7600649,4200.0,31922725800.0,confirmed,1085600,175200.0,190197120000.0,confirmed,0,2400.0,0.0,none,0,13.279999732971191,1299.5400390625,0.0,none,16487442457850.0,16.8384
20230711,146100000,113400.0,16567740000000.0,confirmed,29246387,3000.0,87739161000.0,confirmed,4631251,14720.0,68172014720.0,confirmed,7600649,4395.0,33404852355.0,confirmed,1085600,182500.0,198122000000.0,confirmed,0,2485.0,0.0,none,0,14.029999732971191,1291.510009765625,0.0,none,16955178028075.0,17.3061
20230712,146100000,115400.0,16859940000000.0,confirmed,29246387,3020.0,88324088740.0,confirmed,4631251,14570.0,67477327070.0,confirmed,7600649,4355.0,33100826395.0,confirmed,1085600,185300.0,201161680000.0,confirmed,0,2420.0,0.0,none,0,13.859999656677246,1274.699951171875,0.0,none,17250003922205.0,17.6033
20230713,146100000,114100.0,16670010000000.0,confirmed,29246387,3090.0,90371335830.0,confirmed,4631251,14320.0,66319514320.0,confirmed,7600649,4585.0,34848975665.0,confirmed,1085600,192200.0,208652320000.0,confirmed,0,2340.0,0.0,none,0,14.720000267028809,1266.8299560546875,0.0,none,17070202145815.0,17.4317
20230714,146100000,118000.0,17239800000000.0,confirmed,29246387,3520.0,102947282240.0,confirmed,4631251,13940.0,64559638940.0,confirmed,7600649,5240.0,39827400760.0,confirmed,1085600,194600.0,211257760000.0,confirmed,0,2250.0,0.0,none,0,14.460000038146973,1266.8299560546875,0.0,none,17658392081940.0,18.0702
20230717,146100000,117200.0,17122920000000.0,confirmed,29246387,3885.0,113622213495.0,confirmed,4631251,13420.0,62151388420.0,confirmed,7600649,5000.0,38003245000.0,confirmed,1085600,191200.0,207566720000.0,confirmed,0,2275.0,0.0,none,0,13.550000190734863,1265.449951171875,0.0,none,17544263566915.0,17.9988
20230718,146100000,117800.0,17210580000000.0,confirmed,29246387,3895.0,113914677365.0,confirmed,4631251,13220.0,61225138220.0,confirmed,7600649,4775.0,36293098975.0,confirmed,1085600,184900.0,200727440000.0,confirmed,0,2310.0,0.0,none,0,14.899999618530273,1264.93994140625,0.0,none,17622740354560.0,18.0784
20230719,146100000,117500.0,17166750000000.0,confirmed,29246387,4070.0,119032795090.0,confirmed,4631251,13350.0,61827200850.0,confirmed,7600649,4725.0,35913066525.0,confirmed,1085600,183300.0,198990480000.0,confirmed,0,2330.0,0.0,none,0,15.710000038146973,1265.0899658203125,0.0,none,17582513542465.0,18.0586
20230720,146100000,116900.0,17079090000000.0,confirmed,29246387,3830.0,112013662210.0,confirmed,4631251,13190.0,61086200690.0,confirmed,7600649,4690.0,35647043810.0,confirmed,1085600,181000.0,196493600000.0,confirmed,0,2290.0,0.0,none,0,15.520000457763672,1278.4000244140625,0.0,none,17484330506710.0,17.9324
20230721,146100000,115100.0,16816110000000.0,confirmed,29246387,3710.0,108504095770.0,confirmed,4631251,12750.0,59048450250.0,confirmed,7600649,4640.0,35267011360.0,confirmed,1085600,180300.0,195733680000.0,confirmed,0,2260.0,0.0,none,0,14.920000076293945,1278.4000244140625,0.0,none,17214663237380.0,17.6487
20230724,146100000,114000.0,16655400000000.0,confirmed,29246387,3595.0,105140761265.0,confirmed,4631251,12180.0,56408637180.0,confirmed,7600649,4400.0,33442855600.0,confirmed,1085600,177500.0,192694000000.0,confirmed,0,2245.0,0.0,none,0,14.420000076293945,1280.530029296875,0.0,none,17043086254045.0,17.4636
20230725,146100000,113400.0,16567740000000.0,confirmed,29246387,3460.0,101192499020.0,confirmed,4631251,11700.0,54185636700.0,confirmed,7600649,4305.0,32720793945.0,confirmed,1085600,171500.0,186180400000.0,confirmed,0,2195.0,0.0,none,0,14.390000343322754,1274.1199951171875,0.0,none,16942019329665.0,17.3468
20230726,146100000,113000.0,16509300000000.0,confirmed,29246387,3210.0,93880902270.0,confirmed,4631251,11820.0,54741386820.0,confirmed,7600649,4125.0,31352677125.0,confirmed,1085600,166500.0,180752400000.0,confirmed,0,2090.0,0.0,none,0,15.220000267028809,1275.1700439453125,0.0,none,16870027366215.0,17.2456
20230727,146100000,124000.0,18116400000000.0,confirmed,29246387,3160.0,92418582920.0,confirmed,4631251,12290.0,56918074790.0,confirmed,7600649,4210.0,31998732290.0,confirmed,1085600,170700.0,185311920000.0,confirmed,0,2125.0,0.0,none,0,16.190000534057617,1283.8800048828125,0.0,none,18483047310000.0,18.8527
20230728,146100000,128000.0,18700800000000.0,confirmed,29246387,3325.0,97244236775.0,confirmed,4631251,12560.0,58168512560.0,confirmed,7600649,4270.0,32454771230.0,confirmed,1085600,168800.0,183249280000.0,confirmed,0,2150.0,0.0,none,0,15.529999732971191,1283.8800048828125,0.0,none,19071916800565.0,19.4609
20230731,146100000,123400.0,18028740000000.0,confirmed,29246387,3370.0,98560324190.0,confirmed,4631251,12250.0,56732824750.0,confirmed,7600649,4400.0,33442855600.0,confirmed,1085600,171800.0,186506080000.0,confirmed,0,2155.0,0.0,none,0,17.93000030517578,1277.9300537109375,0.0,none,18403982084540.0,18.7982
20230801,146100000,125100.0,18277110000000.0,confirmed,29246387,3450.0,100900035150.0,confirmed,4631251,12750.0,59048450250.0,confirmed,7600649,4460.0,33898894540.0,confirmed,1085600,178100.0,193345360000.0,confirmed,0,2110.0,0.0,none,0,19.25,1289.050048828125,0.0,none,18664302739940.0,19.0679
20230802,146100000,119500.0,17458950000000.0,confirmed,29246387,3395.0,99291483865.0,confirmed,4631251,12400.0,57427512400.0,confirmed,7600649,4380.0,33290842620.0,confirmed,1085600,172900.0,187700240000.0,confirmed,0,2080.0,0.0,none,0,19.860000610351562,1295.3699951171875,0.0,none,17836660078885.0,18.2338
20230803,146100000,120000.0,17532000000000.0,confirmed,29246387,3400.0,99437715800.0,confirmed,4631251,12290.0,56918074790.0,confirmed,7600649,4650.0,35343017850.0,confirmed,1085600,170600.0,185203360000.0,confirmed,0,1999.0,0.0,none,0,18.329999923706055,1296.4000244140625,0.0,none,17908902168440.0,18.3067
20230804,146100000,120100.0,17546610000000.0,confirmed,29246387,3335.0,97536700645.0,confirmed,4631251,12620.0,58446387620.0,confirmed,7600649,4650.0,35343017850.0,confirmed,1085600,169400.0,183900640000.0,confirmed,0,1977.0,0.0,none,0,18.290000915527344,1296.4000244140625,0.0,none,17921836746115.0,18.312
20230807,146100000,121900.0,17809590000000.0,confirmed,29246387,3285.0,96074381295.0,confirmed,4631251,12260.0,56779137260.0,confirmed,7600649,4490.0,34126914010.0,confirmed,1085600,174500.0,189437200000.0,confirmed,0,1929.0,0.0,none,0,17.389999389648438,1307.75,0.0,none,18186007632565.0,18.5703
20230808,146100000,118600.0,17327460000000.0,confirmed,29246387,3200.0,93588438400.0,confirmed,4631251,12010.0,55621324510.0,confirmed,7600649,4325.0,32872806925.0,confirmed,1085600,171600.0,186288960000.0,confirmed,0,1800.0,0.0,none,0,15.579999923706055,1316.6700439453125,0.0,none,17695831529835.0,18.0702
20230809,146100000,118500.0,17312850000000.0,confirmed,29246387,3325.0,97244236775.0,confirmed,4631251,12040.0,55760262040.0,confirmed,7600649,4695.0,35685047055.0,confirmed,1085600,174400.0,189328640000.0,confirmed,0,1728.0,0.0,none,0,15.329999923706055,1313.6400146484375,0.0,none,17690868185870.0,18.0798
20230810,146100000,118500.0,17312850000000.0,confirmed,29246387,3330.0,97390468710.0,confirmed,4631251,12680.0,58724262680.0,confirmed,7600649,4700.0,35723050300.0,confirmed,1085600,161100.0,174890160000.0,confirmed,0,1920.0,0.0,none,0,14.489999771118164,1318.3299560546875,0.0,none,17679577941690.0,18.0691
20230811,146100000,115300.0,16845330000000.0,confirmed,29246387,3330.0,97390468710.0,confirmed,4631251,12500.0,57890637500.0,confirmed,7600649,4685.0,35609040565.0,confirmed,1085600,163100.0,177061360000.0,confirmed,0,2075.0,0.0,none,0,14.1899995803833,1318.3299560546875,0.0,none,17213281506775.0,17.6028
20230814,146100000,114900.0,16786890000000.0,confirmed,29246387,3310.0,96805540970.0,confirmed,4631251,13070.0,60530450570.0,confirmed,7600649,4590.0,34886978910.0,confirmed,1085600,161500.0,175324400000.0,confirmed,0,2025.0,0.0,none,0,15.710000038146973,1334.739990234375,0.0,none,17154437370450.0,17.5417
20230816,146100000,115800.0,16918380000000.0,confirmed,29246387,3240.0,94758293880.0,confirmed,4631251,12510.0,57936950010.0,confirmed,7600649,4400.0,33442855600.0,confirmed,1085600,158000.0,171524800000.0,confirmed,0,1963.0,0.0,none,0,15.5600004196167,1343.3299560546875,0.0,none,17276042899490.0,17.6551
20230817,146100000,114800.0,16772280000000.0,confirmed,29246387,3220.0,94173366140.0,confirmed,4631251,12690.0,58770575190.0,confirmed,7600649,4265.0,32416767985.0,confirmed,1085600,159700.0,173370320000.0,confirmed,0,1966.0,0.0,none,0,13.6899995803833,1339.0799560546875,0.0,none,17131011029315.0,17.5077
20230818,146100000,117200.0,17122920000000.0,confirmed,29246387,3170.0,92711046790.0,confirmed,4631251,12430.0,57566449930.0,confirmed,7600649,4200.0,31922725800.0,confirmed,1085600,158000.0,171524800000.0,confirmed,0,1900.0,0.0,none,0,13.010000228881836,1339.0799560546875,0.0,none,17476645022520.0,17.8475
20230821,146100000,116400.0,17006040000000.0,confirmed,29246387,3235.0,94612061945.0,confirmed,4631251,12620.0,58446387620.0,confirmed,7600649,4390.0,33366849110.0,confirmed,1085600,158300.0,171850480000.0,confirmed,0,1560.0,0.0,none,0,13.420000076293945,1339.739990234375,0.0,none,17364315778675.0,17.7428
20230822,146100000,116500.0,17020650000000.0,confirmed,29246387,3220.0,94173366140.0,confirmed,4631251,12360.0,57242262360.0,confirmed,7600649,4295.0,32644787455.0,confirmed,1085600,157500.0,170982000000.0,confirmed,0,1559.0,0.0,none,0,14.420000076293945,1339.68994140625,0.0,none,17375692415955.0,17.7524
20230823,146100000,116000.0,16947600000000.0,confirmed,29246387,3215.0,94027134205.0,confirmed,4631251,11980.0,55482386980.0,confirmed,7600649,4230.0,32150745270.0,confirmed,1085600,156700.0,170113520000.0,confirmed,0,1589.0,0.0,none,0,14.920000076293945,1327.780029296875,0.0,none,17299373786455.0,17.6755
20230824,146100000,120900.0,17663490000000.0,confirmed,29246387,3230.0,94465830010.0,confirmed,4631251,11710.0,54231949210.0,confirmed,7600649,4285.0,32568780965.0,confirmed,1085600,155700.0,169027920000.0,confirmed,0,1477.0,0.0,none,0,16.100000381469727,1326.6199951171875,0.0,none,18013784480185.0,18.3916
20230825,146100000,116500.0,17020650000000.0,confirmed,29246387,3235.0,94612061945.0,confirmed,4631251,11330.0,52472073830.0,confirmed,7600649,4280.0,32530777720.0,confirmed,1085600,155100.0,168376560000.0,confirmed,0,1467.0,0.0,none,0,14.619999885559082,1326.6199951171875,0.0,none,17368641473495.0,17.7471
20230828,146100000,115900.0,16932990000000.0,confirmed,29246387,3295.0,96366845165.0,confirmed,4631251,11410.0,52842573910.0,confirmed,7600649,4300.0,32682790700.0,confirmed,1085600,155400.0,168702240000.0,confirmed,0,1473.0,0.0,none,0,14.670000076293945,1322.8199462890625,0.0,none,17283584449775.0,17.6691
20230829,146100000,118600.0,17327460000000.0,confirmed,29246387,3290.0,96220613230.0,confirmed,4631251,11620.0,53815136620.0,confirmed,7600649,4385.0,33328845865.0,confirmed,1085600,156100.0,169462160000.0,confirmed,0,1555.0,0.0,none,0,15.270000457763672,1321.0699462890625,0.0,none,17680286755715.0,18.0652
20230830,146100000,119400.0,17444340000000.0,confirmed,29246387,3430.0,100315107410.0,confirmed,4631251,11630.0,53861449130.0,confirmed,7600649,4370.0,33214836130.0,confirmed,1085600,156800.0,170222080000.0,confirmed,0,1558.0,0.0,none,0,16.5,1323.030029296875,0.0,none,17801953472670.0,18.2032
20230831,146100000,121800.0,17794980000000.0,confirmed,29246387,3360.0,98267860320.0,confirmed,4631251,11490.0,53213073990.0,confirmed,7600649,4405.0,33480858845.0,confirmed,1085600,155000.0,168268000000.0,confirmed,0,1557.0,0.0,none,0,17.1200008392334,1324.6400146484375,0.0,none,18148209793155.0,18.5413
20230901,146100000,120000.0,17532000000000.0,confirmed,29246387,3410.0,99730179670.0,confirmed,4631251,11620.0,53815136620.0,confirmed,7600649,4320.0,32834803680.0,confirmed,1085600,155500.0,168810800000.0,confirmed,0,1570.0,0.0,none,0,17.190000534057617,1324.6400146484375,0.0,none,17887190919970.0,18.2861
20230904,146100000,119200.0,17415120000000.0,confirmed,29246387,3365.0,98414092255.0,confirmed,4631251,11440.0,52981511440.0,confirmed,7600649,4270.0,32454771230.0,confirmed,1085600,156700.0,170113520000.0,confirmed,0,1570.0,0.0,none,0,17.510000228881836,1317.949951171875,0.0,none,17769083894925.0,18.1627
20230905,146100000,119400.0,17444340000000.0,confirmed,29246387,3315.0,96951772905.0,confirmed,4631251,11410.0,52842573910.0,confirmed,7600649,4600.0,34962985400.0,confirmed,1085600,155300.0,168593680000.0,confirmed,0,1565.0,0.0,none,0,17.510000228881836,1331.72998046875,0.0,none,17797691012215.0,18.1855
20230906,146100000,118200.0,17269020000000.0,confirmed,29246387,3250.0,95050757750.0,confirmed,4631251,11290.0,52286823790.0,confirmed,7600649,4605.0,35000988645.0,confirmed,1085600,154100.0,167290960000.0,confirmed,0,1544.0,0.0,none,0,18.969999313354492,1333.4599609375,0.0,none,17618649530185.0,17.9989
20230907,146100000,118500.0,17312850000000.0,confirmed,29246387,3170.0,92711046790.0,confirmed,4631251,10700.0,49554385700.0,confirmed,7600649,4525.0,34392936725.0,confirmed,1085600,152800.0,165879680000.0,confirmed,0,1518.0,0.0,none,0,19.579999923706055,1334.02001953125,0.0,none,17655388049215.0,18.0262
20230908,146100000,113700.0,16611570000000.0,confirmed,29246387,3185.0,93149742595.0,confirmed,4631251,11050.0,51175323550.0,confirmed,0,4670.0,0.0,confirmed,1085600,153600.0,166748160000.0,confirmed,0,1494.0,0.0,none,0,17.489999771118164,1334.02001953125,0.0,none,16922643226145.0,17.2952
20230911,146100000,115900.0,16932990000000.0,confirmed,29246387,3225.0,94319598075.0,confirmed,4631251,11130.0,51545823630.0,confirmed,0,4645.0,0.0,confirmed,1085600,153000.0,166096800000.0,confirmed,0,1495.0,0.0,none,0,19.34000015258789,1320.43994140625,0.0,none,17244952221705.0,17.6222
20230912,146100000,116700.0,17049870000000.0,confirmed,29246387,3200.0,93588438400.0,confirmed,4631251,11000.0,50943761000.0,confirmed,0,4625.0,0.0,confirmed,1085600,152900.0,165988240000.0,confirmed,0,1493.0,0.0,none,0,19.68000030517578,1324.0999755859375,0.0,none,17360390439400.0,17.7347
20230913,146100000,118500.0,17312850000000.0,confirmed,29246387,3140.0,91833655180.0,confirmed,4631251,11040.0,51129011040.0,confirmed,0,4490.0,0.0,confirmed,1085600,152000.0,165011200000.0,confirmed,0,1440.0,0.0,none,0,19.309999465942383,1329.77001953125,0.0,none,17620823866220.0,17.9882
20230914,146100000,122200.0,17853420000000.0,confirmed,29246387,3190.0,93295974530.0,confirmed,4631251,11280.0,52240511280.0,confirmed,0,4595.0,0.0,confirmed,1085600,155300.0,168593680000.0,confirmed,0,1422.0,0.0,none,0,18.690000534057617,1327.06005859375,0.0,none,18167550165810.0,18.5407
20230915,146100000,122400.0,17882640000000.0,confirmed,29246387,3900.0,114060909300.0,confirmed,4631251,11480.0,53166761480.0,confirmed,0,4625.0,0.0,confirmed,1085600,157000.0,170439200000.0,confirmed,0,1421.0,0.0,none,0,18.030000686645508,1327.06005859375,0.0,none,18220306870780.0,18.6766
20230918,146100000,119000.0,17385900000000.0,confirmed,29246387,3715.0,108650327705.0,confirmed,4631251,11470.0,53120448970.0,confirmed,0,4665.0,0.0,confirmed,1085600,153700.0,166856720000.0,confirmed,0,1389.0,0.0,none,0,17.079999923706055,1329.6600341796875,0.0,none,17714527496675.0,18.1491
20230919,146100000,119200.0,17415120000000.0,confirmed,29246387,3740.0,109381487380.0,confirmed,4631251,11470.0,53120448970.0,confirmed,0,4520.0,0.0,confirmed,1085600,152300.0,165336880000.0,confirmed,0,1280.0,0.0,none,0,16.15999984741211,1328.530029296875,0.0,none,17742958816350.0,18.1805
20230920,146100000,118000.0,17239800000000.0,confirmed,29246387,3430.0,100315107410.0,confirmed,4631251,11420.0,52888886420.0,confirmed,0,4470.0,0.0,confirmed,1085600,152000.0,165011200000.0,confirmed,0,1321.0,0.0,none,0,15.779999732971191,1332.3399658203125,0.0,none,17558015193830.0,17.9593
20230921,146100000,116500.0,17020650000000.0,confirmed,29246387,3245.0,94904525815.0,confirmed,4631251,11150.0,51638448650.0,confirmed,0,4285.0,0.0,confirmed,1085600,148600.0,161320160000.0,confirmed,0,1297.0,0.0,none,0,14.800000190734863,1341.1700439453125,0.0,none,17328513134465.0,17.7081
20230922,146100000,117300.0,17137530000000.0,confirmed,29246387,3250.0,95050757750.0,confirmed,4631251,11120.0,51499511120.0,confirmed,0,4270.0,0.0,confirmed,1085600,148600.0,161320160000.0,confirmed,0,1273.0,0.0,none,0,13.529999732971191,1341.1700439453125,0.0,none,17445400428870.0,17.8256
20230925,146100000,117000.0,17093700000000.0,confirmed,29246387,3220.0,94173366140.0,confirmed,4631251,11170.0,51731073670.0,confirmed,0,4210.0,0.0,confirmed,1085600,148900.0,161645840000.0,confirmed,0,1241.0,0.0,none,0,13.279999732971191,1338.449951171875,0.0,none,17401250279810.0,17.7779
20230926,146100000,115000.0,16801500000000.0,confirmed,29246387,3075.0,89932640025.0,confirmed,4631251,11210.0,51916323710.0,confirmed,0,4065.0,0.0,confirmed,1085600,148700.0,161428720000.0,confirmed,0,1226.0,0.0,none,0,13.40999984741211,1353.75,0.0,none,17104777683735.0,17.4645
20230927,146100000,114700.0,16757670000000.0,confirmed,29246387,3045.0,89055248415.0,confirmed,4631251,11250.0,52101573750.0,confirmed,0,4100.0,0.0,confirmed,1085600,150600.0,163491360000.0,confirmed,0,1229.0,0.0,none,0,13.100000381469727,1352.8199462890625,0.0,none,17062318182165.0,17.4185
20231004,146100000,115400.0,16859940000000.0,confirmed,29246387,2880.0,84229594560.0,confirmed,4631251,11000.0,50943761000.0,confirmed,0,3770.0,0.0,confirmed,1085600,146500.0,159040400000.0,confirmed,0,1177.0,0.0,none,0,13.920000076293945,1351.1600341796875,0.0,none,17154153755560.0,17.4911
20231005,146100000,120200.0,17561220000000.0,confirmed,29246387,2840.0,83059739080.0,confirmed,4631251,10700.0,49554385700.0,confirmed,0,3655.0,0.0,confirmed,1085600,148000.0,160668800000.0,confirmed,0,1206.0,0.0,none,0,14.770000457763672,1346.06005859375,0.0,none,17854502924780.0,18.1867
20231006,146100000,120400.0,17590440000000.0,confirmed,29246387,2930.0,85691913910.0,confirmed,4631251,10930.0,50619573430.0,confirmed,0,3745.0,0.0,confirmed,1085600,149400.0,162188640000.0,confirmed,0,1220.0,0.0,none,0,14.6899995803833,1346.06005859375,0.0,none,17888940127340.0,18.2317
20231010,146100000,119500.0,17458950000000.0,confirmed,29246387,2860.0,83644666820.0,confirmed,4631251,10790.0,49971198290.0,confirmed,0,3570.0,0.0,confirmed,1085600,151200.0,164142720000.0,confirmed,0,1090.0,0.0,none,0,14.640000343322754,1341.8900146484375,0.0,none,17756708585110.0,18.0913
20231011,146100000,119200.0,17415120000000.0,confirmed,29246387,2945.0,86130609715.0,confirmed,4631251,10920.0,50573260920.0,confirmed,0,3685.0,0.0,confirmed,1085600,153200.0,166313920000.0,confirmed,0,1230.0,0.0,none,0,16.0,1338.260009765625,0.0,none,17718137790635.0,18.0627
20231012,146100000,124200.0,18145620000000.0,confirmed,29246387,3065.0,89640176155.0,confirmed,4631251,10950.0,50712198450.0,confirmed,0,3775.0,0.0,confirmed,1085600,154000.0,167182400000.0,confirmed,0,1206.0,0.0,none,0,15.6899995803833,1348.3399658203125,0.0,none,18453154774605.0,18.8117
20231013,146100000,124700.0,18218670000000.0,confirmed,29246387,3035.0,88762784545.0,confirmed,4631251,10840.0,50202760840.0,confirmed,0,3750.0,0.0,confirmed,1085600,154900.0,168159440000.0,confirmed,0,1192.0,0.0,none,0,15.210000038146973,1348.3399658203125,0.0,none,18525794985385.0,18.8808
20231016,146100000,124100.0,18131010000000.0,confirmed,29246387,3020.0,88324088740.0,confirmed,4631251,10510.0,48674448010.0,confirmed,0,3655.0,0.0,confirmed,1085600,154100.0,167290960000.0,confirmed,0,1136.0,0.0,none,0,14.289999961853027,1347.760009765625,0.0,none,18435299496750.0,18.7886
20231017,146100000,130000.0,18993000000000.0,confirmed,29246387,3045.0,89055248415.0,confirmed,4631251,10530.0,48767073030.0,confirmed,0,3670.0,0.0,confirmed,1085600,154700.0,167942320000.0,confirmed,0,1225.0,0.0,none,0,14.40999984741211,1352.989990234375,0.0,none,19298764641445.0,19.655
20231018,146100000,130000.0,18993000000000.0,confirmed,29246387,2985.0,87300465195.0,confirmed,4631251,10530.0,48767073030.0,confirmed,0,3585.0,0.0,confirmed,1085600,154200.0,167399520000.0,confirmed,0,1266.0,0.0,none,0,14.380000114440918,1354.56005859375,0.0,none,19296467058225.0,19.6457
20231019,146100000,125700.0,18364770000000.0,confirmed,29246387,2890.0,84522058430.0,confirmed,4631251,10080.0,46683010080.0,confirmed,0,3480.0,0.0,confirmed,1085600,153000.0,166096800000.0,confirmed,0,1249.0,0.0,none,0,13.6899995803833,1356.22998046875,0.0,none,18662071868510.0,19.0002
20231020,146100000,126200.0,18437820000000.0,confirmed,29246387,2790.0,81597419730.0,confirmed,4631251,9870.0,45710447370.0,confirmed,0,3365.0,0.0,confirmed,1085600,159400.0,173044640000.0,confirmed,0,1240.0,0.0,none,0,13.470000267028809,1356.22998046875,0.0,none,18738172507100.0,19.0646
20231023,146100000,124000.0,18116400000000.0,confirmed,29246387,2735.0,79988868445.0,confirmed,4631251,9870.0,45710447370.0,confirmed,0,3360.0,0.0,confirmed,1085600,155500.0,168810800000.0,confirmed,0,1235.0,0.0,none,0,12.59000015258789,1334.43994140625,0.0,none,18410910115815.0,18.7309
20231024,146100000,126800.0,18525480000000.0,confirmed,29246387,2850.0,83352202950.0,confirmed,4631251,10250.0,47470322750.0,confirmed,0,3485.0,0.0,confirmed,1085600,163600.0,177604160000.0,confirmed,0,1261.0,0.0,none,0,12.640000343322754,1343.6400146484375,0.0,none,18833906685700.0,19.1673
20231025,146100000,127500.0,18627750000000.0,confirmed,29246387,2810.0,82182347470.0,confirmed,4631251,10390.0,48118697890.0,confirmed,0,3500.0,0.0,confirmed,1085600,164800.0,178906880000.0,confirmed,0,1234.0,0.0,none,0,11.010000228881836,1352.6800537109375,0.0,none,18936957925360.0,19.2657
20231026,146100000,120000.0,17532000000000.0,confirmed,29246387,2715.0,79403940705.0,confirmed,4631251,10130.0,46914572630.0,confirmed,0,3345.0,0.0,confirmed,1085600,163100.0,177061360000.0,confirmed,0,1225.0,0.0,none,0,10.399999618530273,1350.3399658203125,0.0,none,17835379873335.0,18.153
20231027,146100000,119100.0,17400510000000.0,confirmed,29246387,2695.0,78819012965.0,confirmed,4631251,9970.0,46173572470.0,confirmed,0,3305.0,0.0,confirmed,1085600,165200.0,179341120000.0,confirmed,0,1228.0,0.0,none,0,9.920000076293945,1350.3399658203125,0.0,none,17704843705435.0,18.0201
20231030,146100000,119100.0,17400510000000.0,confirmed,29246387,2710.0,79257708770.0,confirmed,4631251,10030.0,46451447530.0,confirmed,0,3370.0,0.0,confirmed,1085600,162000.0,175867200000.0,confirmed,0,1271.0,0.0,none,0,10.140000343322754,1355.219970703125,0.0,none,17702086356300.0,18.0191
20231031,146100000,116300.0,16991430000000.0,confirmed,29246387,2670.0,78087853290.0,confirmed,4631251,9810.0,45432572310.0,confirmed,0,3225.0,0.0,confirmed,1085600,163800.0,177821280000.0,confirmed,0,1337.0,0.0,none,0,9.5,1348.0699462890625,0.0,none,17292771705600.0,17.6051
20231101,146100000,120300.0,17575830000000.0,confirmed,29246387,2700.0,78965244900.0,confirmed,4631251,9830.0,45525197330.0,confirmed,0,3290.0,0.0,confirmed,1085600,166000.0,180209600000.0,confirmed,0,1351.0,0.0,none,0,9.640000343322754,1350.1600341796875,0.0,none,17880530042230.0,18.1964
20231102,146100000,125300.0,18306330000000.0,confirmed,29246387,2770.0,81012491990.0,confirmed,4631251,10010.0,46358822510.0,confirmed,0,3400.0,0.0,confirmed,1085600,168900.0,183357840000.0,confirmed,0,1341.0,0.0,none,0,10.220000267028809,1347.8399658203125,0.0,none,18617059154500.0,18.9411
20231103,146100000,125800.0,18379380000000.0,confirmed,29246387,2845.0,83205971015.0,confirmed,4631251,10340.0,47887135340.0,confirmed,0,3470.0,0.0,confirmed,1085600,169900.0,184443440000.0,confirmed,0,1449.0,0.0,none,0,11.140000343322754,1333.6800537109375,0.0,none,18694916546355.0,19.0277
20231106,146100000,133000.0,19431300000000.0,confirmed,29246387,2900.0,84814522300.0,confirmed,4631251,10450.0,48396572950.0,confirmed,0,3575.0,0.0,confirmed,1085600,173400.0,188243040000.0,confirmed,0,1424.0,0.0,none,0,11.579999923706055,1307.8399658203125,0.0,none,19752754135250.0,20.092
20231107,146100000,130400.0,19051440000000.0,confirmed,29246387,2895.0,84668290365.0,confirmed,4631251,10400.0,48165010400.0,confirmed,0,3540.0,0.0,confirmed,1085600,172500.0,187266000000.0,confirmed,0,1462.0,0.0,none,0,11.210000038146973,1297.1099853515625,0.0,none,19371539300765.0,19.7102
20231108,146100000,127600.0,18642360000000.0,confirmed,29246387,2895.0,84668290365.0,confirmed,4631251,10300.0,47701885300.0,confirmed,0,3580.0,0.0,confirmed,1085600,190800.0,207132480000.0,confirmed,0,1584.0,0.0,none,0,11.470000267028809,1304.550048828125,0.0,none,18981862655665.0,19.3205
20231109,146100000,128000.0,18700800000000.0,confirmed,29246387,3150.0,92126119050.0,confirmed,4631251,10410.0,48211322910.0,confirmed,0,3515.0,0.0,confirmed,1085600,190800.0,207132480000.0,confirmed,0,1602.0,0.0,none,0,11.40999984741211,1308.1199951171875,0.0,none,19048269921960.0,19.4168
20231110,146100000,130500.0,19066050000000.0,confirmed,29246387,2915.0,85253218105.0,confirmed,4631251,10420.0,48257635420.0,confirmed,0,3510.0,0.0,confirmed,1085600,192900.0,209412240000.0,confirmed,0,1593.0,0.0,none,0,11.229999542236328,1315.199951171875,0.0,none,19408973093525.0,19.75
20231113,146100000,131800.0,19255980000000.0,confirmed,29246387,2895.0,84668290365.0,confirmed,4631251,10350.0,47933447850.0,confirmed,0,3410.0,0.0,confirmed,1085600,193900.0,210497840000.0,confirmed,0,1549.0,0.0,none,0,10.65999984741211,1319.6199951171875,0.0,none,19599079578215.0,19.9378
20231114,146100000,130000.0,18993000000000.0,confirmed,29246387,2910.0,85106986170.0,confirmed,4631251,10490.0,48581822990.0,confirmed,0,3505.0,0.0,confirmed,1085600,193000.0,209520800000.0,confirmed,0,1529.0,0.0,none,0,11.550000190734863,1319.0699462890625,0.0,none,19336209609160.0,19.6766
20231115,146100000,134100.0,19592010000000.0,confirmed,29246387,2980.0,87154233260.0,confirmed,4631251,10600.0,49091260600.0,confirmed,0,3575.0,0.0,confirmed,1085600,204000.0,221462400000.0,confirmed,0,1580.0,0.0,none,0,12.6899995803833,1304.239990234375,0.0,none,19949717893860.0,20.2983
20231116,146100000,132300.0,19329030000000.0,confirmed,29246387,3115.0,91102495505.0,confirmed,4631251,10720.0,49647010720.0,confirmed,0,3620.0,0.0,confirmed,1085600,203500.0,220919600000.0,confirmed,0,1570.0,0.0,none,0,12.989999771118164,1301.8599853515625,0.0,none,19690699106225.0,20.0551
20231117,146100000,129900.0,18978390000000.0,confirmed,29246387,2990.0,87446697130.0,confirmed,4631251,10600.0,49091260600.0,confirmed,0,3625.0,0.0,confirmed,1085600,193100.0,209629360000.0,confirmed,0,1576.0,0.0,none,0,12.199999809265137,1292.449951171875,0.0,none,19324557317730.0,19.6743
20231120,146100000,131400.0,19197540000000.0,confirmed,29246387,3060.0,89493944220.0,confirmed,4631251,10560.0,48906010560.0,confirmed,0,3620.0,0.0,confirmed,1085600,203000.0,220376800000.0,confirmed,0,1640.0,0.0,none,0,12.699999809265137,1294.5,0.0,none,19556316754780.0,19.9143
20231121,146100000,132000.0,19285200000000.0,confirmed,29246387,3110.0,90956263570.0,confirmed,4631251,10550.0,48859698050.0,confirmed,0,3680.0,0.0,confirmed,1085600,209000.0,226890400000.0,confirmed,0,1695.0,0.0,none,0,12.850000381469727,1288.1500244140625,0.0,none,19651906361620.0,20.0157
20231122,146100000,131300.0,19182930000000.0,confirmed,29246387,3090.0,90371335830.0,confirmed,4631251,10560.0,48906010560.0,confirmed,0,3640.0,0.0,confirmed,1085600,208000.0,225804800000.0,confirmed,0,1775.0,0.0,none,0,12.289999961853027,1295.18994140625,0.0,none,19548012146390.0,19.9095
20231123,146100000,130100.0,19007610000000.0,confirmed,29246387,3160.0,92418582920.0,confirmed,4631251,10510.0,48674448010.0,confirmed,0,3610.0,0.0,confirmed,1085600,210000.0,227976000000.0,confirmed,0,1783.0,0.0,none,0,12.420000076293945,1298.7900390625,0.0,none,19376679030930.0,19.7464
20231124,146100000,128000.0,18700800000000.0,confirmed,29246387,3090.0,90371335830.0,confirmed,4631251,10500.0,48628135500.0,confirmed,0,3615.0,0.0,confirmed,1085600,205500.0,223090800000.0,confirmed,0,1839.0,0.0,none,0,12.420000076293945,1300.1800537109375,0.0,none,19062890271330.0,19.4244
20231127,146100000,130700.0,19095270000000.0,confirmed,29246387,2995.0,87592929065.0,confirmed,4631251,10460.0,48442885460.0,confirmed,0,3540.0,0.0,confirmed,1085600,217000.0,235575200000.0,confirmed,0,1849.0,0.0,none,0,12.359999656677246,1289.7900390625,0.0,none,19466881014525.0,19.8173
20231128,146100000,131400.0,19197540000000.0,confirmed,29246387,2960.0,86569305520.0,confirmed,4631251,10290.0,47655572790.0,confirmed,0,3510.0,0.0,confirmed,1085600,216000.0,234489600000.0,confirmed,0,1993.0,0.0,none,0,12.100000381469727,1302.530029296875,0.0,none,19566254478310.0,19.9125
20231129,146100000,130400.0,19051440000000.0,confirmed,29246387,2930.0,85691913910.0,confirmed,4631251,10230.0,47377697730.0,confirmed,0,3500.0,0.0,confirmed,1085600,216000.0,234489600000.0,confirmed,0,1981.0,0.0,none,0,12.210000038146973,1287.530029296875,0.0,none,19418999211640.0,19.7618
20231130,146100000,133900.0,19562790000000.0,confirmed,29246387,2905.0,84960754235.0,confirmed,4631251,10350.0,47933447850.0,confirmed,0,3500.0,0.0,confirmed,1085600,213000.0,231232800000.0,confirmed,0,1859.0,0.0,none,0,12.479999542236328,1288.3599853515625,0.0,none,19926917002085.0,20.2668
20231201,146100000,132600.0,19372860000000.0,confirmed,29246387,2905.0,84960754235.0,confirmed,4631251,10560.0,48906010560.0,confirmed,0,3550.0,0.0,confirmed,1085600,217500.0,236118000000.0,confirmed,0,1806.0,0.0,none,0,12.229999542236328,1296.6600341796875,0.0,none,19742844764795.0,20.0827
20231204,146100000,131100.0,19153710000000.0,confirmed,29246387,2895.0,84668290365.0,confirmed,4631251,10620.0,49183885620.0,confirmed,0,3720.0,0.0,confirmed,1085600,218000.0,236660800000.0,confirmed,0,1872.0,0.0,none,0,13.609999656677246,1299.18994140625,0.0,none,19524222975985.0,19.8629
20231205,146100000,125900.0,18393990000000.0,confirmed,29246387,2880.0,84229594560.0,confirmed,4631251,10410.0,48211322910.0,confirmed,0,3820.0,0.0,confirmed,1085600,213000.0,231232800000.0,confirmed,0,1872.0,0.0,none,0,13.760000228881836,1307.800048828125,0.0,none,18757663717470.0,19.0946
20231206,146100000,125600.0,18350160000000.0,confirmed,29246387,2980.0,87154233260.0,confirmed,4631251,10670.0,49415448170.0,confirmed,0,3710.0,0.0,confirmed,1085600,212000.0,230147200000.0,confirmed,0,1875.0,0.0,none,0,13.010000228881836,1313.3699951171875,0.0,none,18716876881430.0,19.0655
20231207,146100000,125600.0,18350160000000.0,confirmed,29246387,2875.0,84083362625.0,confirmed,4631251,10490.0,48581822990.0,confirmed,0,3720.0,0.0,confirmed,1085600,212500.0,230690000000.0,confirmed,0,1830.0,0.0,none,0,12.970000267028809,1313.719970703125,0.0,none,18713515185615.0,19.0498
20231208,146100000,127500.0,18627750000000.0,confirmed,29246387,2930.0,85691913910.0,confirmed,4631251,10660.0,49369135660.0,confirmed,0,3740.0,0.0,confirmed,1085600,207000.0,224719200000.0,confirmed,0,1732.0,0.0,none,0,13.199999809265137,1312.760009765625,0.0,none,18987530249570.0,19.3303
20231211,146100000,128900.0,18832290000000.0,confirmed,29246387,2965.0,86715537455.0,confirmed,4631251,10900.0,50480635900.0,confirmed,0,3690.0,0.0,confirmed,1085600,213000.0,231232800000.0,confirmed,0,1632.0,0.0,none,0,13.6899995803833,1316.510009765625,0.0,none,19200718973355.0,19.5476
20231212,146100000,131000.0,19139100000000.0,confirmed,29246387,2940.0,85984377780.0,confirmed,4631251,10800.0,50017510800.0,confirmed,0,3700.0,0.0,confirmed,1085600,208000.0,225804800000.0,confirmed,0,1700.0,0.0,none,0,13.050000190734863,1313.6199951171875,0.0,none,19500906688580.0,19.8448
20231213,146100000,131200.0,19168320000000.0,confirmed,29246387,2915.0,85253218105.0,confirmed,4631251,10720.0,49647010720.0,confirmed,0,3705.0,0.0,confirmed,1085600,211500.0,229604400000.0,confirmed,0,1726.0,0.0,none,0,12.760000228881836,1310.1400146484375,0.0,none,19532824628825.0,19.8738
20231214,146100000,136700.0,19971870000000.0,confirmed,29246387,2955.0,86423073585.0,confirmed,4631251,10730.0,49693323230.0,confirmed,0,3820.0,0.0,confirmed,1085600,210000.0,227976000000.0,confirmed,0,1724.0,0.0,none,0,13.430000305175781,1292.010009765625,0.0,none,20335962396815.0,20.6817
20231215,146100000,140000.0,20454000000000.0,confirmed,29246387,2950.0,86276841650.0,confirmed,4631251,10890.0,50434323390.0,confirmed,0,3735.0,0.0,confirmed,1085600,208500.0,226347600000.0,confirmed,0,1681.0,0.0,none,0,14.760000228881836,1291.9200439453125,0.0,none,20817058765040.0,21.1622
20231218,146100000,140000.0,20454000000000.0,confirmed,29246387,2950.0,86276841650.0,confirmed,4631251,10840.0,50202760840.0,confirmed,0,3750.0,0.0,confirmed,1085600,208500.0,226347600000.0,confirmed,0,1658.0,0.0,none,0,14.930000305175781,1276.469970703125,0.0,none,20816827202490.0,21.1619
20231219,146100000,138200.0,20191020000000.0,confirmed,29246387,2960.0,86569305520.0,confirmed,4631251,10850.0,50249073350.0,confirmed,0,3765.0,0.0,confirmed,1085600,209000.0,226890400000.0,confirmed,0,1689.0,0.0,none,0,14.569999694824219,1302.9300537109375,0.0,none,20554728778870.0,20.901
20231220,146100000,140500.0,20527050000000.0,confirmed,29246387,2960.0,86569305520.0,confirmed,4631251,10790.0,49971198290.0,confirmed,0,3790.0,0.0,confirmed,1085600,209000.0,226890400000.0,confirmed,0,1674.0,0.0,none,0,14.319999694824219,1297.760009765625,0.0,none,20890480903810.0,21.2368
20231221,146100000,140500.0,20527050000000.0,confirmed,29246387,2935.0,85838145845.0,confirmed,4631251,10930.0,50619573430.0,confirmed,0,3690.0,0.0,confirmed,1085600,207000.0,224719200000.0,confirmed,0,1688.0,0.0,none,0,13.390000343322754,1296.97998046875,0.0,none,20888226919275.0,21.2316
20231222,146100000,140600.0,20541660000000.0,confirmed,29246387,2895.0,84668290365.0,confirmed,4631251,10700.0,49554385700.0,confirmed,0,3700.0,0.0,confirmed,1085600,178500.0,193779600000.0,confirmed,0,1655.0,0.0,none,0,13.789999961853027,1291.7099609375,0.0,none,20869662276065.0,21.2083
20231226,146100000,140900.0,20585490000000.0,confirmed,29246387,2860.0,83644666820.0,confirmed,4631251,10870.0,50341698370.0,confirmed,0,3655.0,0.0,confirmed,1085600,181200.0,196710720000.0,confirmed,0,1644.0,0.0,none,0,13.640000343322754,1294.5799560546875,0.0,none,20916187085190.0,21.2508
20231227,146100000,140400.0,20512440000000.0,confirmed,29246387,2930.0,85691913910.0,confirmed,4631251,10610.0,49137573110.0,confirmed,0,3670.0,0.0,confirmed,1085600,189400.0,205612640000.0,confirmed,0,1651.0,0.0,none,0,13.520000457763672,1293.9200439453125,0.0,none,20852882127020.0,21.1956
20231228,146100000,141500.0,20673150000000.0,confirmed,29246387,2935.0,85838145845.0,confirmed,4631251,10700.0,49554385700.0,confirmed,0,3720.0,0.0,confirmed,1085600,193600.0,210172160000.0,confirmed,0,1664.0,0.0,none,0,13.210000038146973,1294.760009765625,0.0,none,21018714691545.0,21.3621
20240102,146100000,142400.0,20804640000000.0,confirmed,29246387,2935.0,85838145845.0,confirmed,4631251,10670.0,49415448170.0,confirmed,0,3795.0,0.0,confirmed,1085600,195800.0,212560480000.0,confirmed,0,1668.0,0.0,none,0,12.390000343322754,1293.5400390625,0.0,none,21152454074015.0,21.4958
20240103,146100000,136800.0,19986480000000.0,confirmed,29246387,2900.0,84814522300.0,confirmed,4631251,10610.0,49137573110.0,confirmed,0,3840.0,0.0,confirmed,1085600,194800.0,211474880000.0,confirmed,0,1639.0,0.0,none,0,12.15999984741211,1307.6199951171875,0.0,none,20331906975410.0,20.6712
20240104,146100000,136400.0,19928040000000.0,confirmed,29246387,2875.0,84083362625.0,confirmed,4631251,10410.0,48211322910.0,confirmed,0,3745.0,0.0,confirmed,1085600,200500.0,217662800000.0,confirmed,0,1632.0,0.0,none,0,11.930000305175781,1309.530029296875,0.0,none,20277997485535.0,20.6143
20240105,146100000,137500.0,20088750000000.0,confirmed,29246387,2925.0,85545681975.0,confirmed,4631251,10400.0,48165010400.0,confirmed,0,3705.0,0.0,confirmed,1085600,201500.0,218748400000.0,confirmed,0,1631.0,0.0,none,0,12.279999732971191,1311.25,0.0,none,20441209092375.0,20.7834
20240108,146100000,136000.0,19869600000000.0,confirmed,29246387,2960.0,86569305520.0,confirmed,4631251,10680.0,49461760680.0,confirmed,0,3690.0,0.0,confirmed,1085600,201000.0,218205600000.0,confirmed,0,1607.0,0.0,none,0,12.0,1313.1300048828125,0.0,none,20223836666200.0,20.5701
20240109,146100000,137400.0,20074140000000.0,confirmed,29246387,3065.0,89640176155.0,confirmed,4631251,11660.0,54000386660.0,confirmed,0,3770.0,0.0,confirmed,1085600,206500.0,224176400000.0,confirmed,0,1600.0,0.0,none,0,12.640000343322754,1311.800048828125,0.0,none,20441956962815.0,20.8005
20240110,146100000,133500.0,19504350000000.0,confirmed,29246387,2980.0,87154233260.0,confirmed,4631251,11480.0,53166761480.0,confirmed,0,3745.0,0.0,confirmed,1085600,203000.0,220376800000.0,confirmed,0,1622.0,0.0,none,0,12.449999809265137,1319.7900390625,0.0,none,19865047794740.0,20.2137
20240111,146100000,136000.0,19869600000000.0,confirmed,29246387,3105.0,90810031635.0,confirmed,4631251,12010.0,55621324510.0,confirmed,0,3745.0,0.0,confirmed,1085600,201000.0,218205600000.0,confirmed,0,1639.0,0.0,none,0,12.09000015258789,1317.5,0.0,none,20234236956145.0,20.5975
20240112,146100000,134100.0,19592010000000.0,confirmed,29246387,3025.0,88470320675.0,confirmed,4631251,11810.0,54695074310.0,confirmed,0,3710.0,0.0,confirmed,1085600,201500.0,218748400000.0,confirmed,0,1643.0,0.0,none,0,11.5600004196167,1311.989990234375,0.0,none,19953923794985.0,20.3078
20240115,146100000,134100.0,19592010000000.0,confirmed,29246387,3020.0,88324088740.0,confirmed,4631251,11620.0,53815136620.0,confirmed,0,3640.0,0.0,confirmed,1085600,204000.0,221462400000.0,confirmed,0,1650.0,0.0,none,0,11.399999618530273,1312.8499755859375,0.0,none,19955611625360.0,20.3089
20240116,146100000,132100.0,19299810000000.0,confirmed,29246387,3020.0,88324088740.0,confirmed,4631251,11230.0,52008948730.0,confirmed,0,3565.0,0.0,confirmed,1085600,195000.0,211692000000.0,confirmed,0,1646.0,0.0,none,0,11.399999618530273,1319.7099609375,0.0,none,19651835037470.0,20.0051
20240117,146100000,131000.0,19139100000000.0,confirmed,29246387,2995.0,87592929065.0,confirmed,4631251,11120.0,51499511120.0,confirmed,0,3430.0,0.0,confirmed,1085600,186000.0,201921600000.0,confirmed,0,1639.0,0.0,none,0,10.970000267028809,1337.7900390625,0.0,none,19480114040185.0,19.8305
20240118,146100000,136200.0,19898820000000.0,confirmed,29246387,3005.0,87885392935.0,confirmed,4631251,11330.0,52472073830.0,confirmed,0,3450.0,0.0,confirmed,1085600,184500.0,200293200000.0,confirmed,0,1629.0,0.0,none,0,10.850000381469727,1344.050048828125,0.0,none,20239470666765.0,20.591
20240119,146100000,141300.0,20643930000000.0,confirmed,29246387,3715.0,108650327705.0,confirmed,4631251,11350.0,52564698850.0,confirmed,0,3470.0,0.0,confirmed,1085600,193500.0,210063600000.0,confirmed,0,1622.0,0.0,none,0,10.720000267028809,1337.6600341796875,0.0,none,21015208626555.0,21.4498
20240122,146100000,142600.0,20833860000000.0,confirmed,29246387,3680.0,107626704160.0,confirmed,4631251,11300.0,52333136300.0,confirmed,0,3430.0,0.0,confirmed,1085600,196000.0,212777600000.0,confirmed,0,1623.0,0.0,none,0,10.850000381469727,1333.2099609375,0.0,none,21206597440460.0,21.6371
20240123,146100000,140800.0,20570880000000.0,confirmed,29246387,3420.0,100022643540.0,confirmed,4631251,11650.0,53954074150.0,confirmed,0,3515.0,0.0,confirmed,1085600,204000.0,221462400000.0,confirmed,0,1615.0,0.0,none,0,11.720000267028809,1338.739990234375,0.0,none,20946319117690.0,21.3464
20240124,146100000,141500.0,20673150000000.0,confirmed,29246387,3265.0,95489453555.0,confirmed,4631251,11270.0,52194198770.0,confirmed,0,3490.0,0.0,confirmed,1085600,207500.0,225262000000.0,confirmed,0,1598.0,0.0,none,0,11.75,1336.780029296875,0.0,none,21046095652325.0,21.4281
20240125,146100000,137400.0,20074140000000.0,confirmed,29246387,3220.0,94173366140.0,confirmed,4631251,11270.0,52194198770.0,confirmed,0,3500.0,0.0,confirmed,1085600,207000.0,224719200000.0,confirmed,0,1591.0,0.0,none,0,11.069999694824219,1329.8900146484375,0.0,none,20445226764910.0,20.8219
20240126,146100000,136000.0,19869600000000.0,confirmed,29246387,3315.0,96951772905.0,confirmed,4631251,11350.0,52564698850.0,confirmed,0,3500.0,0.0,confirmed,1085600,210500.0,228518800000.0,confirmed,0,1800.0,0.0,none,0,11.279999732971191,1336.030029296875,0.0,none,20247635271755.0,20.6354
20240129,146100000,135000.0,19723500000000.0,confirmed,29246387,3225.0,94319598075.0,confirmed,4631251,11090.0,51360573590.0,confirmed,0,3525.0,0.0,confirmed,1085600,212500.0,230690000000.0,confirmed,0,1905.0,0.0,none,0,11.010000228881836,1336.760009765625,0.0,none,20099870171665.0,20.4771
20240130,146100000,136900.0,20001090000000.0,confirmed,29246387,3300.0,96513077100.0,confirmed,4631251,10880.0,50388010880.0,confirmed,0,3520.0,0.0,confirmed,1085600,218500.0,237203600000.0,confirmed,0,1920.0,0.0,none,0,11.210000038146973,1333.2099609375,0.0,none,20385194687980.0,20.7712
20240131,146100000,134700.0,19679670000000.0,confirmed,29246387,3280.0,95928149360.0,confirmed,4631251,10920.0,50573260920.0,confirmed,0,3395.0,0.0,confirmed,1085600,214500.0,232861200000.0,confirmed,0,1989.0,0.0,none,0,10.6899995803833,1326.6199951171875,0.0,none,20059032610280.0,20.4427
20240201,146100000,132700.0,19387470000000.0,confirmed,29246387,3225.0,94319598075.0,confirmed,4631251,10990.0,50897448490.0,confirmed,0,3335.0,0.0,confirmed,1085600,214000.0,232318400000.0,confirmed,0,1975.0,0.0,none,0,10.270000457763672,1333.9100341796875,0.0,none,19765005446565.0,20.1423
20240202,146100000,134900.0,19708890000000.0,confirmed,29246387,3235.0,94612061945.0,confirmed,4631251,11140.0,51592136140.0,confirmed,0,3420.0,0.0,confirmed,1085600,223000.0,242088800000.0,confirmed,0,1967.0,0.0,none,0,10.239999771118164,1328.949951171875,0.0,none,20097182998085.0,20.4756
20240205,146100000,132300.0,19329030000000.0,confirmed,29246387,3090.0,90371335830.0,confirmed,4631251,10920.0,50573260920.0,confirmed,0,3405.0,0.0,confirmed,1085600,220000.0,238832000000.0,confirmed,0,1995.0,0.0,none,0,10.270000457763672,1337.72998046875,0.0,none,19708806596750.0,20.0703
20240206,146100000,138000.0,20161800000000.0,confirmed,29246387,3040.0,88909016480.0,confirmed,4631251,10970.0,50804823470.0,confirmed,0,3390.0,0.0,confirmed,1085600,211500.0,229604400000.0,confirmed,0,2060.0,0.0,none,0,9.869999885559082,1333.3900146484375,0.0,none,20531118239950.0,20.8868
20240207,146100000,138000.0,20161800000000.0,confirmed,29246387,3065.0,89640176155.0,confirmed,4631251,10910.0,50526948410.0,confirmed,0,3400.0,0.0,confirmed,1085600,212000.0,230147200000.0,confirmed,0,1917.0,0.0,none,0,10.4399995803833,1326.7900390625,0.0,none,20532114324565.0,20.8907
20240208,146100000,142800.0,20863080000000.0,confirmed,29246387,3115.0,91102495505.0,confirmed,4631251,10850.0,50249073350.0,confirmed,0,3380.0,0.0,confirmed,1085600,214000.0,232318400000.0,confirmed,0,1948.0,0.0,none,0,10.40999984741211,1327.6199951171875,0.0,none,21236749968855.0,21.6012
20240213,146100000,150000.0,21915000000000.0,confirmed,29246387,3130.0,91541191310.0,confirmed,4631251,10930.0,50619573430.0,confirmed,0,3425.0,0.0,confirmed,1085600,230000.0,249688000000.0,confirmed,0,1969.0,0.0,none,0,11.619999885559082,1328.5,0.0,none,22306848764740.0,22.673
20240214,146100000,148700.0,21725070000000.0,confirmed,29246387,3175.0,92857278725.0,confirmed,4631251,11110.0,51453198610.0,confirmed,0,3425.0,0.0,confirmed,1085600,239500.0,260001200000.0,confirmed,0,1975.0,0.0,none,0,10.539999961853027,1340.7900390625,0.0,none,22129381677335.0,22.5008
20240215,146100000,148700.0,21725070000000.0,confirmed,29246387,3245.0,94904525815.0,confirmed,4631251,11000.0,50943761000.0,confirmed,0,3430.0,0.0,confirmed,1085600,238000.0,258372800000.0,confirmed,0,2080.0,0.0,none,0,10.930000305175781,1326.0,0.0,none,22129291086815.0,22.5089
20240216,146100000,146800.0,21447480000000.0,confirmed,29246387,3210.0,93880902270.0,confirmed,4631251,10940.0,50665885940.0,confirmed,0,3595.0,0.0,confirmed,1085600,237500.0,257830000000.0,confirmed,0,2080.0,0.0,none,0,11.010000228881836,1327.6600341796875,0.0,none,21849856788210.0,22.2254
20240219,146100000,151300.0,22104930000000.0,confirmed,29246387,3300.0,96513077100.0,confirmed,4631251,11240.0,52055261240.0,confirmed,0,4670.0,0.0,confirmed,1085600,235000.0,255116000000.0,confirmed,0,2045.0,0.0,none,0,10.819999694824219,1331.5799560546875,0.0,none,22508614338340.0,22.8947
20240220,146100000,149600.0,21856560000000.0,confirmed,29246387,3275.0,95781917425.0,confirmed,4631251,11240.0,52055261240.0,confirmed,0,5130.0,0.0,confirmed,1085600,232000.0,251859200000.0,confirmed,0,2035.0,0.0,none,0,10.819999694824219,1333.3399658203125,0.0,none,22256256378665.0,22.6394
20240221,146100000,149000.0,21768900000000.0,confirmed,29246387,3245.0,94904525815.0,confirmed,4631251,11170.0,51731073670.0,confirmed,0,4740.0,0.0,confirmed,1085600,226000.0,245345600000.0,confirmed,0,1989.0,0.0,none,0,10.619999885559082,1333.75,0.0,none,22160881199485.0,22.5405
20240222,146100000,156500.0,22864650000000.0,confirmed,29246387,3205.0,93734670335.0,confirmed,4631251,11090.0,51360573590.0,confirmed,0,4520.0,0.0,confirmed,1085600,225000.0,244260000000.0,confirmed,0,1979.0,0.0,none,0,10.630000114440918,1332.8699951171875,0.0,none,23254005243925.0,23.6289
20240223,146100000,161400.0,23580540000000.0,confirmed,29246387,3295.0,96366845165.0,confirmed,4631251,11140.0,51592136140.0,confirmed,0,4440.0,0.0,confirmed,1085600,224500.0,243717200000.0,confirmed,0,1998.0,0.0,none,0,10.989999771118164,1327.1700439453125,0.0,none,23972216181305.0,24.3577
20240226,146100000,161800.0,23638980000000.0,confirmed,29246387,3355.0,98121628385.0,confirmed,4631251,11180.0,51777386180.0,confirmed,0,4250.0,0.0,confirmed,1085600,217500.0,236118000000.0,confirmed,0,1998.0,0.0,none,0,10.649999618530273,1330.0,0.0,none,24024997014565.0,24.4175
20240227,146100000,153800.0,22470180000000.0,confirmed,29246387,3245.0,94904525815.0,confirmed,4631251,10950.0,50712198450.0,confirmed,0,3965.0,0.0,confirmed,1085600,224000.0,243174400000.0,confirmed,0,2020.0,0.0,none,0,11.239999771118164,1331.719970703125,0.0,none,22858971124265.0,23.2386
20240228,146100000,158000.0,23083800000000.0,confirmed,29246387,3195.0,93442206465.0,confirmed,4631251,10770.0,49878573270.0,confirmed,0,3910.0,0.0,confirmed,1085600,225000.0,244260000000.0,confirmed,0,1990.0,0.0,none,0,11.569999694824219,1331.7900390625,0.0,none,23471380779735.0,23.8451
20240229,146100000,156200.0,22820820000000.0,confirmed,29246387,3160.0,92418582920.0,confirmed,4631251,10760.0,49832260760.0,confirmed,0,3855.0,0.0,confirmed,1085600,227000.0,246431200000.0,confirmed,0,1966.0,0.0,none,0,11.260000228881836,1333.3800048828125,0.0,none,23209502043680.0,23.5792
20240304,146100000,166500.0,24325650000000.0,confirmed,29246387,3305.0,96659309035.0,confirmed,4631251,10710.0,49600698210.0,confirmed,0,3815.0,0.0,confirmed,1085600,217500.0,236118000000.0,confirmed,0,1980.0,0.0,none,0,10.65999984741211,1330.9000244140625,0.0,none,24708028007245.0,25.0947
20240305,146100000,165800.0,24223380000000.0,confirmed,29246387,3265.0,95489453555.0,confirmed,4631251,10420.0,48257635420.0,confirmed,0,3740.0,0.0,confirmed,1085600,218000.0,236660800000.0,confirmed,0,1990.0,0.0,none,0,10.09000015258789,1328.93994140625,0.0,none,24603787888975.0,24.9857
20240306,146100000,162900.0,23799690000000.0,confirmed,29246387,3170.0,92711046790.0,confirmed,4631251,10250.0,47470322750.0,confirmed,0,3745.0,0.0,confirmed,1085600,213000.0,231232800000.0,confirmed,0,1860.0,0.0,none,0,9.369999885559082,1333.4300537109375,0.0,none,24171104169540.0,24.5419
20240307,146100000,164900.0,24091890000000.0,confirmed,29246387,3180.0,93003510660.0,confirmed,4631251,10270.0,47562947770.0,confirmed,0,3815.0,0.0,confirmed,1085600,216000.0,234489600000.0,confirmed,0,1859.0,0.0,none,0,9.920000076293945,1327.0899658203125,0.0,none,24466946058430.0,24.839
20240308,146100000,171900.0,25114590000000.0,confirmed,29246387,3250.0,95050757750.0,confirmed,4631251,10210.0,47285072710.0,confirmed,0,3775.0,0.0,confirmed,1085600,222000.0,241003200000.0,confirmed,0,1833.0,0.0,none,0,10.899999618530273,1321.1800537109375,0.0,none,25497929030460.0,25.8781
20240311,146100000,166600.0,24340260000000.0,confirmed,29246387,3240.0,94758293880.0,confirmed,4631251,10380.0,48072385380.0,confirmed,0,3860.0,0.0,confirmed,1085600,232500.0,252402000000.0,confirmed,0,1786.0,0.0,none,0,10.8100004196167,1315.97998046875,0.0,none,24735492679260.0,25.1145
20240312,146100000,165700.0,24208770000000.0,confirmed,29246387,3265.0,95489453555.0,confirmed,4631251,10410.0,48211322910.0,confirmed,0,3835.0,0.0,confirmed,1085600,234000.0,254030400000.0,confirmed,0,1754.0,0.0,none,0,9.789999961853027,1310.5400390625,0.0,none,24606501176465.0,24.9885
20240313,146100000,163600.0,23901960000000.0,confirmed,29246387,3215.0,94027134205.0,confirmed,4631251,10420.0,48257635420.0,confirmed,0,3815.0,0.0,confirmed,1085600,239000.0,259458400000.0,confirmed,0,1797.0,0.0,none,0,9.869999885559082,1311.1500244140625,0.0,none,24303703169625.0,24.6798
20240314,146100000,161900.0,23653590000000.0,confirmed,29246387,3175.0,92857278725.0,confirmed,4631251,10430.0,48303947930.0,confirmed,0,3785.0,0.0,confirmed,1085600,235000.0,255116000000.0,confirmed,0,1833.0,0.0,none,0,9.630000114440918,1313.6500244140625,0.0,none,24049867226655.0,24.4213
20240315,146100000,161200.0,23551320000000.0,confirmed,29246387,3230.0,94465830010.0,confirmed,4631251,10250.0,47470322750.0,confirmed,0,3750.0,0.0,confirmed,1085600,230500.0,250230800000.0,confirmed,0,1823.0,0.0,none,0,9.199999809265137,1321.9200439453125,0.0,none,23943486952760.0,24.3214
20240318,146100000,164300.0,24004230000000.0,confirmed,29246387,3205.0,93734670335.0,confirmed,4631251,10230.0,47377697730.0,confirmed,0,3820.0,0.0,confirmed,1085600,238000.0,258372800000.0,confirmed,0,1799.0,0.0,none,0,9.3100004196167,1329.3399658203125,0.0,none,24403715168065.0,24.7787
20240319,146100000,160200.0,23405220000000.0,confirmed,29246387,3130.0,91541191310.0,confirmed,4631251,10130.0,46914572630.0,confirmed,0,3815.0,0.0,confirmed,1085600,237000.0,257287200000.0,confirmed,0,1773.0,0.0,none,0,9.539999961853027,1336.0899658203125,0.0,none,23800962963940.0,24.1671
20240320,146100000,156500.0,22864650000000.0,confirmed,29246387,3070.0,89786408090.0,confirmed,4631251,10010.0,46358822510.0,confirmed,0,3925.0,0.0,confirmed,1085600,237500.0,257830000000.0,confirmed,0,1720.0,0.0,none,0,9.239999771118164,1337.02001953125,0.0,none,23258625230600.0,23.6178
20240321,146100000,170000.0,24837000000000.0,confirmed,29246387,3020.0,88324088740.0,confirmed,4631251,10080.0,46683010080.0,confirmed,0,3845.0,0.0,confirmed,1085600,240500.0,261086800000.0,confirmed,0,1693.0,0.0,none,0,9.579999923706055,1330.1099853515625,0.0,none,25233093898820.0,25.5864
20240322,146100000,169800.0,24807780000000.0,confirmed,29246387,3005.0,87885392935.0,confirmed,4631251,10070.0,46636697570.0,confirmed,0,3875.0,0.0,confirmed,1085600,236000.0,256201600000.0,confirmed,0,1725.0,0.0,none,0,9.420000076293945,1334.6800537109375,0.0,none,25198503690505.0,25.55
20240325,146100000,169400.0,24749340000000.0,confirmed,29246387,3085.0,90225103895.0,confirmed,4631251,10010.0,46358822510.0,confirmed,0,4010.0,0.0,confirmed,1085600,240000.0,260544000000.0,confirmed,0,1707.0,0.0,none,0,9.390000343322754,1343.5999755859375,0.0,none,25146467926405.0,25.5074
20240326,146100000,176600.0,25801260000000.0,confirmed,29246387,3060.0,89493944220.0,confirmed,4631251,10100.0,46775635100.0,confirmed,0,3870.0,0.0,confirmed,1085600,246500.0,267600400000.0,confirmed,0,1716.0,0.0,none,0,9.550000190734863,1339.1300048828125,0.0,none,26205129979320.0,26.5631
20240327,146100000,181200.0,26473320000000.0,confirmed,29246387,3020.0,88324088740.0,confirmed,4631251,10120.0,46868260120.0,confirmed,0,3775.0,0.0,confirmed,1085600,257000.0,278999200000.0,confirmed,0,1718.0,0.0,none,0,9.109999656677246,1343.06005859375,0.0,none,26887511548860.0,27.2408
20240328,146100000,178200.0,26035020000000.0,confirmed,29246387,3000.0,87739161000.0,confirmed,4631251,9950.0,46080947450.0,confirmed,0,3715.0,0.0,confirmed,1085600,250000.0,271400000000.0,confirmed,0,1707.0,0.0,none,0,9.550000190734863,1349.800048828125,0.0,none,26440240108450.0,26.7912
20240329,146100000,183000.0,26736300000000.0,confirmed,29246387,3005.0,87885392935.0,confirmed,4631251,9960.0,46127259960.0,confirmed,0,3590.0,0.0,confirmed,1085600,247000.0,268143200000.0,confirmed,0,1698.0,0.0,none,0,9.989999771118164,1349.800048828125,0.0,none,27138455852895.0,27.49
20240401,146100000,185500.0,27101550000000.0,confirmed,29246387,3015.0,88177856805.0,confirmed,4631251,10050.0,46544072550.0,confirmed,0,3630.0,0.0,confirmed,1085600,250500.0,271942800000.0,confirmed,0,1699.0,0.0,none,0,9.989999771118164,1355.530029296875,0.0,none,27508214729355.0,27.8609
20240402,146100000,186300.0,27218430000000.0,confirmed,29246387,2950.0,86276841650.0,confirmed,4631251,9990.0,46266197490.0,confirmed,0,3515.0,0.0,confirmed,1085600,252000.0,273571200000.0,confirmed,0,1687.0,0.0,none,0,9.989999771118164,1350.72998046875,0.0,none,27624544239140.0,27.9697
20240403,146100000,179200.0,26181120000000.0,confirmed,29246387,2945.0,86130609715.0,confirmed,4631251,10020.0,46405135020.0,confirmed,0,3485.0,0.0,confirmed,1085600,253500.0,275199600000.0,confirmed,0,1689.0,0.0,none,0,9.359999656677246,1344.8399658203125,0.0,none,26588855344735.0,26.9334
20240404,146100000,188000.0,27466800000000.0,confirmed,29246387,2950.0,86276841650.0,confirmed,4631251,10020.0,46405135020.0,confirmed,0,3500.0,0.0,confirmed,1085600,253000.0,274656800000.0,confirmed,0,1676.0,0.0,none,0,9.319999694824219,1351.3599853515625,0.0,none,27874138776670.0,28.2192
20240405,146100000,182800.0,26707080000000.0,confirmed,29246387,2950.0,86276841650.0,confirmed,4631251,10000.0,46312510000.0,confirmed,0,3475.0,0.0,confirmed,1085600,249500.0,270857200000.0,confirmed,0,1679.0,0.0,none,0,9.119999885559082,1351.3599853515625,0.0,none,27110526551650.0,27.4556
20240408,146100000,181200.0,26473320000000.0,confirmed,29246387,2885.0,84375826495.0,confirmed,4631251,9830.0,45525197330.0,confirmed,0,3460.0,0.0,confirmed,1085600,243500.0,264343600000.0,confirmed,0,1649.0,0.0,none,0,9.210000038146973,1354.219970703125,0.0,none,26867564623825.0,27.2051
20240409,146100000,182900.0,26721690000000.0,confirmed,29246387,2840.0,83059739080.0,confirmed,4631251,9910.0,45895697410.0,confirmed,0,3425.0,0.0,confirmed,1085600,242000.0,262715200000.0,confirmed,0,1654.0,0.0,none,0,8.369999885559082,1348.5400390625,0.0,none,27113360636490.0,27.4456
20240411,146100000,188400.0,27525240000000.0,confirmed,29246387,2775.0,81158723925.0,confirmed,4631251,9880.0,45756759880.0,confirmed,0,3395.0,0.0,confirmed,1085600,247500.0,268686000000.0,confirmed,0,1639.0,0.0,none,0,8.0,1367.8399658203125,0.0,none,27920841483805.0,28.2455
20240412,146100000,187400.0,27379140000000.0,confirmed,29246387,2830.0,82767275210.0,confirmed,4631251,9860.0,45664134860.0,confirmed,0,3350.0,0.0,confirmed,1085600,238500.0,258915600000.0,confirmed,0,1648.0,0.0,none,0,8.239999771118164,1367.8399658203125,0.0,none,27766487010070.0,28.0976
20240415,146100000,188200.0,27496020000000.0,confirmed,29246387,2740.0,80135100380.0,confirmed,4631251,9640.0,44645259640.0,confirmed,0,3280.0,0.0,confirmed,1085600,247000.0,268143200000.0,confirmed,0,1610.0,0.0,none,0,8.029999732971191,1387.6700439453125,0.0,none,27888943560020.0,28.2095
20240416,146100000,179100.0,26166510000000.0,confirmed,29246387,2695.0,78819012965.0,confirmed,4631251,9430.0,43672696930.0,confirmed,0,3190.0,0.0,confirmed,1085600,254000.0,275742400000.0,confirmed,0,1569.0,0.0,none,0,7.53000020980835,1387.3399658203125,0.0,none,26564744109895.0,26.88
20240417,146100000,178700.0,26108070000000.0,confirmed,29246387,2700.0,78965244900.0,confirmed,4631251,9170.0,42468571670.0,confirmed,0,3170.0,0.0,confirmed,1085600,253000.0,274656800000.0,confirmed,0,1584.0,0.0,none,0,7.519999980926514,1379.5400390625,0.0,none,26504160616570.0,26.82
20240418,146100000,182300.0,26634030000000.0,confirmed,29246387,2785.0,81451187795.0,confirmed,4631251,9230.0,42746446730.0,confirmed,0,3245.0,0.0,confirmed,1085600,260000.0,282256000000.0,confirmed,0,1584.0,0.0,none,0,7.28000020980835,1379.4000244140625,0.0,none,27040483634525.0,27.3663
20240419,146100000,173300.0,25319130000000.0,confirmed,29246387,2740.0,80135100380.0,confirmed,4631251,9050.0,41912821550.0,confirmed,0,3185.0,0.0,confirmed,1085600,254000.0,275742400000.0,confirmed,0,1585.0,0.0,none,0,7.369999885559082,1379.4000244140625,0.0,none,25716920321930.0,26.0375
20240422,146100000,171600.0,25070760000000.0,confirmed,29246387,2750.0,80427564250.0,confirmed,4631251,9150.0,42375946650.0,confirmed,0,3220.0,0.0,confirmed,1085600,259000.0,281170400000.0,confirmed,0,1585.0,0.0,none,0,7.090000152587891,1378.8399658203125,0.0,none,25474733910900.0,25.7964
20240423,146100000,171000.0,24983100000000.0,confirmed,29246387,2735.0,79988868445.0,confirmed,4631251,9080.0,42051759080.0,confirmed,0,3210.0,0.0,confirmed,0,238000.0,0.0,confirmed,0,1577.0,0.0,none,0,7.489999771118164,1370.47998046875,0.0,none,25105140627525.0,25.4251
20240424,146100000,179800.0,26268780000000.0,confirmed,29246387,2835.0,82913507145.0,confirmed,4631251,9270.0,42931696770.0,confirmed,0,3280.0,0.0,confirmed,0,240000.0,0.0,confirmed,0,1574.0,0.0,none,0,7.96999979019165,1376.969970703125,0.0,none,26394625203915.0,26.7263
20240425,146100000,170600.0,24924660000000.0,confirmed,29246387,2750.0,80427564250.0,confirmed,4631251,9160.0,42422259160.0,confirmed,0,3275.0,0.0,confirmed,0,225500.0,0.0,confirmed,0,1559.0,0.0,none,0,8.199999809265137,1371.699951171875,0.0,none,25047509823410.0,25.3692
20240426,146100000,177800.0,25976580000000.0,confirmed,29246387,2765.0,80866260055.0,confirmed,4631251,9220.0,42700134220.0,confirmed,0,3320.0,0.0,confirmed,0,229500.0,0.0,confirmed,0,1566.0,0.0,none,0,8.180000305175781,1371.699951171875,0.0,none,26100146394275.0,26.4236
20240429,146100000,175900.0,25698990000000.0,confirmed,29246387,2760.0,80720028120.0,confirmed,4631251,9260.0,42885384260.0,confirmed,0,3350.0,0.0,confirmed,0,240000.0,0.0,confirmed,0,1561.0,0.0,none,0,8.970000267028809,1374.6400146484375,0.0,none,25822595412380.0,26.1455
20240430,146100000,174200.0,25450620000000.0,confirmed,29246387,2800.0,81889883600.0,confirmed,4631251,9290.0,43024321790.0,confirmed,0,3335.0,0.0,confirmed,0,239500.0,0.0,confirmed,0,1567.0,0.0,none,0,8.920000076293945,1385.4599609375,0.0,none,25575534205390.0,25.9031
20240502,146100000,173600.0,25362960000000.0,confirmed,29246387,2855.0,83498434885.0,confirmed,4631251,9440.0,43719009440.0,confirmed,0,3325.0,0.0,confirmed,0,243000.0,0.0,confirmed,0,1685.0,0.0,none,0,8.75,1364.6400146484375,0.0,none,25490177444325.0,25.8242
20240503,146100000,173200.0,25304520000000.0,confirmed,29246387,2885.0,84375826495.0,confirmed,4631251,9310.0,43116946810.0,confirmed,0,3320.0,0.0,confirmed,0,251000.0,0.0,confirmed,0,1697.0,0.0,none,0,9.0,1364.6400146484375,0.0,none,25432012773305.0,25.7695
20240507,146100000,179600.0,26239560000000.0,confirmed,29246387,2850.0,83352202950.0,confirmed,4631251,9050.0,41912821550.0,confirmed,0,3335.0,0.0,confirmed,0,257500.0,0.0,confirmed,0,1800.0,0.0,none,0,9.279999732971191,1357.72998046875,0.0,none,26364825024500.0,26.6982
20240508,146100000,178000.0,26005800000000.0,confirmed,29246387,2950.0,86276841650.0,confirmed,4631251,9050.0,41912821550.0,confirmed,0,3320.0,0.0,confirmed,0,260000.0,0.0,confirmed,0,1807.0,0.0,none,0,8.630000114440918,1361.93994140625,0.0,none,26133989663200.0,26.4791
20240509,146100000,175400.0,25625940000000.0,confirmed,29246387,2900.0,84814522300.0,confirmed,4631251,9000.0,41681259000.0,confirmed,0,3330.0,0.0,confirmed,0,263500.0,0.0,confirmed,0,1901.0,0.0,none,0,8.779999732971191,1365.4000244140625,0.0,none,25752435781300.0,26.0917
20240510,146100000,179900.0,26283390000000.0,confirmed,29246387,2930.0,85691913910.0,confirmed,4631251,8930.0,41357071430.0,confirmed,0,3325.0,0.0,confirmed,0,259000.0,0.0,confirmed,0,1895.0,0.0,none,0,9.199999809265137,1365.4000244140625,0.0,none,26410438985340.0,26.7532
20240513,146100000,183800.0,26853180000000.0,confirmed,29246387,2925.0,85545681975.0,confirmed,4631251,8800.0,40755008800.0,confirmed,0,3245.0,0.0,confirmed,0,259500.0,0.0,confirmed,0,1879.0,0.0,none,0,8.710000038146973,1363.7900390625,0.0,none,26979480690775.0,27.3217
20240514,146100000,185300.0,27072330000000.0,confirmed,29246387,2875.0,84083362625.0,confirmed,4631251,8920.0,41310758920.0,confirmed,0,3710.0,0.0,confirmed,0,257000.0,0.0,confirmed,0,1821.0,0.0,none,0,8.770000457763672,1362.550048828125,0.0,none,27197724121545.0,27.5341
20240516,146100000,193000.0,28197300000000.0,confirmed,29246387,2825.0,82621043275.0,confirmed,4631251,8880.0,41125508880.0,confirmed,0,3725.0,0.0,confirmed,0,258500.0,0.0,confirmed,0,1896.0,0.0,none,0,9.0,1346.0400390625,0.0,none,28321046552155.0,28.6515
20240517,146100000,189900.0,27744390000000.0,confirmed,29246387,2760.0,80720028120.0,confirmed,4631251,8730.0,40430821230.0,confirmed,0,3580.0,0.0,confirmed,0,258000.0,0.0,confirmed,0,1948.0,0.0,none,0,8.710000038146973,1346.0400390625,0.0,none,27865540849350.0,28.1884
20240520,146100000,190100.0,27773610000000.0,confirmed,29246387,2705.0,79111476835.0,confirmed,4631251,8450.0,39134070950.0,confirmed,0,3520.0,0.0,confirmed,0,252500.0,0.0,confirmed,0,1941.0,0.0,none,0,8.779999732971191,1360.1600341796875,0.0,none,27891855547785.0,28.2083
20240521,146100000,192000.0,28051200000000.0,confirmed,29246387,2730.0,79842636510.0,confirmed,4631251,8260.0,38254133260.0,confirmed,0,3560.0,0.0,confirmed,0,252500.0,0.0,confirmed,0,1959.0,0.0,none,0,8.880000114440918,1363.4200439453125,0.0,none,28169296769770.0,28.4887
20240522,146100000,197700.0,28883970000000.0,confirmed,29246387,2690.0,78672781030.0,confirmed,4631251,8250.0,38207820750.0,confirmed,0,3400.0,0.0,confirmed,0,254500.0,0.0,confirmed,0,1945.0,0.0,none,0,8.479999542236328,1365.81005859375,0.0,none,29000850601780.0,29.3155
20240523,146100000,200000.0,29220000000000.0,confirmed,29246387,2680.0,78380317160.0,confirmed,4631251,8380.0,38809883380.0,confirmed,0,3385.0,0.0,confirmed,0,256000.0,0.0,confirmed,0,1931.0,0.0,none,0,8.600000381469727,1367.6199951171875,0.0,none,29337190200540.0,29.6507
20240524,146100000,198600.0,29015460000000.0,confirmed,29246387,2740.0,80135100380.0,confirmed,4631251,8170.0,37837320670.0,confirmed,0,3380.0,0.0,confirmed,0,260000.0,0.0,confirmed,0,1893.0,0.0,none,0,8.319999694824219,1367.6199951171875,0.0,none,29133432421050.0,29.454
20240527,146100000,201500.0,29439150000000.0,confirmed,29246387,2690.0,78672781030.0,confirmed,4631251,8110.0,37559445610.0,confirmed,0,3380.0,0.0,confirmed,0,260000.0,0.0,confirmed,0,1873.0,0.0,none,0,8.430000305175781,1360.9300537109375,0.0,none,29555382226640.0,29.8701
20240528,146100000,202500.0,29585250000000.0,confirmed,29246387,2745.0,80281332315.0,confirmed,4631251,8110.0,37559445610.0,confirmed,0,3365.0,0.0,confirmed,0,246500.0,0.0,confirmed,0,1823.0,0.0,none,0,8.430000305175781,1362.760009765625,0.0,none,29703090777925.0,30.0242
20240529,146100000,202500.0,29585250000000.0,confirmed,29246387,2745.0,80281332315.0,confirmed,4631251,8020.0,37142633020.0,confirmed,0,3295.0,0.0,confirmed,0,244000.0,0.0,confirmed,0,1730.0,0.0,none,0,8.279999732971191,1370.550048828125,0.0,none,29702673965335.0,30.0238
20240530,146100000,195700.0,28591770000000.0,confirmed,29246387,2680.0,78380317160.0,confirmed,4631251,7870.0,36447945370.0,confirmed,0,3275.0,0.0,confirmed,0,251000.0,0.0,confirmed,0,1709.0,0.0,none,0,8.140000343322754,1375.6199951171875,0.0,none,28706598262530.0,29.0201
20240531,146100000,189200.0,27642120000000.0,confirmed,29246387,2670.0,78087853290.0,confirmed,4631251,7940.0,36772132940.0,confirmed,0,3275.0,0.0,confirmed,0,250000.0,0.0,confirmed,0,1704.0,0.0,none,0,8.399999618530273,1375.6199951171875,0.0,none,27756979986230.0,28.0693
20240603,146100000,194200.0,28372620000000.0,confirmed,29246387,2725.0,79696404575.0,confirmed,4631251,8090.0,37466820590.0,confirmed,0,3335.0,0.0,confirmed,0,247500.0,0.0,confirmed,0,1700.0,0.0,none,0,8.149999618530273,1370.7900390625,0.0,none,28489783225165.0,28.8086
20240604,146100000,193300.0,28241130000000.0,confirmed,29246387,2715.0,79403940705.0,confirmed,4631251,8040.0,37235258040.0,confirmed,0,3320.0,0.0,confirmed,0,249500.0,0.0,confirmed,0,1685.0,0.0,none,0,7.78000020980835,1373.719970703125,0.0,none,28357769198745.0,28.6754
20240605,146100000,193700.0,28299570000000.0,confirmed,29246387,2695.0,78819012965.0,confirmed,4631251,7990.0,37003695490.0,confirmed,0,3265.0,0.0,confirmed,0,246000.0,0.0,confirmed,0,1626.0,0.0,none,0,7.710000038146973,1368.739990234375,0.0,none,28415392708455.0,28.7307
20240607,146100000,207500.0,30315750000000.0,confirmed,29246387,2685.0,78526549095.0,confirmed,4631251,8030.0,37188945530.0,confirmed,0,3350.0,0.0,confirmed,0,256000.0,0.0,confirmed,0,1623.0,0.0,none,0,7.829999923706055,1365.25,0.0,none,30431465494625.0,30.7456
20240610,146100000,208000.0,30388800000000.0,confirmed,29246387,2695.0,78819012965.0,confirmed,4631251,7900.0,36586882900.0,confirmed,0,3960.0,0.0,confirmed,0,254500.0,0.0,confirmed,0,1602.0,0.0,none,0,7.860000133514404,1373.9599609375,0.0,none,30504205895865.0,30.8195
20240611,146100000,212500.0,31046250000000.0,confirmed,29246387,2675.0,78234085225.0,confirmed,4631251,8220.0,38068883220.0,confirmed,0,3735.0,0.0,confirmed,0,255500.0,0.0,confirmed,0,1594.0,0.0,none,0,8.220000267028809,1377.3599853515625,0.0,none,31162552968445.0,31.4755
20240612,146100000,215000.0,31411500000000.0,confirmed,29246387,2755.0,80573796185.0,confirmed,4631251,8330.0,38578320830.0,confirmed,0,3665.0,0.0,confirmed,0,265000.0,0.0,confirmed,0,1578.0,0.0,none,0,7.869999885559082,1370.4100341796875,0.0,none,31530652117015.0,31.8529
20240613,146100000,222000.0,32434200000000.0,confirmed,29246387,2730.0,79842636510.0,confirmed,4631251,8310.0,38485695810.0,confirmed,0,3625.0,0.0,confirmed,0,265500.0,0.0,confirmed,0,1575.0,0.0,none,0,7.949999809265137,1373.739990234375,0.0,none,32552528332320.0,32.8719
20240614,146100000,221000.0,32288100000000.0,confirmed,29246387,2715.0,79403940705.0,confirmed,4631251,8170.0,37837320670.0,confirmed,0,3600.0,0.0,confirmed,0,272000.0,0.0,confirmed,0,1541.0,0.0,none,0,7.710000038146973,1373.739990234375,0.0,none,32405341261375.0,32.723
20240617,146100000,223000.0,32580300000000.0,confirmed,29246387,2680.0,78380317160.0,confirmed,4631251,8090.0,37466820590.0,confirmed,0,3495.0,0.0,confirmed,0,274500.0,0.0,confirmed,0,1495.0,0.0,none,0,7.699999809265137,1379.06005859375,0.0,none,32696147137750.0,33.0097
20240618,146100000,234500.0,34260450000000.0,confirmed,29246387,2650.0,77502925550.0,confirmed,4631251,8020.0,37142633020.0,confirmed,0,3470.0,0.0,confirmed,0,276500.0,0.0,confirmed,0,1466.0,0.0,none,0,7.559999942779541,1378.6099853515625,0.0,none,34375095558570.0,34.6851
20240619,146100000,233500.0,34114350000000.0,confirmed,29246387,2535.0,74139591045.0,confirmed,4631251,8000.0,37050008000.0,confirmed,0,3475.0,0.0,confirmed,0,290000.0,0.0,confirmed,0,1475.0,0.0,none,0,7.210000038146973,1381.1500244140625,0.0,none,34225539599045.0,34.5221
20240620,146100000,237500.0,34698750000000.0,confirmed,29246387,2535.0,74139591045.0,confirmed,4631251,7890.0,36540570390.0,confirmed,0,3480.0,0.0,confirmed,0,291500.0,0.0,confirmed,0,1526.0,0.0,none,0,7.210000038146973,1391.8199462890625,0.0,none,34809430161435.0,35.106
20240621,146100000,234000.0,34187400000000.0,confirmed,29246387,2450.0,71653648150.0,confirmed,4631251,7780.0,36031132780.0,confirmed,0,3375.0,0.0,confirmed,0,297000.0,0.0,confirmed,0,1568.0,0.0,none,0,6.800000190734863,1391.8199462890625,0.0,none,34295084780930.0,34.5817
20240624,146100000,223000.0,32580300000000.0,confirmed,29246387,2260.0,66096834620.0,confirmed,4631251,7810.0,36170070310.0,confirmed,0,3355.0,0.0,confirmed,0,276000.0,0.0,confirmed,0,1566.0,0.0,none,0,6.760000228881836,1386.1099853515625,0.0,none,32682566904930.0,32.947
20240625,146100000,225000.0,32872500000000.0,confirmed,29246387,2235.0,65365674945.0,confirmed,4631251,7790.0,36077445290.0,confirmed,0,3435.0,0.0,confirmed,0,282500.0,0.0,confirmed,0,1568.0,0.0,none,0,6.760000228881836,1390.8900146484375,0.0,none,32973943120235.0,33.2354
20240626,146100000,237000.0,34625700000000.0,confirmed,29246387,2220.0,64926979140.0,confirmed,4631251,7760.0,35938507760.0,confirmed,0,3440.0,0.0,confirmed,0,289500.0,0.0,confirmed,0,1559.0,0.0,none,0,6.590000152587891,1393.3800048828125,0.0,none,34726565486900.0,34.9863
20240627,146100000,236500.0,34552650000000.0,confirmed,29246387,2190.0,64049587530.0,confirmed,4631251,7760.0,35938507760.0,confirmed,0,3510.0,0.0,confirmed,0,281500.0,0.0,confirmed,0,1544.0,0.0,none,0,6.730000019073486,1386.949951171875,0.0,none,34652638095290.0,34.9088
20240628,146100000,236500.0,34552650000000.0,confirmed,29246387,2165.0,63318427855.0,confirmed,4631251,7800.0,36123757800.0,confirmed,0,3420.0,0.0,confirmed,0,281500.0,0.0,confirmed,0,1535.0,0.0,none,0,7.099999904632568,1386.949951171875,0.0,none,34652092185655.0,34.9054
20240701,146100000,235500.0,34406550000000.0,confirmed,29246387,2190.0,64049587530.0,confirmed,4631251,7690.0,35614320190.0,confirmed,0,3560.0,0.0,confirmed,0,273500.0,0.0,confirmed,0,1514.0,0.0,none,0,7.03000020980835,1383.4200439453125,0.0,none,34506213907720.0,34.7624
20240702,146100000,232000.0,33895200000000.0,confirmed,29246387,2100.0,61417412700.0,confirmed,4631251,7380.0,34178632380.0,confirmed,0,3540.0,0.0,confirmed,0,271000.0,0.0,confirmed,0,1515.0,0.0,none,0,6.840000152587891,1383.4200439453125,0.0,none,33990796045080.0,34.2365
20240703,146100000,236000.0,34479600000000.0,confirmed,29246387,2075.0,60686253025.0,confirmed,4631251,7220.0,33437632220.0,confirmed,0,3435.0,0.0,confirmed,0,272500.0,0.0,confirmed,0,1493.0,0.0,none,0,7.139999866485596,1385.77001953125,0.0,none,34573723885245.0,34.8165
20240704,146100000,230000.0,33603000000000.0,confirmed,29246387,2220.0,64926979140.0,confirmed,4631251,7280.0,33715507280.0,confirmed,0,3445.0,0.0,confirmed,0,272000.0,0.0,confirmed,0,1480.0,0.0,none,0,7.170000076293945,1380.25,0.0,none,33701642486420.0,33.9614
20240705,146100000,236000.0,34479600000000.0,confirmed,29246387,2335.0,68290313645.0,confirmed,4631251,7200.0,33345007200.0,confirmed,0,3430.0,0.0,confirmed,0,280000.0,0.0,confirmed,0,1465.0,0.0,none,0,7.170000076293945,1380.25,0.0,none,34581235320845.0,34.8544
20240708,146100000,233500.0,34114350000000.0,confirmed,29246387,2315.0,67705385905.0,confirmed,4631251,7310.0,33854444810.0,confirmed,0,3520.0,0.0,confirmed,0,278000.0,0.0,confirmed,0,1500.0,0.0,none,0,7.409999847412109,1382.75,0.0,none,34215909830715.0,34.4867
20240709,146100000,238500.0,34844850000000.0,confirmed,29246387,2370.0,69313937190.0,confirmed,4631251,7330.0,33947069830.0,confirmed,0,3455.0,0.0,confirmed,0,289500.0,0.0,confirmed,0,1525.0,0.0,none,0,7.670000076293945,1382.4200439453125,0.0,none,34948111007020.0,35.2254
20240710,146100000,239000.0,34917900000000.0,confirmed,29246387,2415.0,70630024605.0,confirmed,4631251,7500.0,34734382500.0,confirmed,0,3400.0,0.0,confirmed,0,283000.0,0.0,confirmed,0,1508.0,0.0,none,0,7.929999828338623,1382.989990234375,0.0,none,35023264407105.0,35.3058
20240711,146100000,241000.0,35210100000000.0,confirmed,29246387,2320.0,67851617840.0,confirmed,4631251,7510.0,34780695010.0,confirmed,0,3380.0,0.0,confirmed,0,284000.0,0.0,confirmed,0,1497.0,0.0,none,0,8.449999809265137,1371.27001953125,0.0,none,35312732312850.0,35.5841
20240712,146100000,233000.0,34041300000000.0,confirmed,29246387,2270.0,66389298490.0,confirmed,4631251,7530.0,34873320030.0,confirmed,0,3400.0,0.0,confirmed,0,280000.0,0.0,confirmed,0,1492.0,0.0,none,0,8.020000457763672,1371.27001953125,0.0,none,34142562618520.0,34.4081
20240715,146100000,230000.0,33603000000000.0,confirmed,29246387,2340.0,68436545580.0,confirmed,4631251,7490.0,34688069990.0,confirmed,0,3400.0,0.0,confirmed,0,275000.0,0.0,confirmed,0,1482.0,0.0,none,0,8.449999809265137,1383.68994140625,0.0,none,33706124615570.0,33.9799
20240716,146100000,233000.0,34041300000000.0,confirmed,29246387,2300.0,67266690100.0,confirmed,4631251,7570.0,35058570070.0,confirmed,0,3400.0,0.0,confirmed,0,275000.0,0.0,confirmed,0,1483.0,0.0,none,0,8.949999809265137,1382.6400146484375,0.0,none,34143625260170.0,34.4127
20240717,146100000,220500.0,32215050000000.0,confirmed,29246387,2220.0,64926979140.0,confirmed,4631251,7390.0,34224944890.0,confirmed,0,3460.0,0.0,confirmed,0,276500.0,0.0,confirmed,0,1474.0,0.0,none,0,9.029999732971191,1378.6500244140625,0.0,none,32314201924030.0,32.5739
20240718,146100000,212500.0,31046250000000.0,confirmed,29246387,2180.0,63757123660.0,confirmed,4631251,7450.0,34502819950.0,confirmed,0,3280.0,0.0,confirmed,0,272000.0,0.0,confirmed,0,1477.0,0.0,none,0,8.5600004196167,1385.239990234375,0.0,none,31144509943610.0,31.3995
20240719,146100000,209500.0,30607950000000.0,confirmed,29246387,2240.0,65511906880.0,confirmed,4631251,7570.0,35058570070.0,confirmed,0,3280.0,0.0,confirmed,0,280500.0,0.0,confirmed,0,1474.0,0.0,none,0,8.210000038146973,1385.239990234375,0.0,none,30708520476950.0,30.9706
20240722,146100000,205000.0,29950500000000.0,confirmed,29246387,2210.0,64634515270.0,confirmed,4631251,7470.0,34595444970.0,confirmed,0,3225.0,0.0,confirmed,0,281000.0,0.0,confirmed,0,1476.0,0.0,none,0,7.429999828338623,1387.0999755859375,0.0,none,30049729960240.0,30.3083
20240723,146100000,205000.0,29950500000000.0,confirmed,29246387,2280.0,66681762360.0,confirmed,4631251,7460.0,34549132460.0,confirmed,0,3230.0,0.0,confirmed,0,292000.0,0.0,confirmed,0,1475.0,0.0,none,0,8.079999923706055,1384.5699462890625,0.0,none,30051730894820.0,30.3185
20240724,146100000,208500.0,30461850000000.0,confirmed,29246387,2455.0,71799880085.0,confirmed,4631251,7460.0,34549132460.0,confirmed,0,3265.0,0.0,confirmed,0,287000.0,0.0,confirmed,0,1470.0,0.0,none,0,8.300000190734863,1382.6500244140625,0.0,none,30568199012545.0,30.8554
20240725,146100000,190000.0,27759000000000.0,confirmed,29246387,2355.0,68875241385.0,confirmed,4631251,7540.0,34919632540.0,confirmed,0,3280.0,0.0,confirmed,0,286500.0,0.0,confirmed,0,1445.0,0.0,none,0,7.619999885559082,1381.4300537109375,0.0,none,27862794873925.0,28.1383
20240726,146100000,191800.0,28021980000000.0,confirmed,29246387,2495.0,72969735565.0,confirmed,4631251,7600.0,35197507600.0,confirmed,0,3310.0,0.0,confirmed,0,285000.0,0.0,confirmed,0,1431.0,0.0,none,0,7.929999828338623,1381.4300537109375,0.0,none,28130147243165.0,28.422
20240729,146100000,195600.0,28577160000000.0,confirmed,29246387,2470.0,72238575890.0,confirmed,4631251,7620.0,35290132620.0,confirmed,0,3290.0,0.0,confirmed,0,292000.0,0.0,confirmed,0,1436.0,0.0,none,0,8.210000038146973,1381.3599853515625,0.0,none,28684688708510.0,28.9736
20240730,146100000,188900.0,27598290000000.0,confirmed,29246387,2350.0,68729009450.0,confirmed,4631251,7620.0,35290132620.0,confirmed,0,3250.0,0.0,confirmed,0,292500.0,0.0,confirmed,0,1428.0,0.0,none,0,7.889999866485596,1383.5,0.0,none,27702309142070.0,27.9772
20240731,146100000,194600.0,28431060000000.0,confirmed,29246387,2305.0,67412922035.0,confirmed,4631251,7590.0,35151195090.0,confirmed,0,3285.0,0.0,confirmed,0,294000.0,0.0,confirmed,0,1424.0,0.0,none,0,7.800000190734863,1367.9200439453125,0.0,none,28533624117125.0,28.8033
20240801,146100000,193300.0,28241130000000.0,confirmed,29246387,2345.0,68582777515.0,confirmed,4631251,7430.0,34410194930.0,confirmed,0,3335.0,0.0,confirmed,0,289500.0,0.0,confirmed,0,1426.0,0.0,none,0,8.149999618530273,1368.969970703125,0.0,none,28344122972445.0,28.6185
20240802,146100000,173200.0,25304520000000.0,confirmed,29246387,2155.0,63025963985.0,confirmed,4631251,7300.0,33808132300.0,confirmed,0,3415.0,0.0,confirmed,0,287500.0,0.0,confirmed,0,1415.0,0.0,none,0,7.519999980926514,1368.969970703125,0.0,none,25401354096285.0,25.6535
20240805,146100000,156100.0,22806210000000.0,confirmed,29246387,1810.0,52935960470.0,confirmed,4631251,6320.0,29269506320.0,confirmed,0,2785.0,0.0,confirmed,0,273000.0,0.0,confirmed,0,1347.0,0.0,none,0,7.079999923706055,1367.4000244140625,0.0,none,22888415466790.0,23.1002
20240806,146100000,163700.0,23916570000000.0,confirmed,29246387,1915.0,56006831105.0,confirmed,4631251,6400.0,29640006400.0,confirmed,0,2965.0,0.0,confirmed,0,285500.0,0.0,confirmed,0,1362.0,0.0,none,0,6.570000171661377,1370.31005859375,0.0,none,24002216837505.0,24.2262
20240807,146100000,169300.0,24734730000000.0,confirmed,29246387,2000.0,58492774000.0,confirmed,4631251,6500.0,30103131500.0,confirmed,0,3495.0,0.0,confirmed,0,277500.0,0.0,confirmed,0,1429.0,0.0,none,0,7.210000038146973,1375.3299560546875,0.0,none,24823325905500.0,25.0573
20240808,146100000,163400.0,23872740000000.0,confirmed,29246387,1966.0,57498396842.0,confirmed,4631251,6420.0,29732631420.0,confirmed,0,3665.0,0.0,confirmed,0,282000.0,0.0,confirmed,0,1445.0,0.0,none,0,6.800000190734863,1373.760009765625,0.0,none,23959971028262.0,24.19
20240809,146100000,171500.0,25056150000000.0,confirmed,29246387,2070.0,60540021090.0,confirmed,4631251,6600.0,30566256600.0,confirmed,0,3815.0,0.0,confirmed,0,294500.0,0.0,confirmed,0,1447.0,0.0,none,0,7.110000133514404,1373.760009765625,0.0,none,25147256277690.0,25.3894
20240812,146100000,177000.0,25859700000000.0,confirmed,29246387,2095.0,61271180765.0,confirmed,4631251,6740.0,31214631740.0,confirmed,0,3705.0,0.0,confirmed,0,293000.0,0.0,confirmed,0,1434.0,0.0,none,0,7.119999885559082,1369.5400390625,0.0,none,25952185812505.0,26.1973
20240813,146100000,181900.0,26575590000000.0,confirmed,29246387,2070.0,60540021090.0,confirmed,4631251,6780.0,31399881780.0,confirmed,0,3520.0,0.0,confirmed,0,331000.0,0.0,confirmed,0,1435.0,0.0,none,0,6.71999979019165,1362.1700439453125,0.0,none,26667529902870.0,26.9097
20240814,146100000,186700.0,27276870000000.0,confirmed,29246387,2040.0,59662629480.0,confirmed,4631251,6820.0,31585131820.0,confirmed,0,3555.0,0.0,confirmed,0,331500.0,0.0,confirmed,0,1401.0,0.0,none,0,7.28000020980835,1355.7099609375,0.0,none,27368117761300.0,27.6068
20240816,146100000,199700.0,29176170000000.0,confirmed,29246387,2045.0,59808861415.0,confirmed,4631251,6840.0,31677756840.0,confirmed,0,3660.0,0.0,confirmed,0,324500.0,0.0,confirmed,0,1423.0,0.0,none,0,7.420000076293945,1363.510009765625,0.0,none,29267656618255.0,29.5069
20240819,146100000,193900.0,28328790000000.0,confirmed,29246387,2060.0,60247557220.0,confirmed,4631251,6790.0,31446194290.0,confirmed,0,4470.0,0.0,confirmed,0,325000.0,0.0,confirmed,0,1413.0,0.0,none,0,7.28000020980835,1330.8800048828125,0.0,none,28420483751510.0,28.6615
20240820,146100000,199700.0,29176170000000.0,confirmed,29246387,2100.0,61417412700.0,confirmed,4631251,6820.0,31585131820.0,confirmed,0,4195.0,0.0,confirmed,0,333500.0,0.0,confirmed,0,1422.0,0.0,none,0,7.289999961853027,1327.5799560546875,0.0,none,29269172544520.0,29.5148
20240821,146100000,192600.0,28138860000000.0,confirmed,29246387,2090.0,61124948830.0,confirmed,4631251,6730.0,31168319230.0,confirmed,0,3790.0,0.0,confirmed,0,339500.0,0.0,confirmed,0,1429.0,0.0,none,0,7.210000038146973,1333.6600341796875,0.0,none,28231153268060.0,28.4757
20240822,146100000,191100.0,27919710000000.0,confirmed,29246387,2035.0,59516397545.0,confirmed,4631251,6700.0,31029381700.0,confirmed,0,3635.0,0.0,confirmed,0,346000.0,0.0,confirmed,0,1419.0,0.0,none,0,7.769999980926514,1339.5400390625,0.0,none,28010255779245.0,28.2483
20240823,146100000,185500.0,27101550000000.0,confirmed,29246387,2010.0,58785237870.0,confirmed,4631251,6740.0,31214631740.0,confirmed,0,3390.0,0.0,confirmed,0,348000.0,0.0,confirmed,0,1408.0,0.0,none,0,7.309999942779541,1339.5400390625,0.0,none,27191549869610.0,27.4267
20240826,146100000,179600.0,26239560000000.0,confirmed,29246387,1990.0,58200310130.0,confirmed,4631251,6690.0,30983069190.0,confirmed,0,3270.0,0.0,confirmed,0,349000.0,0.0,confirmed,0,1384.0,0.0,none,0,7.380000114440918,1326.6400146484375,0.0,none,26328743379320.0,26.5615
20240827,146100000,175000.0,25567500000000.0,confirmed,29246387,1969.0,57586136003.0,confirmed,4631251,6650.0,30797819150.0,confirmed,0,3265.0,0.0,confirmed,0,342000.0,0.0,confirmed,0,1383.0,0.0,none,0,7.510000228881836,1326.3599853515625,0.0,none,25655883955153.0,25.8862
20240828,146100000,179300.0,26195730000000.0,confirmed,29246387,1945.0,56884222715.0,confirmed,4631251,6730.0,31168319230.0,confirmed,0,3255.0,0.0,confirmed,0,332000.0,0.0,confirmed,0,1371.0,0.0,none,0,7.28000020980835,1336.68994140625,0.0,none,26283782541945.0,26.5113
20240829,146100000,169700.0,24793170000000.0,confirmed,29246387,1917.0,56065323879.0,confirmed,4631251,6670.0,30890444170.0,confirmed,0,3200.0,0.0,confirmed,0,333000.0,0.0,confirmed,0,1392.0,0.0,none,0,7.010000228881836,1332.8800048828125,0.0,none,24880125768049.0,25.1044
20240830,146100000,173700.0,25377570000000.0,confirmed,29246387,1903.0,55655874461.0,confirmed,4631251,6710.0,31075694210.0,confirmed,0,3220.0,0.0,confirmed,0,327000.0,0.0,confirmed,0,1352.0,0.0,none,0,7.320000171661377,1332.8800048828125,0.0,none,25464301568671.0,25.6869
20240902,146100000,174000.0,25421400000000.0,confirmed,29246387,1898.0,55509642526.0,confirmed,4631251,6900.0,31955631900.0,confirmed,0,3225.0,0.0,confirmed,0,323000.0,0.0,confirmed,0,1346.0,0.0,none,0,7.420000076293945,1337.550048828125,0.0,none,25508865274426.0,25.7309
20240903,146100000,168300.0,24588630000000.0,confirmed,29246387,1909.0,55831352783.0,confirmed,4631251,6890.0,31909319390.0,confirmed,0,3280.0,0.0,confirmed,0,317000.0,0.0,confirmed,0,1360.0,0.0,none,0,7.420000076293945,1340.4100341796875,0.0,none,24676370672173.0,24.8997
20240904,146100000,154800.0,22616280000000.0,confirmed,29246387,1850.0,54105815950.0,confirmed,4631251,6610.0,30612569110.0,confirmed,0,3155.0,0.0,confirmed,0,310500.0,0.0,confirmed,0,1345.0,0.0,none,0,6.960000038146973,1331.010009765625,0.0,none,22700998385060.0,22.9174
20240905,146100000,159400.0,23288340000000.0,confirmed,29246387,1838.0,53754859306.0,confirmed,4631251,6540.0,30288381540.0,confirmed,0,3100.0,0.0,confirmed,0,324000.0,0.0,confirmed,0,1337.0,0.0,none,0,7.010000228881836,1332.7900390625,0.0,none,23372383240846.0,23.5874
20240906,146100000,156400.0,22850040000000.0,confirmed,29246387,1734.0,50713235058.0,confirmed,4631251,6340.0,29362131340.0,confirmed,0,3025.0,0.0,confirmed,0,323000.0,0.0,confirmed,0,1322.0,0.0,none,0,7.039999961853027,1332.7900390625,0.0,none,22930115366398.0,23.133
20240909,146100000,157000.0,22937700000000.0,confirmed,29246387,1774.0,51883090538.0,confirmed,4631251,6370.0,29501068870.0,confirmed,0,3125.0,0.0,confirmed,0,328000.0,0.0,confirmed,0,1313.0,0.0,none,0,6.800000190734863,1341.27001953125,0.0,none,23019084159408.0,23.2266
20240910,146100000,155500.0,22718550000000.0,confirmed,29246387,1795.0,52497264665.0,confirmed,4631251,6350.0,29408443850.0,confirmed,0,3090.0,0.0,confirmed,0,320500.0,0.0,confirmed,0,1315.0,0.0,none,0,6.619999885559082,1343.3399658203125,0.0,none,22800455708515.0,23.0104
20240911,146100000,157200.0,22966920000000.0,confirmed,29246387,1751.0,51210423637.0,confirmed,4631251,6330.0,29315818830.0,confirmed,0,3115.0,0.0,confirmed,0,325000.0,0.0,confirmed,0,1310.0,0.0,none,0,6.900000095367432,1339.1800537109375,0.0,none,23047446242467.0,23.2523
20240912,146100000,168800.0,24661680000000.0,confirmed,29246387,1813.0,53023699631.0,confirmed,4631251,6680.0,30936756680.0,confirmed,0,3195.0,0.0,confirmed,0,321000.0,0.0,confirmed,0,1313.0,0.0,none,0,7.230000019073486,1335.68994140625,0.0,none,24745640456311.0,24.9577
20240913,146100000,162800.0,23785080000000.0,confirmed,29246387,1874.0,54807729238.0,confirmed,4631251,6700.0,31029381700.0,confirmed,0,3175.0,0.0,confirmed,0,338000.0,0.0,confirmed,0,1330.0,0.0,none,0,7.380000114440918,1335.68994140625,0.0,none,23870917110938.0,24.0901
20240919,146100000,152800.0,22324080000000.0,confirmed,29246387,1950.0,57030454650.0,confirmed,4631251,6770.0,31353569270.0,confirmed,0,3200.0,0.0,confirmed,0,348000.0,0.0,confirmed,0,1323.0,0.0,none,0,7.829999923706055,1327.6099853515625,0.0,none,22412464023920.0,22.6406
20240920,146100000,157100.0,22952310000000.0,confirmed,29246387,1935.0,56591758845.0,confirmed,4631251,6760.0,31307256760.0,confirmed,0,3210.0,0.0,confirmed,0,341000.0,0.0,confirmed,0,1303.0,0.0,none,0,7.71999979019165,1327.6099853515625,0.0,none,23040209015605.0,23.2666
20240923,146100000,162000.0,23668200000000.0,confirmed,29246387,1940.0,56737990780.0,confirmed,4631251,6720.0,31122006720.0,confirmed,0,3185.0,0.0,confirmed,0,340500.0,0.0,confirmed,0,1276.0,0.0,none,0,8.220000267028809,1333.6199951171875,0.0,none,23756059997500.0,23.983
20240924,146100000,163500.0,23887350000000.0,confirmed,29246387,1942.0,56796483554.0,confirmed,4631251,6760.0,31307256760.0,confirmed,0,3190.0,0.0,confirmed,0,348500.0,0.0,confirmed,0,1252.0,0.0,none,0,8.010000228881836,1324.8900146484375,0.0,none,23975453740314.0,24.2026
20240925,146100000,165300.0,24150330000000.0,confirmed,29246387,1929.0,56416280523.0,confirmed,4631251,6750.0,31260944250.0,confirmed,0,3180.0,0.0,confirmed,0,339000.0,0.0,confirmed,0,1263.0,0.0,none,0,8.119999885559082,1335.050048828125,0.0,none,24238007224773.0,24.4637
20240926,146100000,180900.0,26429490000000.0,confirmed,29246387,1979.0,57878599873.0,confirmed,4631251,6850.0,31724069350.0,confirmed,0,3230.0,0.0,confirmed,0,343000.0,0.0,confirmed,0,1254.0,0.0,none,0,7.590000152587891,1313.300048828125,0.0,none,26519092669223.0,26.7506
20240927,146100000,183800.0,26853180000000.0,confirmed,29246387,1952.0,57088947424.0,confirmed,4631251,6920.0,32048256920.0,confirmed,0,3240.0,0.0,confirmed,0,340500.0,0.0,confirmed,0,1248.0,0.0,none,0,8.0600004196167,1313.300048828125,0.0,none,26942317204344.0,27.1707
20240930,146100000,174600.0,25509060000000.0,confirmed,29246387,1920.0,56153063040.0,confirmed,4631251,6910.0,32001944410.0,confirmed,0,3175.0,0.0,confirmed,0,342500.0,0.0,confirmed,0,1242.0,0.0,none,0,9.710000038146973,1315.3299560546875,0.0,none,25597215007450.0,25.8218
20241002,146100000,169100.0,24705510000000.0,confirmed,29246387,1889.0,55246425043.0,confirmed,4631251,6830.0,31631444330.0,confirmed,0,3175.0,0.0,confirmed,0,338000.0,0.0,confirmed,0,1237.0,0.0,none,0,8.170000076293945,1324.030029296875,0.0,none,24792387869373.0,25.0134
20241004,146100000,174100.0,25436010000000.0,confirmed,29246387,1898.0,55509642526.0,confirmed,4631251,6820.0,31585131820.0,confirmed,0,3190.0,0.0,confirmed,0,335500.0,0.0,confirmed,0,1227.0,0.0,none,0,9.25,1334.4100341796875,0.0,none,25523104774346.0,25.7451
20241007,146100000,184900.0,27013890000000.0,confirmed,29246387,1855.0,54252047885.0,confirmed,4631251,6860.0,31770381860.0,confirmed,0,3180.0,0.0,confirmed,0,319000.0,0.0,confirmed,0,1126.0,0.0,none,0,9.3100004196167,1342.3699951171875,0.0,none,27099912429745.0,27.3169
20241008,146100000,178000.0,26005800000000.0,confirmed,29246387,1850.0,54105815950.0,confirmed,4631251,6780.0,31399881780.0,confirmed,0,3375.0,0.0,confirmed,0,326000.0,0.0,confirmed,0,1080.0,0.0,none,0,9.069999694824219,1341.31005859375,0.0,none,26091305697730.0,26.3077
20241010,146100000,186700.0,27276870000000.0,confirmed,29246387,1833.0,53608627371.0,confirmed,4631251,6780.0,31399881780.0,confirmed,0,4075.0,0.0,confirmed,0,324500.0,0.0,confirmed,0,1114.0,0.0,none,0,9.539999961853027,1349.739990234375,0.0,none,27361878509151.0,27.5763
20241011,146100000,186000.0,27174600000000.0,confirmed,29246387,1817.0,53140685179.0,confirmed,4631251,6700.0,31029381700.0,confirmed,0,3830.0,0.0,confirmed,0,331500.0,0.0,confirmed,0,1125.0,0.0,none,0,9.8100004196167,1349.739990234375,0.0,none,27258770066879.0,27.4713
20241014,146100000,187500.0,27393750000000.0,confirmed,29246387,1810.0,52935960470.0,confirmed,4631251,6660.0,30844131660.0,confirmed,0,3715.0,0.0,confirmed,0,330500.0,0.0,confirmed,0,1048.0,0.0,none,0,10.65999984741211,1357.27001953125,0.0,none,27477530092130.0,27.6893
20241015,146100000,192900.0,28182690000000.0,confirmed,29246387,1809.0,52906714083.0,confirmed,4631251,6650.0,30797819150.0,confirmed,0,4825.0,0.0,confirmed,0,340500.0,0.0,confirmed,0,1079.0,0.0,none,0,10.84000015258789,1363.1800537109375,0.0,none,28266394533233.0,28.478
20241016,146100000,188700.0,27569070000000.0,confirmed,29246387,1748.0,51122684476.0,confirmed,4631251,6670.0,30890444170.0,confirmed,0,4915.0,0.0,confirmed,0,338500.0,0.0,confirmed,0,1089.0,0.0,none,0,10.489999771118164,1364.199951171875,0.0,none,27651083128646.0,27.8556
20241017,146100000,196000.0,28635600000000.0,confirmed,29246387,1735.0,50742481445.0,confirmed,4631251,6670.0,30890444170.0,confirmed,0,4655.0,0.0,confirmed,0,334500.0,0.0,confirmed,0,1097.0,0.0,none,0,12.300000190734863,1370.050048828125,0.0,none,28717232925615.0,28.9202
20241018,146100000,187300.0,27364530000000.0,confirmed,29246387,1729.0,50567003123.0,confirmed,4631251,6660.0,30844131660.0,confirmed,0,4365.0,0.0,confirmed,0,340500.0,0.0,confirmed,0,1090.0,0.0,none,0,12.5,1370.050048828125,0.0,none,27445941134783.0,27.6482
20241021,146100000,190900.0,27890490000000.0,confirmed,29246387,1737.0,50800974219.0,confirmed,4631251,6930.0,32094569430.0,confirmed,0,4890.0,0.0,confirmed,0,343000.0,0.0,confirmed,0,1089.0,0.0,none,0,13.300000190734863,1376.5,0.0,none,27973385543649.0,28.1766
20241022,146100000,187800.0,27437580000000.0,confirmed,29246387,1745.0,51034945315.0,confirmed,4631251,6920.0,32048256920.0,confirmed,0,4530.0,0.0,confirmed,0,340500.0,0.0,confirmed,0,1084.0,0.0,none,0,14.760000228881836,1376.6300048828125,0.0,none,27520663202235.0,27.7248
20241023,146100000,196000.0,28635600000000.0,confirmed,29246387,2265.0,66243066555.0,confirmed,4631251,7320.0,33900757320.0,confirmed,0,4635.0,0.0,confirmed,0,333000.0,0.0,confirmed,0,1077.0,0.0,none,0,15.010000228881836,1377.3399658203125,0.0,none,28735743823875.0,29.0007
20241024,146100000,198200.0,28957020000000.0,confirmed,29246387,2430.0,71068720410.0,confirmed,4631251,7290.0,33761819790.0,confirmed,0,4485.0,0.0,confirmed,0,347000.0,0.0,confirmed,0,1076.0,0.0,none,0,14.739999771118164,1376.3199462890625,0.0,none,29061850540200.0,29.3461
20241025,146100000,201000.0,29366100000000.0,confirmed,29246387,2460.0,71946112020.0,confirmed,4631251,7290.0,33761819790.0,confirmed,0,4255.0,0.0,confirmed,0,344500.0,0.0,confirmed,0,1077.0,0.0,none,0,15.710000038146973,1376.3199462890625,0.0,none,29471807931810.0,29.7596
20241028,146100000,196000.0,28635600000000.0,confirmed,29246387,2485.0,72677271695.0,confirmed,4631251,7410.0,34317569910.0,confirmed,0,4270.0,0.0,confirmed,0,345500.0,0.0,confirmed,0,1073.0,0.0,none,0,16.959999084472656,1387.6600341796875,0.0,none,28742594841605.0,29.0333
20241029,146100000,190300.0,27802830000000.0,confirmed,29246387,2245.0,65658138815.0,confirmed,4631251,7420.0,34363882420.0,confirmed,0,4205.0,0.0,confirmed,0,345000.0,0.0,confirmed,0,1096.0,0.0,none,0,17.809999465942383,1381.969970703125,0.0,none,27902852021235.0,28.1655
20241030,146100000,195000.0,28489500000000.0,confirmed,29246387,2070.0,60540021090.0,confirmed,4631251,7320.0,33900757320.0,confirmed,0,3910.0,0.0,confirmed,0,344000.0,0.0,confirmed,0,1145.0,0.0,none,0,16.739999771118164,1383.1800537109375,0.0,none,28583940778410.0,28.8261
20241031,146100000,186300.0,27218430000000.0,confirmed,29246387,2135.0,62441036245.0,confirmed,4631251,7420.0,34363882420.0,confirmed,0,3850.0,0.0,confirmed,0,331000.0,0.0,confirmed,0,1126.0,0.0,none,0,16.8700008392334,1378.5699462890625,0.0,none,27315234918665.0,27.565
20241101,146100000,182200.0,26619420000000.0,confirmed,29246387,2010.0,58785237870.0,confirmed,4631251,7510.0,34780695010.0,confirmed,0,3990.0,0.0,confirmed,0,333500.0,0.0,confirmed,0,1126.0,0.0,none,0,15.029999732971191,1372.9300537109375,0.0,none,26712985932880.0,26.9481
20241104,146100000,194000.0,28343400000000.0,confirmed,29246387,1936.0,56621005232.0,confirmed,4631251,7630.0,35336445130.0,confirmed,0,4000.0,0.0,confirmed,0,337500.0,0.0,confirmed,0,1136.0,0.0,none,0,14.850000381469727,1379.3399658203125,0.0,none,28435357450362.0,28.6618
20241105,146100000,193200.0,28226520000000.0,confirmed,29246387,1891.0,55304917817.0,confirmed,4631251,7920.0,36679507920.0,confirmed,0,4035.0,0.0,confirmed,0,332500.0,0.0,confirmed,0,1147.0,0.0,none,0,14.369999885559082,1372.8599853515625,0.0,none,28318504425737.0,28.5397
20241106,146100000,195800.0,28606380000000.0,confirmed,29246387,1804.0,52760482148.0,confirmed,4631251,7810.0,36170070310.0,confirmed,0,3930.0,0.0,confirmed,0,347500.0,0.0,confirmed,0,1132.0,0.0,none,0,15.350000381469727,1378.0,0.0,none,28695310552458.0,28.9064
20241107,146100000,197400.0,28840140000000.0,confirmed,29246387,1782.0,52117061634.0,confirmed,4631251,7790.0,36077445290.0,confirmed,0,3770.0,0.0,confirmed,0,351000.0,0.0,confirmed,0,1106.0,0.0,none,0,16.450000762939453,1399.800048828125,0.0,none,28928334506924.0,29.1368
20241108,146100000,200500.0,29293050000000.0,confirmed,29246387,1760.0,51473641120.0,confirmed,4631251,7790.0,36077445290.0,confirmed,0,3835.0,0.0,confirmed,0,325000.0,0.0,confirmed,0,1116.0,0.0,none,0,22.110000610351562,1372.0799560546875,0.0,none,29380601086410.0,29.5865
20241111,146100000,192600.0,28138860000000.0,confirmed,29246387,1687.0,49338654869.0,confirmed,4631251,7470.0,34595444970.0,confirmed,0,3820.0,0.0,confirmed,0,317500.0,0.0,confirmed,0,1087.0,0.0,none,0,24.790000915527344,1397.199951171875,0.0,none,28222794099839.0,28.4201
20241112,146100000,185800.0,27145380000000.0,confirmed,29246387,1602.0,46852711974.0,confirmed,4631251,7250.0,33576569750.0,confirmed,0,3485.0,0.0,confirmed,0,295500.0,0.0,confirmed,0,1034.0,0.0,none,0,23.520000457763672,1400.550048828125,0.0,none,27225809281724.0,27.4132
20241113,146100000,182900.0,26721690000000.0,confirmed,29246387,1550.0,45331899850.0,confirmed,4631251,7080.0,32789257080.0,confirmed,0,3355.0,0.0,confirmed,0,294000.0,0.0,confirmed,0,1010.0,0.0,none,0,23.010000228881836,1406.6500244140625,0.0,none,26799811156930.0,26.9811
20241114,146100000,173000.0,25275300000000.0,confirmed,29246387,1520.0,44454508240.0,confirmed,4631251,6970.0,32279819470.0,confirmed,0,3315.0,0.0,confirmed,0,293500.0,0.0,confirmed,0,1049.0,0.0,none,0,26.760000228881836,1399.0,0.0,none,25352034327710.0,25.5299
20241115,146100000,178200.0,26035020000000.0,confirmed,29246387,1552.0,45390392624.0,confirmed,4631251,7390.0,34224944890.0,confirmed,0,3320.0,0.0,confirmed,0,289500.0,0.0,confirmed,0,1049.0,0.0,none,0,26.15999984741211,1400.8299560546875,0.0,none,26114635337514.0,26.2962
20241118,146100000,171700.0,25085370000000.0,confirmed,29246387,1595.0,46647987265.0,confirmed,4631251,7660.0,35475382660.0,confirmed,0,3370.0,0.0,confirmed,0,295000.0,0.0,confirmed,0,1040.0,0.0,none,0,29.139999389648438,1394.3499755859375,0.0,none,25167493369925.0,25.3541
20241119,146100000,170600.0,24924660000000.0,confirmed,29246387,1618.0,47320654166.0,confirmed,4631251,7690.0,35614320190.0,confirmed,0,3350.0,0.0,confirmed,0,305500.0,0.0,confirmed,0,1036.0,0.0,none,0,25.229999542236328,1389.5,0.0,none,25007594974356.0,25.1969
20241120,146100000,170600.0,24924660000000.0,confirmed,29246387,1666.0,48724480742.0,confirmed,4631251,7800.0,36123757800.0,confirmed,0,3360.0,0.0,confirmed,0,308000.0,0.0,confirmed,0,1026.0,0.0,none,0,27.889999389648438,1392.1600341796875,0.0,none,25009508238542.0,25.2044
20241121,146100000,168800.0,24661680000000.0,confirmed,29246387,1674.0,48958451838.0,confirmed,4631251,7800.0,36123757800.0,confirmed,0,3315.0,0.0,confirmed,0,307000.0,0.0,confirmed,0,1033.0,0.0,none,0,28.860000610351562,1397.6199951171875,0.0,none,24746762209638.0,24.9426
20241122,146100000,176700.0,25815870000000.0,confirmed,29246387,1675.0,48987698225.0,confirmed,4631251,7740.0,35845882740.0,confirmed,0,3270.0,0.0,confirmed,0,308500.0,0.0,confirmed,0,1043.0,0.0,none,0,32.779998779296875,1399.5999755859375,0.0,none,25900703580965.0,26.0967
20241125,146100000,177000.0,25859700000000.0,confirmed,29246387,1575.0,46063059525.0,confirmed,4631251,7780.0,36031132780.0,confirmed,0,3390.0,0.0,confirmed,0,307000.0,0.0,confirmed,0,1034.0,0.0,none,0,31.799999237060547,1403.510009765625,0.0,none,25941794192305.0,26.126
20241126,146100000,177100.0,25874310000000.0,confirmed,29246387,1610.0,47086683070.0,confirmed,4631251,7760.0,35938507760.0,confirmed,0,3405.0,0.0,confirmed,0,307000.0,0.0,confirmed,0,1024.0,0.0,none,0,30.8799991607666,1395.56005859375,0.0,none,25957335190830.0,26.1457
20241127,146100000,168300.0,24588630000000.0,confirmed,29246387,1637.0,47876335519.0,confirmed,4631251,7710.0,35706945210.0,confirmed,0,3380.0,0.0,confirmed,0,310500.0,0.0,confirmed,0,1023.0,0.0,none,0,30.649999618530273,1395.27001953125,0.0,none,24672213280729.0,24.8637
20241128,146100000,161100.0,23536710000000.0,confirmed,29246387,1637.0,47876335519.0,confirmed,4631251,7550.0,34965945050.0,confirmed,0,3435.0,0.0,confirmed,0,316000.0,0.0,confirmed,0,1019.0,0.0,none,0,32.209999084472656,1388.469970703125,0.0,none,23619552280569.0,23.8111
20241129,146100000,159900.0,23361390000000.0,confirmed,29246387,1605.0,46940451135.0,confirmed,4631251,7330.0,33947069830.0,confirmed,0,3320.0,0.0,confirmed,0,312000.0,0.0,confirmed,0,1014.0,0.0,none,0,32.209999084472656,1393.300048828125,0.0,none,23442277520965.0,23.63
20241202,146100000,158800.0,23200680000000.0,confirmed,29246387,1580.0,46209291460.0,confirmed,4631251,7300.0,33808132300.0,confirmed,0,3285.0,0.0,confirmed,0,327500.0,0.0,confirmed,0,1006.0,0.0,none,0,36.5,1399.8599853515625,0.0,none,23280697423760.0,23.4655
20241203,146100000,164900.0,24091890000000.0,confirmed,29246387,1618.0,47320654166.0,confirmed,4631251,7620.0,35290132620.0,confirmed,0,3445.0,0.0,confirmed,0,328500.0,0.0,confirmed,0,1004.0,0.0,none,0,32.060001373291016,1401.06005859375,0.0,none,24174500786786.0,24.3638
20241204,146100000,168000.0,24544800000000.0,confirmed,29246387,1590.0,46501755330.0,confirmed,4631251,7510.0,34780695010.0,confirmed,0,3320.0,0.0,confirmed,0,327000.0,0.0,confirmed,0,1009.0,0.0,none,0,32.790000915527344,1411.6700439453125,0.0,none,24626082450340.0,24.8121
20241205,146100000,173000.0,25275300000000.0,confirmed,29246387,1541.0,45068682367.0,confirmed,4631251,7500.0,34734382500.0,confirmed,0,3195.0,0.0,confirmed,0,316500.0,0.0,confirmed,0,1005.0,0.0,none,0,33.41999816894531,1410.800048828125,0.0,none,25355103064867.0,25.5354
20241206,146100000,167100.0,24413310000000.0,confirmed,29246387,1481.0,43313899147.0,confirmed,4631251,7300.0,33808132300.0,confirmed,0,3100.0,0.0,confirmed,0,310500.0,0.0,confirmed,0,1007.0,0.0,none,0,35.95000076293945,1399.989990234375,0.0,none,24490432031447.0,24.6637
20241209,146100000,168900.0,24676290000000.0,confirmed,29246387,1423.0,41617608701.0,confirmed,4631251,6700.0,31029381700.0,confirmed,0,2900.0,0.0,confirmed,0,301000.0,0.0,confirmed,0,982.0,0.0,none,0,37.970001220703125,1424.219970703125,0.0,none,24748936990401.0,24.9154
20241210,146100000,170400.0,24895440000000.0,confirmed,29246387,1521.0,44483754627.0,confirmed,4631251,7200.0,33345007200.0,confirmed,0,3140.0,0.0,confirmed,0,302500.0,0.0,confirmed,0,1014.0,0.0,none,0,34.2400016784668,1426.5999755859375,0.0,none,24973268761827.0,25.1512
20241211,146100000,171800.0,25099980000000.0,confirmed,29246387,1658.0,48490509646.0,confirmed,4631251,7370.0,34132319870.0,confirmed,0,3325.0,0.0,confirmed,0,319500.0,0.0,confirmed,0,1189.0,0.0,none,0,32.970001220703125,1433.949951171875,0.0,none,25182602829516.0,25.3766
20241212,146100000,176100.0,25728210000000.0,confirmed,29246387,1616.0,47262161392.0,confirmed,4631251,7400.0,34271257400.0,confirmed,0,3335.0,0.0,confirmed,0,325500.0,0.0,confirmed,0,1545.0,0.0,none,0,29.829999923706055,1429.1500244140625,0.0,none,25809743418792.0,25.9988
20241213,146100000,175500.0,25640550000000.0,confirmed,29246387,1739.0,50859466993.0,confirmed,4631251,7390.0,34224944890.0,confirmed,0,3385.0,0.0,confirmed,0,340500.0,0.0,confirmed,0,2005.0,0.0,none,0,29.989999771118164,1427.8599853515625,0.0,none,25725634411883.0,25.9291
20241216,146100000,179300.0,26195730000000.0,confirmed,29246387,1712.0,50069814544.0,confirmed,4631251,7480.0,34641757480.0,confirmed,0,3395.0,0.0,confirmed,0,344000.0,0.0,confirmed,0,2010.0,0.0,none,0,33.83000183105469,1434.449951171875,0.0,none,26280441572024.0,26.4807
20241217,146100000,184000.0,26882400000000.0,confirmed,29246387,1738.0,50830220606.0,confirmed,4631251,7410.0,34317569910.0,confirmed,0,3435.0,0.0,confirmed,0,342000.0,0.0,confirmed,0,1955.0,0.0,none,0,41.810001373291016,1431.3499755859375,0.0,none,26967547790516.0,27.1709
20241218,146100000,183500.0,26809350000000.0,confirmed,29246387,1745.0,51034945315.0,confirmed,4631251,7640.0,35382757640.0,confirmed,0,3420.0,0.0,confirmed,0,327500.0,0.0,confirmed,0,1939.0,0.0,none,0,43.84000015258789,1436.4200439453125,0.0,none,26895767702955.0,27.0999
20241219,146100000,175000.0,25567500000000.0,confirmed,29246387,1703.0,49806597061.0,confirmed,4631251,7590.0,35151195090.0,confirmed,0,3380.0,0.0,confirmed,0,320500.0,0.0,confirmed,0,1909.0,0.0,none,0,37.5,1451.5,0.0,none,25652457792151.0,25.8517
20241220,146100000,168500.0,24617850000000.0,confirmed,29246387,1707.0,49923582609.0,confirmed,4631251,7520.0,34827007520.0,confirmed,0,3280.0,0.0,confirmed,0,311500.0,0.0,confirmed,0,2030.0,0.0,none,0,37.7599983215332,1437.449951171875,0.0,none,24702600590129.0,24.9023
20241223,146100000,169600.0,24778560000000.0,confirmed,29246387,1675.0,48987698225.0,confirmed,4631251,7530.0,34873320030.0,confirmed,0,3360.0,0.0,confirmed,0,308500.0,0.0,confirmed,0,2080.0,0.0,none,0,44.41999816894531,1445.4200439453125,0.0,none,24862421018255.0,25.0584
20241224,146100000,168500.0,24617850000000.0,confirmed,29246387,1674.0,48958451838.0,confirmed,4631251,7580.0,35104882580.0,confirmed,0,3300.0,0.0,confirmed,0,306000.0,0.0,confirmed,0,2300.0,0.0,none,0,41.31999969482422,1442.699951171875,0.0,none,24701913334418.0,24.8977
20241226,146100000,170100.0,24851610000000.0,confirmed,29246387,1702.0,49777350674.0,confirmed,4631251,7580.0,35104882580.0,confirmed,0,3215.0,0.0,confirmed,0,307000.0,0.0,confirmed,0,2990.0,0.0,none,0,44.58000183105469,1457.6099853515625,0.0,none,24936492233254.0,25.1356
20241227,146100000,174500.0,25494450000000.0,confirmed,29246387,1623.0,47466886101.0,confirmed,4631251,7410.0,34317569910.0,confirmed,0,3175.0,0.0,confirmed,0,310000.0,0.0,confirmed,0,2990.0,0.0,none,0,48.2400016784668,1466.989990234375,0.0,none,25576234456011.0,25.7661
20241230,146100000,173900.0,25406790000000.0,confirmed,29246387,1682.0,49192422934.0,confirmed,4631251,7380.0,34178632380.0,confirmed,0,3255.0,0.0,confirmed,0,312500.0,0.0,confirmed,0,2990.0,0.0,none,0,45.47999954223633,1472.800048828125,0.0,none,25490161055314.0,25.6869
20250102,146100000,171200.0,25012320000000.0,confirmed,29246387,1818.0,53169931566.0,confirmed,4631251,7300.0,33808132300.0,confirmed,0,3295.0,0.0,confirmed,0,316500.0,0.0,confirmed,0,3220.0,0.0,none,0,41.77000045776367,1473.52001953125,0.0,none,25099298063866.0,25.312
20250103,146100000,181900.0,26575590000000.0,confirmed,29246387,1759.0,51444394733.0,confirmed,4631251,7280.0,33715507280.0,confirmed,0,3315.0,0.0,confirmed,0,335000.0,0.0,confirmed,0,3670.0,0.0,none,0,43.099998474121094,1471.6500244140625,0.0,none,26660749902013.0,26.8665
20250106,146100000,199800.0,29190780000000.0,confirmed,29246387,1740.0,50888713380.0,confirmed,4631251,7340.0,33993382340.0,confirmed,0,3600.0,0.0,confirmed,0,346500.0,0.0,confirmed,0,3665.0,0.0,none,0,47.77000045776367,1465.530029296875,0.0,none,29275662095720.0,29.4792
20250107,146100000,195000.0,28489500000000.0,confirmed,29246387,1741.0,50917959767.0,confirmed,4631251,7210.0,33391319710.0,confirmed,0,4165.0,0.0,confirmed,0,331000.0,0.0,confirmed,0,3730.0,0.0,none,0,51.06999969482422,1459.449951171875,0.0,none,28573809279477.0,28.7775
20250108,146100000,194700.0,28445670000000.0,confirmed,29246387,1757.0,51385901959.0,confirmed,4631251,7270.0,33669194770.0,confirmed,0,4310.0,0.0,confirmed,0,325000.0,0.0,confirmed,0,3975.0,0.0,none,0,49.59000015258789,1451.8800048828125,0.0,none,28530725096729.0,28.7363
20250109,146100000,205000.0,29950500000000.0,confirmed,29246387,1743.0,50976452541.0,confirmed,4631251,7270.0,33669194770.0,confirmed,0,4150.0,0.0,confirmed,0,326000.0,0.0,confirmed,0,3940.0,0.0,none,0,30.25,1457.969970703125,0.0,none,30035145647311.0,30.2391
20250110,146100000,203500.0,29731350000000.0,confirmed,29246387,1764.0,51590626668.0,confirmed,4631251,7200.0,33345007200.0,confirmed,0,3970.0,0.0,confirmed,0,335000.0,0.0,confirmed,0,3870.0,0.0,none,0,30.25,1455.22998046875,0.0,none,29816285633868.0,30.0226
20250113,146100000,194300.0,28387230000000.0,confirmed,29246387,1713.0,50099060931.0,confirmed,4631251,7120.0,32974507120.0,confirmed,0,3870.0,0.0,confirmed,0,333500.0,0.0,confirmed,0,3690.0,0.0,none,0,32.33000183105469,1472.25,0.0,none,28470303568051.0,28.6707
20250114,146100000,195000.0,28489500000000.0,confirmed,29246387,1744.0,51005698928.0,confirmed,4631251,7150.0,33113444650.0,confirmed,0,3875.0,0.0,confirmed,0,342500.0,0.0,confirmed,0,3665.0,0.0,none,0,27.860000610351562,1458.8900146484375,0.0,none,28573619143578.0,28.7776
20250115,146100000,198200.0,28957020000000.0,confirmed,29246387,1706.0,49894336222.0,confirmed,4631251,7140.0,33067132140.0,confirmed,0,3725.0,0.0,confirmed,0,336000.0,0.0,confirmed,0,3505.0,0.0,none,0,29.510000228881836,1460.43994140625,0.0,none,29039981468362.0,29.2396
20250116,146100000,210000.0,30681000000000.0,confirmed,29246387,1774.0,51883090538.0,confirmed,4631251,7140.0,33067132140.0,confirmed,0,3810.0,0.0,confirmed,0,331500.0,0.0,confirmed,0,3480.0,0.0,none,0,39.38999938964844,1437.219970703125,0.0,none,30765950222678.0,30.9735
20250117,146100000,214500.0,31338450000000.0,confirmed,29246387,1763.0,51561380281.0,confirmed,4631251,7130.0,33020819630.0,confirmed,0,3740.0,0.0,confirmed,0,341500.0,0.0,confirmed,0,3670.0,0.0,none,0,41.54999923706055,1453.3199462890625,0.0,none,31423032199911.0,31.6293
20250120,146100000,212000.0,30973200000000.0,confirmed,29246387,1723.0,50391524801.0,confirmed,4631251,7130.0,33020819630.0,confirmed,0,3740.0,0.0,confirmed,0,345000.0,0.0,confirmed,0,3800.0,0.0,none,0,38.88999938964844,1457.3800048828125,0.0,none,31056612344431.0,31.2582
20250121,146100000,218000.0,31849800000000.0,confirmed,29246387,1677.0,49046190999.0,confirmed,4631251,7130.0,33020819630.0,confirmed,0,3720.0,0.0,confirmed,0,347000.0,0.0,confirmed,0,3720.0,0.0,none,0,38.88999938964844,1435.530029296875,0.0,none,31931867010629.0,32.1281
20250122,146100000,225500.0,32945550000000.0,confirmed,29246387,1673.0,48929205451.0,confirmed,4631251,7430.0,34410194930.0,confirmed,0,3670.0,0.0,confirmed,0,337000.0,0.0,confirmed,0,3775.0,0.0,none,0,45.310001373291016,1425.7900390625,0.0,none,33028889400381.0,33.2246
20250123,146100000,219500.0,32068950000000.0,confirmed,29246387,1662.0,48607495194.0,confirmed,4631251,7340.0,33993382340.0,confirmed,0,3630.0,0.0,confirmed,0,337500.0,0.0,confirmed,0,3780.0,0.0,none,0,42.040000915527344,1434.3399658203125,0.0,none,32151550877534.0,32.346
20250124,146100000,221000.0,32288100000000.0,confirmed,29246387,1685.0,49280162095.0,confirmed,4631251,7280.0,33715507280.0,confirmed,0,3580.0,0.0,confirmed,0,343000.0,0.0,confirmed,0,3905.0,0.0,none,0,41.349998474121094,1433.9300537109375,0.0,none,32371095669375.0,32.5682
20250131,146100000,199200.0,29103120000000.0,confirmed,29246387,1675.0,48987698225.0,confirmed,4631251,7190.0,33298694690.0,confirmed,0,3570.0,0.0,confirmed,0,364000.0,0.0,confirmed,0,4140.0,0.0,none,0,38.810001373291016,1441.6600341796875,0.0,none,29185406392915.0,29.3814
20250203,146100000,190900.0,27890490000000.0,confirmed,29246387,1765.0,51619873055.0,confirmed,4631251,6970.0,32279819470.0,confirmed,0,3450.0,0.0,confirmed,0,360000.0,0.0,confirmed,0,4120.0,0.0,none,0,39.4900016784668,1456.780029296875,0.0,none,27974389692525.0,28.1809
20250204,146100000,191100.0,27919710000000.0,confirmed,29246387,1790.0,52351032730.0,confirmed,4631251,7120.0,32974507120.0,confirmed,0,3530.0,0.0,confirmed,0,362500.0,0.0,confirmed,0,4035.0,0.0,none,0,41.470001220703125,1459.050048828125,0.0,none,28005035539850.0,28.2144
20250205,146100000,198800.0,29044680000000.0,confirmed,29246387,1811.0,52965206857.0,confirmed,4631251,7240.0,33530257240.0,confirmed,0,3605.0,0.0,confirmed,0,376000.0,0.0,confirmed,0,3940.0,0.0,none,0,41.86000061035156,1450.1600341796875,0.0,none,29131175464097.0,29.343
20250206,146100000,203500.0,29731350000000.0,confirmed,29246387,1805.0,52789728535.0,confirmed,4631251,7230.0,33483944730.0,confirmed,0,3560.0,0.0,confirmed,0,381000.0,0.0,confirmed,0,3995.0,0.0,none,0,42.31999969482422,1443.8900146484375,0.0,none,29817623673265.0,30.0288
20250207,146100000,203000.0,29658300000000.0,confirmed,29246387,1789.0,52321786343.0,confirmed,4631251,7180.0,33252382180.0,confirmed,0,3480.0,0.0,confirmed,0,383000.0,0.0,confirmed,0,3830.0,0.0,none,0,41.27000045776367,1442.1500244140625,0.0,none,29743874168523.0,29.9532
20250210,146100000,198100.0,28942410000000.0,confirmed,29246387,1780.0,52058568860.0,confirmed,4631251,7180.0,33252382180.0,confirmed,0,3525.0,0.0,confirmed,0,377500.0,0.0,confirmed,0,3665.0,0.0,none,0,40.56999969482422,1450.6199951171875,0.0,none,29027720951040.0,29.236
20250211,146100000,199700.0,29176170000000.0,confirmed,29246387,1770.0,51766104990.0,confirmed,4631251,7170.0,33206069670.0,confirmed,0,3550.0,0.0,confirmed,0,375000.0,0.0,confirmed,0,3695.0,0.0,none,0,41.06999969482422,1453.2099609375,0.0,none,29261142174660.0,29.4682
20250212,146100000,198900.0,29059290000000.0,confirmed,29246387,1767.0,51678365829.0,confirmed,4631251,7140.0,33067132140.0,confirmed,0,3470.0,0.0,confirmed,0,322500.0,0.0,confirmed,0,3660.0,0.0,none,0,37.70000076293945,1450.75,0.0,none,29144035497969.0,29.3507
20250213,146100000,208500.0,30461850000000.0,confirmed,29246387,1752.0,51239670024.0,confirmed,4631251,7160.0,33159757160.0,confirmed,0,3530.0,0.0,confirmed,0,317000.0,0.0,confirmed,0,3650.0,0.0,none,0,38.0,1452.1199951171875,0.0,none,30546249427184.0,30.7512
20250214,146100000,210000.0,30681000000000.0,confirmed,29246387,1792.0,52409525504.0,confirmed,4631251,7230.0,33483944730.0,confirmed,0,3500.0,0.0,confirmed,0,312000.0,0.0,confirmed,0,3620.0,0.0,none,0,38.650001525878906,1438.739990234375,0.0,none,30766893470234.0,30.9765
20250217,146100000,212000.0,30973200000000.0,confirmed,29246387,1821.0,53257670727.0,confirmed,4631251,7230.0,33483944730.0,confirmed,0,3625.0,0.0,confirmed,0,322500.0,0.0,confirmed,0,3505.0,0.0,none,0,37.459999084472656,1432.5999755859375,0.0,none,31059941615457.0,31.273
20250218,146100000,210000.0,30681000000000.0,confirmed,29246387,1802.0,52701989374.0,confirmed,4631251,7390.0,34224944890.0,confirmed,0,3665.0,0.0,confirmed,0,321500.0,0.0,confirmed,0,3575.0,0.0,none,0,37.459999084472656,1441.2900390625,0.0,none,30767926934264.0,30.9787
20250219,146100000,218500.0,31922850000000.0,confirmed,29246387,1774.0,51883090538.0,confirmed,4631251,7390.0,34224944890.0,confirmed,0,3640.0,0.0,confirmed,0,335000.0,0.0,confirmed,0,3550.0,0.0,none,0,33.939998626708984,1440.0799560546875,0.0,none,32008958035428.0,32.2165
20250220,146100000,212000.0,30973200000000.0,confirmed,29246387,1812.0,52994453244.0,confirmed,4631251,7390.0,34224944890.0,confirmed,0,3605.0,0.0,confirmed,0,332000.0,0.0,confirmed,0,3500.0,0.0,none,0,34.13999938964844,1439.97998046875,0.0,none,31060419398134.0,31.2724
20250221,146100000,209500.0,30607950000000.0,confirmed,29246387,1790.0,52351032730.0,confirmed,4631251,7500.0,34734382500.0,confirmed,0,3620.0,0.0,confirmed,0,327500.0,0.0,confirmed,0,3395.0,0.0,none,0,33.75,1431.699951171875,0.0,none,30695035415230.0,30.9044
20250224,146100000,205000.0,29950500000000.0,confirmed,29246387,1758.0,51415148346.0,confirmed,4631251,7570.0,35058570070.0,confirmed,0,3655.0,0.0,confirmed,0,327000.0,0.0,confirmed,0,3735.0,0.0,none,0,31.739999771118164,1434.2900390625,0.0,none,30036973718416.0,30.2426
20250225,146100000,200500.0,29293050000000.0,confirmed,29246387,1770.0,51766104990.0,confirmed,4631251,7510.0,34780695010.0,confirmed,0,3690.0,0.0,confirmed,0,325000.0,0.0,confirmed,0,3775.0,0.0,none,0,31.239999771118164,1428.6500244140625,0.0,none,29379596800000.0,29.5867
20250226,146100000,203000.0,29658300000000.0,confirmed,29246387,1766.0,51649119442.0,confirmed,4631251,7530.0,34873320030.0,confirmed,0,3640.0,0.0,confirmed,0,340000.0,0.0,confirmed,0,3620.0,0.0,none,0,29.729999542236328,1429.5,0.0,none,29744822439472.0,29.9514
20250227,146100000,199200.0,29103120000000.0,confirmed,29246387,1755.0,51327409185.0,confirmed,4631251,7450.0,34502819950.0,confirmed,0,3600.0,0.0,confirmed,0,341500.0,0.0,confirmed,0,3570.0,0.0,none,0,29.93000030517578,1434.4200439453125,0.0,none,29188950229135.0,29.3943
20250228,146100000,190200.0,27788220000000.0,confirmed,29246387,1728.0,50537756736.0,confirmed,4631251,7270.0,33669194770.0,confirmed,0,3500.0,0.0,confirmed,0,343500.0,0.0,confirmed,0,3535.0,0.0,none,0,24.90999984741211,1449.8599853515625,0.0,none,27872426951506.0,28.0746
20250304,146100000,186100.0,27189210000000.0,confirmed,29246387,1668.0,48782973516.0,confirmed,4631251,7260.0,33622882260.0,confirmed,0,3395.0,0.0,confirmed,0,334000.0,0.0,confirmed,0,3365.0,0.0,none,0,23.110000610351562,1457.9300537109375,0.0,none,27271615855776.0,27.4667
20250305,146100000,193100.0,28211910000000.0,confirmed,29246387,1694.0,49543379578.0,confirmed,4631251,7340.0,33993382340.0,confirmed,0,3455.0,0.0,confirmed,0,344000.0,0.0,confirmed,0,3350.0,0.0,none,0,22.350000381469727,1452.8499755859375,0.0,none,28295446761918.0,28.4936
20250306,146100000,192400.0,28109640000000.0,confirmed,29246387,1723.0,50391524801.0,confirmed,4631251,7500.0,34734382500.0,confirmed,0,3415.0,0.0,confirmed,0,348000.0,0.0,confirmed,0,3245.0,0.0,none,0,22.6299991607666,1443.030029296875,0.0,none,28194765907301.0,28.3963
20250307,146100000,192400.0,28109640000000.0,confirmed,29246387,1664.0,48665987968.0,confirmed,4631251,7400.0,34271257400.0,confirmed,0,3365.0,0.0,confirmed,0,349000.0,0.0,confirmed,0,3095.0,0.0,none,0,20.479999542236328,1446.5,0.0,none,28192577245368.0,28.3872
20250310,146100000,187900.0,27452190000000.0,confirmed,29246387,1731.0,50625495897.0,confirmed,4631251,7290.0,33761819790.0,confirmed,0,3425.0,0.0,confirmed,0,350500.0,0.0,confirmed,0,3040.0,0.0,none,0,20.549999237060547,1446.260009765625,0.0,none,27536577315687.0,27.7391
20250311,146100000,187800.0,27437580000000.0,confirmed,29246387,1899.0,55538888913.0,confirmed,4631251,7270.0,33669194770.0,confirmed,0,3490.0,0.0,confirmed,0,346000.0,0.0,confirmed,0,2935.0,0.0,none,0,18.270000457763672,1457.030029296875,0.0,none,27526788083683.0,27.7489
20250312,146100000,198900.0,29059290000000.0,confirmed,29246387,1979.0,57878599873.0,confirmed,4631251,7280.0,33715507280.0,confirmed,0,3465.0,0.0,confirmed,0,345500.0,0.0,confirmed,0,2800.0,0.0,none,0,18.700000762939453,1451.02001953125,0.0,none,29150884107153.0,29.3824
20250313,146100000,199700.0,29176170000000.0,confirmed,29246387,1950.0,57030454650.0,confirmed,4631251,7300.0,33808132300.0,confirmed,0,3435.0,0.0,confirmed,0,358000.0,0.0,confirmed,0,2855.0,0.0,none,0,21.81999969482422,1448.75,0.0,none,29267008586950.0,29.4951
20250314,146100000,204500.0,29877450000000.0,confirmed,29246387,1796.0,52526511052.0,confirmed,4631251,7310.0,33854444810.0,confirmed,0,3450.0,0.0,confirmed,0,356000.0,0.0,confirmed,0,2945.0,0.0,none,0,21.3700008392334,1453.22998046875,0.0,none,29963830955862.0,30.1739
20250317,146100000,206000.0,30096600000000.0,confirmed,29246387,1799.0,52614250213.0,confirmed,4631251,7400.0,34271257400.0,confirmed,0,3455.0,0.0,confirmed,0,357500.0,0.0,confirmed,0,2700.0,0.0,none,0,25.0,1449.050048828125,0.0,none,30183485507613.0,30.3939
20250318,146100000,203000.0,29658300000000.0,confirmed,29246387,1799.0,52614250213.0,confirmed,4631251,7390.0,34224944890.0,confirmed,0,3460.0,0.0,confirmed,0,351000.0,0.0,confirmed,0,3000.0,0.0,none,0,24.93000030517578,1442.489990234375,0.0,none,29745139195103.0,29.9556
20250319,146100000,205500.0,30023550000000.0,confirmed,29246387,1762.0,51532133894.0,confirmed,4631251,7370.0,34132319870.0,confirmed,0,3415.0,0.0,confirmed,0,348000.0,0.0,confirmed,0,2945.0,0.0,none,0,22.68000030517578,1448.93994140625,0.0,none,30109214453764.0,30.3153
20250320,146100000,210000.0,30681000000000.0,confirmed,29246387,1713.0,50099060931.0,confirmed,4631251,7370.0,34132319870.0,confirmed,0,3390.0,0.0,confirmed,0,328500.0,0.0,confirmed,0,2995.0,0.0,none,0,23.299999237060547,1443.3900146484375,0.0,none,30765231380801.0,30.9656
20250321,146100000,215500.0,31484550000000.0,confirmed,29246387,1710.0,50011321770.0,confirmed,4631251,7280.0,33715507280.0,confirmed,0,3370.0,0.0,confirmed,0,325000.0,0.0,confirmed,0,2935.0,0.0,none,0,21.139999389648438,1465.8199462890625,0.0,none,31568276829050.0,31.7683
20250324,146100000,211500.0,30900150000000.0,confirmed,29246387,1704.0,49835843448.0,confirmed,4631251,7350.0,34039694850.0,confirmed,0,3385.0,0.0,confirmed,0,335500.0,0.0,confirmed,0,2740.0,0.0,none,0,22.260000228881836,1464.780029296875,0.0,none,30984025538298.0,31.1834
20250325,146100000,208000.0,30388800000000.0,confirmed,29246387,1695.0,49572625965.0,confirmed,4631251,7220.0,33437632220.0,confirmed,0,3340.0,0.0,confirmed,0,336000.0,0.0,confirmed,0,2785.0,0.0,none,0,26.1200008392334,1466.27001953125,0.0,none,30471810258185.0,30.6701
20250326,146100000,214000.0,31265400000000.0,confirmed,29246387,1698.0,49660365126.0,confirmed,4631251,7300.0,33808132300.0,confirmed,0,3360.0,0.0,confirmed,0,338500.0,0.0,confirmed,0,2765.0,0.0,none,0,25.549999237060547,1462.0899658203125,0.0,none,31348868497426.0,31.5475
20250327,146100000,207000.0,30242700000000.0,confirmed,29246387,1670.0,48841466290.0,confirmed,4631251,7200.0,33345007200.0,confirmed,0,3285.0,0.0,confirmed,0,338500.0,0.0,confirmed,0,2760.0,0.0,none,0,24.799999237060547,1465.6800537109375,0.0,none,30324886473490.0,30.5203
20250328,146100000,199300.0,29117730000000.0,confirmed,29246387,1629.0,47642364423.0,confirmed,4631251,7000.0,32418757000.0,confirmed,0,3205.0,0.0,confirmed,0,359000.0,0.0,confirmed,0,2680.0,0.0,none,0,23.649999618530273,1461.8900146484375,0.0,none,29197791121423.0,29.3884
20250331,146100000,190700.0,27861270000000.0,confirmed,29246387,1519.0,44425261853.0,confirmed,4631251,6900.0,31955631900.0,confirmed,0,3160.0,0.0,confirmed,0,334500.0,0.0,confirmed,0,2600.0,0.0,none,0,22.850000381469727,1471.9599609375,0.0,none,27937650893753.0,28.1154
20250401,146100000,197000.0,28781700000000.0,confirmed,29246387,1570.0,45916827590.0,confirmed,4631251,6910.0,32001944410.0,confirmed,0,3280.0,0.0,confirmed,0,340000.0,0.0,confirmed,0,2565.0,0.0,none,0,22.06999969482422,1469.969970703125,0.0,none,28859618772000.0,29.0433
20250402,146100000,197900.0,28913190000000.0,confirmed,29246387,1542.0,45097928754.0,confirmed,4631251,6820.0,31585131820.0,confirmed,0,3200.0,0.0,confirmed,0,347000.0,0.0,confirmed,0,2560.0,0.0,none,0,23.190000534057617,1466.0400390625,0.0,none,28989873060574.0,29.1703
20250403,146100000,194600.0,28431060000000.0,confirmed,29246387,1483.0,43372391921.0,confirmed,4631251,6830.0,31631444330.0,confirmed,0,3165.0,0.0,confirmed,0,353500.0,0.0,confirmed,0,2635.0,0.0,none,0,25.049999237060547,1450.6800537109375,0.0,none,28506063836251.0,28.6796
20250404,146100000,182200.0,26619420000000.0,confirmed,29246387,1520.0,44454508240.0,confirmed,4631251,6820.0,31585131820.0,confirmed,0,3200.0,0.0,confirmed,0,372000.0,0.0,confirmed,0,2530.0,0.0,none,0,23.25,1450.6800537109375,0.0,none,26695459640060.0,26.8733
20250407,146100000,164800.0,24077280000000.0,confirmed,29246387,1475.0,43138420825.0,confirmed,4631251,6520.0,30195756520.0,confirmed,0,3000.0,0.0,confirmed,0,362000.0,0.0,confirmed,0,2500.0,0.0,none,0,20.68000030517578,1469.949951171875,0.0,none,24150614177345.0,24.3232
20250408,146100000,169500.0,24763950000000.0,confirmed,29246387,1476.0,43167667212.0,confirmed,4631251,6480.0,30010506480.0,confirmed,0,3090.0,0.0,confirmed,0,366500.0,0.0,confirmed,0,2450.0,0.0,none,0,22.75,1486.1300048828125,0.0,none,24837128173692.0,25.0098
20250409,146100000,165000.0,24106500000000.0,confirmed,29246387,1385.0,40506245995.0,confirmed,4631251,6300.0,29176881300.0,confirmed,0,3000.0,0.0,confirmed,0,354500.0,0.0,confirmed,0,2100.0,0.0,none,0,21.280000686645508,1443.949951171875,0.0,none,24176183127295.0,24.3382
20250410,146100000,183200.0,26765520000000.0,confirmed,29246387,1499.0,43840334113.0,confirmed,4631251,6770.0,31353569270.0,confirmed,0,3175.0,0.0,confirmed,0,377500.0,0.0,confirmed,0,2280.0,0.0,none,0,26.3700008392334,1452.0400390625,0.0,none,26840713903383.0,27.0161
20250411,146100000,180800.0,26414880000000.0,confirmed,29246387,1506.0,44045058822.0,confirmed,4631251,6880.0,31863006880.0,confirmed,0,3265.0,0.0,confirmed,0,377000.0,0.0,confirmed,0,2415.0,0.0,none,0,25.889999389648438,1452.0400390625,0.0,none,26490788065702.0,26.667
20250414,146100000,180200.0,26327220000000.0,confirmed,29246387,1540.0,45039435980.0,confirmed,4631251,6840.0,31677756840.0,confirmed,0,3330.0,0.0,confirmed,0,375500.0,0.0,confirmed,0,2370.0,0.0,none,0,26.09000015258789,1419.4200439453125,0.0,none,26403937192820.0,26.5841
20250415,146100000,180600.0,26385660000000.0,confirmed,29246387,1572.0,45975320364.0,confirmed,4631251,6940.0,32140881940.0,confirmed,0,3340.0,0.0,confirmed,0,369000.0,0.0,confirmed,0,2435.0,0.0,none,0,25.350000381469727,1427.02001953125,0.0,none,26463776202304.0,26.6477
20250416,146100000,174000.0,25421400000000.0,confirmed,29246387,1563.0,45712102881.0,confirmed,4631251,6910.0,32001944410.0,confirmed,0,3370.0,0.0,confirmed,0,377000.0,0.0,confirmed,0,2455.0,0.0,none,0,25.399999618530273,1414.22998046875,0.0,none,25499114047291.0,25.682
20250417,146100000,175000.0,25567500000000.0,confirmed,29246387,1599.0,46764972813.0,confirmed,4631251,7070.0,32742944570.0,confirmed,0,3395.0,0.0,confirmed,0,384000.0,0.0,confirmed,0,2605.0,0.0,none,0,24.56999969482422,1414.22998046875,0.0,none,25647007917383.0,25.8341
20250418,146100000,175000.0,25567500000000.0,confirmed,29246387,1613.0,47174422231.0,confirmed,4631251,7220.0,33437632220.0,confirmed,0,3420.0,0.0,confirmed,0,386000.0,0.0,confirmed,0,2455.0,0.0,none,0,25.739999771118164,1414.22998046875,0.0,none,25648112054451.0,25.8368
20250421,146100000,176600.0,25801260000000.0,confirmed,29246387,1638.0,47905581906.0,confirmed,4631251,7120.0,32974507120.0,confirmed,0,3415.0,0.0,confirmed,0,384500.0,0.0,confirmed,0,2595.0,0.0,none,0,25.739999771118164,1421.6400146484375,0.0,none,25882140089026.0,26.0738
20250422,146100000,173800.0,25392180000000.0,confirmed,29246387,1601.0,46823465587.0,confirmed,4631251,7080.0,32789257080.0,confirmed,0,3420.0,0.0,confirmed,0,379000.0,0.0,confirmed,0,2495.0,0.0,none,0,24.030000686645508,1429.219970703125,0.0,none,25471792722667.0,25.6591
20250423,146100000,181000.0,26444100000000.0,confirmed,29246387,1596.0,46677233652.0,confirmed,4631251,7180.0,33252382180.0,confirmed,0,3440.0,0.0,confirmed,0,373500.0,0.0,confirmed,0,2315.0,0.0,none,0,25.559999465942383,1426.449951171875,0.0,none,26524029615832.0,26.7107
20250424,146100000,178300.0,26049630000000.0,confirmed,29246387,1590.0,46501755330.0,confirmed,4631251,7190.0,33298694690.0,confirmed,0,3580.0,0.0,confirmed,0,376500.0,0.0,confirmed,0,2385.0,0.0,none,0,26.799999237060547,1430.06005859375,0.0,none,26129430450020.0,26.3154
20250425,146100000,184400.0,26940840000000.0,confirmed,29246387,1648.0,48198045776.0,confirmed,4631251,7200.0,33345007200.0,confirmed,0,3520.0,0.0,confirmed,0,373000.0,0.0,confirmed,0,2345.0,0.0,none,0,28.389999389648438,1430.06005859375,0.0,none,27022383052976.0,27.2152
20250428,146100000,182000.0,26590200000000.0,confirmed,29246387,1612.0,47145175844.0,confirmed,4631251,7200.0,33345007200.0,confirmed,0,3465.0,0.0,confirmed,0,377000.0,0.0,confirmed,0,2295.0,0.0,none,0,28.899999618530273,1435.8800048828125,0.0,none,26670690183044.0,26.8593
20250429,146100000,180800.0,26414880000000.0,confirmed,29246387,1635.0,47817842745.0,confirmed,4631251,7270.0,33669194770.0,confirmed,0,3495.0,0.0,confirmed,0,370000.0,0.0,confirmed,0,2265.0,0.0,none,0,28.700000762939453,1431.1600341796875,0.0,none,26496367037515.0,26.6876
20250430,146100000,177500.0,25932750000000.0,confirmed,29246387,1620.0,47379146940.0,confirmed,4631251,7270.0,33669194770.0,confirmed,0,3420.0,0.0,confirmed,0,371500.0,0.0,confirmed,0,2270.0,0.0,none,2797720,28.09000015258789,1423.75,111889601254.2963,confirmed,26125687942964.297,26.3152
20250502,146100000,186000.0,27174600000000.0,confirmed,29246387,1674.0,48958451838.0,confirmed,4631251,7300.0,33808132300.0,confirmed,0,3420.0,0.0,confirmed,0,385000.0,0.0,confirmed,0,2360.0,0.0,none,2797720,27.3799991607666,1435.0999755859375,109930913033.67566,confirmed,27367297497171.676,27.5631
20250507,146100000,190800.0,27875880000000.0,confirmed,29246387,1700.0,49718857900.0,confirmed,4631251,7260.0,33622882260.0,confirmed,0,3355.0,0.0,confirmed,0,385500.0,0.0,confirmed,0,2235.0,0.0,none,2797720,29.420000076293945,1397.2900390625,115009437693.73857,confirmed,28074231177853.74,28.2731
20250508,146100000,190300.0,27802830000000.0,confirmed,29246387,1668.0,48782973516.0,confirmed,4631251,7340.0,33993382340.0,confirmed,0,3415.0,0.0,confirmed,0,379000.0,0.0,confirmed,0,2325.0,0.0,none,2797720,29.139999389648438,1403.8499755859375,114449654141.50578,confirmed,28000056009997.504,28.1952
20250509,146100000,190100.0,27773610000000.0,confirmed,29246387,1659.0,48519756033.0,confirmed,4631251,7270.0,33669194770.0,confirmed,0,3370.0,0.0,confirmed,0,375000.0,0.0,confirmed,0,2355.0,0.0,none,2797720,31.84000015258789,1403.8499755859375,125054120852.99086,confirmed,27980853071655.992,28.1749
20250512,146100000,195000.0,28489500000000.0,confirmed,29246387,1700.0,49718857900.0,confirmed,4631251,7340.0,33993382340.0,confirmed,0,3415.0,0.0,confirmed,0,376500.0,0.0,confirmed,0,2370.0,0.0,none,2797720,31.270000457763672,1416.030029296875,123880970348.06244,confirmed,28697093210588.062,28.896
20250513,146100000,198500.0,29000850000000.0,confirmed,29246387,1704.0,49835843448.0,confirmed,4631251,7340.0,33993382340.0,confirmed,0,3450.0,0.0,confirmed,0,369500.0,0.0,confirmed,0,2380.0,0.0,none,2797720,32.88999938964844,1416.0,130296084874.84863,confirmed,29214975310662.848,29.4143
20250514,146100000,206000.0,30096600000000.0,confirmed,29246387,1680.0,49133930160.0,confirmed,4631251,7340.0,33993382340.0,confirmed,0,3480.0,0.0,confirmed,0,373000.0,0.0,confirmed,0,2470.0,0.0,none,2797720,33.220001220703125,1407.3299560546875,130797614576.07623,confirmed,30310524927076.08,30.5071
20250515,146100000,200500.0,29293050000000.0,confirmed,29246387,1709.0,49982075383.0,confirmed,4631251,7330.0,33947069830.0,confirmed,0,3440.0,0.0,confirmed,0,375000.0,0.0,confirmed,0,2360.0,0.0,none,2797720,33.40999984741211,1397.02001953125,130582010470.14026,confirmed,29507561155683.14,29.7075
20250516,146100000,204500.0,29877450000000.0,confirmed,29246387,1700.0,49718857900.0,confirmed,4631251,7170.0,33206069670.0,confirmed,0,3370.0,0.0,confirmed,0,382500.0,0.0,confirmed,0,2360.0,0.0,none,2797720,32.540000915527344,1397.02001953125,127181645006.17014,confirmed,30087556572576.17,30.2864
20250519,146100000,199400.0,29132340000000.0,confirmed,29246387,1710.0,50011321770.0,confirmed,4631251,7130.0,33020819630.0,confirmed,0,3420.0,0.0,confirmed,0,370500.0,0.0,confirmed,0,2200.0,0.0,none,2797720,34.9900016784668,1388.550048828125,135928257269.29826,confirmed,29351300398669.297,29.5513
20250520,146100000,202000.0,29512200000000.0,confirmed,29246387,1787.0,52263293569.0,confirmed,4631251,7120.0,32974507120.0,confirmed,0,3400.0,0.0,confirmed,0,379500.0,0.0,confirmed,0,2275.0,0.0,none,2797720,35.09000015258789,1392.72998046875,136727080994.93614,confirmed,29734164881683.938,29.9432
20250521,146100000,200500.0,29293050000000.0,confirmed,29246387,1885.0,55129439495.0,confirmed,4631251,7170.0,33206069670.0,confirmed,0,3505.0,0.0,confirmed,0,386000.0,0.0,confirmed,0,2265.0,0.0,none,2797720,35.310001373291016,1373.8599853515625,135720189239.1547,confirmed,29517105698404.156,29.7376
20250522,146100000,196900.0,28767090000000.0,confirmed,29246387,2010.0,58785237870.0,confirmed,4631251,7040.0,32604007040.0,confirmed,0,3630.0,0.0,confirmed,0,380000.0,0.0,confirmed,0,2265.0,0.0,none,2797720,33.540000915527344,1381.3399658203125,129618769683.47217,confirmed,28988098014593.473,29.2232
20250523,146100000,200000.0,29220000000000.0,confirmed,29246387,1940.0,56737990780.0,confirmed,4631251,7000.0,32418757000.0,confirmed,0,3450.0,0.0,confirmed,0,379500.0,0.0,confirmed,0,2315.0,0.0,none,2797720,45.790000915527344,1381.3399658203125,176960149685.86353,confirmed,29486116897465.863,29.7131
20250526,146100000,203000.0,29658300000000.0,confirmed,29246387,1952.0,57088947424.0,confirmed,4631251,7250.0,33576569750.0,confirmed,0,3435.0,0.0,confirmed,0,382500.0,0.0,confirmed,0,2400.0,0.0,none,2797720,45.689998626708984,1368.0999755859375,174881241467.92877,confirmed,29923846758641.93,30.1522
20250527,146100000,202500.0,29585250000000.0,confirmed,29246387,1916.0,56036077492.0,confirmed,4631251,7190.0,33298694690.0,confirmed,0,3425.0,0.0,confirmed,0,381000.0,0.0,confirmed,0,2460.0,0.0,none,2797720,45.689998626708984,1374.800048828125,175737697244.1362,confirmed,29850322469426.137,30.0745
20250528,146100000,208000.0,30388800000000.0,confirmed,29246387,1950.0,57030454650.0,confirmed,4631251,7160.0,33159757160.0,confirmed,0,3430.0,0.0,confirmed,0,383000.0,0.0,confirmed,0,2390.0,0.0,none,2797720,48.040000915527344,1373.5999755859375,184615231380.69382,confirmed,30663605443190.695,30.8917
20250529,146100000,212000.0,30973200000000.0,confirmed,29246387,1908.0,55802106396.0,confirmed,4631251,7310.0,33854444810.0,confirmed,0,3500.0,0.0,confirmed,0,377500.0,0.0,confirmed,0,2370.0,0.0,none,2797720,47.560001373291016,1370.4100341796875,182346165818.0764,confirmed,31245202717024.08,31.4684
20250530,146100000,204500.0,29877450000000.0,confirmed,29246387,1893.0,55363410591.0,confirmed,4631251,7610.0,35243820110.0,confirmed,0,3575.0,0.0,confirmed,0,369000.0,0.0,confirmed,0,2460.0,0.0,none,2797720,43.20000076293945,1370.4100341796875,165629820752.77628,confirmed,30133687051453.777,30.3551
20250602,146100000,207500.0,30315750000000.0,confirmed,29246387,1889.0,55246425043.0,confirmed,4631251,7670.0,35521695170.0,confirmed,0,3565.0,0.0,confirmed,0,368000.0,0.0,confirmed,0,2495.0,0.0,none,2797720,40.34000015258789,1376.0699462890625,155303288852.16003,confirmed,30561821409065.16,30.7828
20250604,146100000,217500.0,31776750000000.0,confirmed,29246387,1861.0,54427526207.0,confirmed,4631251,7680.0,35568007680.0,confirmed,0,3520.0,0.0,confirmed,0,367500.0,0.0,confirmed,0,2475.0,0.0,none,2797720,39.810001373291016,1361.0899658203125,151594439758.7706,confirmed,32018339973645.77,32.2361
20250605,146100000,224500.0,32799450000000.0,confirmed,29246387,1941.0,56767237167.0,confirmed,4631251,7680.0,35568007680.0,confirmed,0,3505.0,0.0,confirmed,0,369500.0,0.0,confirmed,0,2685.0,0.0,none,2797720,39.63999938964844,1354.550048828125,150221793556.73834,confirmed,33042007038403.74,33.2691
20250609,146100000,229000.0,33456900000000.0,confirmed,29246387,1925.0,56299294975.0,confirmed,4631251,8290.0,38393070790.0,confirmed,0,3615.0,0.0,confirmed,0,373500.0,0.0,confirmed,0,3410.0,0.0,none,2797720,39.02000045776367,1353.8499755859375,147795788591.09753,confirmed,33699388154356.098,33.9246
20250610,146100000,230500.0,33676050000000.0,confirmed,29246387,1907.0,55772860009.0,confirmed,4631251,8100.0,37513133100.0,confirmed,0,3620.0,0.0,confirmed,0,375500.0,0.0,confirmed,0,3350.0,0.0,none,2797720,40.060001373291016,1363.8800048828125,152859125192.60654,confirmed,33922195118301.605,34.1453
20250611,146100000,240000.0,35064000000000.0,confirmed,29246387,1885.0,55129439495.0,confirmed,4631251,8190.0,37929945690.0,confirmed,0,3690.0,0.0,confirmed,0,372500.0,0.0,confirmed,0,3550.0,0.0,none,2797720,39.7400016784668,1365.68994140625,151839316231.61353,confirmed,35308898701416.62,35.5294
20250612,146100000,235500.0,34406550000000.0,confirmed,29246387,1752.0,51239670024.0,confirmed,4631251,8200.0,37976258200.0,confirmed,0,3745.0,0.0,confirmed,0,382000.0,0.0,confirmed,0,3490.0,0.0,none,2797720,39.70000076293945,1349.7900390625,149920486028.12637,confirmed,34645686414252.125,34.8506
20250613,146100000,235500.0,34406550000000.0,confirmed,29246387,1810.0,52935960470.0,confirmed,4631251,8140.0,37698383140.0,confirmed,0,3660.0,0.0,confirmed,0,366500.0,0.0,confirmed,0,3235.0,0.0,none,2797720,38.709999084472656,1349.7900390625,146181908447.46906,confirmed,34643366252057.47,34.8551
20250616,146100000,248000.0,36232800000000.0,confirmed,29246387,1760.0,51473641120.0,confirmed,4631251,8320.0,38532008320.0,confirmed,0,3625.0,0.0,confirmed,0,370500.0,0.0,confirmed,0,3325.0,0.0,none,2797720,37.84000015258789,1357.780029296875,143742367500.11276,confirmed,36466548016940.11,36.6724
20250617,146100000,249000.0,36378900000000.0,confirmed,29246387,1739.0,50859466993.0,confirmed,4631251,8480.0,39273008480.0,confirmed,0,3635.0,0.0,confirmed,0,367500.0,0.0,confirmed,0,3005.0,0.0,none,2797720,38.43000030517578,1380.5,148426363216.4659,confirmed,36617458838689.47,36.8209
20250618,146100000,246500.0,36013650000000.0,confirmed,29246387,1737.0,50800974219.0,confirmed,4631251,8810.0,40801321310.0,confirmed,0,3660.0,0.0,confirmed,0,382500.0,0.0,confirmed,0,3305.0,0.0,none,2797720,38.040000915527344,1370.75,145882440718.6242,confirmed,36251134736247.625,36.4543
20250619,146100000,246000.0,35940600000000.0,confirmed,29246387,1730.0,50596249510.0,confirmed,4631251,8790.0,40708696290.0,confirmed,0,3630.0,0.0,confirmed,0,360500.0,0.0,confirmed,0,3175.0,0.0,none,2797720,39.630001068115234,1374.8900146484375,152439069581.8961,confirmed,36184344015381.9,36.3867
20250620,146100000,257000.0,37547700000000.0,confirmed,29246387,1737.0,50800974219.0,confirmed,4631251,9100.0,42144384100.0,confirmed,0,3680.0,0.0,confirmed,0,358000.0,0.0,confirmed,0,3240.0,0.0,none,2797720,39.630001068115234,1374.8900146484375,152439069581.8961,confirmed,37793084427900.9,37.9963
20250623,146100000,259500.0,37912950000000.0,confirmed,29246387,1726.0,50479263962.0,confirmed,4631251,9090.0,42098071590.0,confirmed,0,3540.0,0.0,confirmed,0,350500.0,0.0,confirmed,0,4210.0,0.0,none,2797720,40.36000061035156,1361.93994140625,153784784421.11615,confirmed,38159312119973.12,38.3612
20250624,146100000,278500.0,40688850000000.0,confirmed,29246387,1732.0,50654742284.0,confirmed,4631251,9300.0,43070634300.0,confirmed,0,3580.0,0.0,confirmed,0,361500.0,0.0,confirmed,0,4585.0,0.0,none,2797720,41.13999938964844,1353.780029296875,155817643339.3366,confirmed,40938393019923.336,41.141
20250625,146100000,286000.0,41784600000000.0,confirmed,29246387,1751.0,51210423637.0,confirmed,4631251,8940.0,41403383940.0,confirmed,0,3580.0,0.0,confirmed,0,357000.0,0.0,confirmed,0,4300.0,0.0,none,2797720,40.86000061035156,1357.030029296875,155128671905.89822,confirmed,42032342479482.9,42.2372
20250626,146100000,293000.0,42807300000000.0,confirmed,29246387,1714.0,50128307318.0,confirmed,4631251,8690.0,40245571190.0,confirmed,0,3510.0,0.0,confirmed,0,358500.0,0.0,confirmed,0,3930.0,0.0,none,2797720,38.11000061035156,1352.760009765625,144232775032.577,confirmed,43041906653540.58,43.2424
20250627,146100000,284000.0,41492400000000.0,confirmed,29246387,1691.0,49455640417.0,confirmed,4631251,8670.0,40152946170.0,confirmed,0,3490.0,0.0,confirmed,0,357500.0,0.0,confirmed,0,4245.0,0.0,none,2797720,41.119998931884766,1352.760009765625,155624546321.0878,confirmed,41737633132908.086,41.9355
20250630,146100000,292000.0,42661200000000.0,confirmed,29246387,1845.0,53959584015.0,confirmed,4631251,8710.0,40338196210.0,confirmed,0,3490.0,0.0,confirmed,0,363000.0,0.0,confirmed,0,4455.0,0.0,none,2797720,40.25,1348.5,151852198155.0,confirmed,42907349978380.0,43.1232
20250701,146100000,285500.0,41711550000000.0,confirmed,29246387,1943.0,56825729941.0,confirmed,4631251,8760.0,40569758760.0,confirmed,0,3500.0,0.0,confirmed,0,362000.0,0.0,confirmed,0,4440.0,0.0,none,2797720,42.970001220703125,1355.5899658203125,162966357639.3326,confirmed,41971911846340.336,42.1992
20250702,146100000,279000.0,40761900000000.0,confirmed,29246387,1955.0,57176686585.0,confirmed,4631251,8650.0,40060321150.0,confirmed,0,3490.0,0.0,confirmed,0,358500.0,0.0,confirmed,0,4115.0,0.0,none,2797720,40.099998474121094,1354.75,151987462133.59674,confirmed,41011124469868.59,41.2398
20250703,146100000,278500.0,40688850000000.0,confirmed,29246387,1884.0,55100193108.0,confirmed,4631251,8610.0,39875071110.0,confirmed,0,3645.0,0.0,confirmed,0,365500.0,0.0,confirmed,0,4055.0,0.0,none,2797720,44.75,1357.0999755859375,169906162030.40894,confirmed,40953731426248.41,41.1741
20250704,146100000,270500.0,39520050000000.0,confirmed,29246387,1971.0,57644628777.0,confirmed,4631251,8390.0,38856195890.0,confirmed,0,3605.0,0.0,confirmed,0,359500.0,0.0,confirmed,0,3715.0,0.0,none,2797720,44.38999938964844,1357.0999755859375,168539316845.30417,confirmed,39785090141512.305,40.0157
20250707,146100000,271000.0,39593100000000.0,confirmed,29246387,1894.0,55392656978.0,confirmed,4631251,8430.0,39041445930.0,confirmed,0,3600.0,0.0,confirmed,0,358000.0,0.0,confirmed,0,3165.0,0.0,none,2797720,44.38999938964844,1374.6400146484375,170717628137.18768,confirmed,39858251731045.19,40.0798
20250708,146100000,282000.0,41200200000000.0,confirmed,29246387,1907.0,55772860009.0,confirmed,4631251,8650.0,40060321150.0,confirmed,0,3635.0,0.0,confirmed,0,363500.0,0.0,confirmed,0,3225.0,0.0,none,2797720,45.20000076293945,1370.300048828125,173283959462.74854,confirmed,41469317140621.75,41.6924
20250709,146100000,281000.0,41054100000000.0,confirmed,29246387,1940.0,56737990780.0,confirmed,4631251,8650.0,40060321150.0,confirmed,0,3695.0,0.0,confirmed,0,360000.0,0.0,confirmed,0,3530.0,0.0,none,2797720,44.970001220703125,1373.0,172741896802.24976,confirmed,41323640208732.25,41.5506
20250710,146100000,297000.0,43391700000000.0,confirmed,29246387,1938.0,56679498006.0,confirmed,4631251,8610.0,39875071110.0,confirmed,0,3700.0,0.0,confirmed,0,353000.0,0.0,confirmed,0,3735.0,0.0,none,2797720,45.560001373291016,1372.6400146484375,174962361210.19614,confirmed,43663216930326.195,43.8899
20250711,146100000,294500.0,43026450000000.0,confirmed,29246387,1936.0,56621005232.0,confirmed,4631251,8660.0,40106633660.0,confirmed,0,3690.0,0.0,confirmed,0,353500.0,0.0,confirmed,0,3455.0,0.0,none,2797720,45.93000030517578,1372.6400146484375,176383254204.41275,confirmed,43299560893096.414,43.526
20250714,146100000,300000.0,43830000000000.0,confirmed,29246387,1943.0,56825729941.0,confirmed,4631251,8660.0,40106633660.0,confirmed,0,3695.0,0.0,confirmed,0,347000.0,0.0,confirmed,0,3390.0,0.0,none,2797720,41.810001373291016,1382.010009765625,161657410541.24146,confirmed,44088589774142.24,44.3159
20250715,146100000,298500.0,43610850000000.0,confirmed,29246387,1900.0,55568135300.0,confirmed,4631251,8630.0,39967696130.0,confirmed,0,3680.0,0.0,confirmed,0,347500.0,0.0,confirmed,0,3880.0,0.0,none,2797720,42.40999984741211,1386.449951171875,164504095709.14627,confirmed,43870889927139.15,44.0932
20250716,146100000,296000.0,43245600000000.0,confirmed,29246387,1927.0,56357787749.0,confirmed,4631251,8400.0,38902508400.0,confirmed,0,3625.0,0.0,confirmed,0,345500.0,0.0,confirmed,0,4000.0,0.0,none,2797720,41.470001220703125,1384.9200439453125,160680434146.48572,confirmed,43501540730295.484,43.727
20250717,146100000,269500.0,39373950000000.0,confirmed,29246387,1930.0,56445526910.0,confirmed,4631251,8320.0,38532008320.0,confirmed,0,3790.0,0.0,confirmed,0,351500.0,0.0,confirmed,0,3865.0,0.0,none,2797720,43.540000915527344,1391.5799560546875,169512155354.7834,confirmed,39638439690584.78,39.8642
20250718,146100000,269000.0,39300900000000.0,confirmed,29246387,1932.0,56504019684.0,confirmed,4631251,8140.0,37698383140.0,confirmed,0,3700.0,0.0,confirmed,0,354000.0,0.0,confirmed,0,4010.0,0.0,none,2797720,44.84000015258789,1391.5799560546875,174573378781.51785,confirmed,39569675781605.516,39.7957
20250721,146100000,272500.0,39812250000000.0,confirmed,29246387,1940.0,56737990780.0,confirmed,4631251,8300.0,38439383300.0,confirmed,0,3610.0,0.0,confirmed,0,353500.0,0.0,confirmed,0,4000.0,0.0,none,2797720,46.5099983215332,1381.8199462890625,179805109420.27087,confirmed,40087232483500.27,40.3142
20250722,146100000,268500.0,39227850000000.0,confirmed,29246387,1904.0,55685120848.0,confirmed,4631251,8250.0,38207820750.0,confirmed,0,3600.0,0.0,confirmed,0,352500.0,0.0,confirmed,0,3985.0,0.0,none,2797720,44.43000030517578,1379.780029296875,171510383673.81985,confirmed,39493253325271.82,39.716
20250723,146100000,269000.0,39300900000000.0,confirmed,29246387,1871.0,54719990077.0,confirmed,4631251,8190.0,37929945690.0,confirmed,0,3585.0,0.0,confirmed,0,348000.0,0.0,confirmed,0,3955.0,0.0,none,2797720,41.939998626708984,1373.719970703125,161187318822.15967,confirmed,39554737254589.16,39.7736
20250724,146100000,269500.0,39373950000000.0,confirmed,29246387,2020.0,59077701740.0,confirmed,4631251,7980.0,36957382980.0,confirmed,0,3515.0,0.0,confirmed,0,341000.0,0.0,confirmed,0,3795.0,0.0,none,2797720,43.279998779296875,1372.0,166129056549.56543,confirmed,39636114141269.56,39.8724
20250725,146100000,266000.0,38862600000000.0,confirmed,29246387,1931.0,56474773297.0,confirmed,4631251,8070.0,37374195570.0,confirmed,0,3520.0,0.0,confirmed,0,338500.0,0.0,confirmed,0,3900.0,0.0,none,2797720,43.900001525878906,1372.0,168508919633.0432,confirmed,39124957888500.05,39.3509
20250728,146100000,262000.0,38278200000000.0,confirmed,29246387,1870.0,54690743690.0,confirmed,4631251,7940.0,36772132940.0,confirmed,0,3530.0,0.0,confirmed,0,335500.0,0.0,confirmed,0,3900.0,0.0,none,2797720,43.16999816894531,1388.2900390625,167674293593.16782,confirmed,38537337170223.164,38.7561
20250729,146100000,262500.0,38351250000000.0,confirmed,29246387,1913.0,55948338331.0,confirmed,4631251,7930.0,36725820430.0,confirmed,0,3525.0,0.0,confirmed,0,338000.0,0.0,confirmed,0,3855.0,0.0,none,2797720,42.34000015258789,1388.8599853515625,164518055699.84235,confirmed,38608442214460.84,38.8322
20250730,146100000,263500.0,38497350000000.0,confirmed,29246387,2140.0,62587268180.0,confirmed,4631251,8100.0,37513133100.0,confirmed,0,3520.0,0.0,confirmed,0,326500.0,0.0,confirmed,0,3645.0,0.0,none,2797720,40.529998779296875,1392.52001953125,157900056593.79727,confirmed,38755350457873.8,39.0057
20250731,146100000,273500.0,39958350000000.0,confirmed,29246387,2225.0,65073211075.0,confirmed,4631251,8180.0,37883633180.0,confirmed,0,3575.0,0.0,confirmed,0,328500.0,0.0,confirmed,0,3865.0,0.0,none,2797720,39.880001068115234,1391.510009765625,155255052892.94855,confirmed,40216561897147.945,40.4769
20250801,146100000,258000.0,37693800000000.0,confirmed,29246387,2195.0,64195819465.0,confirmed,4631251,7840.0,36309007840.0,confirmed,0,3460.0,0.0,confirmed,0,315500.0,0.0,confirmed,0,3790.0,0.0,none,2797720,39.869998931884766,1391.510009765625,155216114022.63983,confirmed,37949520941327.64,38.2063
20250804,146100000,258000.0,37693800000000.0,confirmed,29246387,2350.0,68729009450.0,confirmed,4631251,7970.0,36911070470.0,confirmed,0,3445.0,0.0,confirmed,0,314500.0,0.0,confirmed,0,3675.0,0.0,none,2797720,38.119998931884766,1383.5899658203125,147558601672.37915,confirmed,37946998681592.38,38.2219
20250805,146100000,263500.0,38497350000000.0,confirmed,29246387,2215.0,64780747205.0,confirmed,4631251,8150.0,37744695650.0,confirmed,0,3460.0,0.0,confirmed,0,317000.0,0.0,confirmed,0,3605.0,0.0,none,2797720,39.86000061035156,1386.5799560546875,154627404607.39526,confirmed,38754502847462.4,39.0136
20250806,146100000,258500.0,37766850000000.0,confirmed,29246387,2190.0,64049587530.0,confirmed,4631251,8100.0,37513133100.0,confirmed,0,3500.0,0.0,confirmed,0,319500.0,0.0,confirmed,0,3390.0,0.0,none,2797720,42.02000045776367,1384.3900146484375,162749161020.46994,confirmed,38031161881650.47,38.2874
20250807,146100000,262000.0,38278200000000.0,confirmed,29246387,2200.0,64342051400.0,confirmed,4631251,8030.0,37188945530.0,confirmed,0,3520.0,0.0,confirmed,0,325500.0,0.0,confirmed,0,3475.0,0.0,none,2797720,41.22999954223633,1384.969970703125,159756278253.01407,confirmed,38539487275183.016,38.7969
20250808,146100000,256500.0,37474650000000.0,confirmed,29246387,2160.0,63172195920.0,confirmed,4631251,7980.0,36957382980.0,confirmed,0,3635.0,0.0,confirmed,0,321000.0,0.0,confirmed,0,3470.0,0.0,none,2797720,40.4900016784668,1384.969970703125,156888965472.42825,confirmed,37731668544372.43,37.9844
20250811,146100000,267000.0,39008700000000.0,confirmed,29246387,2230.0,65219443010.0,confirmed,4631251,8000.0,37050008000.0,confirmed,0,3570.0,0.0,confirmed,0,319000.0,0.0,confirmed,0,3520.0,0.0,none,2797720,41.849998474121094,1389.7900390625,162722979858.40793,confirmed,39273692430868.41,39.5346
20250812,146100000,269000.0,39300900000000.0,confirmed,29246387,2145.0,62733500115.0,confirmed,4631251,8060.0,37327883060.0,confirmed,0,3500.0,0.0,confirmed,0,315500.0,0.0,confirmed,0,3355.0,0.0,none,2797720,44.939998626708984,1383.0899658203125,173895255441.36826,confirmed,39574856638616.37,39.8258
20250813,146100000,278000.0,40615800000000.0,confirmed,29246387,2090.0,61124948830.0,confirmed,4631251,8120.0,37605758120.0,confirmed,0,3575.0,0.0,confirmed,0,315000.0,0.0,confirmed,0,3250.0,0.0,none,2797720,43.0,1378.780029296875,165869939933.27148,confirmed,40880400646883.27,41.1249
20250814,146100000,276500.0,40396650000000.0,confirmed,29246387,2045.0,59808861415.0,confirmed,4631251,8190.0,37929945690.0,confirmed,0,3545.0,0.0,confirmed,0,315500.0,0.0,confirmed,0,3245.0,0.0,none,2797720,41.209999084472656,1387.8699951171875,160013136842.40967,confirmed,40654401943947.41,40.8936
20250818,146100000,267500.0,39081750000000.0,confirmed,29246387,2000.0,58492774000.0,confirmed,4631251,8090.0,37466820590.0,confirmed,0,3460.0,0.0,confirmed,0,313000.0,0.0,confirmed,0,3185.0,0.0,none,2797720,40.22999954223633,1386.9100341796875,156099878623.18945,confirmed,39333809473213.19,39.5678
20250819,146100000,263000.0,38424300000000.0,confirmed,29246387,2035.0,59516397545.0,confirmed,4631251,8010.0,37096320510.0,confirmed,0,3425.0,0.0,confirmed,0,328000.0,0.0,confirmed,0,3125.0,0.0,none,2797720,40.22999954223633,1391.3399658203125,156598477504.42084,confirmed,38677511195559.42,38.9156
20250820,146100000,255500.0,37328550000000.0,confirmed,29246387,2025.0,59223933675.0,confirmed,4631251,7970.0,36911070470.0,confirmed,0,3320.0,0.0,confirmed,0,326500.0,0.0,confirmed,0,3075.0,0.0,none,2797720,36.79999923706055,1396.9100341796875,143820400600.67532,confirmed,37568505404745.67,37.8054
20250821,146100000,245000.0,35794500000000.0,confirmed,29246387,2005.0,58639005935.0,confirmed,4631251,7950.0,36818445450.0,confirmed,0,3590.0,0.0,confirmed,0,327500.0,0.0,confirmed,0,3075.0,0.0,none,2797720,36.790000915527344,1399.6099853515625,144059226430.87772,confirmed,36034016677815.875,36.2686
20250822,146100000,251000.0,36671100000000.0,confirmed,29246387,1956.0,57205932972.0,confirmed,4631251,7950.0,36818445450.0,confirmed,0,3565.0,0.0,confirmed,0,328500.0,0.0,confirmed,0,3190.0,0.0,none,2797720,37.16999816894531,1399.6099853515625,145547188078.36295,confirmed,36910671566500.36,37.1395
20250825,146100000,259500.0,37912950000000.0,confirmed,29246387,1962.0,57381411294.0,confirmed,4631251,7950.0,36818445450.0,confirmed,0,3550.0,0.0,confirmed,0,330000.0,0.0,confirmed,0,3190.0,0.0,none,2797720,39.779998779296875,1389.050048828125,154591961277.8596,confirmed,38161741818021.86,38.3913
20250826,146100000,261500.0,38205150000000.0,confirmed,29246387,1938.0,56679498006.0,confirmed,4631251,7980.0,36957382980.0,confirmed,0,3560.0,0.0,confirmed,0,337500.0,0.0,confirmed,0,3130.0,0.0,none,2797720,38.68000030517578,1393.949951171875,150847423698.09436,confirmed,38449634304684.09,38.6764
20250827,146100000,260000.0,37986000000000.0,confirmed,29246387,1947.0,56942715489.0,confirmed,4631251,7920.0,36679507920.0,confirmed,0,3485.0,0.0,confirmed,0,339000.0,0.0,confirmed,0,3080.0,0.0,none,2797720,40.75,1392.75,158783374597.5,confirmed,38238405598006.5,38.4662
20250828,146100000,268500.0,39227850000000.0,confirmed,29246387,2030.0,59370165610.0,confirmed,4631251,7990.0,37003695490.0,confirmed,0,3530.0,0.0,confirmed,0,332000.0,0.0,confirmed,0,3110.0,0.0,none,2797720,41.41999816894531,1384.4100341796875,160427590670.9539,confirmed,39484651451770.95,39.7221
20250829,146100000,269000.0,39300900000000.0,confirmed,29246387,1756.0,51356655572.0,confirmed,4631251,7880.0,36494257880.0,confirmed,0,3510.0,0.0,confirmed,0,327500.0,0.0,confirmed,0,3075.0,0.0,none,2797720,43.29999923706055,1384.4100341796875,167709195092.72025,confirmed,39556460108544.72,39.7619
20250901,146100000,256000.0,37401600000000.0,confirmed,29246387,1784.0,52175554408.0,confirmed,4631251,7680.0,35568007680.0,confirmed,0,3395.0,0.0,confirmed,0,331000.0,0.0,confirmed,0,3070.0,0.0,none,2797720,42.7400016784668,1392.93994140625,166560177111.98953,confirmed,37655903739199.99,37.8646
20250902,146100000,260500.0,38059050000000.0,confirmed,29246387,1740.0,50888713380.0,confirmed,4631251,7710.0,35706945210.0,confirmed,0,3455.0,0.0,confirmed,0,330000.0,0.0,confirmed,0,3090.0,0.0,none,2797720,42.7400016784668,1394.5699462890625,166755084224.56796,confirmed,38312400742814.57,38.516
20250903,146100000,262500.0,38351250000000.0,confirmed,29246387,1778.0,52000076086.0,confirmed,4631251,7640.0,35382757640.0,confirmed,0,3420.0,0.0,confirmed,0,329000.0,0.0,confirmed,0,3090.0,0.0,none,2797720,42.9900016784668,1389.6300048828125,167136341831.17523,confirmed,38605769175557.17,38.8138
20250904,146100000,265500.0,38789550000000.0,confirmed,29246387,1784.0,52175554408.0,confirmed,4631251,7680.0,35568007680.0,confirmed,0,3475.0,0.0,confirmed,0,332500.0,0.0,confirmed,0,3070.0,0.0,none,2797720,40.970001220703125,1392.06005859375,159561531878.41467,confirmed,39036855093966.414,39.2456
20250905,146100000,273500.0,39958350000000.0,confirmed,29246387,1786.0,52234047182.0,confirmed,4631251,7950.0,36818445450.0,confirmed,0,3460.0,0.0,confirmed,0,326000.0,0.0,confirmed,0,3225.0,0.0,none,2797720,42.11000061035156,1392.06005859375,164001366965.86993,confirmed,40211403859597.87,40.4203
20250908,146100000,277000.0,40469700000000.0,confirmed,29246387,1825.0,53374656275.0,confirmed,4631251,7840.0,36309007840.0,confirmed,0,3495.0,0.0,confirmed,0,324500.0,0.0,confirmed,0,3185.0,0.0,none,2797720,41.79999923706055,1385.719970703125,162052597757.1991,confirmed,40721436261872.195,40.9349
20250909,146100000,288000.0,42076800000000.0,confirmed,29246387,1849.0,54076569563.0,confirmed,4631251,7910.0,36633195410.0,confirmed,0,3495.0,0.0,confirmed,0,322500.0,0.0,confirmed,0,3155.0,0.0,none,2797720,41.0099983215332,1387.25,159165424726.3403,confirmed,42326675189699.34,42.543
20250910,146100000,304000.0,44414400000000.0,confirmed,29246387,1895.0,55421903365.0,confirmed,4631251,7860.0,36401632860.0,confirmed,0,3535.0,0.0,confirmed,0,323000.0,0.0,confirmed,0,3125.0,0.0,none,2797720,44.0,1387.199951171875,170763870085.27344,confirmed,44676987406310.27,44.8987
20250911,146100000,307000.0,44852700000000.0,confirmed,29246387,1868.0,54632250916.0,confirmed,4631251,7860.0,36401632860.0,confirmed,0,3540.0,0.0,confirmed,0,324500.0,0.0,confirmed,0,3150.0,0.0,none,2797720,43.86000061035156,1389.5,170502767261.10016,confirmed,45114236651037.1,45.3328
20250912,146100000,328500.0,47993850000000.0,confirmed,29246387,1856.0,54281294272.0,confirmed,4631251,7930.0,36725820430.0,confirmed,0,3535.0,0.0,confirmed,0,322500.0,0.0,confirmed,0,3150.0,0.0,none,2797720,47.04999923706055,1389.5,182903669811.12482,confirmed,48267760784513.125,48.4849
20250915,146100000,331000.0,48359100000000.0,confirmed,29246387,1833.0,53608627371.0,confirmed,4631251,7840.0,36309007840.0,confirmed,0,3535.0,0.0,confirmed,0,321500.0,0.0,confirmed,0,3140.0,0.0,none,2797720,55.61000061035156,1385.010009765625,215481534438.47284,confirmed,48664499169649.48,48.8789
20250916,146100000,348000.0,50842800000000.0,confirmed,29246387,1885.0,55129439495.0,confirmed,4631251,7840.0,36309007840.0,confirmed,0,3480.0,0.0,confirmed,0,318500.0,0.0,confirmed,0,3195.0,0.0,none,2797720,59.11000061035156,1377.6400146484375,227824780249.99554,confirmed,51162063227584.99,51.3826
20250917,146100000,333500.0,48724350000000.0,confirmed,29246387,1924.0,56270048588.0,confirmed,4631251,7680.0,35568007680.0,confirmed,0,3465.0,0.0,confirmed,0,319500.0,0.0,confirmed,0,3250.0,0.0,none,2797720,62.2599983215332,1378.68994140625,240148544733.7916,confirmed,49056336601001.79,49.2814
20250918,146100000,353000.0,51573300000000.0,confirmed,29246387,1890.0,55275671430.0,confirmed,4631251,7710.0,35706945210.0,confirmed,0,3500.0,0.0,confirmed,0,319500.0,0.0,confirmed,0,3330.0,0.0,none,2797720,65.44000244140625,1386.75,253890077934.4171,confirmed,51918172694574.414,52.1393
20250919,146100000,353000.0,51573300000000.0,confirmed,29246387,1877.0,54895468399.0,confirmed,4631251,7570.0,35058570070.0,confirmed,0,3540.0,0.0,confirmed,0,316500.0,0.0,confirmed,0,3310.0,0.0,none,2797720,66.80999755859375,1386.75,259205300338.0829,confirmed,51922459338807.086,52.142
20250922,146100000,351000.0,51281100000000.0,confirmed,29246387,1851.0,54135062337.0,confirmed,4631251,7590.0,35151195090.0,confirmed,0,3595.0,0.0,confirmed,0,309000.0,0.0,confirmed,0,3320.0,0.0,none,2797720,70.41000366210938,1389.3900146484375,273692431394.86066,confirmed,51644078688821.86,51.8606
20250923,146100000,361000.0,52742100000000.0,confirmed,29246387,1883.0,55070946721.0,confirmed,4631251,7600.0,35197507600.0,confirmed,0,3600.0,0.0,confirmed,0,307500.0,0.0,confirmed,0,3265.0,0.0,none,2797720,71.94000244140625,1391.8499755859375,280134838102.1629,confirmed,53112503292423.164,53.3328
20250924,146100000,357500.0,52230750000000.0,confirmed,29246387,1870.0,54690743690.0,confirmed,4631251,7470.0,34595444970.0,confirmed,0,3600.0,0.0,confirmed,0,302500.0,0.0,confirmed,0,3255.0,0.0,none,2797720,75.13999938964844,1403.6500244140625,295076261340.3982,confirmed,52615112450000.4,52.8339
20250925,146100000,356500.0,52084650000000.0,confirmed,29246387,1858.0,54339787046.0,confirmed,4631251,7470.0,34595444970.0,confirmed,0,3555.0,0.0,confirmed,0,299500.0,0.0,confirmed,0,3285.0,0.0,none,2797720,73.86000061035156,1408.9200439453125,291138675591.56744,confirmed,52464723907607.57,52.6821
20250926,146100000,336500.0,49162650000000.0,confirmed,29246387,1820.0,53228424340.0,confirmed,4631251,7290.0,33761819790.0,confirmed,0,3480.0,0.0,confirmed,0,295500.0,0.0,confirmed,0,3150.0,0.0,none,2797720,69.43000030517578,1408.9200439453125,273676660819.5508,confirmed,49523316904949.555,49.7362
20250929,146100000,349000.0,50988900000000.0,confirmed,29246387,1810.0,52935960470.0,confirmed,4631251,7290.0,33761819790.0,confirmed,0,3525.0,0.0,confirmed,0,298000.0,0.0,confirmed,0,3205.0,0.0,none,2797720,67.27999877929688,1399.3299560546875,263396714686.10394,confirmed,51338994494946.1,51.5507
20250930,146100000,347500.0,50769750000000.0,confirmed,29246387,1796.0,52526511052.0,confirmed,4631251,7290.0,33761819790.0,confirmed,0,3450.0,0.0,confirmed,0,292500.0,0.0,confirmed,0,3235.0,0.0,none,2797720,64.26000213623047,1403.1500244140625,252260406539.9074,confirmed,51108298737381.91,51.3184
20251001,146100000,360000.0,52596000000000.0,confirmed,29246387,1793.0,52438771891.0,confirmed,4631251,7280.0,33715507280.0,confirmed,0,3470.0,0.0,confirmed,0,298500.0,0.0,confirmed,0,3105.0,0.0,none,2797720,61.5,1401.8199462890625,241196831558.1079,confirmed,52923351110729.11,53.1331
20251002,146100000,395500.0,57782550000000.0,confirmed,29246387,1760.0,51473641120.0,confirmed,4631251,7300.0,33808132300.0,confirmed,0,3520.0,0.0,confirmed,0,299000.0,0.0,confirmed,0,3015.0,0.0,none,2797720,63.09000015258789,1405.6300048828125,248105159093.44113,confirmed,58115936932513.44,58.3218
20251010,146100000,428000.0,62530800000000.0,confirmed,29246387,1729.0,50567003123.0,confirmed,4631251,7200.0,33345007200.0,confirmed,0,3435.0,0.0,confirmed,0,302000.0,0.0,confirmed,0,2805.0,0.0,none,2797720,77.5,1421.510009765625,308216491300.41504,confirmed,62922928501623.414,63.1252
20251013,146100000,415000.0,60631500000000.0,confirmed,29246387,1669.0,48812219903.0,confirmed,4631251,7040.0,32604007040.0,confirmed,0,3470.0,0.0,confirmed,0,303500.0,0.0,confirmed,0,2810.0,0.0,none,2797720,70.6500015258789,1426.0699462890625,281875448663.681,confirmed,60994791675606.68,61.19
20251014,146100000,411500.0,60120150000000.0,confirmed,29246387,1695.0,49572625965.0,confirmed,4631251,7000.0,32418757000.0,confirmed,0,3375.0,0.0,confirmed,0,290500.0,0.0,confirmed,0,2790.0,0.0,none,2797720,82.08999633789062,1429.4300537109375,328289802498.37103,confirmed,60530431185463.37,60.7287
20251015,146100000,422500.0,61727250000000.0,confirmed,29246387,1739.0,50859466993.0,confirmed,4631251,7100.0,32881882100.0,confirmed,0,3370.0,0.0,confirmed,0,292500.0,0.0,confirmed,0,2695.0,0.0,none,2797720,77.55000305175781,1420.0899658203125,308107255515.6829,confirmed,62119098604608.68,62.3225
20251016,146100000,452500.0,66110250000000.0,confirmed,29246387,1776.0,51941583312.0,confirmed,4631251,7020.0,32511382020.0,confirmed,0,3330.0,0.0,confirmed,0,290000.0,0.0,confirmed,0,2655.0,0.0,none,2797720,72.41000366210938,1415.719970703125,286800679119.5371,confirmed,66481503644451.54,66.6893
20251017,146100000,465500.0,68009550000000.0,confirmed,29246387,1725.0,50450017575.0,confirmed,4631251,6910.0,32001944410.0,confirmed,0,3285.0,0.0,confirmed,0,285000.0,0.0,confirmed,0,2625.0,0.0,none,2797720,65.58999633789062,1415.719970703125,259788075428.56836,confirmed,68351790037413.57,68.5536
20251020,146100000,485500.0,70931550000000.0,confirmed,29246387,1709.0,49982075383.0,confirmed,4631251,7050.0,32650319550.0,confirmed,0,3320.0,0.0,confirmed,0,288000.0,0.0,confirmed,0,2630.0,0.0,none,2797720,62.939998626708984,1419.739990234375,249999875272.45786,confirmed,71264182270205.45,71.4641
20251021,146100000,479000.0,69981900000000.0,confirmed,29246387,1738.0,50830220606.0,confirmed,4631251,7170.0,33206069670.0,confirmed,0,3280.0,0.0,confirmed,0,287000.0,0.0,confirmed,0,2625.0,0.0,none,2797720,59.939998626708984,1430.739990234375,239928419038.5594,confirmed,70305864709314.56,70.5092
20251022,146100000,481500.0,70347150000000.0,confirmed,29246387,1737.0,50800974219.0,confirmed,4631251,7220.0,33437632220.0,confirmed,0,3290.0,0.0,confirmed,0,290000.0,0.0,confirmed,0,2620.0,0.0,none,2797720,59.5,1430.4000244140625,238110596000.0708,confirmed,70669499202439.08,70.8727
20251023,146100000,478500.0,69908850000000.0,confirmed,29246387,1681.0,49163176547.0,confirmed,4631251,7120.0,32974507120.0,confirmed,0,3375.0,0.0,confirmed,0,285000.0,0.0,confirmed,0,2640.0,0.0,none,2797720,55.45000076293945,1435.8399658203125,222746988654.53036,confirmed,70213734672321.53,70.4104
20251024,146100000,510000.0,74511000000000.0,confirmed,29246387,1680.0,49133930160.0,confirmed,4631251,7220.0,33437632220.0,confirmed,0,3310.0,0.0,confirmed,0,287000.0,0.0,confirmed,0,2560.0,0.0,none,2797720,59.369998931884766,1435.8399658203125,238493927800.60574,confirmed,74832065490180.61,75.0286
20251027,146100000,535000.0,78163500000000.0,confirmed,29246387,1698.0,49660365126.0,confirmed,4631251,7180.0,33252382180.0,confirmed,0,3305.0,0.0,confirmed,0,285000.0,0.0,confirmed,0,2475.0,0.0,none,2797720,60.29999923706055,1436.969970703125,242420446406.86404,confirmed,78488833193712.86,78.6875
20251028,146100000,521000.0,76118100000000.0,confirmed,29246387,1736.0,50771727832.0,confirmed,4631251,7070.0,32742944570.0,confirmed,0,3280.0,0.0,confirmed,0,283000.0,0.0,confirmed,0,2500.0,0.0,none,2797720,62.79999923706055,1430.969970703125,251416864589.75986,confirmed,76453031536991.77,76.6561
20251029,146100000,558000.0,81523800000000.0,confirmed,29246387,1713.0,50099060931.0,confirmed,4631251,7100.0,32881882100.0,confirmed,0,3225.0,0.0,confirmed,0,279000.0,0.0,confirmed,0,2475.0,0.0,none,2797720,57.150001525878906,1425.969970703125,227997914060.23154,confirmed,81834778857091.23,82.0352
20251030,146100000,568000.0,82984800000000.0,confirmed,29246387,1671.0,48870712677.0,confirmed,4631251,7060.0,32696632060.0,confirmed,0,3125.0,0.0,confirmed,0,271000.0,0.0,confirmed,0,2325.0,0.0,none,2797720,61.11000061035156,1424.010009765625,243461098728.73712,confirmed,83309828443465.73,83.5053
20251031,146100000,559000.0,81669900000000.0,confirmed,29246387,1657.0,48461263259.0,confirmed,4631251,6830.0,31631444330.0,confirmed,0,3115.0,0.0,confirmed,0,276000.0,0.0,confirmed,0,2340.0,0.0,none,2797720,60.16999816894531,1424.02001953125,239717831626.77655,confirmed,81989710539215.78,82.1836
20251103,146100000,620000.0,90582000000000.0,confirmed,29246387,1606.0,46969697522.0,confirmed,4631251,6750.0,31260944250.0,confirmed,0,3150.0,0.0,confirmed,0,279500.0,0.0,confirmed,0,2440.0,0.0,none,2797720,62.380001068115234,1427.1700439453125,249072251562.92007,confirmed,90909302893334.92,91.0972
20251104,146100000,586000.0,85614600000000.0,confirmed,29246387,1551.0,45361146237.0,confirmed,4631251,6740.0,31214631740.0,confirmed,0,3190.0,0.0,confirmed,0,279000.0,0.0,confirmed,0,2375.0,0.0,none,2797720,58.400001525878906,1428.969970703125,233474905500.08292,confirmed,85924650683477.08,86.1061
20251105,146100000,579000.0,84591900000000.0,confirmed,29246387,1557.0,45536624559.0,confirmed,4631251,6630.0,30705194130.0,confirmed,0,3140.0,0.0,confirmed,0,263000.0,0.0,confirmed,0,2360.0,0.0,none,2797720,53.380001068115234,1439.81005859375,215024540801.3072,confirmed,84883166359490.31,85.0653
20251106,146100000,593000.0,86637300000000.0,confirmed,29246387,1579.0,46180045073.0,confirmed,4631251,6730.0,31168319230.0,confirmed,0,3150.0,0.0,confirmed,0,263500.0,0.0,confirmed,0,2400.0,0.0,none,2797720,55.40999984741211,1439.739990234375,223190890126.54214,confirmed,86937839254429.55,87.1226
20251107,146100000,580000.0,84738000000000.0,confirmed,29246387,1575.0,46063059525.0,confirmed,4631251,6620.0,30658881620.0,confirmed,0,3100.0,0.0,confirmed,0,258000.0,0.0,confirmed,0,2380.0,0.0,none,2797720,57.43000030517578,1447.9000244140625,232638528153.73392,confirmed,85047360469298.73,85.2316
20251110,146100000,606000.0,88536600000000.0,confirmed,29246387,1595.0,46647987265.0,confirmed,4631251,6820.0,31585131820.0,confirmed,0,3170.0,0.0,confirmed,0,266000.0,0.0,confirmed,0,2435.0,0.0,none,2797720,59.27000045776367,1454.0,241103538699.72992,confirmed,88855936657784.73,89.0425
20251111,146100000,619000.0,90435900000000.0,confirmed,29246387,1709.0,49982075383.0,confirmed,4631251,6730.0,31168319230.0,confirmed,0,3170.0,0.0,confirmed,0,264000.0,0.0,confirmed,0,2310.0,0.0,none,2797720,55.369998931884766,1456.0899658203125,225562537550.4937,confirmed,90742612932163.5,90.9425
20251112,146100000,617000.0,90143700000000.0,confirmed,29246387,1688.0,49367901256.0,confirmed,4631251,6870.0,31816694370.0,confirmed,0,3265.0,0.0,confirmed,0,272000.0,0.0,confirmed,0,2325.0,0.0,none,2797720,54.41999816894531,1459.8399658203125,222263433714.05634,confirmed,90447148029340.06,90.6446
20251113,146100000,612000.0,89413200000000.0,confirmed,29246387,1696.0,49601872352.0,confirmed,4631251,6870.0,31816694370.0,confirmed,0,3260.0,0.0,confirmed,0,275000.0,0.0,confirmed,0,2300.0,0.0,none,2797720,50.709999084472656,1468.02001953125,208271492059.99838,confirmed,89702890058782.0,89.9013
20251114,146100000,560000.0,81816000000000.0,confirmed,29246387,1720.0,50303785640.0,confirmed,4631251,6740.0,31214631740.0,confirmed,0,3235.0,0.0,confirmed,0,270000.0,0.0,confirmed,0,2305.0,0.0,none,2797720,45.400001525878906,1468.7099609375,186550387398.79474,confirmed,82084068804778.8,82.2853
20251117,146100000,606000.0,88536600000000.0,confirmed,29246387,1690.0,49426394030.0,confirmed,4631251,6760.0,31307256760.0,confirmed,0,3160.0,0.0,confirmed,0,267000.0,0.0,confirmed,0,2260.0,0.0,none,2797720,47.18000030517578,1446.530029296875,190936800411.41302,confirmed,88808270451201.4,89.006
20251118,146100000,570000.0,83277000000000.0,confirmed,29246387,1639.0,47934828293.0,confirmed,4631251,6590.0,30519944090.0,confirmed,0,3140.0,0.0,confirmed,0,254000.0,0.0,confirmed,0,2275.0,0.0,none,2797720,47.790000915527344,1461.68994140625,195432390693.36633,confirmed,83550887163076.36,83.7426
20251119,146100000,562000.0,82108200000000.0,confirmed,29246387,1657.0,48461263259.0,confirmed,4631251,6660.0,30844131660.0,confirmed,0,3095.0,0.0,confirmed,0,257500.0,0.0,confirmed,0,2125.0,0.0,none,2797720,49.119998931884766,1456.550048828125,200164938879.48648,confirmed,82387670333798.48,82.5815
20251120,146100000,571000.0,83423100000000.0,confirmed,29246387,1660.0,48549002420.0,confirmed,4631251,6720.0,31122006720.0,confirmed,0,3145.0,0.0,confirmed,0,253000.0,0.0,confirmed,0,2170.0,0.0,none,2797720,47.880001068115234,1466.1300048828125,196395205221.2621,confirmed,83699166214361.27,83.8934
20251121,146100000,521000.0,76118100000000.0,confirmed,29246387,1591.0,46531001717.0,confirmed,4631251,6690.0,30983069190.0,confirmed,0,3065.0,0.0,confirmed,0,253000.0,0.0,confirmed,0,2185.0,0.0,none,2797720,41.0,1473.25,168991380590.0,confirmed,76364605451497.0,76.5507
20251124,146100000,520000.0,75972000000000.0,confirmed,29246387,1601.0,46823465587.0,confirmed,4631251,6690.0,30983069190.0,confirmed,0,3030.0,0.0,confirmed,0,255000.0,0.0,confirmed,0,2090.0,0.0,none,2797720,41.709999084472656,1467.72998046875,171273665839.69012,confirmed,76221080200616.69,76.4084
20251125,146100000,519000.0,75825900000000.0,confirmed,29246387,1565.0,45770595655.0,confirmed,4631251,6630.0,30705194130.0,confirmed,0,3030.0,0.0,confirmed,0,255000.0,0.0,confirmed,0,2265.0,0.0,none,2797720,46.7599983215332,1474.8599853515625,192943222283.6974,confirmed,76095319012068.7,76.2784
20251126,146100000,524000.0,76556400000000.0,confirmed,29246387,1587.0,46414016169.0,confirmed,4631251,6750.0,31260944250.0,confirmed,0,3080.0,0.0,confirmed,0,260000.0,0.0,confirmed,0,2560.0,0.0,none,2797720,47.060001373291016,1464.9200439453125,192872408745.96024,confirmed,76826947369164.95,77.0126
20251127,146100000,544000.0,79478400000000.0,confirmed,29246387,1584.0,46326277008.0,confirmed,4631251,6570.0,30427319070.0,confirmed,0,3085.0,0.0,confirmed,0,256000.0,0.0,confirmed,0,2320.0,0.0,none,2797720,46.900001525878906,1470.5899658203125,192960627463.22034,confirmed,79748114223541.22,79.9334
20251128,146100000,530000.0,77433000000000.0,confirmed,16430038,1650.0,27109562700.0,confirmed,4631251,6780.0,31399881780.0,confirmed,0,3155.0,0.0,confirmed,0,257500.0,0.0,confirmed,0,2305.0,0.0,none,2797720,46.900001525878906,1461.4000244140625,191754787017.33435,confirmed,77683264231497.33,77.7917
20251201,146100000,538000.0,78601800000000.0,confirmed,16430038,1600.0,26288060800.0,confirmed,4631251,6780.0,31399881780.0,confirmed,0,3160.0,0.0,confirmed,0,252000.0,0.0,confirmed,0,2255.0,0.0,none,2797720,49.29999923706055,1465.6199951171875,202149439447.69278,confirmed,78861637382027.69,78.9668
20251202,146100000,558000.0,81523800000000.0,confirmed,16430038,1604.0,26353780952.0,confirmed,4631251,6870.0,31816694370.0,confirmed,0,3145.0,0.0,confirmed,0,253000.0,0.0,confirmed,0,2195.0,0.0,none,2797720,47.119998931884766,1470.1700439453125,193810404864.245,confirmed,81775780880186.25,81.8812
20251203,146100000,552000.0,80647200000000.0,confirmed,16430038,1629.0,26764531902.0,confirmed,4631251,6870.0,31816694370.0,confirmed,0,3145.0,0.0,confirmed,0,252000.0,0.0,confirmed,0,2205.0,0.0,none,2797720,46.93000030517578,1467.3599853515625,192659964662.58676,confirmed,80898441190934.6,81.0055
20251204,146100000,542000.0,79186200000000.0,confirmed,16430038,1601.0,26304490838.0,confirmed,4631251,6850.0,31724069350.0,confirmed,0,3110.0,0.0,confirmed,0,243500.0,0.0,confirmed,0,2125.0,0.0,none,2797720,48.650001525878906,1465.030029296875,199403892784.09738,confirmed,79443632452972.1,79.5489
20251205,146100000,544000.0,79478400000000.0,confirmed,16430038,1683.0,27651753954.0,confirmed,4631251,6810.0,31538819310.0,confirmed,0,3115.0,0.0,confirmed,0,247500.0,0.0,confirmed,0,2190.0,0.0,none,2797720,54.7599983215332,1472.3800048828125,225573243708.27823,confirmed,79763163816972.28,79.8738
20251208,146100000,577000.0,84299700000000.0,confirmed,16430038,1654.0,27175282852.0,confirmed,4631251,6750.0,31260944250.0,confirmed,0,3075.0,0.0,confirmed,0,247500.0,0.0,confirmed,0,2135.0,0.0,none,2797720,52.689998626708984,1471.81005859375,216962262657.50458,confirmed,84575098489759.5,84.6838
20251209,146100000,566000.0,82692600000000.0,confirmed,16430038,1616.0,26550941408.0,confirmed,4631251,6770.0,31353569270.0,confirmed,0,3995.0,0.0,confirmed,0,245500.0,0.0,confirmed,0,2145.0,0.0,none,2797720,54.36000061035156,1468.510009765625,223336965768.60498,confirmed,82973841476446.61,83.08
20251210,146100000,587000.0,85760700000000.0,confirmed,16430038,1613.0,26501651294.0,confirmed,4631251,6880.0,31863006880.0,confirmed,0,4225.0,0.0,confirmed,0,247500.0,0.0,confirmed,0,2145.0,0.0,none,2797720,54.439998626708984,1467.9300537109375,223577304131.71265,confirmed,86042641962305.72,86.1486
20251211,146100000,565000.0,82546500000000.0,confirmed,16430038,1628.0,26748101864.0,confirmed,4631251,6860.0,31770381860.0,confirmed,0,4225.0,0.0,confirmed,0,241500.0,0.0,confirmed,0,2125.0,0.0,none,2797720,51.66999816894531,1469.0400390625,212361765084.53394,confirmed,82817380248808.53,82.9244
20251212,146100000,571000.0,83423100000000.0,confirmed,16430038,1556.0,25565139128.0,confirmed,4631251,6900.0,31955631900.0,confirmed,0,4195.0,0.0,confirmed,0,249000.0,0.0,confirmed,0,2085.0,0.0,none,2797720,52.54999923706055,1470.8499755859375,216244633849.224,confirmed,83696865404877.22,83.7991
20251215,146100000,554000.0,80939400000000.0,confirmed,16430038,1594.0,26189480572.0,confirmed,4631251,6940.0,32140881940.0,confirmed,0,4315.0,0.0,confirmed,0,242000.0,0.0,confirmed,0,1988.0,0.0,none,2797720,50.349998474121094,1472.9100341796875,207481763204.72226,confirmed,81205212125716.72,81.31
20251216,146100000,530000.0,77433000000000.0,confirmed,16430038,1590.0,26123760420.0,confirmed,4631251,6900.0,31955631900.0,confirmed,0,4430.0,0.0,confirmed,0,244000.0,0.0,confirmed,0,1968.0,0.0,none,2797720,46.06999969482422,1467.47998046875,189144902797.46133,confirmed,77680224295117.47,77.7847
20251217,146100000,551000.0,80501100000000.0,confirmed,16430038,1597.0,26238770686.0,confirmed,4631251,6920.0,32048256920.0,confirmed,0,4235.0,0.0,confirmed,0,247500.0,0.0,confirmed,0,1964.0,0.0,none,2797720,49.66999816894531,1471.739990234375,204517032320.72015,confirmed,80763904059926.72,80.8689
20251218,146100000,552000.0,80647200000000.0,confirmed,16430038,1581.0,25975890078.0,confirmed,4631251,6810.0,31538819310.0,confirmed,0,4135.0,0.0,confirmed,0,242500.0,0.0,confirmed,0,1991.0,0.0,none,2797720,45.849998474121094,1474.0,189078024695.52063,confirmed,80893792734083.52,80.9977
20251219,146100000,547000.0,79916700000000.0,confirmed,16430038,1573.0,25844449774.0,confirmed,4631251,6900.0,31955631900.0,confirmed,0,4390.0,0.0,confirmed,0,247000.0,0.0,confirmed,0,1999.0,0.0,none,2797720,46.439998626708984,1474.3599853515625,191557861997.41888,confirmed,80166057943671.42,80.2694
20251222,146100000,580000.0,84738000000000.0,confirmed,16430038,1570.0,25795159660.0,confirmed,4631251,6880.0,31863006880.0,confirmed,0,4975.0,0.0,confirmed,0,247000.0,0.0,confirmed,0,2030.0,0.0,none,2797720,48.47999954223633,1473.719970703125,199885745063.01013,confirmed,84995543911603.02,85.0987
20251223,146100000,584000.0,85322400000000.0,confirmed,16430038,1501.0,24661487038.0,confirmed,4631251,6840.0,31677756840.0,confirmed,0,5440.0,0.0,confirmed,0,250000.0,0.0,confirmed,0,2025.0,0.0,none,2797720,53.86000061035156,1476.8399658203125,222537926957.99625,confirmed,85601277170836.0,85.6999
20251224,146100000,588000.0,85906800000000.0,confirmed,16430038,1500.0,24645057000.0,confirmed,4631251,6840.0,31677756840.0,confirmed,0,5710.0,0.0,confirmed,0,248000.0,0.0,confirmed,0,1990.0,0.0,none,2797720,51.38999938964844,1478.6700439453125,212595532852.2996,confirmed,86175718346692.3,86.2743
20251226,146100000,599000.0,87513900000000.0,confirmed,16430038,1475.0,24234306050.0,confirmed,4631251,6810.0,31538819310.0,confirmed,0,6270.0,0.0,confirmed,0,242500.0,0.0,confirmed,0,1955.0,0.0,none,2797720,49.81999969482422,1446.52001953125,201619445779.08713,confirmed,87771292571139.1,87.8682
20251229,146100000,640000.0,93504000000000.0,confirmed,16430038,1464.0,24053575632.0,confirmed,4631251,6680.0,30936756680.0,confirmed,0,6650.0,0.0,confirmed,0,242500.0,0.0,confirmed,0,1899.0,0.0,none,2797720,46.0,1441.3299560546875,185492131654.05273,confirmed,93744482463966.05,93.8407
20251230,146100000,651000.0,95111100000000.0,confirmed,16430038,1431.0,23511384378.0,confirmed,4631251,6700.0,31029381700.0,confirmed,0,6000.0,0.0,confirmed,0,246000.0,0.0,confirmed,0,1947.0,0.0,none,2797720,45.25,1434.7099609375,181629733024.11133,confirmed,95347270499102.11,95.4413
20260102,146100000,677000.0,98909700000000.0,confirmed,16430038,1526.0,25072237988.0,confirmed,0,6740.0,0.0,confirmed,0,6040.0,0.0,confirmed,0,248000.0,0.0,confirmed,0,2215.0,0.0,none,2797720,44.869998931884766,1443.6400146484375,181225462995.7573,confirmed,99115997700983.75,99.2163
20260105,146100000,696000.0,101685600000000.0,confirmed,16430038,1487.0,24431466506.0,confirmed,0,6700.0,0.0,confirmed,0,5950.0,0.0,confirmed,0,246000.0,0.0,confirmed,0,2190.0,0.0,none,2797720,46.77000045776367,1440.47998046875,188485891720.07526,confirmed,101898517358226.08,101.9962
20260106,146100000,726000.0,106068600000000.0,confirmed,16430038,1482.0,24349316316.0,confirmed,0,6620.0,0.0,confirmed,0,5650.0,0.0,confirmed,0,248000.0,0.0,confirmed,0,2165.0,0.0,none,2797720,48.709999084472656,1445.56005859375,196996499403.40717,confirmed,106289945815719.4,106.3873
20260107,146100000,742000.0,108406200000000.0,confirmed,16430038,1480.0,24316456240.0,confirmed,0,6550.0,0.0,confirmed,0,5660.0,0.0,confirmed,0,232000.0,0.0,confirmed,0,2180.0,0.0,none,2797720,50.7599983215332,1444.9599609375,205202033280.59906,confirmed,108635718489520.6,108.733
20260108,146100000,756000.0,110451600000000.0,confirmed,16430038,1454.0,23889275252.0,confirmed,0,6420.0,0.0,confirmed,0,5290.0,0.0,confirmed,0,229500.0,0.0,confirmed,0,2135.0,0.0,none,2797720,49.779998779296875,1446.1400146484375,201404640285.08276,confirmed,110676893915537.08,110.7725
20260109,146100000,744000.0,108698400000000.0,confirmed,16430038,1501.0,24661487038.0,confirmed,0,6410.0,0.0,confirmed,0,5480.0,0.0,confirmed,0,230000.0,0.0,confirmed,0,2135.0,0.0,none,2797720,50.45000076293945,1450.0799560546875,204671500790.44257,confirmed,108927732987828.44,109.0264
20260112,146100000,749000.0,109428900000000.0,confirmed,16430038,1488.0,24447896544.0,confirmed,0,6480.0,0.0,confirmed,0,5380.0,0.0,confirmed,0,236000.0,0.0,confirmed,0,2275.0,0.0,none,2797720,49.45000076293945,1455.239990234375,201328459666.10922,confirmed,109654676356210.11,109.7525
20260113,146100000,738000.0,107821800000000.0,confirmed,16430038,1461.0,24004285518.0,confirmed,0,6480.0,0.0,confirmed,0,5340.0,0.0,confirmed,0,235000.0,0.0,confirmed,0,2300.0,0.0,none,2797720,50.95000076293945,1464.9300537109375,208816749524.66293,confirmed,108054621035042.66,108.1506
20260114,146100000,742000.0,108406200000000.0,confirmed,16430038,1509.0,24792927342.0,confirmed,0,6460.0,0.0,confirmed,0,5120.0,0.0,confirmed,0,235000.0,0.0,confirmed,0,2430.0,0.0,none,2797720,48.939998626708984,1473.010009765625,201685138828.25363,confirmed,108632678066170.25,108.7318
20260115,146100000,749000.0,109428900000000.0,confirmed,16430038,1545.0,25384408710.0,confirmed,0,6530.0,0.0,confirmed,0,5240.0,0.0,confirmed,0,233500.0,0.0,confirmed,0,2235.0,0.0,none,2797720,50.880001068115234,1462.9000244140625,208240887684.29846,confirmed,109662525296394.3,109.7641
20260116,146100000,756000.0,110451600000000.0,confirmed,16430038,1473.0,24201445974.0,confirmed,0,6530.0,0.0,confirmed,0,5500.0,0.0,confirmed,0,234000.0,0.0,confirmed,0,2160.0,0.0,none,2797720,47.560001373291016,1468.8399658203125,195443209906.15985,confirmed,110671244655880.16,110.7681
20260119,146100000,764000.0,111620400000000.0,confirmed,16430038,1427.0,23445664226.0,confirmed,0,6670.0,0.0,confirmed,0,5570.0,0.0,confirmed,0,238000.0,0.0,confirmed,0,2150.0,0.0,none,2797720,50.79999923706055,1471.5799560546875,209147085531.31454,confirmed,111852992749757.31,111.9468
20260120,146100000,743000.0,108552300000000.0,confirmed,16430038,1463.0,24037145594.0,confirmed,0,6790.0,0.0,confirmed,0,5400.0,0.0,confirmed,0,239000.0,0.0,confirmed,0,2105.0,0.0,none,2797720,50.79999923706055,1471.52001953125,209138567102.4366,confirmed,108785475712696.44,108.8816
20260121,146100000,740000.0,108114000000000.0,confirmed,16430038,1469.0,24135725822.0,confirmed,0,6740.0,0.0,confirmed,0,5100.0,0.0,confirmed,0,231500.0,0.0,confirmed,0,2085.0,0.0,none,2797720,50.65999984741211,1477.780029296875,209449450278.11356,confirmed,108347585176100.11,108.4441
20260122,146100000,755000.0,110305500000000.0,confirmed,16430038,1482.0,24349316316.0,confirmed,0,6810.0,0.0,confirmed,0,5200.0,0.0,confirmed,0,236500.0,0.0,confirmed,0,2025.0,0.0,none,2797720,48.33000183105469,1464.8299560546875,198065243348.69412,confirmed,110527914559664.69,110.6253
20260123,146100000,767000.0,112058700000000.0,confirmed,16430038,1496.0,24579336848.0,confirmed,0,6930.0,0.0,confirmed,0,5190.0,0.0,confirmed,0,238500.0,0.0,confirmed,0,2095.0,0.0,none,2797720,49.33000183105469,1463.260009765625,201946756719.70148,confirmed,112285226093567.7,112.3835
20260126,146100000,736000.0,107529600000000.0,confirmed,16430038,1481.0,24332886278.0,confirmed,0,6950.0,0.0,confirmed,0,5140.0,0.0,confirmed,0,255500.0,0.0,confirmed,0,2165.0,0.0,none,2797720,47.25,1444.81005859375,190992721364.34082,confirmed,107744925607642.34,107.8423
20260127,146100000,800000.0,116880000000000.0,confirmed,16430038,1468.0,24119295784.0,confirmed,0,6970.0,0.0,confirmed,0,5060.0,0.0,confirmed,0,265500.0,0.0,confirmed,0,2325.0,0.0,none,2797720,43.369998931884766,1440.97998046875,174844351314.1442,confirmed,117078963647098.14,117.1754
20260128,146100000,841000.0,122870100000000.0,confirmed,16430038,1475.0,24234306050.0,confirmed,0,6990.0,0.0,confirmed,0,5240.0,0.0,confirmed,0,263000.0,0.0,confirmed,0,2295.0,0.0,none,2797720,45.4900016784668,1432.510009765625,182313095763.5776,confirmed,123076647401813.58,123.1736
20260129,146100000,861000.0,125792100000000.0,confirmed,16430038,1443.0,23708544834.0,confirmed,0,6930.0,0.0,confirmed,0,5230.0,0.0,confirmed,0,260500.0,0.0,confirmed,0,2330.0,0.0,none,2797720,45.79999923706055,1429.27001953125,183140334161.40402,confirmed,125998948878995.4,126.0938
20260130,146100000,909000.0,132804900000000.0,confirmed,16430038,1389.0,22821322782.0,confirmed,0,6970.0,0.0,confirmed,0,5110.0,0.0,confirmed,0,254000.0,0.0,confirmed,0,2220.0,0.0,none,2797720,43.2400016784668,1428.760009765625,172841981162.7947,confirmed,133000563303944.8,133.0918
20260202,146100000,830000.0,121263000000000.0,confirmed,16430038,1327.0,21802660426.0,confirmed,0,6740.0,0.0,confirmed,0,4870.0,0.0,confirmed,0,249000.0,0.0,confirmed,0,2340.0,0.0,none,2797720,39.97999954223633,1448.800048828125,162052406311.37436,confirmed,121446855066737.38,121.5341
20260203,146100000,907000.0,132512700000000.0,confirmed,16430038,1328.0,21819090464.0,confirmed,0,6880.0,0.0,confirmed,0,4965.0,0.0,confirmed,0,245500.0,0.0,confirmed,0,2320.0,0.0,none,2797720,38.560001373291016,1452.5400390625,156700145846.17422,confirmed,132691219236310.17,132.7785
20260204,146100000,900000.0,131490000000000.0,confirmed,16430038,1376.0,22607732288.0,confirmed,0,6910.0,0.0,confirmed,0,4905.0,0.0,confirmed,0,244000.0,0.0,confirmed,0,2345.0,0.0,none,1307720,38.470001220703125,1446.6800537109375,72779565669.99141,confirmed,131585387297957.98,131.6758
20260205,146100000,842000.0,123016200000000.0,confirmed,16430038,1322.0,21720510236.0,confirmed,0,6890.0,0.0,confirmed,0,4685.0,0.0,confirmed,0,238500.0,0.0,confirmed,0,2340.0,0.0,none,1307720,35.34000015258789,1460.1099853515625,67478727453.106636,confirmed,123105399237689.11,123.1923
20260206,146100000,839000.0,122577900000000.0,confirmed,16430038,1381.0,22689882478.0,confirmed,0,6810.0,0.0,confirmed,0,4675.0,0.0,confirmed,0,238000.0,0.0,confirmed,0,2275.0,0.0,none,1307720,30.43000030517578,1470.6800537109375,58524124401.6223,confirmed,122659114006879.62,122.7499
20260209,146100000,887000.0,129590700000000.0,confirmed,16430038,1362.0,22377711756.0,confirmed,0,6900.0,0.0,confirmed,0,4790.0,0.0,confirmed,0,236500.0,0.0,confirmed,0,2335.0,0.0,none,1307720,34.9900016784668,1462.4000244140625,66915220709.75354,confirmed,129679992932465.75,129.7695
20260210,146100000,876000.0,127983600000000.0,confirmed,16430038,1389.0,22821322782.0,confirmed,0,7200.0,0.0,confirmed,0,4900.0,0.0,confirmed,0,246500.0,0.0,confirmed,0,2440.0,0.0,none,1307720,35.47999954223633,1458.5400390625,67673202173.12116,confirmed,128074094524955.12,128.1654
20260211,146100000,860000.0,125646000000000.0,confirmed,16430038,1394.0,22903472972.0,confirmed,0,7180.0,0.0,confirmed,0,4805.0,0.0,confirmed,0,259000.0,0.0,confirmed,0,2315.0,0.0,none,1307720,35.189998626708984,1455.3299560546875,66972341718.14116,confirmed,125735875814690.14,125.8275
20260212,146100000,888000.0,129736800000000.0,confirmed,16430038,1397.0,22952763086.0,confirmed,0,7240.0,0.0,confirmed,0,4715.0,0.0,confirmed,0,258000.0,0.0,confirmed,0,2010.0,0.0,none,1307720,33.61000061035156,1444.18994140625,63475715071.31557,confirmed,129823228478157.31,129.915
20260213,146100000,880000.0,128568000000000.0,confirmed,16430038,1402.0,23034913276.0,confirmed,0,7250.0,0.0,confirmed,0,4560.0,0.0,confirmed,0,257000.0,0.0,confirmed,0,1926.0,0.0,none,1307720,31.299999237060547,1440.9000244140625,58978393874.10545,confirmed,128650013307150.11,128.7422
20260219,146100000,894000.0,130613400000000.0,confirmed,16430038,1419.0,23314223922.0,confirmed,0,7230.0,0.0,confirmed,0,4685.0,0.0,confirmed,0,262000.0,0.0,confirmed,0,1929.0,0.0,none,1307720,33.34000015258789,1440.1600341796875,62790091791.1541,confirmed,130699504315713.16,130.7928
20260220,146100000,949000.0,138648900000000.0,confirmed,16430038,1392.0,22870612896.0,confirmed,0,7250.0,0.0,confirmed,0,4540.0,0.0,confirmed,0,260500.0,0.0,confirmed,0,1886.0,0.0,none,1307720,33.43000030517578,1447.75,63291402568.674545,confirmed,138735062015464.67,138.8265
20260223,146100000,951000.0,138941100000000.0,confirmed,16430038,1368.0,22476291984.0,confirmed,0,7300.0,0.0,confirmed,0,5900.0,0.0,confirmed,0,259500.0,0.0,confirmed,0,1835.0,0.0,none,1307720,31.899999618530273,1443.43994140625,60214926717.53934,confirmed,139023791218701.55,139.1137
20260224,146100000,1005000.0,146830500000000.0,confirmed,16430038,1360.0,22344851680.0,confirmed,0,7330.0,0.0,confirmed,0,7670.0,0.0,confirmed,0,265000.0,0.0,confirmed,0,1843.0,0.0,none,1307720,30.780000686645508,1442.199951171875,58050888001.117905,confirmed,146910895739681.12,147.0003
20260225,146100000,1018000.0,148729800000000.0,confirmed,16430038,1353.0,22229841414.0,confirmed,0,7330.0,0.0,confirmed,0,7450.0,0.0,confirmed,0,266000.0,0.0,confirmed,0,1832.0,0.0,none,1307720,31.6200008392334,1439.989990234375,59543740891.48989,confirmed,148811573582305.5,148.9005
20260226,146100000,1099000.0,160563900000000.0,confirmed,16430038,1300.0,21359049400.0,confirmed,0,7280.0,0.0,confirmed,0,7040.0,0.0,confirmed,0,254000.0,0.0,confirmed,0,1805.0,0.0,none,1307720,33.59000015258789,1426.9300537109375,62679779021.62036,confirmed,160647938828421.62,160.7334
20260227,146100000,1061000.0,155012100000000.0,confirmed,16430038,1282.0,21063308716.0,confirmed,0,7240.0,0.0,confirmed,0,6830.0,0.0,confirmed,0,248500.0,0.0,confirmed,0,1745.0,0.0,none,1307720,40.880001068115234,1432.3199462890625,76571244234.44539,confirmed,155109734552950.44,155.194
20260303,146100000,939000.0,137187900000000.0,confirmed,16430038,1225.0,20126796550.0,confirmed,0,7120.0,0.0,confirmed,0,6260.0,0.0,confirmed,0,236000.0,0.0,confirmed,0,1625.0,0.0,none,1307720,38.34000015258789,1452.27001953125,72813892454.54272,confirmed,137280840689004.55,137.3613
20260304,146100000,849000.0,124038900000000.0,confirmed,16430038,1098.0,18040181724.0,confirmed,0,6650.0,0.0,confirmed,0,5360.0,0.0,confirmed,0,211000.0,0.0,confirmed,0,1544.0,0.0,none,1307720,37.04999923706055,1483.0699462890625,71856259047.7945,confirmed,124128796440771.8,124.201
20260305,146100000,941000.0,137480100000000.0,confirmed,16430038,1191.0,19568175258.0,confirmed,0,7080.0,0.0,confirmed,0,6350.0,0.0,confirmed,0,220000.0,0.0,confirmed,0,1559.0,0.0,none,1307720,37.130001068115234,1460.75,70927658429.06924,confirmed,137570595833687.06,137.6489
20260306,146100000,924000.0,134996400000000.0,confirmed,16430038,1198.0,19683185524.0,confirmed,0,7210.0,0.0,confirmed,0,6630.0,0.0,confirmed,0,226000.0,0.0,confirmed,0,1577.0,0.0,none,1307720,36.02000045776367,1479.510009765625,69690950461.21893,confirmed,135085774135985.22,135.1645
20260309,146100000,836000.0,122139600000000.0,confirmed,16430038,1114.0,18303062332.0,confirmed,0,7050.0,0.0,confirmed,0,6240.0,0.0,confirmed,0,218500.0,0.0,confirmed,0,1463.0,0.0,none,1307720,35.72999954223633,1483.8900146484375,69334516094.63364,confirmed,122227237578426.64,122.3004
20260310,146100000,938000.0,137041800000000.0,confirmed,16430038,1151.0,18910973738.0,confirmed,0,7120.0,0.0,confirmed,0,6110.0,0.0,confirmed,0,237000.0,0.0,confirmed,0,1521.0,0.0,none,1307720,35.869998931884766,1464.469970703125,68695232910.48734,confirmed,137129406206648.48,137.2051
20260311,146100000,955000.0,139525500000000.0,confirmed,16430038,1205.0,19798195790.0,confirmed,0,7070.0,0.0,confirmed,0,6220.0,0.0,confirmed,0,227500.0,0.0,confirmed,0,1537.0,0.0,none,1307720,35.119998931884766,1472.780029296875,67640552507.74054,confirmed,139612938748297.73,139.6921
20260312,146100000,930000.0,135873000000000.0,confirmed,16430038,1245.0,20455397310.0,confirmed,0,7000.0,0.0,confirmed,0,6290.0,0.0,confirmed,0,226000.0,0.0,confirmed,0,1545.0,0.0,none,1307720,34.27000045776367,1475.3399658203125,66118194133.29192,confirmed,135959573591443.3,136.0414
20260313,146100000,910000.0,132951000000000.0,confirmed,16430038,1354.0,22246271452.0,confirmed,0,7070.0,0.0,confirmed,0,6170.0,0.0,confirmed,0,244500.0,0.0,confirmed,0,1501.0,0.0,none,1307720,33.029998779296875,1470.5799560546875,63520215921.41203,confirmed,133036766487373.4,133.1258
20260316,146100000,974000.0,142301400000000.0,confirmed,16430038,1356.0,22279131528.0,confirmed,0,6970.0,0.0,confirmed,0,6180.0,0.0,confirmed,0,234500.0,0.0,confirmed,0,1527.0,0.0,none,1307720,32.97999954223633,1501.75,64768382560.81234,confirmed,142388447514088.8,142.4776
20260317,146100000,970000.0,141717000000000.0,confirmed,16430038,1320.0,21687650160.0,confirmed,0,7040.0,0.0,confirmed,0,6150.0,0.0,confirmed,0,232500.0,0.0,confirmed,0,1560.0,0.0,none,1307720,33.290000915527344,1488.9100341796875,64818209423.8891,confirmed,141803505859583.88,141.8903
20260318,146100000,1056000.0,154281600000000.0,confirmed,16430038,1272.0,20899008336.0,confirmed,0,7130.0,0.0,confirmed,0,6060.0,0.0,confirmed,0,234000.0,0.0,confirmed,0,1599.0,0.0,none,1307720,33.310001373291016,1484.8699951171875,64681167136.03645,confirmed,154367180175472.03,154.4508
20260319,146100000,1013000.0,147999300000000.0,confirmed,16430038,1214.0,19946066132.0,confirmed,0,7010.0,0.0,confirmed,0,5960.0,0.0,confirmed,0,232000.0,0.0,confirmed,0,1570.0,0.0,none,1307720,32.380001068115234,1505.25,63738268363.92666,confirmed,148082984334495.94,148.1628
20260320,146100000,1007000.0,147122700000000.0,confirmed,16430038,1251.0,20553977538.0,confirmed,0,7060.0,0.0,confirmed,0,6190.0,0.0,confirmed,0,235500.0,0.0,confirmed,0,1580.0,0.0,none,1307720,31.899999618530273,1489.8399658203125,62150562548.056,confirmed,147205404540086.06,147.2876
20260323,146100000,933000.0,136311300000000.0,confirmed,16430038,1244.0,20438967272.0,confirmed,0,6870.0,0.0,confirmed,0,5750.0,0.0,confirmed,0,228000.0,0.0,confirmed,0,1548.0,0.0,none,1307720,31.200000762939453,1504.2099609375,61373067544.42335,confirmed,136393112034816.42,136.4749
20260324,146100000,986000.0,144054600000000.0,confirmed,16430038,1230.0,20208946740.0,confirmed,0,7000.0,0.0,confirmed,0,5760.0,0.0,confirmed,0,236500.0,0.0,confirmed,0,1732.0,0.0,none,1307720,33.11000061035156,1485.3599853515625,64314022712.623245,confirmed,144139122969452.62,144.22
20260325,146100000,995000.0,145369500000000.0,confirmed,16430038,1234.0,20274666892.0,confirmed,0,7070.0,0.0,confirmed,0,6000.0,0.0,confirmed,0,240500.0,0.0,confirmed,0,1702.0,0.0,none,1307720,32.70000076293945,1497.31005859375,64028639025.13494,confirmed,145453803305917.12,145.5349
20260326,146100000,933000.0,136311300000000.0,confirmed,16430038,1261.0,20718277918.0,confirmed,0,7000.0,0.0,confirmed,0,5800.0,0.0,confirmed,0,241500.0,0.0,confirmed,0,1706.0,0.0,none,1307720,31.959999084472656,1500.969970703125,62732634667.767555,confirmed,136394750912585.77,136.4776
20260327,146100000,922000.0,134704200000000.0,confirmed,16430038,1294.0,21260469172.0,confirmed,0,7050.0,0.0,confirmed,0,5660.0,0.0,confirmed,0,254500.0,0.0,confirmed,0,1707.0,0.0,none,1307720,29.84000015258789,1508.3599853515625,58859773899.09285,confirmed,134784320243071.1,134.8694
20260330,146100000,873000.0,127545300000000.0,confirmed,16430038,1262.0,20734707956.0,confirmed,0,7020.0,0.0,confirmed,0,5360.0,0.0,confirmed,0,250500.0,0.0,confirmed,0,1680.0,0.0,none,1307720,27.510000228881836,1516.1300048828125,54543349263.69498,confirmed,127620578057219.69,127.7035
20260331,146100000,807000.0,117902700000000.0,confirmed,16430038,1220.0,20044646360.0,confirmed,0,6630.0,0.0,confirmed,0,5180.0,0.0,confirmed,0,255000.0,0.0,confirmed,0,1638.0,0.0,none,1307720,26.59000015258789,1503.3299560546875,52274202646.98334,confirmed,117975018849006.98,118.0552
20260401,146100000,893000.0,130467300000000.0,confirmed,16430038,1297.0,21309759286.0,confirmed,0,6740.0,0.0,confirmed,0,5460.0,0.0,confirmed,0,262000.0,0.0,confirmed,0,1711.0,0.0,none,1307720,28.829999923706055,1512.0899658203125,57008161912.7933,confirmed,130545617921198.8,130.6309
20260402,146100000,830000.0,121263000000000.0,confirmed,16430038,1267.0,20816858146.0,confirmed,0,6400.0,0.0,confirmed,0,5050.0,0.0,confirmed,0,247500.0,0.0,confirmed,0,1629.0,0.0,none,1307720,27.790000915527344,1509.219970703125,54847377929.96125,confirmed,121338664236075.97,121.4219
20260403,146100000,876000.0,127983600000000.0,confirmed,16430038,1251.0,20553977538.0,confirmed,0,6480.0,0.0,confirmed,0,5040.0,0.0,confirmed,0,243500.0,0.0,confirmed,0,1624.0,0.0,none,1307720,29.299999237060547,1509.219970703125,57827566698.809555,confirmed,128061981544236.81,128.1442
20260406,146100000,886000.0,129444600000000.0,confirmed,16430038,1226.0,20143226588.0,confirmed,0,6470.0,0.0,confirmed,0,4940.0,0.0,confirmed,0,236500.0,0.0,confirmed,0,1599.0,0.0,none,1307720,29.299999237060547,1507.8499755859375,57775073698.747215,confirmed,129522518300286.75,129.6031
20260407,146100000,916000.0,133827600000000.0,confirmed,16430038,1260.0,20701847880.0,confirmed,0,6390.0,0.0,confirmed,0,4870.0,0.0,confirmed,0,233000.0,0.0,confirmed,0,1544.0,0.0,none,1307720,29.239999771118164,1499.1300048828125,57323332110.46205,confirmed,133905625179990.47,133.9884
20260408,146100000,1033000.0,150921300000000.0,confirmed,16430038,1287.0,21145458906.0,confirmed,0,6470.0,0.0,confirmed,0,5060.0,0.0,confirmed,0,234000.0,0.0,confirmed,0,1538.0,0.0,none,1307720,28.489999771118164,1477.5999755859375,55050857329.421265,confirmed,150997496316235.4,151.0821
20260409,146100000,998000.0,145807800000000.0,confirmed,16430038,1292.0,21227609096.0,confirmed,0,6490.0,0.0,confirmed,0,4880.0,0.0,confirmed,0,234000.0,0.0,confirmed,0,1554.0,0.0,none,1307720,28.989999771118164,1473.280029296875,55853228218.87966,confirmed,145884880837314.88,145.9698
20260410,146100000,1027000.0,150044700000000.0,confirmed,16430038,1292.0,21227609096.0,confirmed,0,6590.0,0.0,confirmed,0,4980.0,0.0,confirmed,0,237500.0,0.0,confirmed,0,1577.0,0.0,none,1307720,28.079999923706055,1473.280029296875,54099988151.34123,confirmed,150120027597247.34,150.2049
20260413,146100000,1040000.0,151944000000000.0,confirmed,16430038,1269.0,20849718222.0,confirmed,0,6560.0,0.0,confirmed,0,4930.0,0.0,confirmed,0,241500.0,0.0,confirmed,0,1595.0,0.0,none,1307720,28.790000915527344,1476.8399658203125,55601931847.5038,confirmed,152020451650069.5,152.1039
20260414,146100000,1103000.0,161148300000000.0,confirmed,16430038,1273.0,20915438374.0,confirmed,0,6670.0,0.0,confirmed,0,5030.0,0.0,confirmed,0,239000.0,0.0,confirmed,0,1612.0,0.0,none,1307720,29.760000228881836,1469.4200439453125,57186518240.6936,confirmed,161226401956614.7,161.3101
20260415,146100000,1136000.0,165969600000000.0,confirmed,16430038,1288.0,21161888944.0,confirmed,0,6660.0,0.0,confirmed,0,5140.0,0.0,confirmed,0,244000.0,0.0,confirmed,0,1659.0,0.0,none,1307720,35.7599983215332,1474.06005859375,68933040401.40442,confirmed,166059694929345.4,166.1443
20260416,146100000,1155000.0,168745500000000.0,confirmed,16430038,1321.0,21704080198.0,confirmed,0,6750.0,0.0,confirmed,0,5210.0,0.0,confirmed,0,256500.0,0.0,confirmed,0,1694.0,0.0,none,1307720,43.25,1477.9200439453125,83589517194.2981,confirmed,168850793597392.3,168.9376
20260417,146100000,1128000.0,164800800000000.0,confirmed,16430038,1320.0,21687650160.0,confirmed,0,6790.0,0.0,confirmed,0,5260.0,0.0,confirmed,0,263500.0,0.0,confirmed,0,1699.0,0.0,none,1307720,44.68000030517578,1477.9200439453125,86353286791.92451,confirmed,164908840936951.94,164.9956
20260420,146100000,1166000.0,170352600000000.0,confirmed,16430038,1316.0,21621930008.0,confirmed,0,6770.0,0.0,confirmed,0,5220.0,0.0,confirmed,0,261500.0,0.0,confirmed,0,1753.0,0.0,none,1307720,46.09000015258789,1469.260009765625,88556436754.82913,confirmed,170462778366762.84,170.5493
20260421,146100000,1224000.0,178826400000000.0,confirmed,16430038,1306.0,21457629628.0,confirmed,0,6780.0,0.0,confirmed,0,5220.0,0.0,confirmed,0,255000.0,0.0,confirmed,0,1734.0,0.0,none,1307720,48.31999969482422,1485.800048828125,93886263860.76215,confirmed,178941743893488.75,179.0276
20260422,146100000,1223000.0,178680300000000.0,confirmed,16430038,1310.0,21523349780.0,confirmed,0,6800.0,0.0,confirmed,0,5280.0,0.0,confirmed,0,265500.0,0.0,confirmed,0,1788.0,0.0,none,1307720,46.279998779296875,1477.9599609375,89448028630.09995,confirmed,178791271378410.1,178.8774
20260423,146100000,1225000.0,178972500000000.0,confirmed,16430038,1298.0,21326189324.0,confirmed,0,6820.0,0.0,confirmed,0,5360.0,0.0,confirmed,0,266500.0,0.0,confirmed,0,1794.0,0.0,none,1307720,47.36000061035156,1479.949951171875,91658657892.18759,confirmed,179085484847216.2,179.1708
20260424,146100000,1222000.0,178534200000000.0,confirmed,16430038,1304.0,21424769552.0,confirmed,0,6880.0,0.0,confirmed,0,5610.0,0.0,confirmed,0,274500.0,0.0,confirmed,0,1861.0,0.0,none,1307720,43.630001068115234,1479.949951171875,84439765418.07878,confirmed,178640064534970.1,178.7258
20260427,146100000,1292000.0,188761200000000.0,confirmed,16430038,1284.0,21096168792.0,confirmed,0,6830.0,0.0,confirmed,0,5770.0,0.0,confirmed,0,276000.0,0.0,confirmed,0,1940.0,0.0,none,1307720,42.689998626708984,1473.0,82232530251.06857,confirmed,188864528699043.06,188.9489
20260428,146100000,1300000.0,189930000000000.0,confirmed,16430038,1260.0,20701847880.0,confirmed,0,6800.0,0.0,confirmed,0,5660.0,0.0,confirmed,0,283500.0,0.0,confirmed,0,1863.0,0.0,none,1307720,43.84000015258789,1471.989990234375,84389841175.00854,confirmed,190035091689055.0,190.1179
20260429,146100000,1293000.0,188907300000000.0,confirmed,16430038,1253.0,20586837614.0,confirmed,0,6780.0,0.0,confirmed,0,7350.0,0.0,confirmed,0,277500.0,0.0,confirmed,0,1853.0,0.0,none,1307720,43.08000183105469,1487.3800048828125,83793902627.31053,confirmed,189011680740241.3,189.094
20260430,146100000,1286000.0,187884600000000.0,confirmed,16430038,1237.0,20323957006.0,confirmed,0,6810.0,0.0,confirmed,0,6850.0,0.0,confirmed,0,265000.0,0.0,confirmed,0,1885.0,0.0,none,1307720,42.11000061035156,1474.010009765625,81170915875.97533,confirmed,187986094872881.97,188.0674
20260504,146100000,1447000.0,211406700000000.0,confirmed,16430038,1192.0,19584605296.0,confirmed,0,6730.0,0.0,confirmed,0,6490.0,0.0,confirmed,0,288500.0,0.0,confirmed,0,1810.0,0.0,none,1307720,46.20000076293945,1476.050048828125,89178021319.90405,confirmed,211515462626615.9,211.5938
20260506,146100000,1601000.0,233906100000000.0,confirmed,16430038,1122.0,18434502636.0,confirmed,0,6600.0,0.0,confirmed,0,6200.0,0.0,confirmed,0,284000.0,0.0,confirmed,0,1818.0,0.0,none,1307720,48.0,1444.449951171875,90668932327.03125,confirmed,234015203434963.03,234.0889
20260507,146100000,1654000.0,241649400000000.0,confirmed,16430038,1119.0,18385212522.0,confirmed,0,6580.0,0.0,confirmed,0,6270.0,0.0,confirmed,0,270000.0,0.0,confirmed,0,1754.0,0.0,none,1307720,52.56999969482422,1454.7900390625,100012218050.35533,confirmed,241767797430572.34,241.8413
20260508,146100000,1686000.0,246324600000000.0,confirmed,16430038,1110.0,18237342180.0,confirmed,0,6640.0,0.0,confirmed,0,5930.0,0.0,confirmed,0,273000.0,0.0,confirmed,0,1650.0,0.0,none,1307720,47.68000030517578,1454.7900390625,90709199445.39662,confirmed,246433546541625.4,246.5065
20260511,146100000,1880000.0,274668000000000.0,confirmed,16430038,1033.0,16972229254.0,confirmed,0,6650.0,0.0,confirmed,0,5760.0,0.0,confirmed,0,284500.0,0.0,confirmed,0,1560.0,0.0,none,1307720,49.2400016784668,1474.449951171875,94942980299.17834,confirmed,274779915209553.2,274.8478
20260512,146100000,1835000.0,268093500000000.0,confirmed,16430038,947.0,15559245986.0,confirmed,0,6480.0,0.0,confirmed,0,5780.0,0.0,confirmed,0,277500.0,0.0,confirmed,0,1599.0,0.0,none,1307720,56.88999938964844,1492.989990234375,111072766984.30846,confirmed,268220132012970.3,268.2824
20260513,146100000,1976000.0,288693600000000.0,confirmed,16430038,935.0,15362085530.0,confirmed,0,6300.0,0.0,confirmed,0,5600.0,0.0,confirmed,0,281000.0,0.0,confirmed,0,1606.0,0.0,none,1307720,55.869998931884766,1489.8399658203125,108851156887.12686,confirmed,288817813242417.1,288.8793
20260514,146100000,1970000.0,287817000000000.0,confirmed,16430038,924.0,15181355112.0,confirmed,0,6380.0,0.0,confirmed,0,5590.0,0.0,confirmed,0,293500.0,0.0,confirmed,0,1667.0,0.0,none,1307720,55.2599983215332,1493.3399658203125,107915622768.23795,confirmed,287940096977880.25,288.0008
20260515,146100000,1819000.0,265755900000000.0,confirmed,16430038,860.0,14129832680.0,confirmed,0,6330.0,0.0,confirmed,0,5430.0,0.0,confirmed,0,279000.0,0.0,confirmed,0,1586.0,0.0,none,1307720,57.470001220703125,1493.3399658203125,112231472323.56808,confirmed,265882261305003.56,265.9388
20260518,146100000,1840000.0,268824000000000.0,confirmed,16430038,893.0,14672023934.0,confirmed,0,6290.0,0.0,confirmed,0,5430.0,0.0,confirmed,0,282000.0,0.0,confirmed,0,1583.0,0.0,none,1307720,51.95000076293945,1492.3199462890625,101382329945.27515,confirmed,268940054353879.28,268.9987
20260519,146100000,1745000.0,254944500000000.0,confirmed,16430038,897.0,14737744086.0,confirmed,0,6160.0,0.0,confirmed,0,5260.0,0.0,confirmed,0,276000.0,0.0,confirmed,0,1582.0,0.0,none,1307720,49.310001373291016,1507.8499755859375,97231707768.22939,confirmed,255056469451854.22,255.1154
20260520,146100000,1745000.0,254944500000000.0,confirmed,16430038,897.0,14737744086.0,confirmed,0,6070.0,0.0,confirmed,0,5110.0,0.0,confirmed,0,265500.0,0.0,confirmed,0,1500.0,0.0,none,1307720,48.439998626708984,1499.77001953125,95004364173.75455,confirmed,255054242108259.75,255.1132
20260521,146100000,1940000.0,283434000000000.0,confirmed,16430038,897.0,14737744086.0,confirmed,0,6110.0,0.0,confirmed,0,5220.0,0.0,confirmed,0,258000.0,0.0,confirmed,0,1483.0,0.0,none,1307720,52.470001220703125,1504.4000244140625,103226017377.68774,confirmed,283551963761463.7,283.6109
20260522,146100000,1941000.0,283580100000000.0,confirmed,16430038,963.0,15822126594.0,confirmed,0,6270.0,0.0,confirmed,0,5480.0,0.0,confirmed,0,271000.0,0.0,confirmed,0,1638.0,0.0,none,1307720,58.88999938964844,1504.4000244140625,115856298054.92139,confirmed,283711778424648.94,283.7751
20260526,146100000,2052000.0,299797200000000.0,confirmed,16430038,903.0,14836324314.0,confirmed,0,6130.0,0.0,confirmed,0,5480.0,0.0,confirmed,0,260500.0,0.0,confirmed,0,1878.0,0.0,none,1307720,63.63999938964844,1505.43994140625,125287679878.39131,confirmed,299937324004192.4,299.9967
20260527,146100000,2243000.0,327702300000000.0,confirmed,16430038,919.0,15099204922.0,confirmed,0,6000.0,0.0,confirmed,0,5300.0,0.0,confirmed,0,255000.0,0.0,confirmed,0,1867.0,0.0,none,1307720,63.619998931884766,1503.1099853515625,125054459407.0583,confirmed,327842453664329.06,327.9029
20260528,146100000,2289000.0,334422900000000.0,confirmed,16430038,912.0,14984194656.0,confirmed,0,5930.0,0.0,confirmed,0,5100.0,0.0,confirmed,0,255500.0,0.0,confirmed,0,1925.0,0.0,none,1307720,65.4000015258789,1495.2900390625,127884516102.07112,confirmed,334565768710758.06,334.6257
20260529,146100000,2333000.0,340851300000000.0,confirmed,16430038,903.0,14836324314.0,confirmed,0,5790.0,0.0,confirmed,0,5010.0,0.0,confirmed,0,257500.0,0.0,confirmed,0,1940.0,0.0,none,1307720,70.13999938964844,1495.2900390625,137153205994.8864,confirmed,341003289530308.9,341.0626
20260601,146100000,2363000.0,345234300000000.0,confirmed,16430038,882.0,14491293516.0,confirmed,0,5660.0,0.0,confirmed,0,4790.0,0.0,confirmed,0,249500.0,0.0,confirmed,0,2170.0,0.0,none,1307720,72.06999969482422,1511.27001953125,142433239814.75275,confirmed,345391224533330.75,345.4492
20260602,146100000,2360000.0,344796000000000.0,confirmed,16430038,883.0,14507723554.0,confirmed,0,5690.0,0.0,confirmed,0,4600.0,0.0,confirmed,0,252000.0,0.0,confirmed,0,2135.0,0.0,none,1307720,69.27999877929688,1516.5999755859375,137402198537.66821,confirmed,344947909922091.7,345.0059
20260604,146100000,2298000.0,335737800000000.0,confirmed,16430038,871.0,14310563098.0,confirmed,0,5520.0,0.0,confirmed,0,4665.0,0.0,confirmed,0,254500.0,0.0,confirmed,0,1984.0,0.0,none,1307720,68.2300033569336,1533.0699462890625,136789300413.96262,confirmed,335888899863511.94,335.9461
20260605,146100000,2070000.0,302427000000000.0,confirmed,16430038,844.0,13866952072.0,confirmed,0,5490.0,0.0,confirmed,0,4470.0,0.0,confirmed,0,257500.0,0.0,confirmed,0,2070.0,0.0,none,1307720,65.66000366210938,1533.0699462890625,131636897614.27292,confirmed,302572503849686.25,302.628
20260608,146100000,1911000.0,279197100000000.0,confirmed,16430038,778.0,12782569564.0,confirmed,0,5330.0,0.0,confirmed,0,4090.0,0.0,confirmed,0,244500.0,0.0,confirmed,0,1925.0,0.0,none,1307720,56.779998779296875,1528.8800048828125,113522917947.35918,confirmed,279323405487511.34,279.3745
20260609,146100000,2215000.0,323611500000000.0,confirmed,16430038,778.0,12782569564.0,confirmed,0,5480.0,0.0,confirmed,0,4380.0,0.0,confirmed,0,244500.0,0.0,confirmed,0,1996.0,0.0,none,1307720,62.79999923706055,1525.81005859375,125306868790.64319,confirmed,323749589438354.6,323.8007
20260610,146100000,2048000.0,299212800000000.0,confirmed,16430038,777.0,12766139526.0,confirmed,0,5440.0,0.0,confirmed,0,4210.0,0.0,confirmed,0,232000.0,0.0,confirmed,0,1905.0,0.0,none,1307720,56.689998626708984,1525.050048828125,113059043983.38873,confirmed,299338625183509.4,299.3897
20260611,146100000,2101000.0,306956100000000.0,confirmed,16430038,834.0,13702651692.0,confirmed,0,5820.0,0.0,confirmed,0,4400.0,0.0,confirmed,0,233000.0,0.0,confirmed,0,2090.0,0.0,none,1307720,56.630001068115234,1517.3800048828125,112371374352.04025,confirmed,307082174026044.06,307.137
20260612,146100000,2150000.0,314115000000000.0,confirmed,16430038,921.0,15132064998.0,confirmed,0,5830.0,0.0,confirmed,0,4540.0,0.0,confirmed,0,237000.0,0.0,confirmed,0,2050.0,0.0,none,1307720,57.9900016784668,1517.3800048828125,115070034687.94594,confirmed,314245202099685.94,314.3057
20260615,146100000,2288000.0,334276800000000.0,confirmed,16430038,868.0,14261272984.0,confirmed,0,5570.0,0.0,confirmed,0,4470.0,0.0,confirmed,0,236500.0,0.0,confirmed,0,2105.0,0.0,none,1307720,57.849998474121094,1513.31005859375,114484327235.63832,confirmed,334405545600219.6,334.4626
20260616,146100000,2382000.0,348010200000000.0,confirmed,16430038,907.0,14902044466.0,confirmed,0,5570.0,0.0,confirmed,0,4390.0,0.0,confirmed,0,237000.0,0.0,confirmed,0,2195.0,0.0,none,1307720,61.18000030517578,1510.9599609375,120886331030.97018,confirmed,348145988375497.0,348.2056
20260617,146100000,2521000.0,368318100000000.0,confirmed,16430038,907.0,14902044466.0,confirmed,0,5550.0,0.0,confirmed,0,4355.0,0.0,confirmed,0,247000.0,0.0,confirmed,0,2620.0,0.0,none,1307720,56.060001373291016,1525.4200439453125,111829740870.08083,confirmed,368444831785336.06,368.5044
20260618,146100000,2685000.0,392278500000000.0,confirmed,16430038,926.0,15214215188.0,confirmed,0,5370.0,0.0,confirmed,0,4220.0,0.0,confirmed,0,238000.0,0.0,confirmed,0,2690.0,0.0,none,1307720,54.689998626708984,1537.56005859375,109965073036.71297,confirmed,392403679288224.7,392.4645
20260619,146100000,2764000.0,403820400000000.0,confirmed,16430038,877.0,14409143326.0,confirmed,0,5350.0,0.0,confirmed,0,4030.0,0.0,confirmed,0,241500.0,0.0,confirmed,0,1951.0,0.0,none,1307720,56.54999923706055,1537.56005859375,113704972618.0187,confirmed,403948514115944.0,404.0062
20260622,146100000,2919000.0,426465900000000.0,confirmed,16430038,801.0,13160460438.0,confirmed,0,5170.0,0.0,confirmed,0,3990.0,0.0,confirmed,0,225000.0,0.0,confirmed,0,1969.0,0.0,none,1307720,56.54999923706055,1539.050048828125,113815159727.68887,confirmed,426592875620165.7,426.6455
20260623,146100000,2555000.0,373285500000000.0,confirmed,16430038,801.0,13160460438.0,confirmed,0,4935.0,0.0,confirmed,0,3710.0,0.0,confirmed,0,221500.0,0.0,confirmed,0,1748.0,0.0,none,1307720,58.31999969482422,1535.25,117087729608.90556,confirmed,373415748190046.9,373.4684
20260624,146100000,2580000.0,376938000000000.0,confirmed,16430038,806.0,13242610628.0,confirmed,0,4900.0,0.0,confirmed,0,3690.0,0.0,confirmed,0,220000.0,0.0,confirmed,0,1620.0,0.0,none,1307720,57.849998474121094,1542.760009765625,116712263161.84735,confirmed,377067954873789.9,377.1209
20260625,146100000,2917000.0,426173700000000.0,confirmed,16430038,813.0,13357620894.0,confirmed,0,4855.0,0.0,confirmed,0,3590.0,0.0,confirmed,0,208000.0,0.0,confirmed,0,1649.0,0.0,none,1307720,53.599998474121094,1546.47998046875,108398642997.25989,confirmed,426295456263891.25,426.3489
20260626,146100000,2673000.0,390525300000000.0,confirmed,16430038,810.0,13308330780.0,confirmed,0,4800.0,0.0,confirmed,0,3530.0,0.0,confirmed,0,204000.0,0.0,confirmed,12111300,1626.0,19692973800.0,confirmed,1307720,50.560001373291016,1546.47998046875,102250665948.25516,confirmed,390660551970528.25,390.7138
20260629,146100000,2628000.0,383950800000000.0,confirmed,16430038,899.0,14770604162.0,confirmed,0,5030.0,0.0,confirmed,0,4045.0,0.0,confirmed,0,223500.0,0.0,confirmed,12111300,1666.0,20177425800.0,confirmed,1307720,49.310001373291016,1541.72998046875,99416414991.95149,confirmed,384085164444953.94,384.1442
20260630,146100000,2650000.0,387165000000000.0,confirmed,16430038,940.0,15444235720.0,confirmed,0,5060.0,0.0,confirmed,0,3900.0,0.0,confirmed,0,236000.0,0.0,confirmed,12111300,1693.0,20504430900.0,confirmed,1307720,53.880001068115234,1548.6099853515625,109114989875.45947,confirmed,387310063656495.44,387.3718
20260701,146100000,2560000.0,374016000000000.0,confirmed,16430038,898.0,14754174124.0,confirmed,0,5110.0,0.0,confirmed,0,3925.0,0.0,confirmed,0,245000.0,0.0,confirmed,12111300,1696.0,20540764800.0,confirmed,1307720,53.2599983215332,1551.81005859375,108082274827.46974,confirmed,374159377213751.5,374.2184
20260702,146100000,2187000.0,319520700000000.0,confirmed,16430038,902.0,14819894276.0,confirmed,0,5010.0,0.0,confirmed,0,3710.0,0.0,confirmed,0,244500.0,0.0,confirmed,12111300,1640.0,19862532000.0,confirmed,1307720,51.400001525878906,1542.1300048828125,103657059526.44777,confirmed,319659039485802.44,319.7183
20260703,146100000,2425000.0,354292500000000.0,confirmed,16430038,913.0,15000624694.0,confirmed,0,5150.0,0.0,confirmed,0,3945.0,0.0,confirmed,0,235500.0,0.0,confirmed,12111300,1660.0,20104758000.0,confirmed,1307720,49.119998931884766,1542.1300048828125,99059037005.23997,confirmed,354426664419699.25,354.4867
20260706,146100000,2343000.0,342312300000000.0,confirmed,16430038,898.0,14754174124.0,confirmed,0,5110.0,0.0,confirmed,0,3840.0,0.0,confirmed,0,234500.0,0.0,confirmed,12111300,1574.0,19063186200.0,confirmed,1307720,49.119998931884766,1528.760009765625,98200212627.9956,confirmed,342444317572952.0,342.5033
20260707,146100000,2201000.0,321566100000000.0,confirmed,16430038,899.0,14770604162.0,confirmed,0,5140.0,0.0,confirmed,0,3680.0,0.0,confirmed,0,245000.0,0.0,confirmed,12111300,1485.0,17985280500.0,confirmed,1307720,48.869998931884766,1519.8599853515625,97131629910.21379,confirmed,321695987514572.2,321.7551
20260708,146100000,2076000.0,303303600000000.0,confirmed,16430038,898.0,14754174124.0,confirmed,0,5070.0,0.0,confirmed,0,3580.0,0.0,confirmed,0,245000.0,0.0,confirmed,12111300,1473.0,17839944900.0,confirmed,1307720,45.36000061035156,1503.3499755859375,89175984452.04953,confirmed,303425370103476.06,303.4844
20260709,146100000,2186000.0,319374600000000.0,confirmed,16430038,893.0,14672023934.0,confirmed,0,4860.0,0.0,confirmed,0,3590.0,0.0,confirmed,0,238500.0,0.0,confirmed,12111300,1473.0,17839944900.0,confirmed,1307720,45.08000183105469,1505.9100341796875,88776438444.8894,confirmed,319495888407278.9,319.5546
20260710,146100000,2180000.0,318498000000000.0,confirmed,16430038,902.0,14819894276.0,confirmed,0,5030.0,0.0,confirmed,0,3720.0,0.0,confirmed,0,238000.0,0.0,confirmed,12111300,1505.0,18227506500.0,confirmed,1307720,44.77000045776367,1505.9100341796875,88165950052.7873,confirmed,318619213350828.8,318.6785
20260713,146100000,1845000.0,269554500000000.0,confirmed,16430038,885.0,14540583630.0,confirmed,0,4865.0,0.0,confirmed,0,3480.0,0.0,confirmed,0,238000.0,0.0,confirmed,12111300,1558.0,18869405400.0,confirmed,1307720,42.86000061035156,1497.699951171875,83944404836.49591,confirmed,269671854393866.5,269.73
20260714,146100000,1913000.0,279489300000000.0,confirmed,16430038,872.0,14326993136.0,confirmed,0,4845.0,0.0,confirmed,0,3520.0,0.0,confirmed,0,230000.0,0.0,confirmed,12111300,1579.0,19123742700.0,confirmed,1307720,38.880001068115234,1487.8800048828125,75650001584.89479,confirmed,279598400737420.9,279.6557
20260715,146100000,2082000.0,304180200000000.0,confirmed,16430038,860.0,14129832680.0,confirmed,0,4880.0,0.0,confirmed,0,3720.0,0.0,confirmed,0,230000.0,0.0,confirmed,12111300,1659.0,20092646700.0,confirmed,1307720,39.290000915527344,1486.199951171875,76361429071.11334,confirmed,304290783908451.1,304.3473
20260716,146100000,1842000.0,269116200000000.0,confirmed,16430038,839.0,13784801882.0,confirmed,0,4800.0,0.0,confirmed,0,3555.0,0.0,confirmed,0,240500.0,0.0,confirmed,12111300,1659.0,20092646700.0,confirmed,1307720,37.5099983215332,1478.8499755859375,72541399348.62396,confirmed,269222618847930.62,269.2778
20260720,146100000,1764000.0,257720400000000.0,confirmed,16430038,846.0,13899812148.0,confirmed,0,4740.0,0.0,confirmed,0,3405.0,0.0,confirmed,0,222500.0,0.0,confirmed,12111300,1619.0,19608194700.0,confirmed,1307720,34.779998779296875,1475.010009765625,67087142774.56669,confirmed,257820995149622.56,257.8766
20260721,146100000,1836000.0,268239600000000.0,confirmed,16430038,873.0,14343423174.0,confirmed,0,4750.0,0.0,confirmed,0,3495.0,0.0,confirmed,0,234500.0,0.0,confirmed,12111300,1606.0,19450747800.0,confirmed,1307720,34.2400016784668,1479.719970703125,66256437106.94233,confirmed,268339650608080.94,268.397
20260722,146100000,1830000.0,267363000000000.0,confirmed,16430038,869.0,14277703022.0,confirmed,0,4715.0,0.0,confirmed,0,4540.0,0.0,confirmed,0,231000.0,0.0,confirmed,12111300,1632.0,19765641600.0,confirmed,1307720,35.5099983215332,1475.6300048828125,68524029754.22421,confirmed,267465567374376.22,267.5227
20260723,146100000,1919000.0,280365900000000.0,confirmed,16430038,859.0,14113402642.0,confirmed,0,4780.0,0.0,confirmed,0,3985.0,0.0,confirmed,0,237500.0,0.0,confirmed,12111300,1632.0,19765641600.0,confirmed,1307720,34.68000030517578,1474.0400390625,66850265859.40243,confirmed,280466629310101.4,280.5231
20260724,146100000,1759000.0,256989900000000.0,confirmed,16430038,854.0,14031252452.0,confirmed,0,4760.0,0.0,confirmed,0,3775.0,0.0,confirmed,0,242500.0,0.0,confirmed,12111300,1585.0,19196410500.0,confirmed,1307720,34.06999969482422,1474.0400390625,65674409382.54093,confirmed,257088802072334.53,257.1449
20260727,146100000,1816000.0,265317600000000.0,confirmed,16430038,863.0,14179122794.0,confirmed,0,4925.0,0.0,confirmed,0,3930.0,0.0,confirmed,0,248000.0,0.0,confirmed,12111300,1573.0,19051074900.0,confirmed,1307720,32.84000015258789,1464.43994140625,62891142113.99028,confirmed,265413721339808.0,265.4704
20260728,146100000,1550000.0,226455000000000.0,confirmed,16430038,858.0,14096972604.0,confirmed,0,4745.0,0.0,confirmed,0,3515.0,0.0,confirmed,0,244000.0,0.0,confirmed,12111300,1480.0,17924724000.0,confirmed,1307720,35.91999816894531,1453.1600341796875,68259722241.51516,confirmed,226555281418845.5,226.6117
20260729,146100000,1401000.0,204686100000000.0,confirmed,16430038,820.0,13472631160.0,confirmed,0,4630.0,0.0,confirmed,0,3275.0,0.0,confirmed,0,244000.0,0.0,confirmed,12111300,1477.0,17888390100.0,confirmed,1307720,33.880001068115234,1442.280029296875,63901017158.79274,confirmed,204781362038418.78,204.8353
20260730,146100000,1322000.0,193144200000000.0,confirmed,16430038,728.0,11961067664.0,confirmed,0,4620.0,0.0,confirmed,0,3280.0,0.0,confirmed,0,259000.0,0.0,confirmed,12111300,1464.0,17730943200.0,confirmed,1307720,31.989999771118164,1420.5999755859375,59429326107.13847,confirmed,193233321336971.12,193.2812
20260731,146100000,1718000.0,250999800000000.0,confirmed,16430038,728.0,11961067664.0,confirmed,0,4685.0,0.0,confirmed,0,3480.0,0.0,confirmed,0,243000.0,0.0,confirmed,12111300,1566.0,18966295800.0,confirmed,1307720,35.77000045776367,1420.5999755859375,66451611043.02896,confirmed,251097178974507.03,251.145
20260803,146100000,1567000.0,228938700000000.0,confirmed,16430038,728.0,11961067664.0,confirmed,0,4575.0,0.0,confirmed,0,3530.0,0.0,confirmed,0,235000.0,0.0,confirmed,12111300,1572.0,19038963600.0,confirmed,1307720,36.439998626708984,1428.5,68072760483.38524,confirmed,229037772791747.38,229.0856
20260804,146100000,1577000.0,230399700000000.0,confirmed,3286008.0,3640.0,11961069120.0,confirmed,0,4720.0,0.0,confirmed,0,3655.0,0.0,confirmed,0,238000.0,0.0,confirmed,12111300,1698.0,20564987400.0,confirmed,1307720,38.849998474121094,1428.4300537109375,72571274610.91872,confirmed,230504797331130.9,230.5526
20260805,146100000,1668000.0,243694800000000.0,confirmed,3286008.0,3640.0,11961069120.0,confirmed,0,4790.0,0.0,confirmed,0,3730.0,0.0,confirmed,0,229000.0,0.0,confirmed,12111300,1676.0,20298538800.0,confirmed,1307720,41.720001220703125,1421.1600341796875,77535762832.37369,confirmed,243804595370752.38,243.8524
20260806,146100000,1495000.0,218419500000000.0,confirmed,3286008.0,3640.0,11961069120.0,confirmed,0,4860.0,0.0,confirmed,0,3840.0,0.0,confirmed,0,230000.0,0.0,confirmed,12111300,1630.0,19741419000.0,confirmed,1307720,39.93000030517578,1422.300048828125,74268611446.36874,confirmed,218525471099566.38,218.5733
20260807,146100000,1422000.0,207754200000000.0,confirmed,3286008.0,3640.0,11961069120.0,confirmed,0,5110.0,0.0,confirmed,0,3820.0,0.0,confirmed,0,241500.0,0.0,confirmed,12111300,1571.0,19026852300.0,confirmed,1307720,39.720001220703125,1422.300048828125,73878019403.0531,confirmed,207859065940823.06,207.9069
20260810,146100000,1420000.0,207462000000000.0,confirmed,3286008.0,3640.0,11961069120.0,confirmed,0,5170.0,0.0,confirmed,0,4045.0,0.0,confirmed,0,242000.0,0.0,confirmed,12111300,1534.0,18578734200.0,confirmed,1307720,44.43000030517578,1417.31005859375,82348549023.11647,confirmed,207574888352343.12,207.6227
20260811,146100000,1425000.0,208192500000000.0,confirmed,3286008.0,3640.0,11961069120.0,confirmed,0,5170.0,0.0,confirmed,0,4060.0,0.0,confirmed,0,244000.0,0.0,confirmed,12111300,1585.0,19196410500.0,confirmed,1307720,42.529998779296875,1412.1800537109375,78541684071.83049,confirmed,208302199163691.84,208.35
20260812,146100000,1504000.0,219734400000000.0,confirmed,3286008.0,3640.0,11961069120.0,confirmed,0,5240.0,0.0,confirmed,0,4035.0,0.0,confirmed,0,235000.0,0.0,confirmed,12111300,1653.0,20019978900.0,confirmed,1307720,43.439998626708984,1416.4599609375,80465343850.09833,confirmed,219846846391870.1,219.8947
20260813,146100000,1593000.0,232737300000000.0,confirmed,3286008.0,3640.0,11961069120.0,confirmed,0,5240.0,0.0,confirmed,0,4000.0,0.0,confirmed,0,234500.0,0.0,confirmed,12111300,1675.0,20286427500.0,confirmed,1307720,45.20000076293945,1416.8499755859375,83748507276.91762,confirmed,232853296003896.9,232.9011
20260814,146100000,1645000.0,240334500000000.0,confirmed,3286008.0,3640.0,11961069120.0,confirmed,0,5310.0,0.0,confirmed,0,4030.0,0.0,confirmed,0,238000.0,0.0,confirmed,12111300,1697.0,20552876100.0,confirmed,1307720,44.97999954223633,1416.8499755859375,83340879544.13019,confirmed,240450354824764.12,240.4982
20260818,146100000,1662000.0,242818200000000.0,confirmed,3286008.0,3640.0,11961069120.0,confirmed,0,5260.0,0.0,confirmed,0,3865.0,0.0,confirmed,0,226500.0,0.0,confirmed,12111300,1677.0,20310650100.0,confirmed,1307720,46.84000015258789,1413.5799560546875,86586868263.4441,confirmed,242937058587483.44,242.9849
20260819,146100000,1500000.0,219150000000000.0,confirmed,3286008.0,3640.0,11961069120.0,confirmed,0,5150.0,0.0,confirmed,0,3675.0,0.0,confirmed,0,221500.0,0.0,confirmed,12111300,1687.0,20431763100.0,confirmed,1307720,44.119998931884766,1389.4000244140625,80163664400.06064,confirmed,219262556496620.06,219.3104
20260820,146100000,1691000.0,247055100000000.0,confirmed,3286008.0,3640.0,11961069120.0,confirmed,0,5050.0,0.0,confirmed,0,3810.0,0.0,confirmed,0,222500.0,0.0,confirmed,12111300,1732.0,20976771600.0,confirmed,1307720,43.36000061035156,1390.7900390625,78861605977.00417,confirmed,247166899446697.0,247.2147
20260821,146100000,1730000.0,252753000000000.0,confirmed,3286008.0,3640.0,11961069120.0,confirmed,0,5100.0,0.0,confirmed,0,3640.0,0.0,confirmed,0,222000.0,0.0,confirmed,12111300,1718.0,20807213400.0,confirmed,1307720,41.529998779296875,1390.7900390625,75533264618.46237,confirmed,252861301547138.47,252.9091
20260824,146100000,1671000.0,244133100000000.0,confirmed,3286008.0,3640.0,11961069120.0,confirmed,0,5210.0,0.0,confirmed,0,3810.0,0.0,confirmed,0,224000.0,0.0,confirmed,12111300,1673.0,20262204900.0,confirmed,1307720,44.86000061035156,1380.760009765625,81001347053.5655,confirmed,244246324621073.56,244.2942
20260825,146100000,1678000.0,245155800000000.0,confirmed,3286008.0,3410.0,11205287280.0,confirmed,0,5250.0,0.0,confirmed,0,3835.0,0.0,confirmed,0,223000.0,0.0,confirmed,12111300,1694.0,20516542200.0,confirmed,1307720,41.060001373291016,1381.489990234375,74179084297.59335,confirmed,245261700913777.6,245.3065
20260826,146100000,1688000.0,246616800000000.0,confirmed,3286008.0,3375.0,11090277000.0,confirmed,0,5250.0,0.0,confirmed,0,3820.0,0.0,confirmed,0,228000.0,0.0,confirmed,12111300,1748.0,21170552400.0,confirmed,1307720,42.04999923706055,1383.489990234375,76077595757.4085,confirmed,246725138425157.4,246.7695
20260827,146100000,1730000.0,252753000000000.0,confirmed,3286008.0,3595.0,11813198760.0,confirmed,0,5200.0,0.0,confirmed,0,3800.0,0.0,confirmed,0,219500.0,0.0,confirmed,12111300,1807.0,21885119100.0,confirmed,1307720,40.029998779296875,1380.449951171875,72263835462.4992,confirmed,252858962153322.5,252.9062
20260828,146100000,1653000.0,241503300000000.0,confirmed,3286008.0,3625.0,11911779000.0,confirmed,0,5270.0,0.0,confirmed,0,3900.0,0.0,confirmed,0,222500.0,0.0,confirmed,12111300,1817.0,22006232100.0,confirmed,1307720,42.459999084472656,1380.449951171875,76650574098.0713,confirmed,241613868585198.06,241.6615
20260831,146100000,1674000.0,244571400000000.0,confirmed,3286008.0,3510.0,11533888080.0,confirmed,0,5240.0,0.0,confirmed,0,3925.0,0.0,confirmed,0,227000.0,0.0,confirmed,12111300,1845.0,22345348500.0,confirmed,1307720,39.20000076293945,1366.6199951171875,70056528324.06627,confirmed,244675335764904.06,244.7215
20260901,146100000,1693000.0,247347300000000.0,confirmed,3286008.0,4050.0,13308332400.0,confirmed,0,5260.0,0.0,confirmed,0,4170.0,0.0,confirmed,0,231000.0,0.0,confirmed,12111300,1838.0,22260569400.0,confirmed,1307720,39.310001373291016,1372.8599853515625,70573892509.81946,confirmed,247453442794309.8,247.5067
20260902,146100000,1613000.0,235659300000000.0,confirmed,3286008.0,4000.0,13144032000.0,confirmed,0,5210.0,0.0,confirmed,0,4140.0,0.0,confirmed,0,221000.0,0.0,confirmed,12111300,1849.0,22393793700.0,confirmed,1307720,37.779998779296875,1358.3900146484375,67112155216.090294,confirmed,235761949980916.1,235.8145
20260903,146100000,1596000.0,233175600000000.0,confirmed,3286008.0,3845.0,12634700760.0,confirmed,0,5070.0,0.0,confirmed,0,4235.0,0.0,confirmed,0,218000.0,0.0,confirmed,12111300,1794.0,21727672200.0,confirmed,1307720,37.63999938964844,1355.4100341796875,66716778842.69423,confirmed,233276679151802.7,233.3272
20260904,146100000,1647000.0,240626700000000.0,confirmed,3286008.0,3950.0,12979731600.0,confirmed,0,5220.0,0.0,confirmed,0,4165.0,0.0,confirmed,0,216500.0,0.0,confirmed,12111300,1803.0,21836673900.0,confirmed,1307720,39.02000045776367,1355.4100341796875,69162826333.58357,confirmed,240730679231833.6,240.7826
20260907,146100000,1783000.0,260496300000000.0,confirmed,3286008.0,4025.0,13226182200.0,confirmed,0,5160.0,0.0,confirmed,0,4135.0,0.0,confirmed,0,218000.0,0.0,confirmed,12111300,1786.0,21630781800.0,confirmed,1307720,39.52000045776367,1343.5699462890625,69437166031.46483,confirmed,260600594130031.47,260.6535
20260908,146100000,1793000.0,261957300000000.0,confirmed,3286008.0,3820.0,12552550560.0,confirmed,0,5110.0,0.0,confirmed,0,4115.0,0.0,confirmed,0,213500.0,0.0,confirmed,12111300,1815.0,21982009500.0,confirmed,1307720,39.52000045776367,1339.2099609375,69211837214.3181,confirmed,262061046397274.3,262.1113
20260909,146100000,1856000.0,271161600000000.0,confirmed,3286008.0,3805.0,12503260440.0,confirmed,0,5030.0,0.0,confirmed,0,4125.0,0.0,confirmed,0,209000.0,0.0,confirmed,12111300,1838.0,22260569400.0,confirmed,1307720,40.470001220703125,1339.1700439453125,70873472073.93248,confirmed,271267237301913.94,271.3173
20260910,146100000,1853000.0,270723300000000.0,confirmed,3286008.0,4900.0,16101439200.0,confirmed,0,5090.0,0.0,confirmed,0,4165.0,0.0,confirmed,0,208500.0,0.0,confirmed,12111300,1872.0,22672353600.0,confirmed,1307720,38.13999938964844,1348.1700439453125,67241922309.10432,confirmed,270829315715109.1,270.8937
20260911,146100000,1812000.0,264733200000000.0,confirmed,3286008.0,5040.0,16561480320.0,confirmed,0,5090.0,0.0,confirmed,0,4115.0,0.0,confirmed,0,212500.0,0.0,confirmed,12111300,1911.0,23144694300.0,confirmed,1307720,36.84000015258789,1348.1700439453125,64949986045.36003,confirmed,264837856160665.38,264.9041
20260914,146100000,1697000.0,247931700000000.0,confirmed,3286008.0,5050.0,16594340400.0,confirmed,0,5050.0,0.0,confirmed,0,4090.0,0.0,confirmed,0,211000.0,0.0,confirmed,12111300,1918.0,23229473400.0,confirmed,1307720,36.75,1345.6099853515625,64668280059.11499,confirmed,248036192093859.12,248.0362
20260915,146100000,1690000.0,246909000000000.0,confirmed,3286008.0,4950.0,16265739600.0,confirmed,0,5050.0,0.0,confirmed,0,4110.0,0.0,confirmed,0,209500.0,0.0,confirmed,12111300,1958.0,23713925400.0,confirmed,1307720,37.5,1363.5699462890625,66868788381.04248,confirmed,247015848453381.03,247.0158
20260916,146100000,1759000.0,256989900000000.0,confirmed,3286008.0,4925.0,16183589400.0,confirmed,0,4935.0,0.0,confirmed,0,4115.0,0.0,confirmed,0,204000.0,0.0,confirmed,12111300,1885.0,22829800500.0,confirmed,1307720,37.04999923706055,1376.5999755859375,66697679835.264435,confirmed,257095611069735.25,256.8685
20260917,146100000,1745000.0,254944500000000.0,confirmed,3286008.0,4980.0,16364319840.0,confirmed,0,4950.0,0.0,confirmed,0,4165.0,0.0,confirmed,0,205500.0,0.0,confirmed,12111300,1818.0,22018343400.0,confirmed,1307720,36.84000015258789,1379.530029296875,66460797400.436615,confirmed,255049343460640.44,255.0493
20260918,146100000,1857000.0,271307700000000.0,confirmed,3286008.0,5090.0,16725780720.0,confirmed,0,5020.0,0.0,confirmed,0,4170.0,0.0,confirmed,0,204500.0,0.0,confirmed,12111300,1818.0,22018343400.0,confirmed,1307720,40.34000015258789,1379.530029296875,72774933935.129,confirmed,271419219058055.12,271.4192
20260921,146100000,1868000.0,272914800000000.0,confirmed,3286008.0,4890.0,16068579120.0,confirmed,0,4905.0,0.0,confirmed,0,4200.0,0.0,confirmed,0,200500.0,0.0,confirmed,12111300,1835.0,22224235500.0,confirmed,1307720,39.130001068115234,1373.6800537109375,70292698786.8452,confirmed,273023385513406.84,273.0234
20260922,146100000,1840000.0,268824000000000.0,confirmed,3286008.0,4875.0,16019289000.0,confirmed,0,4925.0,0.0,confirmed,0,4185.0,0.0,confirmed,0,202000.0,0.0,confirmed,12111300,1799.0,21788228700.0,confirmed,1307720,40.5099983215332,1350.3599853515625,71536312745.38786,confirmed,268933343830445.38,269.1453
20260923,146100000,1862000.0,272038200000000.0,confirmed,3286008.0,4900.0,16101439200.0,confirmed,0,4940.0,0.0,confirmed,0,4185.0,0.0,confirmed,0,198500.0,0.0,confirmed,12111300,1774.0,21485446200.0,confirmed,1307720,40.7400016784668,1362.5,72589251680.63927,confirmed,272148376137080.62,272.3608
20260928,146100000,1768000.0,258304800000000.0,confirmed,3286008.0,4990.0,16397179920.0,confirmed,0,4920.0,0.0,confirmed,0,4425.0,0.0,confirmed,0,200500.0,0.0,confirmed,12111300,1777.0,21521780100.0,confirmed,1307720,45.47999954223633,1354.510009765625,80559625056.22171,confirmed,258423278585076.22,258.4233
20260929,146100000,1765000.0,257866500000000.0,confirmed,3286008.0,5040.0,16561480320.0,confirmed,0,4960.0,0.0,confirmed,0,4495.0,0.0,confirmed,0,198100.0,0.0,confirmed,12111300,1720.0,20831436000.0,confirmed,1307720,44.58000183105469,1354.510009765625,78965441263.47742,confirmed,257982858357583.47,257.9829
