date,hynix_value,other_listed_value_mtm,listed_value_mtm,unlisted_value,netcash_value,unlisted_src_q,netcash_src_q,nav_basis,other_listed_value_frozen,nav_mtm,nav_company,skq_close,skq_shares,skq_shares_basis,skq_market_cap,nav_per_share_mtm,nav_discount_pct_mtm,nav_per_share_company,nav_discount_pct_company,nav_mtm_trillion,nav_company_trillion
20211130,16655400000000.0,342806864403.0,16998206864403.0,5657000000000.0,-10264000000.0,2020Q4,2021Q4,stub_as_of,342806864403.0,22644942864403.0,22644942864403.0,68000.0,141467571,분할상장 시점,9619794828000.0,160072.0,57.52,160072.0,57.52,22.6449,22.6449
20211201,17020650000000.0,359636034395.0,17380286034395.0,5657000000000.0,-10264000000.0,2020Q4,2021Q4,stub_as_of,359636034395.0,23027022034395.0,23027022034395.0,62700.0,141467571,분할상장 시점,8870016701700.0,162772.0,61.48,162772.0,61.48,23.027,23.027
20211202,17532000000000.0,366828853816.0,17898828853816.0,5657000000000.0,-10264000000.0,2020Q4,2021Q4,stub_as_of,366828853816.0,23545564853816.0,23545564853816.0,68700.0,141467571,분할상장 시점,9718822127700.0,166438.0,58.72,166438.0,58.72,23.5456,23.5456
20211203,17239800000000.0,377713766349.0,17617513766349.0,5657000000000.0,-10264000000.0,2020Q4,2021Q4,stub_as_of,377713766349.0,23264249766349.0,23264249766349.0,66000.0,141467571,분할상장 시점,9336859686000.0,164449.0,59.87,164449.0,59.87,23.2642,23.2642
20211206,17312850000000.0,359333675707.0,17672183675707.0,5657000000000.0,-10264000000.0,2020Q4,2021Q4,stub_as_of,359333675707.0,23318919675707.0,23318919675707.0,66000.0,141467571,분할상장 시점,9336859686000.0,164836.0,59.96,164836.0,59.96,23.3189,23.3189
20211207,17751150000000.0,355587370676.0,18106737370676.0,5657000000000.0,-10264000000.0,2020Q4,2021Q4,stub_as_of,355587370676.0,23753473370676.0,23753473370676.0,65600.0,141467571,분할상장 시점,9280272657600.0,167908.0,60.93,167908.0,60.93,23.7535,23.7535
20211208,17532000000000.0,364992740034.0,17896992740034.0,5657000000000.0,-10264000000.0,2020Q4,2021Q4,stub_as_of,364992740034.0,23543728740034.0,23543728740034.0,64600.0,141467571,분할상장 시점,9138805086600.0,166425.0,61.18,166425.0,61.18,23.5437,23.5437
20211209,18043350000000.0,368511025595.0,18411861025595.0,5657000000000.0,-10264000000.0,2020Q4,2021Q4,stub_as_of,368511025595.0,24058597025595.0,24058597025595.0,65100.0,141467571,분할상장 시점,9209538872100.0,170064.0,61.72,170064.0,61.72,24.0586,24.0586
20211210,17605050000000.0,370447579925.0,17975497579925.0,5657000000000.0,-10264000000.0,2020Q4,2021Q4,stub_as_of,370447579925.0,23622233579925.0,23622233579925.0,63300.0,141467571,분할상장 시점,8954897244300.0,166980.0,62.09,166980.0,62.09,23.6222,23.6222
20211213,17751150000000.0,371012124251.0,18122162124251.0,5657000000000.0,-10264000000.0,2020Q4,2021Q4,stub_as_of,371012124251.0,23768898124251.0,23768898124251.0,63000.0,141467571,분할상장 시점,8912456973000.0,168017.0,62.5,168017.0,62.5,23.7689,23.7689
20211214,17678100000000.0,366160345399.0,18044260345399.0,5657000000000.0,-10264000000.0,2020Q4,2021Q4,stub_as_of,366160345399.0,23690996345399.0,23690996345399.0,60600.0,141467571,분할상장 시점,8572934802600.0,167466.0,63.81,167466.0,63.81,23.691,23.691
20211215,18043350000000.0,367970516235.0,18411320516235.0,5657000000000.0,-10264000000.0,2020Q4,2021Q4,stub_as_of,367970516235.0,24058056516235.0,24058056516235.0,58200.0,141467571,분할상장 시점,8233412632200.0,170061.0,65.78,170061.0,65.78,24.0581,24.0581
20211216,18116400000000.0,363757662625.0,18480157662625.0,5657000000000.0,-10264000000.0,2020Q4,2021Q4,stub_as_of,363757662625.0,24126893662625.0,24126893662625.0,56400.0,141467571,분할상장 시점,7978771004400.0,170547.0,66.93,170547.0,66.93,24.1269,24.1269
20211217,17824200000000.0,374559995223.0,18198759995223.0,5657000000000.0,-10264000000.0,2020Q4,2021Q4,stub_as_of,374559995223.0,23845495995223.0,23845495995223.0,57000.0,141467571,분할상장 시점,8063651547000.0,168558.0,66.18,168558.0,66.18,23.8455,23.8455
20211220,17605050000000.0,375620978203.0,17980670978203.0,5657000000000.0,-10264000000.0,2020Q4,2021Q4,stub_as_of,375620978203.0,23627406978203.0,23627406978203.0,58400.0,141467571,분할상장 시점,8261706146400.0,167016.0,65.03,167016.0,65.03,23.6274,23.6274
20211221,18189450000000.0,382572906186.0,18572022906186.0,5657000000000.0,-10264000000.0,2020Q4,2021Q4,stub_as_of,382572906186.0,24218758906186.0,24218758906186.0,60900.0,141467571,분할상장 시점,8615375073900.0,171197.0,64.43,171197.0,64.43,24.2188,24.2188
20211222,18554700000000.0,379387646917.0,18934087646917.0,5657000000000.0,-10264000000.0,2020Q4,2021Q4,stub_as_of,379387646917.0,24580823646917.0,24580823646917.0,65700.0,141467571,분할상장 시점,9294419414700.0,173756.0,62.19,173756.0,62.19,24.5808,24.5808
20211223,18627750000000.0,380683968363.0,19008433968363.0,5657000000000.0,-10264000000.0,2020Q4,2021Q4,stub_as_of,380683968363.0,24655169968363.0,24655169968363.0,64900.0,141467571,분할상장 시점,9181245357900.0,174281.0,62.76,174281.0,62.76,24.6552,24.6552
20211224,18700800000000.0,378287562145.0,19079087562145.0,5657000000000.0,-10264000000.0,2020Q4,2021Q4,stub_as_of,378287562145.0,24725823562145.0,24725823562145.0,65800.0,141467571,분할상장 시점,9308566171800.0,174781.0,62.35,174781.0,62.35,24.7258,24.7258
20211227,18408600000000.0,365308816499.0,18773908816499.0,5657000000000.0,-10264000000.0,2020Q4,2021Q4,stub_as_of,365308816499.0,24420644816499.0,24420644816499.0,65200.0,141467571,분할상장 시점,9223685629200.0,172624.0,62.23,172624.0,62.23,24.4206,24.4206
20211228,18627750000000.0,363988338153.0,18991738338153.0,5657000000000.0,-10264000000.0,2020Q4,2021Q4,stub_as_of,363988338153.0,24638474338153.0,24638474338153.0,64800.0,141467571,분할상장 시점,9167098600800.0,174163.0,62.79,174163.0,62.79,24.6385,24.6385
20211229,18554700000000.0,370752791593.0,18925452791593.0,5657000000000.0,-10264000000.0,2020Q4,2021Q4,stub_as_of,370752791593.0,24572188791593.0,24572188791593.0,64500.0,141467571,분할상장 시점,9124658329500.0,173695.0,62.87,173695.0,62.87,24.5722,24.5722
20211230,19139100000000.0,382485430089.0,19521585430089.0,5657000000000.0,-10264000000.0,2020Q4,2021Q4,stub_as_of,382485430089.0,25168321430089.0,25168321430089.0,66400.0,141467571,분할상장 시점,9393446714400.0,177909.0,62.68,177909.0,62.68,25.1683,25.1683
20220103,18773850000000.0,382948205182.0,19156798205182.0,6487300000000.0,-10264000000.0,2021Q4,2021Q4,lagged,382485430089.0,25633834205182.0,25633371430089.0,66500.0,141467571,분할상장 시점,9407593471500.0,181199.0,63.3,181196.0,63.3,25.6338,25.6334
20220104,18773850000000.0,386012599715.0,19159862599715.0,6487300000000.0,-10264000000.0,2021Q4,2021Q4,lagged,382485430089.0,25636898599715.0,25633371430089.0,70000.0,141467571,분할상장 시점,9902729970000.0,181221.0,61.37,181196.0,61.37,25.6369,25.6334
20220105,18335550000000.0,388946715334.0,18724496715334.0,6487300000000.0,-10264000000.0,2021Q4,2021Q4,lagged,382485430089.0,25201532715334.0,25195071430089.0,67600.0,141467571,분할상장 시점,9563207799600.0,178144.0,62.05,178098.0,62.04,25.2015,25.1951
20220106,18262500000000.0,373706493366.0,18636206493366.0,6487300000000.0,-10264000000.0,2021Q4,2021Q4,lagged,382485430089.0,25113242493366.0,25122021430089.0,61700.0,141467571,분할상장 시점,8728549130700.0,177519.0,65.24,177581.0,65.26,25.1132,25.122
20220107,18554700000000.0,383127891121.0,18937827891121.0,6487300000000.0,-10264000000.0,2021Q4,2021Q4,lagged,382485430089.0,25414863891121.0,25414221430089.0,61000.0,141467571,분할상장 시점,8629521831000.0,179652.0,66.05,179647.0,66.04,25.4149,25.4142
20220110,18189450000000.0,371211508558.0,18560661508558.0,6487300000000.0,-10264000000.0,2021Q4,2021Q4,lagged,382485430089.0,25037697508558.0,25048971430089.0,57500.0,141467571,분할상장 시점,8134385332500.0,176985.0,67.51,177065.0,67.53,25.0377,25.049
20220111,18700800000000.0,370525364977.0,19071325364977.0,6487300000000.0,-10264000000.0,2021Q4,2021Q4,lagged,382485430089.0,25548361364977.0,25560321430089.0,57200.0,141467571,분할상장 시점,8091945061200.0,180595.0,68.33,180680.0,68.34,25.5484,25.5603
20220112,18773850000000.0,373051080130.0,19146901080130.0,6487300000000.0,-10264000000.0,2021Q4,2021Q4,lagged,382485430089.0,25623937080130.0,25633371430089.0,59400.0,141467571,분할상장 시점,8403173717400.0,181129.0,67.21,181196.0,67.22,25.6239,25.6334
20220113,18919950000000.0,366071304233.0,19286021304233.0,6487300000000.0,-10264000000.0,2021Q4,2021Q4,lagged,382485430089.0,25763057304233.0,25779471430089.0,58000.0,141467571,분할상장 시점,8205119118000.0,182113.0,68.15,182229.0,68.17,25.7631,25.7795
20220114,18773850000000.0,369872639486.0,19143722639486.0,6487300000000.0,-10264000000.0,2021Q4,2021Q4,lagged,382485430089.0,25620758639486.0,25633371430089.0,59000.0,141467571,분할상장 시점,8346586689000.0,181107.0,67.42,181196.0,67.44,25.6208,25.6334
20220117,18554700000000.0,352673414334.0,18907373414334.0,6487300000000.0,-10264000000.0,2021Q4,2021Q4,lagged,382485430089.0,25384409414334.0,25414221430089.0,59300.0,141467571,분할상장 시점,8389026960300.0,179436.0,66.95,179647.0,66.99,25.3844,25.4142
20220118,18481650000000.0,346613280784.0,18828263280784.0,6487300000000.0,-10264000000.0,2021Q4,2021Q4,lagged,382485430089.0,25305299280784.0,25341171430089.0,62900.0,141467571,분할상장 시점,8898310215900.0,178877.0,64.84,179131.0,64.89,25.3053,25.3412
20220119,18554700000000.0,338221542810.0,18892921542810.0,6487300000000.0,-10264000000.0,2021Q4,2021Q4,lagged,382485430089.0,25369957542810.0,25414221430089.0,62300.0,141467571,분할상장 시점,8813429673300.0,179334.0,65.26,179647.0,65.32,25.37,25.4142
20220120,18262500000000.0,340749680797.0,18603249680797.0,6487300000000.0,-10264000000.0,2021Q4,2021Q4,lagged,382485430089.0,25080285680797.0,25122021430089.0,62500.0,141467571,분할상장 시점,8841723187500.0,177286.0,64.75,177581.0,64.8,25.0803,25.122
20220121,17385900000000.0,335823168495.0,17721723168495.0,6487300000000.0,-10264000000.0,2021Q4,2021Q4,lagged,382485430089.0,24198759168495.0,24245421430089.0,60800.0,141467571,분할상장 시점,8601228316800.0,171055.0,64.46,171385.0,64.52,24.1988,24.2454
20220124,17385900000000.0,325383687920.0,17711283687920.0,6487300000000.0,-10264000000.0,2021Q4,2021Q4,lagged,382485430089.0,24188319687920.0,24245421430089.0,59200.0,141467571,분할상장 시점,8374880203200.0,170981.0,65.38,171385.0,65.46,24.1883,24.2454
20220125,17239800000000.0,322346733122.0,17562146733122.0,6487300000000.0,-10264000000.0,2021Q4,2021Q4,lagged,382485430089.0,24039182733122.0,24099321430089.0,56700.0,141467571,분할상장 시점,8021211275700.0,169927.0,66.63,170352.0,66.72,24.0392,24.0993
20220126,17166750000000.0,322823417763.0,17489573417763.0,6487300000000.0,-10264000000.0,2021Q4,2021Q4,lagged,382485430089.0,23966609417763.0,24026271430089.0,57200.0,141467571,분할상장 시점,8091945061200.0,169414.0,66.24,169836.0,66.32,23.9666,24.0263
20220127,16582350000000.0,308647264688.0,16890997264688.0,6487300000000.0,-10264000000.0,2021Q4,2021Q4,lagged,382485430089.0,23368033264688.0,23441871430089.0,54800.0,141467571,분할상장 시점,7752422890800.0,165183.0,66.82,165705.0,66.93,23.368,23.4419
20220128,17605050000000.0,326171914439.0,17931221914439.0,6487300000000.0,-10264000000.0,2021Q4,2021Q4,lagged,382485430089.0,24408257914439.0,24464571430089.0,55000.0,141467571,분할상장 시점,7780716405000.0,172536.0,68.12,172934.0,68.2,24.4083,24.4646
20220203,18116400000000.0,333230759072.0,18449630759072.0,6487300000000.0,-10264000000.0,2021Q4,2021Q4,lagged,382485430089.0,24926666759072.0,24975921430089.0,56200.0,141467571,분할상장 시점,7950477490200.0,176201.0,68.1,176549.0,68.17,24.9267,24.9759
20220204,18189450000000.0,329405920278.0,18518855920278.0,6487300000000.0,-10264000000.0,2021Q4,2021Q4,lagged,382485430089.0,24995891920278.0,25048971430089.0,56900.0,141467571,분할상장 시점,8049504789900.0,176690.0,67.8,177065.0,67.86,24.9959,25.049
20220207,17970300000000.0,332432787808.0,18302732787808.0,6487300000000.0,-10264000000.0,2021Q4,2021Q4,lagged,382485430089.0,24779768787808.0,24829821430089.0,58200.0,141467571,분할상장 시점,8233412632200.0,175162.0,66.77,175516.0,66.84,24.7798,24.8298
20220208,18262500000000.0,326238161992.0,18588738161992.0,6487300000000.0,-10264000000.0,2021Q4,2021Q4,lagged,382485430089.0,25065774161992.0,25122021430089.0,58600.0,141467571,분할상장 시점,8289999660600.0,177184.0,66.93,177581.0,67.0,25.0658,25.122
20220209,18408600000000.0,328176188908.0,18736776188908.0,6487300000000.0,-10264000000.0,2021Q4,2021Q4,lagged,382485430089.0,25213812188908.0,25268121430089.0,59800.0,141467571,분할상장 시점,8459760745800.0,178230.0,66.45,178614.0,66.52,25.2138,25.2681
20220210,18919950000000.0,322929242888.0,19242879242888.0,6487300000000.0,-10264000000.0,2021Q4,2021Q4,lagged,382485430089.0,25719915242888.0,25779471430089.0,57100.0,141467571,분할상장 시점,8077798304100.0,181808.0,68.59,182229.0,68.67,25.7199,25.7795
20220211,19285200000000.0,314406448471.0,19599606448471.0,6487300000000.0,-10264000000.0,2021Q4,2021Q4,lagged,382485430089.0,26076642448471.0,26144721430089.0,56800.0,141467571,분할상장 시점,8035358032800.0,184329.0,69.19,184811.0,69.27,26.0766,26.1447
20220214,19358250000000.0,305280432931.0,19663530432931.0,6487300000000.0,-10264000000.0,2021Q4,2021Q4,lagged,382485430089.0,26140566432931.0,26217771430089.0,54600.0,141467571,분할상장 시점,7724129376600.0,184781.0,70.45,185327.0,70.54,26.1406,26.2178
20220215,18554700000000.0,297471909791.0,18852171909791.0,6487300000000.0,-10264000000.0,2021Q4,2021Q4,lagged,382485430089.0,25329207909791.0,25414221430089.0,51700.0,141467571,분할상장 시점,7313873420700.0,179046.0,71.12,179647.0,71.22,25.3292,25.4142
20220216,19066050000000.0,308423711525.0,19374473711525.0,6487300000000.0,-10264000000.0,2021Q4,2021Q4,lagged,382485430089.0,25851509711525.0,25925571430089.0,54700.0,141467571,분할상장 시점,7738276133700.0,182738.0,70.07,183262.0,70.15,25.8515,25.9256
20220217,19431300000000.0,307102083385.0,19738402083385.0,6487300000000.0,-10264000000.0,2021Q4,2021Q4,lagged,382485430089.0,26215438083385.0,26290821430089.0,54200.0,141467571,분할상장 시점,7667542348200.0,185311.0,70.75,185843.0,70.84,26.2154,26.2908
20220218,19212150000000.0,311187975518.0,19523337975518.0,6487300000000.0,-10264000000.0,2021Q4,2021Q4,lagged,382485430089.0,26000373975518.0,26071671430089.0,54200.0,141467571,분할상장 시점,7667542348200.0,183790.0,70.51,184294.0,70.59,26.0004,26.0717
20220221,18993000000000.0,312098580812.0,19305098580812.0,6487300000000.0,-10264000000.0,2021Q4,2021Q4,lagged,382485430089.0,25782134580812.0,25852521430089.0,55800.0,141467571,분할상장 시점,7893890461800.0,182248.0,69.38,182745.0,69.47,25.7821,25.8525
20220222,18773850000000.0,302233201718.0,19076083201718.0,6487300000000.0,-10264000000.0,2021Q4,2021Q4,lagged,382485430089.0,25553119201718.0,25633371430089.0,55100.0,141467571,분할상장 시점,7794863162100.0,180629.0,69.5,181196.0,69.59,25.5531,25.6334
20220223,18773850000000.0,302013386127.0,19075863386127.0,6487300000000.0,-10264000000.0,2021Q4,2021Q4,lagged,382485430089.0,25552899386127.0,25633371430089.0,57700.0,141467571,분할상장 시점,8162678846700.0,180627.0,68.06,181196.0,68.16,25.5529,25.6334
20220224,17897250000000.0,293709712244.0,18190959712244.0,6487300000000.0,-10264000000.0,2021Q4,2021Q4,lagged,382485430089.0,24667995712244.0,24756771430089.0,55300.0,141467571,분할상장 시점,7823156676300.0,174372.0,68.29,175000.0,68.4,24.668,24.7568
20220225,17970300000000.0,297874529212.0,18268174529212.0,6487300000000.0,-10264000000.0,2021Q4,2021Q4,lagged,382485430089.0,24745210529212.0,24829821430089.0,57300.0,141467571,분할상장 시점,8106091818300.0,174918.0,67.24,175516.0,67.35,24.7452,24.8298
20220228,18043350000000.0,297300130842.0,18340650130842.0,6487300000000.0,-10264000000.0,2021Q4,2021Q4,lagged,382485430089.0,24817686130842.0,24902871430089.0,55800.0,141467571,분할상장 시점,7893890461800.0,175430.0,68.19,176032.0,68.3,24.8177,24.9029
20220302,18262500000000.0,301202324542.0,18563702324542.0,6487300000000.0,-10264000000.0,2021Q4,2021Q4,lagged,382485430089.0,25040738324542.0,25122021430089.0,54100.0,141467571,분할상장 시점,7653395591100.0,177007.0,69.44,177581.0,69.54,25.0407,25.122
20220303,18846900000000.0,304830092564.0,19151730092564.0,6487300000000.0,-10264000000.0,2021Q4,2021Q4,lagged,382485430089.0,25628766092564.0,25706421430089.0,55100.0,141467571,분할상장 시점,7794863162100.0,181164.0,69.59,181712.0,69.68,25.6288,25.7064
20220304,18189450000000.0,304737437996.0,18494187437996.0,6487300000000.0,-10264000000.0,2021Q4,2021Q4,lagged,382485430089.0,24971223437996.0,25048971430089.0,53000.0,141467571,분할상장 시점,7497781263000.0,176516.0,69.97,177065.0,70.07,24.9712,25.049
20220307,17458950000000.0,295684070735.0,17754634070735.0,6487300000000.0,-10264000000.0,2021Q4,2021Q4,lagged,382485430089.0,24231670070735.0,24318471430089.0,50700.0,141467571,분할상장 시점,7172405849700.0,171288.0,70.4,171901.0,70.51,24.2317,24.3185
20220308,17239800000000.0,294500925388.0,17534300925388.0,6487300000000.0,-10264000000.0,2021Q4,2021Q4,lagged,382485430089.0,24011336925388.0,24099321430089.0,49250.0,141467571,분할상장 시점,6967277871750.0,169730.0,70.98,170352.0,71.09,24.0113,24.0993
20220310,17532000000000.0,298130083524.0,17830130083524.0,6487300000000.0,-10264000000.0,2021Q4,2021Q4,lagged,382485430089.0,24307166083524.0,24391521430089.0,51900.0,141467571,분할상장 시점,7342166934900.0,171821.0,69.79,172418.0,69.9,24.3072,24.3915
20220311,17093700000000.0,300759237806.0,17394459237806.0,6487300000000.0,-10264000000.0,2021Q4,2021Q4,lagged,382485430089.0,23871495237806.0,23953221430089.0,51400.0,141467571,분할상장 시점,7271433149400.0,168742.0,69.54,169320.0,69.64,23.8715,23.9532
20220314,16947600000000.0,296186515883.0,17243786515883.0,6487300000000.0,-10264000000.0,2021Q4,2021Q4,lagged,382485430089.0,23720822515883.0,23807121430089.0,52200.0,141467571,분할상장 시점,7384607206200.0,167677.0,68.87,168287.0,68.98,23.7208,23.8071
20220315,16436250000000.0,295620321392.0,16731870321392.0,6487300000000.0,-10264000000.0,2021Q4,2021Q4,lagged,382485430089.0,23208906321392.0,23295771430089.0,51300.0,141467571,분할상장 시점,7257286392300.0,164058.0,68.73,164672.0,68.85,23.2089,23.2958
20220316,17020650000000.0,306216067761.0,17326866067761.0,6487300000000.0,-10264000000.0,2021Q4,2021Q4,lagged,382485430089.0,23803902067761.0,23880171430089.0,51300.0,141467571,분할상장 시점,7257286392300.0,168264.0,69.51,168803.0,69.61,23.8039,23.8802
20220317,18116400000000.0,308955914803.0,18425355914803.0,6487300000000.0,-10264000000.0,2021Q4,2021Q4,lagged,382485430089.0,24902391914803.0,24975921430089.0,52600.0,141467571,분할상장 시점,7441194234600.0,176029.0,70.12,176549.0,70.21,24.9024,24.9759
20220318,18116400000000.0,311227725809.0,18427627725809.0,6487300000000.0,-10264000000.0,2021Q4,2021Q4,lagged,382485430089.0,24904663725809.0,24975921430089.0,53500.0,141467571,분할상장 시점,7568515048500.0,176045.0,69.61,176549.0,69.7,24.9047,24.9759
20220321,17824200000000.0,314193684729.0,18138393684729.0,6487300000000.0,-10264000000.0,2021Q4,2021Q4,lagged,382485430089.0,24615429684729.0,24683721430089.0,53500.0,141467571,분할상장 시점,7568515048500.0,174001.0,69.25,174483.0,69.34,24.6154,24.6837
20220322,18043350000000.0,327218069310.0,18370568069310.0,6487300000000.0,-10264000000.0,2021Q4,2021Q4,lagged,382485430089.0,24847604069310.0,24902871430089.0,53700.0,141467571,분할상장 시점,7596808562700.0,175642.0,69.43,176032.0,69.49,24.8476,24.9029
20220323,18043350000000.0,317182019363.0,18360532019363.0,6487300000000.0,-10264000000.0,2021Q4,2021Q4,lagged,382485430089.0,24837568019363.0,24902871430089.0,55700.0,141467571,분할상장 시점,7879743704700.0,175571.0,68.27,176032.0,68.36,24.8376,24.9029
20220324,17605050000000.0,316274689808.0,17921324689808.0,6487300000000.0,-10264000000.0,2021Q4,2021Q4,lagged,382485430089.0,24398360689808.0,24464571430089.0,55600.0,141467571,분할상장 시점,7865596947600.0,172466.0,67.76,172934.0,67.85,24.3984,24.4646
20220325,17239800000000.0,318148189852.0,17557948189852.0,6487300000000.0,-10264000000.0,2021Q4,2021Q4,lagged,382485430089.0,24034984189852.0,24099321430089.0,55100.0,141467571,분할상장 시점,7794863162100.0,169897.0,67.57,170352.0,67.66,24.035,24.0993
20220328,17239800000000.0,321407983025.0,17561207983025.0,6487300000000.0,-10264000000.0,2021Q4,2021Q4,lagged,382485430089.0,24038243983025.0,24099321430089.0,56700.0,141467571,분할상장 시점,8021211275700.0,169921.0,66.63,170352.0,66.72,24.0382,24.0993
20220329,17532000000000.0,321374171627.0,17853374171627.0,6487300000000.0,-10264000000.0,2021Q4,2021Q4,lagged,382485430089.0,24330410171627.0,24391521430089.0,57500.0,141467571,분할상장 시점,8134385332500.0,171986.0,66.57,172418.0,66.65,24.3304,24.3915
20220330,17678100000000.0,319964652115.0,17998064652115.0,6487300000000.0,-10264000000.0,2021Q4,2021Q4,lagged,382485430089.0,24475100652115.0,24537621430089.0,56200.0,141467571,분할상장 시점,7950477490200.0,173009.0,67.52,173451.0,67.6,24.4751,24.5376
20220331,17239800000000.0,321653600821.0,17561453600821.0,6487300000000.0,-10264000000.0,2021Q4,2021Q4,lagged,382485430089.0,24038489600821.0,24099321430089.0,56800.0,141467571,분할상장 시점,8035358032800.0,169922.0,66.57,170352.0,66.66,24.0385,24.0993
20220401,16947600000000.0,323284836420.0,17270884836420.0,6603900000000.0,-108093000000.0,2022Q1,2022Q1,lagged,321653600821.0,23766691836420.0,23765060600821.0,56300.0,141467571,분할상장 시점,7964624247300.0,168001.0,66.49,167989.0,66.49,23.7667,23.7651
20220404,17093700000000.0,322655730620.0,17416355730620.0,6603900000000.0,-108093000000.0,2022Q1,2022Q1,lagged,321653600821.0,23912162730620.0,23911160600821.0,56200.0,141467571,분할상장 시점,7950477490200.0,169029.0,66.75,169022.0,66.75,23.9122,23.9112
20220405,17020650000000.0,322471796727.0,17343121796727.0,6603900000000.0,-108093000000.0,2022Q1,2022Q1,lagged,321653600821.0,23838928796727.0,23838110600821.0,56500.0,141467571,분할상장 시점,7992917761500.0,168512.0,66.47,168506.0,66.47,23.8389,23.8381
20220406,16509300000000.0,316411407986.0,16825711407986.0,6603900000000.0,-108093000000.0,2022Q1,2022Q1,lagged,321653600821.0,23321518407986.0,23326760600821.0,56700.0,141467571,분할상장 시점,8021211275700.0,164854.0,65.61,164891.0,65.61,23.3215,23.3268
20220407,16582350000000.0,304535910637.0,16886885910637.0,6603900000000.0,-108093000000.0,2022Q1,2022Q1,lagged,321653600821.0,23382692910637.0,23399810600821.0,55400.0,141467571,분할상장 시점,7837303433400.0,165287.0,66.48,165408.0,66.51,23.3827,23.3998
20220408,16363200000000.0,304520892993.0,16667720892993.0,6603900000000.0,-108093000000.0,2022Q1,2022Q1,lagged,321653600821.0,23163527892993.0,23180660600821.0,56200.0,141467571,분할상장 시점,7950477490200.0,163737.0,65.68,163858.0,65.7,23.1635,23.1807
20220411,16290150000000.0,302365375977.0,16592515375977.0,6603900000000.0,-108093000000.0,2022Q1,2022Q1,lagged,321653600821.0,23088322375977.0,23107610600821.0,56100.0,141467571,분할상장 시점,7936330733100.0,163206.0,65.63,163342.0,65.65,23.0883,23.1076
20220412,16217100000000.0,296739870093.0,16513839870093.0,6603900000000.0,-108093000000.0,2022Q1,2022Q1,lagged,321653600821.0,23009646870093.0,23034560600821.0,55400.0,141467571,분할상장 시점,7837303433400.0,162650.0,65.94,162826.0,65.98,23.0096,23.0346
20220413,16509300000000.0,297790671086.0,16807090671086.0,6603900000000.0,-108093000000.0,2022Q1,2022Q1,lagged,321653600821.0,23302897671086.0,23326760600821.0,57000.0,141467571,분할상장 시점,8063651547000.0,164723.0,65.4,164891.0,65.43,23.3029,23.3268
20220414,16071000000000.0,297958754161.0,16368958754161.0,6603900000000.0,-108093000000.0,2022Q1,2022Q1,lagged,321653600821.0,22864765754161.0,22888460600821.0,57500.0,141467571,분할상장 시점,8134385332500.0,161625.0,64.42,161793.0,64.46,22.8648,22.8885
20220415,15778800000000.0,298203579557.0,16077003579557.0,6603900000000.0,-108093000000.0,2022Q1,2022Q1,lagged,321653600821.0,22572810579557.0,22596260600821.0,57100.0,141467571,분할상장 시점,8077798304100.0,159562.0,64.21,159727.0,64.25,22.5728,22.5963
20220418,15924900000000.0,297992903222.0,16222892903222.0,6603900000000.0,-108093000000.0,2022Q1,2022Q1,lagged,321653600821.0,22718699903222.0,22742360600821.0,55700.0,141467571,분할상장 시점,7879743704700.0,160593.0,65.32,160760.0,65.35,22.7187,22.7424
20220419,16436250000000.0,298207970488.0,16734457970488.0,6603900000000.0,-108093000000.0,2022Q1,2022Q1,lagged,321653600821.0,23230264970488.0,23253710600821.0,56500.0,141467571,분할상장 시점,7992917761500.0,164209.0,65.59,164375.0,65.63,23.2303,23.2537
20220420,16436250000000.0,299759345875.0,16736009345875.0,6603900000000.0,-108093000000.0,2022Q1,2022Q1,lagged,321653600821.0,23231816345875.0,23253710600821.0,56700.0,141467571,분할상장 시점,8021211275700.0,164220.0,65.47,164375.0,65.51,23.2318,23.2537
20220421,16509300000000.0,300347274432.0,16809647274432.0,6603900000000.0,-108093000000.0,2022Q1,2022Q1,lagged,321653600821.0,23305454274432.0,23326760600821.0,56300.0,141467571,분할상장 시점,7964624247300.0,164741.0,65.83,164891.0,65.86,23.3055,23.3268
20220422,16144050000000.0,302217656585.0,16446267656585.0,6603900000000.0,-108093000000.0,2022Q1,2022Q1,lagged,321653600821.0,22942074656585.0,22961510600821.0,55400.0,141467571,분할상장 시점,7837303433400.0,162172.0,65.84,162309.0,65.87,22.9421,22.9615
20220425,15778800000000.0,297269072554.0,16076069072554.0,6603900000000.0,-108093000000.0,2022Q1,2022Q1,lagged,321653600821.0,22571876072554.0,22596260600821.0,54500.0,141467571,분할상장 시점,7709982619500.0,159555.0,65.84,159727.0,65.88,22.5719,22.5963
20220426,16217100000000.0,297477761061.0,16514577761061.0,6603900000000.0,-108093000000.0,2022Q1,2022Q1,lagged,321653600821.0,23010384761061.0,23034560600821.0,54400.0,141467571,분할상장 시점,7695835862400.0,162655.0,66.55,162826.0,66.59,23.0104,23.0346
20220427,15851850000000.0,291879687816.0,16143729687816.0,6603900000000.0,-108093000000.0,2022Q1,2022Q1,lagged,321653600821.0,22639536687816.0,22669310600821.0,52800.0,141467571,분할상장 시점,7469487748800.0,160033.0,67.01,160244.0,67.05,22.6395,22.6693
20220428,15997950000000.0,289882997545.0,16287832997545.0,6603900000000.0,-108093000000.0,2022Q1,2022Q1,lagged,321653600821.0,22783639997545.0,22815410600821.0,52600.0,141467571,분할상장 시점,7441194234600.0,161052.0,67.34,161277.0,67.39,22.7836,22.8154
20220429,16436250000000.0,291710766707.0,16727960766707.0,6603900000000.0,-108093000000.0,2022Q1,2022Q1,lagged,321653600821.0,23223767766707.0,23253710600821.0,52700.0,141467571,분할상장 시점,7455340991700.0,164163.0,67.9,164375.0,67.94,23.2238,23.2537
20220502,16144050000000.0,289016232648.0,16433066232648.0,6603900000000.0,-108093000000.0,2022Q1,2022Q1,lagged,321653600821.0,22928873232648.0,22961510600821.0,51400.0,141467571,분할상장 시점,7271433149400.0,162079.0,68.29,162309.0,68.33,22.9289,22.9615
20220503,16071000000000.0,291803778669.0,16362803778669.0,6603900000000.0,-108093000000.0,2022Q1,2022Q1,lagged,321653600821.0,22858610778669.0,22888460600821.0,51400.0,141467571,분할상장 시점,7271433149400.0,161582.0,68.19,161793.0,68.23,22.8586,22.8885
20220504,15997950000000.0,292761925094.0,16290711925094.0,6603900000000.0,-108093000000.0,2022Q1,2022Q1,lagged,321653600821.0,22786518925094.0,22815410600821.0,50500.0,141467571,분할상장 시점,7144112335500.0,161072.0,68.65,161277.0,68.69,22.7865,22.8154
20220506,15705750000000.0,289659726400.0,15995409726400.0,6603900000000.0,-108093000000.0,2022Q1,2022Q1,lagged,321653600821.0,22491216726400.0,22523210600821.0,48400.0,141467571,분할상장 시점,6847030436400.0,158985.0,69.56,159211.0,69.6,22.4912,22.5232
20220509,15705750000000.0,279844070951.0,15985594070951.0,6603900000000.0,-108093000000.0,2022Q1,2022Q1,lagged,321653600821.0,22481401070951.0,22523210600821.0,45850.0,141467571,분할상장 시점,6486288130350.0,158916.0,71.15,159211.0,71.2,22.4814,22.5232
20220510,16071000000000.0,276598563527.0,16347598563527.0,6603900000000.0,-108093000000.0,2022Q1,2022Q1,lagged,321653600821.0,22843405563527.0,22888460600821.0,46200.0,141467571,분할상장 시점,6535801780200.0,161475.0,71.39,161793.0,71.44,22.8434,22.8885
20220511,16144050000000.0,277866614300.0,16421916614300.0,6603900000000.0,-108093000000.0,2022Q1,2022Q1,lagged,321653600821.0,22917723614300.0,22961510600821.0,44700.0,141467571,분할상장 시점,6323600423700.0,162000.0,72.41,162309.0,72.46,22.9177,22.9615
20220512,15924900000000.0,268156366077.0,16193056366077.0,6603900000000.0,-108093000000.0,2022Q1,2022Q1,lagged,321653600821.0,22688863366077.0,22742360600821.0,43100.0,141467571,분할상장 시점,6097252310100.0,160382.0,73.13,160760.0,73.19,22.6889,22.7424
20220513,16436250000000.0,268912377709.0,16705162377709.0,6603900000000.0,-108093000000.0,2022Q1,2022Q1,lagged,321653600821.0,23200969377709.0,23253710600821.0,44400.0,141467571,분할상장 시점,6281160152400.0,164002.0,72.93,164375.0,72.99,23.201,23.2537
20220516,16144050000000.0,269600827050.0,16413650827050.0,6603900000000.0,-108093000000.0,2022Q1,2022Q1,lagged,321653600821.0,22909457827050.0,22961510600821.0,44600.0,141467571,분할상장 시점,6309453666600.0,161941.0,72.46,162309.0,72.52,22.9095,22.9615
20220517,16436250000000.0,267809829329.0,16704059829329.0,6603900000000.0,-108093000000.0,2022Q1,2022Q1,lagged,321653600821.0,23199866829329.0,23253710600821.0,44650.0,141467571,분할상장 시점,6316527045150.0,163994.0,72.77,164375.0,72.84,23.1999,23.2537
20220518,16582350000000.0,266866505862.0,16849216505862.0,6603900000000.0,-108093000000.0,2022Q1,2022Q1,lagged,321653600821.0,23345023505862.0,23399810600821.0,45000.0,141467571,분할상장 시점,6366040695000.0,165020.0,72.73,165408.0,72.79,23.345,23.3998
20220519,16217100000000.0,264484359490.0,16481584359490.0,6603900000000.0,-108093000000.0,2022Q1,2022Q1,lagged,321653600821.0,22977391359490.0,23034560600821.0,44700.0,141467571,분할상장 시점,6323600423700.0,162422.0,72.48,162826.0,72.55,22.9774,23.0346
20220520,16436250000000.0,265874368224.0,16702124368224.0,6603900000000.0,-108093000000.0,2022Q1,2022Q1,lagged,321653600821.0,23197931368224.0,23253710600821.0,46350.0,141467571,분할상장 시점,6557021915850.0,163981.0,71.73,164375.0,71.8,23.1979,23.2537
20220523,16509300000000.0,268310189306.0,16777610189306.0,6603900000000.0,-108093000000.0,2022Q1,2022Q1,lagged,321653600821.0,23273417189306.0,23326760600821.0,46950.0,141467571,분할상장 시점,6641902458450.0,164514.0,71.46,164891.0,71.53,23.2734,23.3268
20220524,15851850000000.0,262599654750.0,16114449654750.0,6603900000000.0,-108093000000.0,2022Q1,2022Q1,lagged,321653600821.0,22610256654750.0,22669310600821.0,45500.0,141467571,분할상장 시점,6436774480500.0,159826.0,71.53,160244.0,71.61,22.6103,22.6693
20220525,15778800000000.0,261728284505.0,16040528284505.0,6603900000000.0,-108093000000.0,2022Q1,2022Q1,lagged,321653600821.0,22536335284505.0,22596260600821.0,45950.0,141467571,분할상장 시점,6500434887450.0,159304.0,71.16,159727.0,71.23,22.5363,22.5963
20220526,15048300000000.0,260630739641.0,15308930739641.0,6603900000000.0,-108093000000.0,2022Q1,2022Q1,lagged,321653600821.0,21804737739641.0,21865760600821.0,45500.0,141467571,분할상장 시점,6436774480500.0,154132.0,70.48,154564.0,70.56,21.8047,21.8658
20220527,15486600000000.0,260278124959.0,15746878124959.0,6603900000000.0,-108093000000.0,2022Q1,2022Q1,lagged,321653600821.0,22242685124959.0,22304060600821.0,46000.0,141467571,분할상장 시점,6507508266000.0,157228.0,70.74,157662.0,70.82,22.2427,22.3041
20220530,15632700000000.0,264383343195.0,15897083343195.0,6603900000000.0,-108093000000.0,2022Q1,2022Q1,lagged,321653600821.0,22392890343195.0,22450160600821.0,47100.0,141467571,분할상장 시점,6663122594100.0,158290.0,70.24,158695.0,70.32,22.3929,22.4502
20220531,15778800000000.0,266793617263.0,16045593617263.0,6603900000000.0,-108093000000.0,2022Q1,2022Q1,lagged,321653600821.0,22541400617263.0,22596260600821.0,47300.0,141467571,분할상장 시점,6691416108300.0,159340.0,70.31,159727.0,70.39,22.5414,22.5963
20220602,15632700000000.0,266340778686.0,15899040778686.0,6603900000000.0,-108093000000.0,2022Q1,2022Q1,lagged,321653600821.0,22394847778686.0,22450160600821.0,46150.0,141467571,분할상장 시점,6528728401650.0,158304.0,70.85,158695.0,70.92,22.3948,22.4502
20220603,15632700000000.0,267800434882.0,15900500434882.0,6603900000000.0,-108093000000.0,2022Q1,2022Q1,lagged,321653600821.0,22396307434882.0,22450160600821.0,46950.0,141467571,분할상장 시점,6641902458450.0,158314.0,70.34,158695.0,70.41,22.3963,22.4502
20220607,15194400000000.0,271079196764.0,15465479196764.0,6603900000000.0,-108093000000.0,2022Q1,2022Q1,lagged,321653600821.0,21961286196764.0,22011860600821.0,45250.0,141467571,분할상장 시점,6401407587750.0,155239.0,70.85,155597.0,70.92,21.9613,22.0119
20220608,15486600000000.0,271654744928.0,15758254744928.0,6603900000000.0,-108093000000.0,2022Q1,2022Q1,lagged,321653600821.0,22254061744928.0,22304060600821.0,45850.0,141467571,분할상장 시점,6486288130350.0,157309.0,70.85,157662.0,70.92,22.2541,22.3041
20220609,15413550000000.0,269036002942.0,15682586002942.0,6603900000000.0,-108093000000.0,2022Q1,2022Q1,lagged,321653600821.0,22178393002942.0,22231010600821.0,46500.0,141467571,분할상장 시점,6578242051500.0,156774.0,70.34,157146.0,70.41,22.1784,22.231
20220610,15121350000000.0,268910584567.0,15390260584567.0,6603900000000.0,-108093000000.0,2022Q1,2022Q1,lagged,321653600821.0,21886067584567.0,21938810600821.0,45600.0,141467571,분할상장 시점,6450921237600.0,154707.0,70.52,155080.0,70.6,21.8861,21.9388
20220613,14463900000000.0,256156801005.0,14720056801005.0,6603900000000.0,-108093000000.0,2022Q1,2022Q1,lagged,321653600821.0,21215863801005.0,21281360600821.0,43000.0,141467571,분할상장 시점,6083105553000.0,149970.0,71.33,150433.0,71.42,21.2159,21.2814
20220614,14478510000000.0,250626290051.0,14729136290051.0,6603900000000.0,-108093000000.0,2022Q1,2022Q1,lagged,321653600821.0,21224943290051.0,21295970600821.0,42900.0,141467571,분할상장 시점,6068958795900.0,150034.0,71.41,150536.0,71.5,21.2249,21.296
20220615,14303190000000.0,240631086780.0,14543821086780.0,6603900000000.0,-108093000000.0,2022Q1,2022Q1,lagged,321653600821.0,21039628086780.0,21120650600821.0,41850.0,141467571,분할상장 시점,5920417846350.0,148724.0,71.86,149297.0,71.97,21.0396,21.1207
20220616,14230140000000.0,242143625286.0,14472283625286.0,6603900000000.0,-108093000000.0,2022Q1,2022Q1,lagged,321653600821.0,20968090625286.0,21047600600821.0,42300.0,141467571,분할상장 시점,5984078253300.0,148218.0,71.46,148780.0,71.57,20.9681,21.0476
20220617,14084040000000.0,240626598506.0,14324666598506.0,6603900000000.0,-108093000000.0,2022Q1,2022Q1,lagged,321653600821.0,20820473598506.0,20901500600821.0,43050.0,141467571,분할상장 시점,6090178931550.0,147175.0,70.75,147748.0,70.86,20.8205,20.9015
20220620,13806450000000.0,232407232335.0,14038857232335.0,6603900000000.0,-108093000000.0,2022Q1,2022Q1,lagged,321653600821.0,20534664232335.0,20623910600821.0,41800.0,141467571,분할상장 시점,5913344467800.0,145155.0,71.2,145785.0,71.33,20.5347,20.6239
20220621,13908720000000.0,235390986600.0,14144110986600.0,6603900000000.0,-108093000000.0,2022Q1,2022Q1,lagged,321653600821.0,20639917986600.0,20726180600821.0,41500.0,141467571,분할상장 시점,5870904196500.0,145899.0,71.56,146508.0,71.67,20.6399,20.7262
20220622,13470420000000.0,218247093710.0,13688667093710.0,6603900000000.0,-108093000000.0,2022Q1,2022Q1,lagged,321653600821.0,20184474093710.0,20287880600821.0,40600.0,141467571,분할상장 시점,5743583382600.0,142679.0,71.54,143410.0,71.69,20.1845,20.2879
20220623,13178220000000.0,202168488420.0,13380388488420.0,6603900000000.0,-108093000000.0,2022Q1,2022Q1,lagged,321653600821.0,19876195488420.0,19995680600821.0,39000.0,141467571,분할상장 시점,5517235269000.0,140500.0,72.24,141345.0,72.41,19.8762,19.9957
20220624,13382760000000.0,208967592410.0,13591727592410.0,6603900000000.0,-108093000000.0,2022Q1,2022Q1,lagged,321653600821.0,20087534592410.0,20200220600821.0,40950.0,141467571,분할상장 시점,5793097032450.0,141994.0,71.16,142790.0,71.32,20.0875,20.2002
20220627,13879500000000.0,214820384460.0,14094320384460.0,6603900000000.0,-108093000000.0,2022Q1,2022Q1,lagged,321653600821.0,20590127384460.0,20696960600821.0,41950.0,141467571,분할상장 시점,5934564603450.0,145547.0,71.18,146302.0,71.33,20.5901,20.697
20220628,13923330000000.0,213349447730.0,14136679447730.0,6603900000000.0,-108093000000.0,2022Q1,2022Q1,lagged,321653600821.0,20632486447730.0,20740790600821.0,41400.0,141467571,분할상장 시점,5856757439400.0,145846.0,71.61,146612.0,71.76,20.6325,20.7408
20220629,13733400000000.0,219127175495.0,13952527175495.0,6603900000000.0,-108093000000.0,2022Q1,2022Q1,lagged,321653600821.0,20448334175495.0,20550860600821.0,40750.0,141467571,분할상장 시점,5764803518250.0,144544.0,71.81,145269.0,71.95,20.4483,20.5509
20220630,13295100000000.0,217907528575.0,13513007528575.0,6603900000000.0,-108093000000.0,2022Q1,2022Q1,lagged,321653600821.0,20008814528575.0,20112560600821.0,39050.0,141467571,분할상장 시점,5524308647550.0,141437.0,72.39,142171.0,72.53,20.0088,20.1126
20220701,12783750000000.0,212015908805.0,12995765908805.0,6635300000000.0,148289000000.0,2022Q2,2022Q2,lagged,217907528575.0,19779354908805.0,19785246528575.0,38950.0,141467571,분할상장 시점,5510161890450.0,139815.0,72.14,139857.0,72.15,19.7794,19.7852
20220704,13017510000000.0,210150286665.0,13227660286665.0,6635300000000.0,148289000000.0,2022Q2,2022Q2,lagged,217907528575.0,20011249286665.0,20019006528575.0,38200.0,141467571,분할상장 시점,5404061212200.0,141455.0,72.99,141510.0,73.01,20.0112,20.019
20220705,13514250000000.0,214579577730.0,13728829577730.0,6635300000000.0,148289000000.0,2022Q2,2022Q2,lagged,217907528575.0,20512418577730.0,20515746528575.0,39550.0,141467571,분할상장 시점,5595042433050.0,144997.0,72.72,145021.0,72.73,20.5124,20.5157
20220706,13455810000000.0,216309451015.0,13672119451015.0,6635300000000.0,148289000000.0,2022Q2,2022Q2,lagged,217907528575.0,20455708451015.0,20457306528575.0,38100.0,141467571,분할상장 시점,5389914455100.0,144596.0,73.65,144608.0,73.65,20.4557,20.4573
20220707,13718790000000.0,216830042730.0,13935620042730.0,6635300000000.0,148289000000.0,2022Q2,2022Q2,lagged,217907528575.0,20719209042730.0,20720286528575.0,39600.0,141467571,분할상장 시점,5602115811600.0,146459.0,72.96,146467.0,72.96,20.7192,20.7203
20220708,13850280000000.0,219833750360.0,14070113750360.0,6635300000000.0,148289000000.0,2022Q2,2022Q2,lagged,217907528575.0,20853702750360.0,20851776528575.0,39800.0,141467571,분할상장 시점,5630409325800.0,147410.0,73.0,147396.0,73.0,20.8537,20.8518
20220711,13689570000000.0,216984774315.0,13906554774315.0,6635300000000.0,148289000000.0,2022Q2,2022Q2,lagged,217907528575.0,20690143774315.0,20691066528575.0,39800.0,141467571,분할상장 시점,5630409325800.0,146254.0,72.79,146260.0,72.79,20.6901,20.6911
20220712,13631130000000.0,218692988425.0,13849822988425.0,6635300000000.0,148289000000.0,2022Q2,2022Q2,lagged,217907528575.0,20633411988425.0,20632626528575.0,39500.0,141467571,분할상장 시점,5587969054500.0,145853.0,72.92,145847.0,72.92,20.6334,20.6326
20220713,13733400000000.0,216108503875.0,13949508503875.0,6635300000000.0,148289000000.0,2022Q2,2022Q2,lagged,217907528575.0,20733097503875.0,20734896528575.0,40600.0,141467571,분할상장 시점,5743583382600.0,146557.0,72.3,146570.0,72.3,20.7331,20.7349
20220714,13733400000000.0,215917889280.0,13949317889280.0,6635300000000.0,148289000000.0,2022Q2,2022Q2,lagged,217907528575.0,20732906889280.0,20734896528575.0,39800.0,141467571,분할상장 시점,5630409325800.0,146556.0,72.84,146570.0,72.85,20.7329,20.7349
20220715,14420070000000.0,214087207945.0,14634157207945.0,6635300000000.0,148289000000.0,2022Q2,2022Q2,lagged,217907528575.0,21417746207945.0,21421566528575.0,40350.0,141467571,분할상장 시점,5708216489850.0,151397.0,73.35,151424.0,73.35,21.4177,21.4216
20220718,14756100000000.0,214665421790.0,14970765421790.0,6635300000000.0,148289000000.0,2022Q2,2022Q2,lagged,217907528575.0,21754354421790.0,21757596528575.0,40950.0,141467571,분할상장 시점,5793097032450.0,153776.0,73.37,153799.0,73.37,21.7544,21.7576
20220719,14610000000000.0,215480606965.0,14825480606965.0,6635300000000.0,148289000000.0,2022Q2,2022Q2,lagged,217907528575.0,21609069606965.0,21611496528575.0,40400.0,141467571,분할상장 시점,5715289868400.0,152749.0,73.55,152766.0,73.55,21.6091,21.6115
20220720,14902200000000.0,216298774635.0,15118498774635.0,6635300000000.0,148289000000.0,2022Q2,2022Q2,lagged,217907528575.0,21902087774635.0,21903696528575.0,41500.0,141467571,분할상장 시점,5870904196500.0,154821.0,73.19,154832.0,73.2,21.9021,21.9037
20220721,14975250000000.0,214902685440.0,15190152685440.0,6635300000000.0,148289000000.0,2022Q2,2022Q2,lagged,217907528575.0,21973741685440.0,21976746528575.0,41750.0,141467571,분할상장 시점,5906271089250.0,155327.0,73.12,155348.0,73.12,21.9737,21.9767
20220722,14610000000000.0,214863150975.0,14824863150975.0,6635300000000.0,148289000000.0,2022Q2,2022Q2,lagged,217907528575.0,21608452150975.0,21611496528575.0,41150.0,141467571,분할상장 시점,5821390546650.0,152745.0,73.06,152766.0,73.06,21.6085,21.6115
20220725,14610000000000.0,213720924035.0,14823720924035.0,6635300000000.0,148289000000.0,2022Q2,2022Q2,lagged,217907528575.0,21607309924035.0,21611496528575.0,41600.0,141467571,분할상장 시점,5885050953600.0,152737.0,72.76,152766.0,72.77,21.6073,21.6115
20220726,14683050000000.0,213456432540.0,14896506432540.0,6635300000000.0,148289000000.0,2022Q2,2022Q2,lagged,217907528575.0,21680095432540.0,21684546528575.0,41600.0,141467571,분할상장 시점,5885050953600.0,153251.0,72.86,153283.0,72.86,21.6801,21.6845
20220727,14610000000000.0,216213472450.0,14826213472450.0,6635300000000.0,148289000000.0,2022Q2,2022Q2,lagged,217907528575.0,21609802472450.0,21611496528575.0,42500.0,141467571,분할상장 시점,6012371767500.0,152754.0,72.18,152766.0,72.18,21.6098,21.6115
20220728,14522340000000.0,213660394980.0,14736000394980.0,6635300000000.0,148289000000.0,2022Q2,2022Q2,lagged,217907528575.0,21519589394980.0,21523836528575.0,42700.0,141467571,분할상장 시점,6040665281700.0,152117.0,71.93,152147.0,71.93,21.5196,21.5238
20220729,14303190000000.0,214100395900.0,14517290395900.0,6635300000000.0,148289000000.0,2022Q2,2022Q2,lagged,217907528575.0,21300879395900.0,21304686528575.0,42750.0,141467571,분할상장 시점,6047738660250.0,150571.0,71.61,150598.0,71.61,21.3009,21.3047
20220801,14186310000000.0,213263019395.0,14399573019395.0,6635300000000.0,148289000000.0,2022Q2,2022Q2,lagged,217907528575.0,21183162019395.0,21187806528575.0,42450.0,141467571,분할상장 시점,6005298388950.0,149739.0,71.65,149771.0,71.66,21.1832,21.1878
20220802,14098650000000.0,210761971330.0,14309411971330.0,6635300000000.0,148289000000.0,2022Q2,2022Q2,lagged,217907528575.0,21093000971330.0,21100146528575.0,41200.0,141467571,분할상장 시점,5828463925200.0,149101.0,72.37,149152.0,72.38,21.093,21.1001
20220803,14244750000000.0,214883476605.0,14459633476605.0,6635300000000.0,148289000000.0,2022Q2,2022Q2,lagged,217907528575.0,21243222476605.0,21246246528575.0,41800.0,141467571,분할상장 시점,5913344467800.0,150163.0,72.16,150185.0,72.17,21.2432,21.2462
20220804,14244750000000.0,217324556200.0,14462074556200.0,6635300000000.0,148289000000.0,2022Q2,2022Q2,lagged,217907528575.0,21245663556200.0,21246246528575.0,42000.0,141467571,분할상장 시점,5941637982000.0,150180.0,72.03,150185.0,72.03,21.2457,21.2462
20220805,14390850000000.0,218592609500.0,14609442609500.0,6635300000000.0,148289000000.0,2022Q2,2022Q2,lagged,217907528575.0,21393031609500.0,21392346528575.0,42650.0,141467571,분할상장 시점,6033591903150.0,151222.0,71.8,151217.0,71.8,21.393,21.3923
20220808,14069430000000.0,224453448990.0,14293883448990.0,6635300000000.0,148289000000.0,2022Q2,2022Q2,lagged,217907528575.0,21077472448990.0,21070926528575.0,43000.0,141467571,분할상장 시점,6083105553000.0,148992.0,71.14,148945.0,71.13,21.0775,21.0709
20220809,13894110000000.0,227765206300.0,14121875206300.0,6635300000000.0,148289000000.0,2022Q2,2022Q2,lagged,217907528575.0,20905464206300.0,20895606528575.0,42200.0,141467571,분할상장 시점,5969931496200.0,147776.0,71.44,147706.0,71.43,20.9055,20.8956
20220810,13411980000000.0,225698858750.0,13637678858750.0,6635300000000.0,148289000000.0,2022Q2,2022Q2,lagged,217907528575.0,20421267858750.0,20413476528575.0,42300.0,141467571,분할상장 시점,5984078253300.0,144353.0,70.7,144298.0,70.69,20.4213,20.4135
20220811,13631130000000.0,227858928190.0,13858988928190.0,6635300000000.0,148289000000.0,2022Q2,2022Q2,lagged,217907528575.0,20642577928190.0,20632626528575.0,43750.0,141467571,분할상장 시점,6189206231250.0,145917.0,70.02,145847.0,70.0,20.6426,20.6326
20220812,13631130000000.0,230831944840.0,13861961944840.0,6635300000000.0,148289000000.0,2022Q2,2022Q2,lagged,217907528575.0,20645550944840.0,20632626528575.0,43250.0,141467571,분할상장 시점,6118472445750.0,145938.0,70.36,145847.0,70.35,20.6456,20.6326
20220816,14127870000000.0,231636873040.0,14359506873040.0,6635300000000.0,148289000000.0,2022Q2,2022Q2,lagged,217907528575.0,21143095873040.0,21129366528575.0,43700.0,141467571,분할상장 시점,6182132852700.0,149455.0,70.76,149358.0,70.74,21.1431,21.1294
20220817,14186310000000.0,230682542090.0,14416992542090.0,6635300000000.0,148289000000.0,2022Q2,2022Q2,lagged,217907528575.0,21200581542090.0,21187806528575.0,43750.0,141467571,분할상장 시점,6189206231250.0,149862.0,70.81,149771.0,70.79,21.2006,21.1878
20220818,13981770000000.0,228006356865.0,14209776356865.0,6635300000000.0,148289000000.0,2022Q2,2022Q2,lagged,217907528575.0,20993365356865.0,20983266528575.0,43600.0,141467571,분할상장 시점,6167986095600.0,148397.0,70.62,148326.0,70.61,20.9934,20.9833
20220819,14084040000000.0,226936937170.0,14310976937170.0,6635300000000.0,148289000000.0,2022Q2,2022Q2,lagged,217907528575.0,21094565937170.0,21085536528575.0,42950.0,141467571,분할상장 시점,6076032174450.0,149112.0,71.2,149049.0,71.18,21.0946,21.0855
20220822,13908720000000.0,218392482460.0,14127112482460.0,6635300000000.0,148289000000.0,2022Q2,2022Q2,lagged,217907528575.0,20910701482460.0,20910216528575.0,41200.0,141467571,분할상장 시점,5828463925200.0,147813.0,72.13,147809.0,72.13,20.9107,20.9102
20220823,13674960000000.0,208328830800.0,13883288830800.0,6635300000000.0,148289000000.0,2022Q2,2022Q2,lagged,217907528575.0,20666877830800.0,20676456528575.0,40400.0,141467571,분할상장 시점,5715289868400.0,146089.0,72.35,146157.0,72.36,20.6669,20.6765
20220824,13616520000000.0,208411098975.0,13824931098975.0,6635300000000.0,148289000000.0,2022Q2,2022Q2,lagged,217907528575.0,20608520098975.0,20618016528575.0,40500.0,141467571,분할상장 시점,5729436625500.0,145677.0,72.2,145744.0,72.21,20.6085,20.618
20220825,13748010000000.0,215788416810.0,13963798416810.0,6635300000000.0,148289000000.0,2022Q2,2022Q2,lagged,217907528575.0,20747387416810.0,20749506528575.0,41000.0,141467571,분할상장 시점,5800170411000.0,146658.0,72.04,146673.0,72.05,20.7474,20.7495
20220826,13894110000000.0,213182457030.0,14107292457030.0,6635300000000.0,148289000000.0,2022Q2,2022Q2,lagged,217907528575.0,20890881457030.0,20895606528575.0,41100.0,141467571,분할상장 시점,5814317168100.0,147673.0,72.17,147706.0,72.17,20.8909,20.8956
20220829,13514250000000.0,203750579840.0,13718000579840.0,6635300000000.0,148289000000.0,2022Q2,2022Q2,lagged,217907528575.0,20501589579840.0,20515746528575.0,39600.0,141467571,분할상장 시점,5602115811600.0,144921.0,72.67,145021.0,72.69,20.5016,20.5157
20220830,13616520000000.0,207265672790.0,13823785672790.0,6635300000000.0,148289000000.0,2022Q2,2022Q2,lagged,217907528575.0,20607374672790.0,20618016528575.0,39750.0,141467571,분할상장 시점,5623335947250.0,145669.0,72.71,145744.0,72.73,20.6074,20.618
20220831,13908720000000.0,208880005120.0,14117600005120.0,6635300000000.0,148289000000.0,2022Q2,2022Q2,lagged,217907528575.0,20901189005120.0,20910216528575.0,40500.0,141467571,분할상장 시점,5729436625500.0,147745.0,72.59,147809.0,72.6,20.9012,20.9102
20220901,13499640000000.0,204079035095.0,13703719035095.0,6635300000000.0,148289000000.0,2022Q2,2022Q2,lagged,217907528575.0,20487308035095.0,20501136528575.0,39400.0,141467571,분할상장 시점,5573822297400.0,144820.0,72.79,144918.0,72.81,20.4873,20.5011
20220902,13397370000000.0,202926296645.0,13600296296645.0,6635300000000.0,148289000000.0,2022Q2,2022Q2,lagged,217907528575.0,20383885296645.0,20398866528575.0,39050.0,141467571,분할상장 시점,5524308647550.0,144089.0,72.9,144195.0,72.92,20.3839,20.3989
20220905,13309710000000.0,211917814380.0,13521627814380.0,6635300000000.0,148289000000.0,2022Q2,2022Q2,lagged,217907528575.0,20305216814380.0,20311206528575.0,39050.0,141467571,분할상장 시점,5524308647550.0,143533.0,72.79,143575.0,72.8,20.3052,20.3112
20220906,13411980000000.0,215023451230.0,13627003451230.0,6635300000000.0,148289000000.0,2022Q2,2022Q2,lagged,217907528575.0,20410592451230.0,20413476528575.0,40200.0,141467571,분할상장 시점,5686996354200.0,144278.0,72.14,144298.0,72.14,20.4106,20.4135
20220907,13207440000000.0,207513729945.0,13414953729945.0,6635300000000.0,148289000000.0,2022Q2,2022Q2,lagged,217907528575.0,20198542729945.0,20208936528575.0,39850.0,141467571,분할상장 시점,5637482704350.0,142779.0,72.09,142852.0,72.1,20.1985,20.2089
20220908,13207440000000.0,205148685270.0,13412588685270.0,6635300000000.0,148289000000.0,2022Q2,2022Q2,lagged,217907528575.0,20196177685270.0,20208936528575.0,42100.0,141467571,분할상장 시점,5955784739100.0,142762.0,70.51,142852.0,70.53,20.1962,20.2089
20220913,13850280000000.0,208935954245.0,14059215954245.0,6635300000000.0,148289000000.0,2022Q2,2022Q2,lagged,217907528575.0,20842804954245.0,20851776528575.0,43400.0,141467571,분할상장 시점,6139692581400.0,147333.0,70.54,147396.0,70.56,20.8428,20.8518
20220914,13587300000000.0,206374937710.0,13793674937710.0,6635300000000.0,148289000000.0,2022Q2,2022Q2,lagged,217907528575.0,20577263937710.0,20588796528575.0,42650.0,141467571,분할상장 시점,6033591903150.0,145456.0,70.68,145537.0,70.69,20.5773,20.5888
20220915,13441200000000.0,206321603190.0,13647521603190.0,6635300000000.0,148289000000.0,2022Q2,2022Q2,lagged,217907528575.0,20431110603190.0,20442696528575.0,42600.0,141467571,분할상장 시점,6026518524600.0,144423.0,70.5,144504.0,70.52,20.4311,20.4427
20220916,13324320000000.0,206391828635.0,13530711828635.0,6635300000000.0,148289000000.0,2022Q2,2022Q2,lagged,217907528575.0,20314300828635.0,20325816528575.0,41750.0,141467571,분할상장 시점,5906271089250.0,143597.0,70.93,143678.0,70.94,20.3143,20.3258
20220919,13149000000000.0,195192475610.0,13344192475610.0,6635300000000.0,148289000000.0,2022Q2,2022Q2,lagged,217907528575.0,20127781475610.0,20150496528575.0,40800.0,141467571,분할상장 시점,5771876896800.0,142278.0,71.32,142439.0,71.36,20.1278,20.1505
20220920,12856800000000.0,196463699725.0,13053263699725.0,6635300000000.0,148289000000.0,2022Q2,2022Q2,lagged,217907528575.0,19836852699725.0,19858296528575.0,40200.0,141467571,분할상장 시점,5686996354200.0,140222.0,71.33,140373.0,71.36,19.8369,19.8583
20220921,12856800000000.0,194128012485.0,13050928012485.0,6635300000000.0,148289000000.0,2022Q2,2022Q2,lagged,217907528575.0,19834517012485.0,19858296528575.0,39600.0,141467571,분할상장 시점,5602115811600.0,140205.0,71.76,140373.0,71.79,19.8345,19.8583
20220922,12564600000000.0,194666475115.0,12759266475115.0,6635300000000.0,148289000000.0,2022Q2,2022Q2,lagged,217907528575.0,19542855475115.0,19566096528575.0,39450.0,141467571,분할상장 시점,5580895675950.0,138144.0,71.44,138308.0,71.48,19.5429,19.5661
20220923,12199350000000.0,192580546465.0,12391930546465.0,6635300000000.0,148289000000.0,2022Q2,2022Q2,lagged,217907528575.0,19175519546465.0,19200846528575.0,39000.0,141467571,분할상장 시점,5517235269000.0,135547.0,71.23,135726.0,71.27,19.1755,19.2008
20220926,12053250000000.0,176372689465.0,12229622689465.0,6635300000000.0,148289000000.0,2022Q2,2022Q2,lagged,217907528575.0,19013211689465.0,19054746528575.0,37000.0,141467571,분할상장 시점,5234300127000.0,134400.0,72.47,134693.0,72.53,19.0132,19.0547
20220927,11980200000000.0,178389245575.0,12158589245575.0,6635300000000.0,148289000000.0,2022Q2,2022Q2,lagged,217907528575.0,18942178245575.0,18981696528575.0,36150.0,141467571,분할상장 시점,5114052691650.0,133898.0,73.0,134177.0,73.06,18.9422,18.9817
20220928,11863320000000.0,174197288750.0,12037517288750.0,6635300000000.0,148289000000.0,2022Q2,2022Q2,lagged,217907528575.0,18821106288750.0,18864816528575.0,36350.0,141467571,분할상장 시점,5142346205850.0,133042.0,72.68,133351.0,72.74,18.8211,18.8648
20220929,11804880000000.0,177057228515.0,11981937228515.0,6635300000000.0,148289000000.0,2022Q2,2022Q2,lagged,217907528575.0,18765526228515.0,18806376528575.0,35750.0,141467571,분할상장 시점,5057465663250.0,132649.0,73.05,132938.0,73.11,18.7655,18.8064
20220930,12140910000000.0,176320513900.0,12317230513900.0,6635300000000.0,148289000000.0,2022Q2,2022Q2,lagged,217907528575.0,19100819513900.0,19142406528575.0,36150.0,141467571,분할상장 시점,5114052691650.0,135019.0,73.23,135313.0,73.28,19.1008,19.1424
20221004,12593820000000.0,176359930635.0,12770179930635.0,7228600000000.0,177945000000.0,2022Q3,2022Q3,lagged,176320513900.0,20176724930635.0,20176685513900.0,38100.0,141467571,분할상장 시점,5389914455100.0,142624.0,73.29,142624.0,73.29,20.1767,20.1767
20221005,13119780000000.0,172741791670.0,13292521791670.0,7228600000000.0,177945000000.0,2022Q3,2022Q3,lagged,176320513900.0,20699066791670.0,20702645513900.0,38850.0,141467571,분할상장 시점,5496015133350.0,146317.0,73.45,146342.0,73.45,20.6991,20.7026
20221006,13134390000000.0,176791766385.0,13311181766385.0,7228600000000.0,177945000000.0,2022Q3,2022Q3,lagged,176320513900.0,20717726766385.0,20717255513900.0,38950.0,141467571,분할상장 시점,5510161890450.0,146449.0,73.4,146445.0,73.4,20.7177,20.7173
20221007,13324320000000.0,175821025150.0,13500141025150.0,7228600000000.0,177945000000.0,2022Q3,2022Q3,lagged,176320513900.0,20906686025150.0,20907185513900.0,38900.0,141467571,분할상장 시점,5503088511900.0,147784.0,73.68,147788.0,73.68,20.9067,20.9072
20221011,13178220000000.0,168468391145.0,13346688391145.0,7228600000000.0,177945000000.0,2022Q3,2022Q3,lagged,176320513900.0,20753233391145.0,20761085513900.0,37500.0,141467571,분할상장 시점,5305033912500.0,146700.0,74.44,146755.0,74.45,20.7532,20.7611
20221012,13733400000000.0,173803536190.0,13907203536190.0,7228600000000.0,177945000000.0,2022Q3,2022Q3,lagged,176320513900.0,21313748536190.0,21316265513900.0,38150.0,141467571,분할상장 시점,5396987833650.0,150662.0,74.68,150680.0,74.68,21.3137,21.3163
20221013,13864890000000.0,169203810000.0,14034093810000.0,7228600000000.0,177945000000.0,2022Q3,2022Q3,lagged,176320513900.0,21440638810000.0,21447755513900.0,38100.0,141467571,분할상장 시점,5389914455100.0,151559.0,74.86,151609.0,74.87,21.4406,21.4478
20221014,13952550000000.0,187477288730.0,14140027288730.0,7228600000000.0,177945000000.0,2022Q3,2022Q3,lagged,176320513900.0,21546572288730.0,21535415513900.0,38400.0,141467571,분할상장 시점,5432354726400.0,152308.0,74.79,152229.0,74.77,21.5466,21.5354
20221017,13908720000000.0,183539420265.0,14092259420265.0,7228600000000.0,177945000000.0,2022Q3,2022Q3,lagged,176320513900.0,21498804420265.0,21491585513900.0,39400.0,141467571,분할상장 시점,5573822297400.0,151970.0,74.07,151919.0,74.07,21.4988,21.4916
20221018,13996380000000.0,186077392565.0,14182457392565.0,7228600000000.0,177945000000.0,2022Q3,2022Q3,lagged,176320513900.0,21589002392565.0,21579245513900.0,39400.0,141467571,분할상장 시점,5573822297400.0,152607.0,74.18,152538.0,74.17,21.589,21.5792
20221019,13572690000000.0,183971962760.0,13756661962760.0,7228600000000.0,177945000000.0,2022Q3,2022Q3,lagged,176320513900.0,21163206962760.0,21155555513900.0,38750.0,141467571,분할상장 시점,5481868376250.0,149598.0,74.1,149543.0,74.09,21.1632,21.1556
20221020,13178220000000.0,179933069495.0,13358153069495.0,7228600000000.0,177945000000.0,2022Q3,2022Q3,lagged,176320513900.0,20764698069495.0,20761085513900.0,38200.0,141467571,분할상장 시점,5404061212200.0,146781.0,73.97,146755.0,73.97,20.7647,20.7611
20221021,13222050000000.0,182480257545.0,13404530257545.0,7228600000000.0,177945000000.0,2022Q3,2022Q3,lagged,176320513900.0,20811075257545.0,20804915513900.0,37950.0,141467571,분할상장 시점,5368694319450.0,147108.0,74.2,147065.0,74.2,20.8111,20.8049
20221024,13411980000000.0,183078052490.0,13595058052490.0,7228600000000.0,177945000000.0,2022Q3,2022Q3,lagged,176320513900.0,21001603052490.0,20994845513900.0,38600.0,141467571,분할상장 시점,5460648240600.0,148455.0,74.0,148407.0,73.99,21.0016,20.9948
20221025,13660350000000.0,184612354610.0,13844962354610.0,7228600000000.0,177945000000.0,2022Q3,2022Q3,lagged,176320513900.0,21251507354610.0,21243215513900.0,38000.0,141467571,분할상장 시점,5375767698000.0,150222.0,74.7,150163.0,74.69,21.2515,21.2432
20221026,13718790000000.0,184454079945.0,13903244079945.0,7228600000000.0,177945000000.0,2022Q3,2022Q3,lagged,176320513900.0,21309789079945.0,21301655513900.0,39000.0,141467571,분할상장 시점,5517235269000.0,150634.0,74.11,150576.0,74.1,21.3098,21.3017
20221027,13149000000000.0,188420029160.0,13337420029160.0,7228600000000.0,177945000000.0,2022Q3,2022Q3,lagged,176320513900.0,20743965029160.0,20731865513900.0,39000.0,141467571,분할상장 시점,5517235269000.0,146634.0,73.4,146549.0,73.39,20.744,20.7319
20221028,12184740000000.0,189071530890.0,12373811530890.0,7228600000000.0,177945000000.0,2022Q3,2022Q3,lagged,176320513900.0,19780356530890.0,19767605513900.0,36750.0,141467571,분할상장 시점,5198933234250.0,139823.0,73.72,139732.0,73.7,19.7804,19.7676
20221031,12082470000000.0,190374270460.0,12272844270460.0,7228600000000.0,177945000000.0,2022Q3,2022Q3,lagged,176320513900.0,19679389270460.0,19665335513900.0,36950.0,141467571,분할상장 시점,5227226748450.0,139109.0,73.44,139009.0,73.42,19.6794,19.6653
20221101,12257790000000.0,189870305780.0,12447660305780.0,7228600000000.0,177945000000.0,2022Q3,2022Q3,lagged,176320513900.0,19854205305780.0,19840655513900.0,36750.0,141467571,분할상장 시점,5198933234250.0,140345.0,73.81,140249.0,73.8,19.8542,19.8407
20221102,12345450000000.0,189784975165.0,12535234975165.0,7228600000000.0,177945000000.0,2022Q3,2022Q3,lagged,176320513900.0,19941779975165.0,19928315513900.0,37200.0,141467571,분할상장 시점,5262593641200.0,140964.0,73.61,140868.0,73.59,19.9418,19.9283
20221103,12082470000000.0,187858597865.0,12270328597865.0,7228600000000.0,177945000000.0,2022Q3,2022Q3,lagged,176320513900.0,19676873597865.0,19665335513900.0,36850.0,141467571,분할상장 시점,5213079991350.0,139091.0,73.51,139009.0,73.49,19.6769,19.6653
20221104,12345450000000.0,189016891255.0,12534466891255.0,7228600000000.0,177945000000.0,2022Q3,2022Q3,lagged,176320513900.0,19941011891255.0,19928315513900.0,36600.0,141467571,분할상장 시점,5177713098600.0,140958.0,74.03,140868.0,74.02,19.941,19.9283
20221107,12637650000000.0,188393361900.0,12826043361900.0,7228600000000.0,177945000000.0,2022Q3,2022Q3,lagged,176320513900.0,20232588361900.0,20220515513900.0,38100.0,141467571,분할상장 시점,5389914455100.0,143019.0,73.36,142934.0,73.34,20.2326,20.2205
20221108,12812970000000.0,187872054085.0,13000842054085.0,7228600000000.0,177945000000.0,2022Q3,2022Q3,lagged,176320513900.0,20407387054085.0,20395835513900.0,38550.0,141467571,분할상장 시점,5453574862050.0,144255.0,73.28,144173.0,73.26,20.4074,20.3958
20221109,13032120000000.0,189574779470.0,13221694779470.0,7228600000000.0,177945000000.0,2022Q3,2022Q3,lagged,176320513900.0,20628239779470.0,20614985513900.0,39100.0,141467571,분할상장 시점,5531382026100.0,145816.0,73.19,145722.0,73.17,20.6282,20.615
20221110,13017510000000.0,188933906980.0,13206443906980.0,7228600000000.0,177945000000.0,2022Q3,2022Q3,lagged,176320513900.0,20612988906980.0,20600375513900.0,39100.0,141467571,분할상장 시점,5531382026100.0,145708.0,73.17,145619.0,73.15,20.613,20.6004
20221111,13660350000000.0,190713119495.0,13851063119495.0,7228600000000.0,177945000000.0,2022Q3,2022Q3,lagged,176320513900.0,21257608119495.0,21243215513900.0,40800.0,141467571,분할상장 시점,5771876896800.0,150265.0,72.85,150163.0,72.83,21.2576,21.2432
20221114,13280490000000.0,190741200245.0,13471231200245.0,7228600000000.0,177945000000.0,2022Q3,2022Q3,lagged,176320513900.0,20877776200245.0,20863355513900.0,40500.0,141467571,분할상장 시점,5729436625500.0,147580.0,72.56,147478.0,72.54,20.8778,20.8634
20221115,13382760000000.0,193996051525.0,13576756051525.0,7228600000000.0,177945000000.0,2022Q3,2022Q3,lagged,176320513900.0,20983301051525.0,20965625513900.0,40050.0,141467571,분할상장 시점,5665776218550.0,148326.0,73.0,148201.0,72.98,20.9833,20.9656
20221116,13368150000000.0,191951895305.0,13560101895305.0,7228600000000.0,177945000000.0,2022Q3,2022Q3,lagged,176320513900.0,20966646895305.0,20951015513900.0,40450.0,141467571,분할상장 시점,5722363246950.0,148208.0,72.71,148098.0,72.69,20.9666,20.951
20221117,12812970000000.0,190344757510.0,13003314757510.0,7228600000000.0,177945000000.0,2022Q3,2022Q3,lagged,176320513900.0,20409859757510.0,20395835513900.0,39200.0,141467571,분할상장 시점,5545528783200.0,144272.0,72.83,144173.0,72.81,20.4099,20.3958
20221118,12915240000000.0,193353902350.0,13108593902350.0,7228600000000.0,177945000000.0,2022Q3,2022Q3,lagged,176320513900.0,20515138902350.0,20498105513900.0,38500.0,141467571,분할상장 시점,5446501483500.0,145017.0,73.45,144896.0,73.43,20.5151,20.4981
20221121,12608430000000.0,188753950055.0,12797183950055.0,7228600000000.0,177945000000.0,2022Q3,2022Q3,lagged,176320513900.0,20203728950055.0,20191295513900.0,37250.0,141467571,분할상장 시점,5269667019750.0,142815.0,73.92,142727.0,73.9,20.2037,20.1913
20221122,12447720000000.0,183980834675.0,12631700834675.0,7228600000000.0,177945000000.0,2022Q3,2022Q3,lagged,176320513900.0,20038245834675.0,20030585513900.0,36650.0,141467571,분할상장 시점,5184786477150.0,141646.0,74.13,141591.0,74.12,20.0382,20.0306
20221123,12447720000000.0,184173461130.0,12631893461130.0,7228600000000.0,177945000000.0,2022Q3,2022Q3,lagged,176320513900.0,20038438461130.0,20030585513900.0,37450.0,141467571,분할상장 시점,5297960533950.0,141647.0,73.56,141591.0,73.55,20.0384,20.0306
20221124,12696090000000.0,189286848390.0,12885376848390.0,7228600000000.0,177945000000.0,2022Q3,2022Q3,lagged,176320513900.0,20291921848390.0,20278955513900.0,37450.0,141467571,분할상장 시점,5297960533950.0,143439.0,73.89,143347.0,73.87,20.2919,20.279
20221125,12433110000000.0,191251120560.0,12624361120560.0,7228600000000.0,177945000000.0,2022Q3,2022Q3,lagged,176320513900.0,20030906120560.0,20015975513900.0,37100.0,141467571,분할상장 시점,5248446884100.0,141594.0,73.8,141488.0,73.78,20.0309,20.016
20221128,12140910000000.0,185647714835.0,12326557714835.0,7228600000000.0,177945000000.0,2022Q3,2022Q3,lagged,176320513900.0,19733102714835.0,19723775513900.0,36450.0,141467571,분할상장 시점,5156492962950.0,139489.0,73.87,139423.0,73.86,19.7331,19.7238
20221129,12228570000000.0,187482273730.0,12416052273730.0,7228600000000.0,177945000000.0,2022Q3,2022Q3,lagged,176320513900.0,19822597273730.0,19811435513900.0,36650.0,141467571,분할상장 시점,5184786477150.0,140121.0,73.84,140042.0,73.83,19.8226,19.8114
20221130,12418500000000.0,190103937050.0,12608603937050.0,7228600000000.0,177945000000.0,2022Q3,2022Q3,lagged,176320513900.0,20015148937050.0,20001365513900.0,37450.0,141467571,분할상장 시점,5297960533950.0,141482.0,73.53,141385.0,73.51,20.0151,20.0014
20221201,12374670000000.0,198582877705.0,12573252877705.0,7228600000000.0,177945000000.0,2022Q3,2022Q3,lagged,176320513900.0,19979797877705.0,19957535513900.0,37500.0,141467571,분할상장 시점,5305033912500.0,141232.0,73.45,141075.0,73.42,19.9798,19.9575
20221202,11965590000000.0,197671958780.0,12163261958780.0,7228600000000.0,177945000000.0,2022Q3,2022Q3,lagged,176320513900.0,19569806958780.0,19548455513900.0,36900.0,141467571,분할상장 시점,5220153369900.0,138334.0,73.33,138183.0,73.3,19.5698,19.5485
20221205,11834100000000.0,199333472320.0,12033433472320.0,7228600000000.0,177945000000.0,2022Q3,2022Q3,lagged,176320513900.0,19439978472320.0,19416965513900.0,36300.0,141467571,분할상장 시점,5135272827300.0,137417.0,73.58,137254.0,73.55,19.44,19.417
20221206,11834100000000.0,193678263295.0,12027778263295.0,7228600000000.0,177945000000.0,2022Q3,2022Q3,lagged,176320513900.0,19434323263295.0,19416965513900.0,35650.0,141467571,분할상장 시점,5043318906150.0,137377.0,74.05,137254.0,74.03,19.4343,19.417
20221207,11527290000000.0,195542099680.0,11722832099680.0,7228600000000.0,177945000000.0,2022Q3,2022Q3,lagged,176320513900.0,19129377099680.0,19110155513900.0,35200.0,141467571,분할상장 시점,4979658499200.0,135221.0,73.97,135085.0,73.94,19.1294,19.1102
20221208,11512680000000.0,194255398130.0,11706935398130.0,7228600000000.0,177945000000.0,2022Q3,2022Q3,lagged,176320513900.0,19113480398130.0,19095545513900.0,35600.0,141467571,분할상장 시점,5036245527600.0,135109.0,73.65,134982.0,73.63,19.1135,19.0955
20221209,11907150000000.0,197221102515.0,12104371102515.0,7228600000000.0,177945000000.0,2022Q3,2022Q3,lagged,176320513900.0,19510916102515.0,19490015513900.0,35900.0,141467571,분할상장 시점,5078685798900.0,137918.0,73.97,137770.0,73.94,19.5109,19.49
20221212,11848710000000.0,196696025515.0,12045406025515.0,7228600000000.0,177945000000.0,2022Q3,2022Q3,lagged,176320513900.0,19451951025515.0,19431575513900.0,36100.0,141467571,분할상장 시점,5106979313100.0,137501.0,73.75,137357.0,73.72,19.452,19.4316
20221213,12024030000000.0,194979127810.0,12219009127810.0,7228600000000.0,177945000000.0,2022Q3,2022Q3,lagged,176320513900.0,19625554127810.0,19606895513900.0,35800.0,141467571,분할상장 시점,5064539041800.0,138728.0,74.19,138596.0,74.17,19.6256,19.6069
20221214,11950980000000.0,201091798620.0,12152071798620.0,7228600000000.0,177945000000.0,2022Q3,2022Q3,lagged,176320513900.0,19558616798620.0,19533845513900.0,35900.0,141467571,분할상장 시점,5078685798900.0,138255.0,74.03,138080.0,74.0,19.5586,19.5338
20221215,11717220000000.0,201286064670.0,11918506064670.0,7228600000000.0,177945000000.0,2022Q3,2022Q3,lagged,176320513900.0,19325051064670.0,19300085513900.0,35300.0,141467571,분할상장 시점,4993805256300.0,136604.0,74.16,136428.0,74.13,19.3251,19.3001
20221216,11454240000000.0,212765282625.0,11667005282625.0,7228600000000.0,177945000000.0,2022Q3,2022Q3,lagged,176320513900.0,19073550282625.0,19037105513900.0,35100.0,141467571,분할상장 시점,4965511742100.0,134826.0,73.97,134569.0,73.92,19.0736,19.0371
20221219,11541900000000.0,211579869765.0,11753479869765.0,7228600000000.0,177945000000.0,2022Q3,2022Q3,lagged,176320513900.0,19160024869765.0,19124765513900.0,35300.0,141467571,분할상장 시점,4993805256300.0,135438.0,73.94,135188.0,73.89,19.16,19.1248
20221220,11439630000000.0,205405708620.0,11645035708620.0,7228600000000.0,177945000000.0,2022Q3,2022Q3,lagged,176320513900.0,19051580708620.0,19022495513900.0,34750.0,141467571,분할상장 시점,4915998092250.0,134671.0,74.2,134465.0,74.16,19.0516,19.0225
20221221,11395800000000.0,204253676915.0,11600053676915.0,7228600000000.0,177945000000.0,2022Q3,2022Q3,lagged,176320513900.0,19006598676915.0,18978665513900.0,34750.0,141467571,분할상장 시점,4915998092250.0,134353.0,74.14,134156.0,74.1,19.0066,18.9787
20221222,11571120000000.0,206602603625.0,11777722603625.0,7228600000000.0,177945000000.0,2022Q3,2022Q3,lagged,176320513900.0,19184267603625.0,19153985513900.0,35900.0,141467571,분할상장 시점,5078685798900.0,135609.0,73.53,135395.0,73.48,19.1843,19.154
20221223,11366580000000.0,199153783660.0,11565733783660.0,7228600000000.0,177945000000.0,2022Q3,2022Q3,lagged,176320513900.0,18972278783660.0,18949445513900.0,34900.0,141467571,분할상장 시점,4937218227900.0,134110.0,73.98,133949.0,73.95,18.9723,18.9494
20221226,11249700000000.0,196561996200.0,11446261996200.0,7228600000000.0,177945000000.0,2022Q3,2022Q3,lagged,176320513900.0,18852806996200.0,18832565513900.0,34650.0,141467571,분할상장 시점,4901851335150.0,133266.0,74.0,133123.0,73.97,18.8528,18.8326
20221227,11249700000000.0,197850935715.0,11447550935715.0,7228600000000.0,177945000000.0,2022Q3,2022Q3,lagged,176320513900.0,18854095935715.0,18832565513900.0,35350.0,141467571,분할상장 시점,5000878634850.0,133275.0,73.48,133123.0,73.45,18.8541,18.8326
20221228,11103600000000.0,197104670870.0,11300704670870.0,7228600000000.0,177945000000.0,2022Q3,2022Q3,lagged,176320513900.0,18707249670870.0,18686465513900.0,34500.0,141467571,분할상장 시점,4880631199500.0,132237.0,73.91,132090.0,73.88,18.7072,18.6865
20221229,10957500000000.0,379450864545.0,11336950864545.0,7228600000000.0,177945000000.0,2022Q3,2022Q3,lagged,176320513900.0,18743495864545.0,18540365513900.0,33550.0,141467571,분할상장 시점,4746237007050.0,132493.0,74.68,131057.0,74.4,18.7435,18.5404
20230102,11059770000000.0,371050178500.0,11430820178500.0,6907900000000.0,188000000000.0,2022Q4,2022Q4,lagged,379450864545.0,18526720178500.0,18535120864545.0,32900.0,141467571,분할상장 시점,4654283085900.0,130961.0,74.88,131020.0,74.89,18.5267,18.5351
20230103,11045160000000.0,368498472210.0,11413658472210.0,6907900000000.0,188000000000.0,2022Q4,2022Q4,lagged,379450864545.0,18509558472210.0,18520510864545.0,32000.0,141467571,분할상장 시점,4526962272000.0,130840.0,75.54,130917.0,75.56,18.5096,18.5205
20230104,11834100000000.0,373708108420.0,12207808108420.0,6907900000000.0,188000000000.0,2022Q4,2022Q4,lagged,379450864545.0,19303708108420.0,19309450864545.0,33450.0,141467571,분할상장 시점,4732090249950.0,136453.0,75.49,136494.0,75.49,19.3037,19.3095
20230105,11892540000000.0,371247803035.0,12263787803035.0,6907900000000.0,188000000000.0,2022Q4,2022Q4,lagged,379450864545.0,19359687803035.0,19367890864545.0,33400.0,141467571,분할상장 시점,4725016871400.0,136849.0,75.59,136907.0,75.6,19.3597,19.3679
20230106,12140910000000.0,371643312920.0,12512553312920.0,6907900000000.0,188000000000.0,2022Q4,2022Q4,lagged,379450864545.0,19608453312920.0,19616260864545.0,34050.0,141467571,분할상장 시점,4816970792550.0,138607.0,75.43,138663.0,75.44,19.6085,19.6163
20230109,12564600000000.0,380997978330.0,12945597978330.0,6907900000000.0,188000000000.0,2022Q4,2022Q4,lagged,379450864545.0,20041497978330.0,20039950864545.0,34800.0,141467571,분할상장 시점,4923071470800.0,141668.0,75.44,141658.0,75.43,20.0415,20.04
20230110,12637650000000.0,379697848990.0,13017347848990.0,6907900000000.0,188000000000.0,2022Q4,2022Q4,lagged,379450864545.0,20113247848990.0,20113000864545.0,35150.0,141467571,분할상장 시점,4972585120650.0,142176.0,75.28,142174.0,75.28,20.1132,20.113
20230111,12754530000000.0,378384354850.0,13132914354850.0,6907900000000.0,188000000000.0,2022Q4,2022Q4,lagged,379450864545.0,20228814354850.0,20229880864545.0,35600.0,141467571,분할상장 시점,5036245527600.0,142993.0,75.1,143000.0,75.1,20.2288,20.2299
20230112,12681480000000.0,376950613845.0,13058430613845.0,6907900000000.0,188000000000.0,2022Q4,2022Q4,lagged,379450864545.0,20154330613845.0,20156830864545.0,35950.0,141467571,분할상장 시점,5085759177450.0,142466.0,74.77,142484.0,74.77,20.1543,20.1568
20230113,12520770000000.0,378405307130.0,12899175307130.0,6907900000000.0,188000000000.0,2022Q4,2022Q4,lagged,379450864545.0,19995075307130.0,19996120864545.0,35850.0,141467571,분할상장 시점,5071612420350.0,141340.0,74.64,141348.0,74.64,19.9951,19.9961
20230116,12535380000000.0,381622430380.0,12917002430380.0,6907900000000.0,188000000000.0,2022Q4,2022Q4,lagged,379450864545.0,20012902430380.0,20010730864545.0,35700.0,141467571,분할상장 시점,5050392284700.0,141466.0,74.76,141451.0,74.76,20.0129,20.0107
20230117,12564600000000.0,373570177660.0,12938170177660.0,6907900000000.0,188000000000.0,2022Q4,2022Q4,lagged,379450864545.0,20034070177660.0,20039950864545.0,35600.0,141467571,분할상장 시점,5036245527600.0,141616.0,74.86,141658.0,74.87,20.0341,20.04
20230118,12433110000000.0,380179044800.0,12813289044800.0,6907900000000.0,188000000000.0,2022Q4,2022Q4,lagged,379450864545.0,19909189044800.0,19908460864545.0,35500.0,141467571,분할상장 시점,5022098770500.0,140733.0,74.77,140728.0,74.77,19.9092,19.9085
20230119,12491550000000.0,382323560585.0,12873873560585.0,6907900000000.0,188000000000.0,2022Q4,2022Q4,lagged,379450864545.0,19969773560585.0,19966900864545.0,35300.0,141467571,분할상장 시점,4993805256300.0,141161.0,74.99,141141.0,74.99,19.9698,19.9669
20230120,12798360000000.0,391596484795.0,13189956484795.0,6907900000000.0,188000000000.0,2022Q4,2022Q4,lagged,379450864545.0,20285856484795.0,20273710864545.0,35250.0,141467571,분할상장 시점,4986731877750.0,143396.0,75.42,143310.0,75.4,20.2859,20.2737
20230125,13353540000000.0,402710315320.0,13756250315320.0,6907900000000.0,188000000000.0,2022Q4,2022Q4,lagged,379450864545.0,20852150315320.0,20828890864545.0,36750.0,141467571,분할상장 시점,5198933234250.0,147399.0,75.07,147234.0,75.04,20.8522,20.8289
20230126,13485030000000.0,417779201930.0,13902809201930.0,6907900000000.0,188000000000.0,2022Q4,2022Q4,lagged,379450864545.0,20998709201930.0,20960380864545.0,37400.0,141467571,분할상장 시점,5290887155400.0,148435.0,74.8,148164.0,74.76,20.9987,20.9604
20230127,13368150000000.0,427284627430.0,13795434627430.0,6907900000000.0,188000000000.0,2022Q4,2022Q4,lagged,379450864545.0,20891334627430.0,20843500864545.0,37700.0,141467571,분할상장 시점,5333327426700.0,147676.0,74.47,147338.0,74.41,20.8913,20.8435
20230130,13251270000000.0,430529884050.0,13681799884050.0,6907900000000.0,188000000000.0,2022Q4,2022Q4,lagged,379450864545.0,20777699884050.0,20726620864545.0,37550.0,141467571,분할상장 시점,5312107291050.0,146873.0,74.43,146511.0,74.37,20.7777,20.7266
20230131,12929850000000.0,418170149695.0,13348020149695.0,6907900000000.0,188000000000.0,2022Q4,2022Q4,lagged,379450864545.0,20443920149695.0,20405200864545.0,36250.0,141467571,분할상장 시점,5128199448750.0,144513.0,74.92,144239.0,74.87,20.4439,20.4052
20230201,13353540000000.0,421017554120.0,13774557554120.0,6907900000000.0,188000000000.0,2022Q4,2022Q4,lagged,379450864545.0,20870457554120.0,20828890864545.0,36950.0,141467571,분할상장 시점,5227226748450.0,147528.0,74.95,147234.0,74.9,20.8705,20.8289
20230202,13645740000000.0,434665544440.0,14080405544440.0,6907900000000.0,188000000000.0,2022Q4,2022Q4,lagged,379450864545.0,21176305544440.0,21121090864545.0,37000.0,141467571,분할상장 시점,5234300127000.0,149690.0,75.28,149300.0,75.22,21.1763,21.1211
20230203,13470420000000.0,447437817455.0,13917857817455.0,6907900000000.0,188000000000.0,2022Q4,2022Q4,lagged,379450864545.0,21013757817455.0,20945770864545.0,36600.0,141467571,분할상장 시점,5177713098600.0,148541.0,75.36,148061.0,75.28,21.0138,20.9458
20230206,13017510000000.0,431634697255.0,13449144697255.0,6907900000000.0,188000000000.0,2022Q4,2022Q4,lagged,379450864545.0,20545044697255.0,20492860864545.0,35850.0,141467571,분할상장 시점,5071612420350.0,145228.0,75.31,144859.0,75.25,20.545,20.4929
20230207,13265880000000.0,438114254180.0,13703994254180.0,6907900000000.0,188000000000.0,2022Q4,2022Q4,lagged,379450864545.0,20799894254180.0,20741230864545.0,36000.0,141467571,분할상장 시점,5092832556000.0,147029.0,75.52,146615.0,75.45,20.7999,20.7412
20230208,13864890000000.0,473666650025.0,14338556650025.0,6907900000000.0,188000000000.0,2022Q4,2022Q4,lagged,379450864545.0,21434456650025.0,21340240864545.0,37250.0,141467571,분할상장 시점,5269667019750.0,151515.0,75.41,150849.0,75.31,21.4345,21.3402
20230209,13791840000000.0,454163758835.0,14246003758835.0,6907900000000.0,188000000000.0,2022Q4,2022Q4,lagged,379450864545.0,21341903758835.0,21267190864545.0,36850.0,141467571,분할상장 시점,5213079991350.0,150861.0,75.57,150333.0,75.49,21.3419,21.2672
20230210,13660350000000.0,440241723825.0,14100591723825.0,6907900000000.0,188000000000.0,2022Q4,2022Q4,lagged,379450864545.0,21196491723825.0,21135700864545.0,37200.0,141467571,분할상장 시점,5262593641200.0,149833.0,75.17,149403.0,75.1,21.1965,21.1357
20230213,13236660000000.0,432400005710.0,13669060005710.0,6907900000000.0,188000000000.0,2022Q4,2022Q4,lagged,379450864545.0,20764960005710.0,20712010864545.0,36550.0,141467571,분할상장 시점,5170639720050.0,146782.0,75.1,146408.0,75.04,20.765,20.712
20230214,13645740000000.0,438198483750.0,14083938483750.0,6907900000000.0,188000000000.0,2022Q4,2022Q4,lagged,379450864545.0,21179838483750.0,21121090864545.0,37000.0,141467571,분할상장 시점,5234300127000.0,149715.0,75.29,149300.0,75.22,21.1798,21.1211
20230215,13397370000000.0,427055258710.0,13824425258710.0,6907900000000.0,188000000000.0,2022Q4,2022Q4,lagged,379450864545.0,20920325258710.0,20872720864545.0,36350.0,141467571,분할상장 시점,5142346205850.0,147881.0,75.42,147544.0,75.36,20.9203,20.8727
20230216,13572690000000.0,432452833180.0,14005142833180.0,6907900000000.0,188000000000.0,2022Q4,2022Q4,lagged,379450864545.0,21101042833180.0,21048040864545.0,37200.0,141467571,분할상장 시점,5262593641200.0,149158.0,75.06,148784.0,75.0,21.101,21.048
20230217,13441200000000.0,429598090575.0,13870798090575.0,6907900000000.0,188000000000.0,2022Q4,2022Q4,lagged,379450864545.0,20966698090575.0,20916550864545.0,36750.0,141467571,분할상장 시점,5198933234250.0,148209.0,75.2,147854.0,75.14,20.9667,20.9166
20230220,13514250000000.0,433576938940.0,13947826938940.0,6907900000000.0,188000000000.0,2022Q4,2022Q4,lagged,379450864545.0,21043726938940.0,20989600864545.0,38450.0,141467571,분할상장 시점,5439428104950.0,148753.0,74.15,148370.0,74.09,21.0437,20.9896
20230221,13324320000000.0,434157577510.0,13758477577510.0,6907900000000.0,188000000000.0,2022Q4,2022Q4,lagged,379450864545.0,20854377577510.0,20799670864545.0,37900.0,141467571,분할상장 시점,5361620940900.0,147415.0,74.29,147028.0,74.22,20.8544,20.7997
20230222,13017510000000.0,427747849110.0,13445257849110.0,6907900000000.0,188000000000.0,2022Q4,2022Q4,lagged,379450864545.0,20541157849110.0,20492860864545.0,36600.0,141467571,분할상장 시점,5177713098600.0,145200.0,74.79,144859.0,74.73,20.5412,20.4929
20230223,13543470000000.0,438772230910.0,13982242230910.0,6907900000000.0,188000000000.0,2022Q4,2022Q4,lagged,379450864545.0,21078142230910.0,21018820864545.0,37850.0,141467571,분할상장 시점,5354547562350.0,148996.0,74.6,148577.0,74.52,21.0781,21.0188
20230224,13295100000000.0,435457125585.0,13730557125585.0,6907900000000.0,188000000000.0,2022Q4,2022Q4,lagged,379450864545.0,20826457125585.0,20770450864545.0,39300.0,141467571,분할상장 시점,5559675540300.0,147217.0,73.3,146821.0,73.23,20.8265,20.7705
20230227,13149000000000.0,430856033200.0,13579856033200.0,6907900000000.0,188000000000.0,2022Q4,2022Q4,lagged,379450864545.0,20675756033200.0,20624350864545.0,38700.0,141467571,분할상장 시점,5474794997700.0,146152.0,73.52,145789.0,73.45,20.6758,20.6244
20230228,13061340000000.0,432195248215.0,13493535248215.0,6907900000000.0,188000000000.0,2022Q4,2022Q4,lagged,379450864545.0,20589435248215.0,20536690864545.0,38350.0,141467571,분할상장 시점,5425281347850.0,145542.0,73.65,145169.0,73.58,20.5894,20.5367
20230302,12871410000000.0,426040916110.0,13297450916110.0,6907900000000.0,188000000000.0,2022Q4,2022Q4,lagged,379450864545.0,20393350916110.0,20346760864545.0,38900.0,141467571,분할상장 시점,5503088511900.0,144156.0,73.02,143826.0,72.95,20.3934,20.3468
20230303,12754530000000.0,426578638740.0,13181108638740.0,6907900000000.0,188000000000.0,2022Q4,2022Q4,lagged,379450864545.0,20277008638740.0,20229880864545.0,40150.0,141467571,분할상장 시점,5679922975650.0,143333.0,71.99,143000.0,71.92,20.277,20.2299
20230306,13105170000000.0,433454347795.0,13538624347795.0,6907900000000.0,188000000000.0,2022Q4,2022Q4,lagged,379450864545.0,20634524347795.0,20580520864545.0,40850.0,141467571,분할상장 시점,5778950275350.0,145860.0,71.99,145479.0,71.92,20.6345,20.5805
20230307,12988290000000.0,425336197690.0,13413626197690.0,6907900000000.0,188000000000.0,2022Q4,2022Q4,lagged,379450864545.0,20509526197690.0,20463640864545.0,41700.0,141467571,분할상장 시점,5899197710700.0,144977.0,71.24,144653.0,71.17,20.5095,20.4636
20230308,12681480000000.0,420974727365.0,13102454727365.0,6907900000000.0,188000000000.0,2022Q4,2022Q4,lagged,379450864545.0,20198354727365.0,20156830864545.0,40750.0,141467571,분할상장 시점,5764803518250.0,142777.0,71.46,142484.0,71.4,20.1984,20.1568
20230309,12506160000000.0,414695736060.0,12920855736060.0,6907900000000.0,188000000000.0,2022Q4,2022Q4,lagged,379450864545.0,20016755736060.0,19981510864545.0,39900.0,141467571,분할상장 시점,5644556082900.0,141494.0,71.8,141244.0,71.75,20.0168,19.9815
20230310,12170130000000.0,407803488220.0,12577933488220.0,6907900000000.0,188000000000.0,2022Q4,2022Q4,lagged,379450864545.0,19673833488220.0,19645480864545.0,38400.0,141467571,분할상장 시점,5432354726400.0,139070.0,72.39,138869.0,72.35,19.6738,19.6455
20230313,12316230000000.0,405617848945.0,12721847848945.0,6907900000000.0,188000000000.0,2022Q4,2022Q4,lagged,379450864545.0,19817747848945.0,19791580864545.0,38250.0,141467571,분할상장 시점,5411134590750.0,140087.0,72.7,139902.0,72.66,19.8177,19.7916
20230314,11848710000000.0,392474500370.0,12241184500370.0,6907900000000.0,188000000000.0,2022Q4,2022Q4,lagged,379450864545.0,19337084500370.0,19324060864545.0,35900.0,141467571,분할상장 시점,5078685798900.0,136689.0,73.74,136597.0,73.72,19.3371,19.3241
20230315,11556510000000.0,389042608240.0,11945552608240.0,6907900000000.0,188000000000.0,2022Q4,2022Q4,lagged,379450864545.0,19041452608240.0,19031860864545.0,35650.0,141467571,분할상장 시점,5043318906150.0,134599.0,73.51,134532.0,73.5,19.0415,19.0319
20230316,11541900000000.0,385074893645.0,11926974893645.0,6907900000000.0,188000000000.0,2022Q4,2022Q4,lagged,379450864545.0,19022874893645.0,19017250864545.0,36000.0,141467571,분할상장 시점,5092832556000.0,134468.0,73.23,134428.0,73.22,19.0229,19.0173
20230317,12272400000000.0,398002056285.0,12670402056285.0,6907900000000.0,188000000000.0,2022Q4,2022Q4,lagged,379450864545.0,19766302056285.0,19747750864545.0,36800.0,141467571,분할상장 시점,5206006612800.0,139723.0,73.66,139592.0,73.64,19.7663,19.7478
20230320,12228570000000.0,397288616540.0,12625858616540.0,6907900000000.0,188000000000.0,2022Q4,2022Q4,lagged,379450864545.0,19721758616540.0,19703920864545.0,36850.0,141467571,분할상장 시점,5213079991350.0,139408.0,73.57,139282.0,73.54,19.7218,19.7039
20230321,12213960000000.0,403644301965.0,12617604301965.0,6907900000000.0,188000000000.0,2022Q4,2022Q4,lagged,379450864545.0,19713504301965.0,19689310864545.0,37000.0,141467571,분할상장 시점,5234300127000.0,139350.0,73.45,139179.0,73.42,19.7135,19.6893
20230322,12696090000000.0,414480463510.0,13110570463510.0,6907900000000.0,188000000000.0,2022Q4,2022Q4,lagged,379450864545.0,20206470463510.0,20171440864545.0,37250.0,141467571,분할상장 시점,5269667019750.0,142835.0,73.92,142587.0,73.88,20.2065,20.1714
20230323,12929850000000.0,408582536570.0,13338432536570.0,6907900000000.0,188000000000.0,2022Q4,2022Q4,lagged,379450864545.0,20434332536570.0,20405200864545.0,37650.0,141467571,분할상장 시점,5326254048150.0,144445.0,73.93,144239.0,73.9,20.4343,20.4052
20230324,12754530000000.0,408955919170.0,13163485919170.0,6907900000000.0,188000000000.0,2022Q4,2022Q4,lagged,379450864545.0,20259385919170.0,20229880864545.0,37500.0,141467571,분할상장 시점,5305033912500.0,143209.0,73.81,143000.0,73.78,20.2594,20.2299
20230327,12491550000000.0,407944690245.0,12899494690245.0,6907900000000.0,188000000000.0,2022Q4,2022Q4,lagged,379450864545.0,19995394690245.0,19966900864545.0,36900.0,141467571,분할상장 시점,5220153369900.0,141343.0,73.89,141141.0,73.86,19.9954,19.9669
20230328,12915240000000.0,415810206635.0,13331050206635.0,6907900000000.0,188000000000.0,2022Q4,2022Q4,lagged,379450864545.0,20426950206635.0,20390590864545.0,37350.0,141467571,분할상장 시점,5283813776850.0,144393.0,74.13,144136.0,74.09,20.427,20.3906
20230329,12696090000000.0,414058672310.0,13110148672310.0,6907900000000.0,188000000000.0,2022Q4,2022Q4,lagged,379450864545.0,20206048672310.0,20171440864545.0,38050.0,141467571,분할상장 시점,5382841076550.0,142832.0,73.36,142587.0,73.31,20.206,20.1714
20230330,12973680000000.0,421438057250.0,13395118057250.0,6907900000000.0,188000000000.0,2022Q4,2022Q4,lagged,379450864545.0,20491018057250.0,20449030864545.0,39300.0,141467571,분할상장 시점,5559675540300.0,144846.0,72.87,144549.0,72.81,20.491,20.449
20230331,12944460000000.0,425094181000.0,13369554181000.0,6907900000000.0,188000000000.0,2022Q4,2022Q4,lagged,379450864545.0,20465454181000.0,20419810864545.0,39750.0,141467571,분할상장 시점,5623335947250.0,144665.0,72.52,144343.0,72.46,20.4655,20.4198
20230403,12739920000000.0,422017013765.0,13161937013765.0,7257900000000.0,49200000000.0,2023Q1,2023Q1,lagged,425094181000.0,20469037013765.0,20472114181000.0,39000.0,141467571,분할상장 시점,5517235269000.0,144691.0,73.05,144712.0,73.05,20.469,20.4721
20230404,12345450000000.0,430413971530.0,12775863971530.0,7257900000000.0,49200000000.0,2023Q1,2023Q1,lagged,425094181000.0,20082963971530.0,20077644181000.0,38650.0,141467571,분할상장 시점,5467721619150.0,141962.0,72.77,141924.0,72.77,20.083,20.0776
20230405,12360060000000.0,430063899460.0,12790123899460.0,7257900000000.0,49200000000.0,2023Q1,2023Q1,lagged,425094181000.0,20097223899460.0,20092254181000.0,38550.0,141467571,분할상장 시점,5453574862050.0,142062.0,72.86,142027.0,72.86,20.0972,20.0923
20230406,12243180000000.0,421812424425.0,12664992424425.0,7257900000000.0,49200000000.0,2023Q1,2023Q1,lagged,425094181000.0,19972092424425.0,19975374181000.0,38450.0,141467571,분할상장 시점,5439428104950.0,141178.0,72.76,141201.0,72.77,19.9721,19.9754
20230407,13017510000000.0,424278207070.0,13441788207070.0,7257900000000.0,49200000000.0,2023Q1,2023Q1,lagged,425094181000.0,20748888207070.0,20749704181000.0,39200.0,141467571,분할상장 시점,5545528783200.0,146669.0,73.27,146675.0,73.27,20.7489,20.7497
20230410,13251270000000.0,418846830680.0,13670116830680.0,7257900000000.0,49200000000.0,2023Q1,2023Q1,lagged,425094181000.0,20977216830680.0,20983464181000.0,38900.0,141467571,분할상장 시점,5503088511900.0,148283.0,73.77,148327.0,73.77,20.9772,20.9835
20230411,13411980000000.0,417333249500.0,13829313249500.0,7257900000000.0,49200000000.0,2023Q1,2023Q1,lagged,425094181000.0,21136413249500.0,21144174181000.0,39250.0,141467571,분할상장 시점,5552602161750.0,149408.0,73.73,149463.0,73.74,21.1364,21.1442
20230412,13192830000000.0,422300881590.0,13615130881590.0,7257900000000.0,49200000000.0,2023Q1,2023Q1,lagged,425094181000.0,20922230881590.0,20925024181000.0,40900.0,141467571,분할상장 시점,5786023653900.0,147894.0,72.35,147914.0,72.35,20.9222,20.925
20230413,12959070000000.0,420665924930.0,13379735924930.0,7257900000000.0,49200000000.0,2023Q1,2023Q1,lagged,425094181000.0,20686835924930.0,20691264181000.0,40100.0,141467571,분할상장 시점,5672849597100.0,146230.0,72.58,146262.0,72.58,20.6868,20.6913
20230414,13046730000000.0,428615269495.0,13475345269495.0,7257900000000.0,49200000000.0,2023Q1,2023Q1,lagged,425094181000.0,20782445269495.0,20778924181000.0,40550.0,141467571,분할상장 시점,5736510004050.0,146906.0,72.4,146881.0,72.39,20.7824,20.7789
20230417,12929850000000.0,421636756580.0,13351486756580.0,7257900000000.0,49200000000.0,2023Q1,2023Q1,lagged,425094181000.0,20658586756580.0,20662044181000.0,40550.0,141467571,분할상장 시점,5736510004050.0,146031.0,72.23,146055.0,72.24,20.6586,20.662
20230418,12798360000000.0,418324342790.0,13216684342790.0,7257900000000.0,49200000000.0,2023Q1,2023Q1,lagged,425094181000.0,20523784342790.0,20530554181000.0,40600.0,141467571,분할상장 시점,5743583382600.0,145078.0,72.01,145126.0,72.02,20.5238,20.5306
20230419,12886020000000.0,424555234575.0,13310575234575.0,7257900000000.0,49200000000.0,2023Q1,2023Q1,lagged,425094181000.0,20617675234575.0,20618214181000.0,40750.0,141467571,분할상장 시점,5764803518250.0,145741.0,72.04,145745.0,72.04,20.6177,20.6182
20230420,12812970000000.0,417756945355.0,13230726945355.0,7257900000000.0,49200000000.0,2023Q1,2023Q1,lagged,425094181000.0,20537826945355.0,20545164181000.0,40650.0,141467571,분할상장 시점,5750656761150.0,145177.0,72.0,145229.0,72.01,20.5378,20.5452
20230421,13017510000000.0,413957947905.0,13431467947905.0,7257900000000.0,49200000000.0,2023Q1,2023Q1,lagged,425094181000.0,20738567947905.0,20749704181000.0,41600.0,141467571,분할상장 시점,5885050953600.0,146596.0,71.62,146675.0,71.64,20.7386,20.7497
20230424,12739920000000.0,406119304405.0,13146039304405.0,7257900000000.0,49200000000.0,2023Q1,2023Q1,lagged,425094181000.0,20453139304405.0,20472114181000.0,40400.0,141467571,분할상장 시점,5715289868400.0,144578.0,72.06,144712.0,72.08,20.4531,20.4721
20230425,12491550000000.0,401892359580.0,12893442359580.0,7257900000000.0,49200000000.0,2023Q1,2023Q1,lagged,425094181000.0,20200542359580.0,20223744181000.0,39550.0,141467571,분할상장 시점,5595042433050.0,142793.0,72.3,142957.0,72.33,20.2005,20.2237
20230426,12769140000000.0,402582675145.0,13171722675145.0,7257900000000.0,49200000000.0,2023Q1,2023Q1,lagged,425094181000.0,20478822675145.0,20501334181000.0,40400.0,141467571,분할상장 시점,5715289868400.0,144760.0,72.09,144919.0,72.12,20.4788,20.5013
20230427,12973680000000.0,403221453210.0,13376901453210.0,7257900000000.0,49200000000.0,2023Q1,2023Q1,lagged,425094181000.0,20684001453210.0,20705874181000.0,40700.0,141467571,분할상장 시점,5757730139700.0,146210.0,72.16,146365.0,72.19,20.684,20.7059
20230428,13075950000000.0,403002885110.0,13478952885110.0,7257900000000.0,49200000000.0,2023Q1,2023Q1,lagged,425094181000.0,20786052885110.0,20808144181000.0,42450.0,141467571,분할상장 시점,6005298388950.0,146932.0,71.11,147088.0,71.14,20.7861,20.8081
20230502,13178220000000.0,405255611725.0,13583475611725.0,7257900000000.0,49200000000.0,2023Q1,2023Q1,lagged,425094181000.0,20890575611725.0,20910414181000.0,41350.0,141467571,분할상장 시점,5849684060850.0,147670.0,72.0,147811.0,72.03,20.8906,20.9104
20230503,13119780000000.0,408076208215.0,13527856208215.0,7257900000000.0,49200000000.0,2023Q1,2023Q1,lagged,425094181000.0,20834956208215.0,20851974181000.0,41750.0,141467571,분할상장 시점,5906271089250.0,147277.0,71.65,147398.0,71.68,20.835,20.852
20230504,12959070000000.0,416846676630.0,13375916676630.0,7257900000000.0,49200000000.0,2023Q1,2023Q1,lagged,425094181000.0,20683016676630.0,20691264181000.0,41800.0,141467571,분할상장 시점,5913344467800.0,146203.0,71.41,146262.0,71.42,20.683,20.6913
20230508,12959070000000.0,421483152925.0,13380553152925.0,7257900000000.0,49200000000.0,2023Q1,2023Q1,lagged,425094181000.0,20687653152925.0,20691264181000.0,42100.0,141467571,분할상장 시점,5955784739100.0,146236.0,71.21,146262.0,71.22,20.6877,20.6913
20230509,12754530000000.0,418921563630.0,13173451563630.0,7257900000000.0,49200000000.0,2023Q1,2023Q1,lagged,425094181000.0,20480551563630.0,20486724181000.0,42350.0,141467571,분할상장 시점,5991151631850.0,144772.0,70.75,144816.0,70.76,20.4806,20.4867
20230510,12696090000000.0,417566024665.0,13113656024665.0,7257900000000.0,49200000000.0,2023Q1,2023Q1,lagged,425094181000.0,20420756024665.0,20428284181000.0,42000.0,141467571,분할상장 시점,5941637982000.0,144349.0,70.9,144403.0,70.91,20.4208,20.4283
20230511,12608430000000.0,415343434785.0,13023773434785.0,7257900000000.0,49200000000.0,2023Q1,2023Q1,lagged,425094181000.0,20330873434785.0,20340624181000.0,41900.0,141467571,분할상장 시점,5927491224900.0,143714.0,70.84,143783.0,70.86,20.3309,20.3406
20230512,12739920000000.0,413876953510.0,13153796953510.0,7257900000000.0,49200000000.0,2023Q1,2023Q1,lagged,425094181000.0,20460896953510.0,20472114181000.0,42100.0,141467571,분할상장 시점,5955784739100.0,144633.0,70.89,144712.0,70.91,20.4609,20.4721
20230515,12623040000000.0,410625229725.0,13033665229725.0,7257900000000.0,49200000000.0,2023Q1,2023Q1,lagged,425094181000.0,20340765229725.0,20355234181000.0,42500.0,141467571,분할상장 시점,6012371767500.0,143784.0,70.44,143886.0,70.46,20.3408,20.3552
20230516,13207440000000.0,409068339355.0,13616508339355.0,7257900000000.0,49200000000.0,2023Q1,2023Q1,lagged,425094181000.0,20923608339355.0,20939634181000.0,42650.0,141467571,분할상장 시점,6033591903150.0,147904.0,71.16,148017.0,71.19,20.9236,20.9396
20230517,13426590000000.0,419214638250.0,13845804638250.0,7257900000000.0,49200000000.0,2023Q1,2023Q1,lagged,425094181000.0,21152904638250.0,21158784181000.0,42850.0,141467571,분할상장 시점,6061885417350.0,149525.0,71.34,149566.0,71.35,21.1529,21.1588
20230518,13674960000000.0,416001475125.0,14090961475125.0,7257900000000.0,49200000000.0,2023Q1,2023Q1,lagged,425094181000.0,21398061475125.0,21407154181000.0,43150.0,141467571,분할상장 시점,6104325688650.0,151258.0,71.47,151322.0,71.48,21.3981,21.4072
20230519,14215530000000.0,424789865270.0,14640319865270.0,7257900000000.0,49200000000.0,2023Q1,2023Q1,lagged,425094181000.0,21947419865270.0,21947724181000.0,44500.0,141467571,분할상장 시점,6295306909500.0,155141.0,71.32,155143.0,71.32,21.9474,21.9477
20230522,14347020000000.0,423032931780.0,14770052931780.0,7257900000000.0,49200000000.0,2023Q1,2023Q1,lagged,425094181000.0,22077152931780.0,22079214181000.0,45200.0,141467571,분할상장 시점,6394334209200.0,156058.0,71.04,156073.0,71.04,22.0772,22.0792
20230523,14303190000000.0,419093977510.0,14722283977510.0,7257900000000.0,49200000000.0,2023Q1,2023Q1,lagged,425094181000.0,22029383977510.0,22035384181000.0,44700.0,141467571,분할상장 시점,6323600423700.0,155720.0,71.29,155763.0,71.3,22.0294,22.0354
20230524,14273970000000.0,410944403710.0,14684914403710.0,7257900000000.0,49200000000.0,2023Q1,2023Q1,lagged,425094181000.0,21992014403710.0,22006164181000.0,44400.0,141467571,분할상장 시점,6281160152400.0,155456.0,71.44,155556.0,71.46,21.992,22.0062
20230525,15121350000000.0,407877306690.0,15529227306690.0,7257900000000.0,49200000000.0,2023Q1,2023Q1,lagged,425094181000.0,22836327306690.0,22853544181000.0,45600.0,141467571,분할상장 시점,6450921237600.0,161424.0,71.75,161546.0,71.77,22.8363,22.8535
20230526,15954120000000.0,402817236340.0,16356937236340.0,7257900000000.0,49200000000.0,2023Q1,2023Q1,lagged,425094181000.0,23664037236340.0,23686314181000.0,46350.0,141467571,분할상장 시점,6557021915850.0,167275.0,72.29,167433.0,72.32,23.664,23.6863
20230530,16114830000000.0,410313353495.0,16525143353495.0,7257900000000.0,49200000000.0,2023Q1,2023Q1,lagged,425094181000.0,23832243353495.0,23847024181000.0,46250.0,141467571,분할상장 시점,6542875158750.0,168464.0,72.55,168569.0,72.56,23.8322,23.847
20230531,15866460000000.0,408372428440.0,16274832428440.0,7257900000000.0,49200000000.0,2023Q1,2023Q1,lagged,425094181000.0,23581932428440.0,23598654181000.0,46150.0,141467571,분할상장 시점,6528728401650.0,166695.0,72.31,166813.0,72.33,23.5819,23.5987
20230601,16114830000000.0,409804244125.0,16524634244125.0,7257900000000.0,49200000000.0,2023Q1,2023Q1,lagged,425094181000.0,23831734244125.0,23847024181000.0,45600.0,141467571,분할상장 시점,6450921237600.0,168461.0,72.93,168569.0,72.95,23.8317,23.847
20230602,16114830000000.0,411408751565.0,16526238751565.0,7257900000000.0,49200000000.0,2023Q1,2023Q1,lagged,425094181000.0,23833338751565.0,23847024181000.0,45250.0,141467571,분할상장 시점,6401407587750.0,168472.0,73.14,168569.0,73.16,23.8333,23.847
20230605,15881070000000.0,414287631750.0,16295357631750.0,7257900000000.0,49200000000.0,2023Q1,2023Q1,lagged,425094181000.0,23602457631750.0,23613264181000.0,45150.0,141467571,분할상장 시점,6387260830650.0,166840.0,72.94,166916.0,72.95,23.6025,23.6133
20230607,15778800000000.0,417947923565.0,16196747923565.0,7257900000000.0,49200000000.0,2023Q1,2023Q1,lagged,425094181000.0,23503847923565.0,23510994181000.0,46100.0,141467571,분할상장 시점,6521655023100.0,166143.0,72.25,166194.0,72.26,23.5038,23.511
20230608,16027170000000.0,416599548340.0,16443769548340.0,7257900000000.0,49200000000.0,2023Q1,2023Q1,lagged,425094181000.0,23750869548340.0,23759364181000.0,45300.0,141467571,분할상장 시점,6408480966300.0,167889.0,73.02,167949.0,73.03,23.7509,23.7594
20230609,16859940000000.0,425203697370.0,17285143697370.0,7257900000000.0,49200000000.0,2023Q1,2023Q1,lagged,425094181000.0,24592243697370.0,24592134181000.0,46400.0,141467571,분할상장 시점,6564095294400.0,173837.0,73.31,173836.0,73.31,24.5922,24.5921
20230612,16772280000000.0,430999677635.0,17203279677635.0,7257900000000.0,49200000000.0,2023Q1,2023Q1,lagged,425094181000.0,24510379677635.0,24504474181000.0,45600.0,141467571,분할상장 시점,6450921237600.0,173258.0,73.68,173216.0,73.67,24.5104,24.5045
20230613,17458950000000.0,427823111310.0,17886773111310.0,7257900000000.0,49200000000.0,2023Q1,2023Q1,lagged,425094181000.0,25193873111310.0,25191144181000.0,48350.0,141467571,분할상장 시점,6839957057850.0,178089.0,72.85,178070.0,72.85,25.1939,25.1911
20230614,17356680000000.0,427600168055.0,17784280168055.0,7257900000000.0,49200000000.0,2023Q1,2023Q1,lagged,425094181000.0,25091380168055.0,25088874181000.0,47150.0,141467571,분할상장 시점,6670195972650.0,177365.0,73.42,177347.0,73.41,25.0914,25.0889
20230615,17385900000000.0,424414442530.0,17810314442530.0,7257900000000.0,49200000000.0,2023Q1,2023Q1,lagged,425094181000.0,25117414442530.0,25118094181000.0,47900.0,141467571,분할상장 시점,6776296650900.0,177549.0,73.02,177554.0,73.02,25.1174,25.1181
20230616,17371290000000.0,422625217005.0,17793915217005.0,7257900000000.0,49200000000.0,2023Q1,2023Q1,lagged,425094181000.0,25101015217005.0,25103484181000.0,47550.0,141467571,분할상장 시점,6726783001050.0,177433.0,73.2,177450.0,73.2,25.101,25.1035
20230619,16772280000000.0,420144375830.0,17192424375830.0,7257900000000.0,49200000000.0,2023Q1,2023Q1,lagged,425094181000.0,24499524375830.0,24504474181000.0,47000.0,141467571,분할상장 시점,6648975837000.0,173181.0,72.86,173216.0,72.87,24.4995,24.5045
20230620,16962210000000.0,423068222910.0,17385278222910.0,7257900000000.0,49200000000.0,2023Q1,2023Q1,lagged,425094181000.0,24692378222910.0,24694404181000.0,46500.0,141467571,분할상장 시점,6578242051500.0,174544.0,73.36,174559.0,73.36,24.6924,24.6944
20230621,16816110000000.0,418033495690.0,17234143495690.0,7257900000000.0,49200000000.0,2023Q1,2023Q1,lagged,425094181000.0,24541243495690.0,24548304181000.0,46200.0,141467571,분할상장 시점,6535801780200.0,173476.0,73.37,173526.0,73.38,24.5412,24.5483
20230622,16655400000000.0,417459718330.0,17072859718330.0,7257900000000.0,49200000000.0,2023Q1,2023Q1,lagged,425094181000.0,24379959718330.0,24387594181000.0,45950.0,141467571,분할상장 시점,6500434887450.0,172336.0,73.34,172390.0,73.35,24.38,24.3876
20230623,16596960000000.0,413057308455.0,17010017308455.0,7257900000000.0,49200000000.0,2023Q1,2023Q1,lagged,425094181000.0,24317117308455.0,24329154181000.0,45250.0,141467571,분할상장 시점,6401407587750.0,171892.0,73.68,171977.0,73.69,24.3171,24.3292
20230626,16582350000000.0,415972904630.0,16998322904630.0,7257900000000.0,49200000000.0,2023Q1,2023Q1,lagged,425094181000.0,24305422904630.0,24314544181000.0,44900.0,141467571,분할상장 시점,6351893937900.0,171809.0,73.87,171874.0,73.88,24.3054,24.3145
20230627,16509300000000.0,413405178980.0,16922705178980.0,7257900000000.0,49200000000.0,2023Q1,2023Q1,lagged,425094181000.0,24229805178980.0,24241494181000.0,44900.0,141467571,분할상장 시점,6351893937900.0,171275.0,73.78,171357.0,73.8,24.2298,24.2415
20230628,16699230000000.0,407824627000.0,17107054627000.0,7257900000000.0,49200000000.0,2023Q1,2023Q1,lagged,425094181000.0,24414154627000.0,24431424181000.0,44800.0,141467571,분할상장 시점,6337747180800.0,172578.0,74.04,172700.0,74.06,24.4142,24.4314
20230629,16976820000000.0,401932611465.0,17378752611465.0,7257900000000.0,49200000000.0,2023Q1,2023Q1,lagged,425094181000.0,24685852611465.0,24709014181000.0,44250.0,141467571,분할상장 시점,6259940016750.0,174498.0,74.64,174662.0,74.67,24.6859,24.709
20230630,16830720000000.0,403593626405.0,17234313626405.0,7257900000000.0,49200000000.0,2023Q1,2023Q1,lagged,425094181000.0,24541413626405.0,24562914181000.0,44250.0,141467571,분할상장 시점,6259940016750.0,173477.0,74.49,173629.0,74.51,24.5414,24.5629
20230703,17181360000000.0,405806000715.0,17587166000715.0,7251500000000.0,113100000000.0,2023Q2,2023Q2,lagged,403593626405.0,24951766000715.0,24949553626405.0,45950.0,141467571,분할상장 시점,6500434887450.0,176378.0,73.95,176362.0,73.95,24.9518,24.9496
20230704,17225190000000.0,390673596110.0,17615863596110.0,7251500000000.0,113100000000.0,2023Q2,2023Q2,lagged,403593626405.0,24980463596110.0,24993383626405.0,45650.0,141467571,분할상장 시점,6457994616150.0,176581.0,74.15,176672.0,74.16,24.9805,24.9934
20230705,17049870000000.0,383529566100.0,17433399566100.0,7251500000000.0,113100000000.0,2023Q2,2023Q2,lagged,403593626405.0,24797999566100.0,24818063626405.0,46200.0,141467571,분할상장 시점,6535801780200.0,175291.0,73.64,175433.0,73.67,24.798,24.8181
20230706,16626180000000.0,378970145370.0,17005150145370.0,7251500000000.0,113100000000.0,2023Q2,2023Q2,lagged,403593626405.0,24369750145370.0,24394373626405.0,45200.0,141467571,분할상장 시점,6394334209200.0,172264.0,73.76,172438.0,73.79,24.3698,24.3944
20230707,16333980000000.0,370050409400.0,16704030409400.0,7251500000000.0,113100000000.0,2023Q2,2023Q2,lagged,403593626405.0,24068630409400.0,24102173626405.0,44250.0,141467571,분할상장 시점,6259940016750.0,170135.0,73.99,170372.0,74.03,24.0686,24.1022
20230710,16114830000000.0,372612457850.0,16487442457850.0,7251500000000.0,113100000000.0,2023Q2,2023Q2,lagged,403593626405.0,23852042457850.0,23883023626405.0,44100.0,141467571,분할상장 시점,6238719881100.0,168604.0,73.84,168823.0,73.88,23.852,23.883
20230711,16567740000000.0,387438028075.0,16955178028075.0,7251500000000.0,113100000000.0,2023Q2,2023Q2,lagged,403593626405.0,24319778028075.0,24335933626405.0,45600.0,141467571,분할상장 시점,6450921237600.0,171911.0,73.47,172025.0,73.49,24.3198,24.3359
20230712,16859940000000.0,390063922205.0,17250003922205.0,7251500000000.0,113100000000.0,2023Q2,2023Q2,lagged,403593626405.0,24614603922205.0,24628133626405.0,45850.0,141467571,분할상장 시점,6486288130350.0,173995.0,73.65,174090.0,73.66,24.6146,24.6281
20230713,16670010000000.0,400192145815.0,17070202145815.0,7251500000000.0,113100000000.0,2023Q2,2023Q2,lagged,403593626405.0,24434802145815.0,24438203626405.0,46250.0,141467571,분할상장 시점,6542875158750.0,172724.0,73.22,172748.0,73.23,24.4348,24.4382
20230714,17239800000000.0,418592081940.0,17658392081940.0,7251500000000.0,113100000000.0,2023Q2,2023Q2,lagged,403593626405.0,25022992081940.0,25007993626405.0,47050.0,141467571,분할상장 시점,6656049215550.0,176881.0,73.4,176775.0,73.38,25.023,25.008
20230717,17122920000000.0,421343566915.0,17544263566915.0,7251500000000.0,113100000000.0,2023Q2,2023Q2,lagged,403593626405.0,24908863566915.0,24891113626405.0,46450.0,141467571,분할상장 시점,6571168672950.0,176075.0,73.62,175949.0,73.6,24.9089,24.8911
20230718,17210580000000.0,412160354560.0,17622740354560.0,7251500000000.0,113100000000.0,2023Q2,2023Q2,lagged,403593626405.0,24987340354560.0,24978773626405.0,46250.0,141467571,분할상장 시점,6542875158750.0,176629.0,73.82,176569.0,73.81,24.9873,24.9788
20230719,17166750000000.0,415763542465.0,17582513542465.0,7251500000000.0,113100000000.0,2023Q2,2023Q2,lagged,403593626405.0,24947113542465.0,24934943626405.0,46450.0,141467571,분할상장 시점,6571168672950.0,176345.0,73.66,176259.0,73.65,24.9471,24.9349
20230720,17079090000000.0,405240506710.0,17484330506710.0,7251500000000.0,113100000000.0,2023Q2,2023Q2,lagged,403593626405.0,24848930506710.0,24847283626405.0,46700.0,141467571,분할상장 시점,6606535565700.0,175651.0,73.41,175639.0,73.41,24.8489,24.8473
20230721,16816110000000.0,398553237380.0,17214663237380.0,7251500000000.0,113100000000.0,2023Q2,2023Q2,lagged,403593626405.0,24579263237380.0,24584303626405.0,46500.0,141467571,분할상장 시점,6578242051500.0,173745.0,73.24,173780.0,73.24,24.5793,24.5843
20230724,16655400000000.0,387686254045.0,17043086254045.0,7251500000000.0,113100000000.0,2023Q2,2023Q2,lagged,403593626405.0,24407686254045.0,24423593626405.0,43950.0,141467571,분할상장 시점,6217499745450.0,172532.0,74.53,172644.0,74.54,24.4077,24.4236
20230725,16567740000000.0,374279329665.0,16942019329665.0,7251500000000.0,113100000000.0,2023Q2,2023Q2,lagged,403593626405.0,24306619329665.0,24335933626405.0,43550.0,141467571,분할상장 시점,6160912717050.0,171818.0,74.65,172025.0,74.68,24.3066,24.3359
20230726,16509300000000.0,360727366215.0,16870027366215.0,7251500000000.0,113100000000.0,2023Q2,2023Q2,lagged,403593626405.0,24234627366215.0,24277493626405.0,42800.0,141467571,분할상장 시점,6054812038800.0,171309.0,75.02,171612.0,75.06,24.2346,24.2775
20230727,18116400000000.0,366647310000.0,18483047310000.0,7251500000000.0,113100000000.0,2023Q2,2023Q2,lagged,403593626405.0,25847647310000.0,25884593626405.0,45700.0,141467571,분할상장 시점,6465067994700.0,182711.0,74.99,182972.0,75.02,25.8476,25.8846
20230728,18700800000000.0,371116800565.0,19071916800565.0,7251500000000.0,113100000000.0,2023Q2,2023Q2,lagged,403593626405.0,26436516800565.0,26468993626405.0,45400.0,141467571,분할상장 시점,6422627723400.0,186873.0,75.71,187103.0,75.74,26.4365,26.469
20230731,18028740000000.0,375242084540.0,18403982084540.0,7251500000000.0,113100000000.0,2023Q2,2023Q2,lagged,403593626405.0,25768582084540.0,25796933626405.0,44400.0,141467571,분할상장 시점,6281160152400.0,182152.0,75.62,182352.0,75.65,25.7686,25.7969
20230801,18277110000000.0,387192739940.0,18664302739940.0,7251500000000.0,113100000000.0,2023Q2,2023Q2,lagged,403593626405.0,26028902739940.0,26045303626405.0,45400.0,141467571,분할상장 시점,6422627723400.0,183992.0,75.33,184108.0,75.34,26.0289,26.0453
20230802,17458950000000.0,377710078885.0,17836660078885.0,7251500000000.0,113100000000.0,2023Q2,2023Q2,lagged,403593626405.0,25201260078885.0,25227143626405.0,44900.0,141467571,분할상장 시점,6351893937900.0,178142.0,74.8,178325.0,74.82,25.2013,25.2271
20230803,17532000000000.0,376902168440.0,17908902168440.0,7251500000000.0,113100000000.0,2023Q2,2023Q2,lagged,403593626405.0,25273502168440.0,25300193626405.0,44950.0,141467571,분할상장 시점,6358967316450.0,178652.0,74.84,178841.0,74.87,25.2735,25.3002
20230804,17546610000000.0,375226746115.0,17921836746115.0,7251500000000.0,113100000000.0,2023Q2,2023Q2,lagged,403593626405.0,25286436746115.0,25314803626405.0,45650.0,141467571,분할상장 시점,6457994616150.0,178744.0,74.46,178944.0,74.49,25.2864,25.3148
20230807,17809590000000.0,376417632565.0,18186007632565.0,7251500000000.0,113100000000.0,2023Q2,2023Q2,lagged,403593626405.0,25550607632565.0,25577783626405.0,46000.0,141467571,분할상장 시점,6507508266000.0,180611.0,74.53,180803.0,74.56,25.5506,25.5778
20230808,17327460000000.0,368371529835.0,17695831529835.0,7251500000000.0,113100000000.0,2023Q2,2023Q2,lagged,403593626405.0,25060431529835.0,25095653626405.0,44750.0,141467571,분할상장 시점,6330673802250.0,177146.0,74.74,177395.0,74.77,25.0604,25.0957
20230809,17312850000000.0,378018185870.0,17690868185870.0,7251500000000.0,113100000000.0,2023Q2,2023Q2,lagged,403593626405.0,25055468185870.0,25081043626405.0,45450.0,141467571,분할상장 시점,6429701101950.0,177111.0,74.34,177292.0,74.36,25.0555,25.081
20230810,17312850000000.0,366727941690.0,17679577941690.0,7251500000000.0,113100000000.0,2023Q2,2023Q2,lagged,403593626405.0,25044177941690.0,25081043626405.0,46050.0,141467571,분할상장 시점,6514581644550.0,177031.0,73.99,177292.0,74.03,25.0442,25.081
20230811,16845330000000.0,367951506775.0,17213281506775.0,7251500000000.0,113100000000.0,2023Q2,2023Q2,lagged,403593626405.0,24577881506775.0,24613523626405.0,46000.0,141467571,분할상장 시점,6507508266000.0,173735.0,73.52,173987.0,73.56,24.5779,24.6135
20230814,16786890000000.0,367547370450.0,17154437370450.0,7251500000000.0,113100000000.0,2023Q2,2023Q2,lagged,403593626405.0,24519037370450.0,24555083626405.0,45500.0,141467571,분할상장 시점,6436774480500.0,173319.0,73.75,173574.0,73.79,24.519,24.5551
20230816,16918380000000.0,357662899490.0,17276042899490.0,7251500000000.0,113100000000.0,2023Q2,2023Q2,lagged,403593626405.0,24640642899490.0,24686573626405.0,45150.0,141467571,분할상장 시점,6387260830650.0,174179.0,74.08,174503.0,74.13,24.6406,24.6866
20230817,16772280000000.0,358731029315.0,17131011029315.0,7251500000000.0,113100000000.0,2023Q2,2023Q2,lagged,403593626405.0,24495611029315.0,24540473626405.0,43950.0,141467571,분할상장 시점,6217499745450.0,173154.0,74.62,173471.0,74.66,24.4956,24.5405
20230818,17122920000000.0,353725022520.0,17476645022520.0,7251500000000.0,113100000000.0,2023Q2,2023Q2,lagged,403593626405.0,24841245022520.0,24891113626405.0,43950.0,141467571,분할상장 시점,6217499745450.0,175597.0,74.97,175949.0,75.02,24.8412,24.8911
20230821,17006040000000.0,358275778675.0,17364315778675.0,7251500000000.0,113100000000.0,2023Q2,2023Q2,lagged,403593626405.0,24728915778675.0,24774233626405.0,44150.0,141467571,분할상장 시점,6245793259650.0,174803.0,74.74,175123.0,74.79,24.7289,24.7742
20230822,17020650000000.0,355042415955.0,17375692415955.0,7251500000000.0,113100000000.0,2023Q2,2023Q2,lagged,403593626405.0,24740292415955.0,24788843626405.0,44250.0,141467571,분할상장 시점,6259940016750.0,174883.0,74.7,175226.0,74.75,24.7403,24.7888
20230823,16947600000000.0,351773786455.0,17299373786455.0,7251500000000.0,113100000000.0,2023Q2,2023Q2,lagged,403593626405.0,24663973786455.0,24715793626405.0,43350.0,141467571,분할상장 시점,6132619202850.0,174344.0,75.14,174710.0,75.19,24.664,24.7158
20230824,17663490000000.0,350294480185.0,18013784480185.0,7251500000000.0,113100000000.0,2023Q2,2023Q2,lagged,403593626405.0,25378384480185.0,25431683626405.0,44600.0,141467571,분할상장 시점,6309453666600.0,179394.0,75.14,179770.0,75.19,25.3784,25.4317
20230825,17020650000000.0,347991473495.0,17368641473495.0,7251500000000.0,113100000000.0,2023Q2,2023Q2,lagged,403593626405.0,24733241473495.0,24788843626405.0,43450.0,141467571,분할상장 시점,6146765959950.0,174833.0,75.15,175226.0,75.2,24.7332,24.7888
20230828,16932990000000.0,350594449775.0,17283584449775.0,7251500000000.0,113100000000.0,2023Q2,2023Q2,lagged,403593626405.0,24648184449775.0,24701183626405.0,44000.0,141467571,분할상장 시점,6224573124000.0,174232.0,74.75,174607.0,74.8,24.6482,24.7012
20230829,17327460000000.0,352826755715.0,17680286755715.0,7251500000000.0,113100000000.0,2023Q2,2023Q2,lagged,403593626405.0,25044886755715.0,25095653626405.0,44000.0,141467571,분할상장 시점,6224573124000.0,177036.0,75.15,177395.0,75.2,25.0449,25.0957
20230830,17444340000000.0,357613472670.0,17801953472670.0,7251500000000.0,113100000000.0,2023Q2,2023Q2,lagged,403593626405.0,25166553472670.0,25212533626405.0,45650.0,141467571,분할상장 시점,6457994616150.0,177896.0,74.34,178221.0,74.39,25.1666,25.2125
20230831,17794980000000.0,353229793155.0,18148209793155.0,7251500000000.0,113100000000.0,2023Q2,2023Q2,lagged,403593626405.0,25512809793155.0,25563173626405.0,45100.0,141467571,분할상장 시점,6380187452100.0,180344.0,74.99,180700.0,75.04,25.5128,25.5632
20230901,17532000000000.0,355190919970.0,17887190919970.0,7251500000000.0,113100000000.0,2023Q2,2023Q2,lagged,403593626405.0,25251790919970.0,25300193626405.0,44550.0,141467571,분할상장 시점,6302380288050.0,178499.0,75.04,178841.0,75.09,25.2518,25.3002
20230904,17415120000000.0,353963894925.0,17769083894925.0,7251500000000.0,113100000000.0,2023Q2,2023Q2,lagged,403593626405.0,25133683894925.0,25183313626405.0,44200.0,141467571,분할상장 시점,6252866638200.0,177664.0,75.12,178015.0,75.17,25.1337,25.1833
20230905,17444340000000.0,353351012215.0,17797691012215.0,7251500000000.0,113100000000.0,2023Q2,2023Q2,lagged,403593626405.0,25162291012215.0,25212533626405.0,43950.0,141467571,분할상장 시점,6217499745450.0,177866.0,75.29,178221.0,75.34,25.1623,25.2125
20230906,17269020000000.0,349629530185.0,17618649530185.0,7251500000000.0,113100000000.0,2023Q2,2023Q2,lagged,403593626405.0,24983249530185.0,25037213626405.0,43700.0,141467571,분할상장 시점,6182132852700.0,176601.0,75.25,176982.0,75.31,24.9832,25.0372
20230907,17312850000000.0,342538049215.0,17655388049215.0,7251500000000.0,113100000000.0,2023Q2,2023Q2,lagged,403593626405.0,25019988049215.0,25081043626405.0,43150.0,141467571,분할상장 시점,6104325688650.0,176860.0,75.6,177292.0,75.66,25.02,25.081
20230908,16611570000000.0,311073226145.0,16922643226145.0,7251500000000.0,113100000000.0,2023Q2,2023Q2,lagged,403593626405.0,24287243226145.0,24379763626405.0,41750.0,141467571,분할상장 시점,5906271089250.0,171681.0,75.68,172335.0,75.77,24.2872,24.3798
20230911,16932990000000.0,311962221705.0,17244952221705.0,7251500000000.0,113100000000.0,2023Q2,2023Q2,lagged,403593626405.0,24609552221705.0,24701183626405.0,40150.0,141467571,분할상장 시점,5679922975650.0,173959.0,76.92,174607.0,77.01,24.6096,24.7012
20230912,17049870000000.0,310520439400.0,17360390439400.0,7251500000000.0,113100000000.0,2023Q2,2023Q2,lagged,403593626405.0,24724990439400.0,24818063626405.0,40400.0,141467571,분할상장 시점,5715289868400.0,174775.0,76.88,175433.0,76.97,24.725,24.8181
20230913,17312850000000.0,307973866220.0,17620823866220.0,7251500000000.0,113100000000.0,2023Q2,2023Q2,lagged,403593626405.0,24985423866220.0,25081043626405.0,41200.0,141467571,분할상장 시점,5828463925200.0,176616.0,76.67,177292.0,76.76,24.9854,25.081
20230914,17853420000000.0,314130165810.0,18167550165810.0,7251500000000.0,113100000000.0,2023Q2,2023Q2,lagged,403593626405.0,25532150165810.0,25621613626405.0,41400.0,141467571,분할상장 시점,5856757439400.0,180481.0,77.06,181113.0,77.14,25.5322,25.6216
20230915,17882640000000.0,337666870780.0,18220306870780.0,7251500000000.0,113100000000.0,2023Q2,2023Q2,lagged,403593626405.0,25584906870780.0,25650833626405.0,42250.0,141467571,분할상장 시점,5977004874750.0,180854.0,76.64,181320.0,76.7,25.5849,25.6508
20230918,17385900000000.0,328627496675.0,17714527496675.0,7251500000000.0,113100000000.0,2023Q2,2023Q2,lagged,403593626405.0,25079127496675.0,25154093626405.0,41750.0,141467571,분할상장 시점,5906271089250.0,177278.0,76.45,177808.0,76.52,25.0791,25.1541
20230919,17415120000000.0,327838816350.0,17742958816350.0,7251500000000.0,113100000000.0,2023Q2,2023Q2,lagged,403593626405.0,25107558816350.0,25183313626405.0,42800.0,141467571,분할상장 시점,6054812038800.0,177479.0,75.88,178015.0,75.96,25.1076,25.1833
20230920,17239800000000.0,318215193830.0,17558015193830.0,7251500000000.0,113100000000.0,2023Q2,2023Q2,lagged,403593626405.0,24922615193830.0,25007993626405.0,43200.0,141467571,분할상장 시점,6111399067200.0,176172.0,75.48,176775.0,75.56,24.9226,25.008
20230921,17020650000000.0,307863134465.0,17328513134465.0,7251500000000.0,113100000000.0,2023Q2,2023Q2,lagged,403593626405.0,24693113134465.0,24788843626405.0,42100.0,141467571,분할상장 시점,5955784739100.0,174550.0,75.88,175226.0,75.97,24.6931,24.7888
20230922,17137530000000.0,307870428870.0,17445400428870.0,7251500000000.0,113100000000.0,2023Q2,2023Q2,lagged,403593626405.0,24810000428870.0,24905723626405.0,42850.0,141467571,분할상장 시점,6061885417350.0,175376.0,75.57,176053.0,75.66,24.81,24.9057
20230925,17093700000000.0,307550279810.0,17401250279810.0,7251500000000.0,113100000000.0,2023Q2,2023Q2,lagged,403593626405.0,24765850279810.0,24861893626405.0,43350.0,141467571,분할상장 시점,6132619202850.0,175064.0,75.24,175743.0,75.33,24.7659,24.8619
20230926,16801500000000.0,303277683735.0,17104777683735.0,7251500000000.0,113100000000.0,2023Q2,2023Q2,lagged,403593626405.0,24469377683735.0,24569693626405.0,42650.0,141467571,분할상장 시점,6033591903150.0,172968.0,75.34,173677.0,75.44,24.4694,24.5697
20230927,16757670000000.0,304648182165.0,17062318182165.0,7251500000000.0,113100000000.0,2023Q2,2023Q2,lagged,403593626405.0,24426918182165.0,24525863626405.0,42450.0,141467571,분할상장 시점,6005298388950.0,172668.0,75.42,173367.0,75.51,24.4269,24.5259
20231004,16859940000000.0,294213755560.0,17154153755560.0,6951200000000.0,428600000000.0,2023Q3,2023Q3,lagged,304648182165.0,24533953755560.0,24544388182165.0,41400.0,138981036,"2023-10-04 소각 2,486,535주",5753814890400.0,176527.0,76.55,176602.0,76.56,24.534,24.5444
20231005,17561220000000.0,293282924780.0,17854502924780.0,6951200000000.0,428600000000.0,2023Q3,2023Q3,lagged,304648182165.0,25234302924780.0,25245668182165.0,42750.0,138981036,"2023-10-04 소각 2,486,535주",5941439289000.0,181567.0,76.45,181648.0,76.47,25.2343,25.2457
20231006,17590440000000.0,298500127340.0,17888940127340.0,6951200000000.0,428600000000.0,2023Q3,2023Q3,lagged,304648182165.0,25268740127340.0,25274888182165.0,42700.0,138981036,"2023-10-04 소각 2,486,535주",5934490237200.0,181814.0,76.51,181859.0,76.52,25.2687,25.2749
20231010,17458950000000.0,297758585110.0,17756708585110.0,6951200000000.0,428600000000.0,2023Q3,2023Q3,lagged,304648182165.0,25136508585110.0,25143398182165.0,43400.0,138981036,"2023-10-04 소각 2,486,535주",6031776962400.0,180863.0,76.0,180912.0,76.01,25.1365,25.1434
20231011,17415120000000.0,303017790635.0,17718137790635.0,6951200000000.0,428600000000.0,2023Q3,2023Q3,lagged,304648182165.0,25097937790635.0,25099568182165.0,43500.0,138981036,"2023-10-04 소각 2,486,535주",6045675066000.0,180585.0,75.91,180597.0,75.91,25.0979,25.0996
20231012,18145620000000.0,307534774605.0,18453154774605.0,6951200000000.0,428600000000.0,2023Q3,2023Q3,lagged,304648182165.0,25832954774605.0,25830068182165.0,44600.0,138981036,"2023-10-04 소각 2,486,535주",6198554205600.0,185874.0,76.01,185853.0,76.0,25.833,25.8301
20231013,18218670000000.0,307124985385.0,18525794985385.0,6951200000000.0,428600000000.0,2023Q3,2023Q3,lagged,304648182165.0,25905594985385.0,25903118182165.0,44650.0,138981036,"2023-10-04 소각 2,486,535주",6205503257400.0,186397.0,76.05,186379.0,76.04,25.9056,25.9031
20231016,18131010000000.0,304289496750.0,18435299496750.0,6951200000000.0,428600000000.0,2023Q3,2023Q3,lagged,304648182165.0,25815099496750.0,25815458182165.0,44400.0,138981036,"2023-10-04 소각 2,486,535주",6170757998400.0,185745.0,76.1,185748.0,76.1,25.8151,25.8155
20231017,18993000000000.0,305764641445.0,19298764641445.0,6951200000000.0,428600000000.0,2023Q3,2023Q3,lagged,304648182165.0,26678564641445.0,26677448182165.0,44800.0,138981036,"2023-10-04 소각 2,486,535주",6226350412800.0,191958.0,76.66,191950.0,76.66,26.6786,26.6774
20231018,18993000000000.0,303467058225.0,19296467058225.0,6951200000000.0,428600000000.0,2023Q3,2023Q3,lagged,304648182165.0,26676267058225.0,26677448182165.0,44500.0,138981036,"2023-10-04 소각 2,486,535주",6184656102000.0,191942.0,76.82,191950.0,76.82,26.6763,26.6774
20231019,18364770000000.0,297301868510.0,18662071868510.0,6951200000000.0,428600000000.0,2023Q3,2023Q3,lagged,304648182165.0,26041871868510.0,26049218182165.0,43950.0,138981036,"2023-10-04 소각 2,486,535주",6108216532200.0,187377.0,76.54,187430.0,76.55,26.0419,26.0492
20231020,18437820000000.0,300352507100.0,18738172507100.0,6951200000000.0,428600000000.0,2023Q3,2023Q3,lagged,304648182165.0,26117972507100.0,26122268182165.0,42700.0,138981036,"2023-10-04 소각 2,486,535주",5934490237200.0,187925.0,77.28,187956.0,77.28,26.118,26.1223
20231023,18116400000000.0,294510115815.0,18410910115815.0,6951200000000.0,428600000000.0,2023Q3,2023Q3,lagged,304648182165.0,25790710115815.0,25800848182165.0,42350.0,138981036,"2023-10-04 소각 2,486,535주",5885846874600.0,185570.0,77.18,185643.0,77.19,25.7907,25.8008
20231024,18525480000000.0,308426685700.0,18833906685700.0,6951200000000.0,428600000000.0,2023Q3,2023Q3,lagged,304648182165.0,26213706685700.0,26209928182165.0,42650.0,138981036,"2023-10-04 소각 2,486,535주",5927541185400.0,188614.0,77.39,188586.0,77.38,26.2137,26.2099
20231025,18627750000000.0,309207925360.0,18936957925360.0,6951200000000.0,428600000000.0,2023Q3,2023Q3,lagged,304648182165.0,26316757925360.0,26312198182165.0,43750.0,138981036,"2023-10-04 소각 2,486,535주",6080420325000.0,189355.0,76.9,189322.0,76.89,26.3168,26.3122
20231026,17532000000000.0,303379873335.0,17835379873335.0,6951200000000.0,428600000000.0,2023Q3,2023Q3,lagged,304648182165.0,25215179873335.0,25216448182165.0,42950.0,138981036,"2023-10-04 소각 2,486,535주",5969235496200.0,181429.0,76.33,181438.0,76.33,25.2152,25.2164
20231027,17400510000000.0,304333705435.0,17704843705435.0,6951200000000.0,428600000000.0,2023Q3,2023Q3,lagged,304648182165.0,25084643705435.0,25084958182165.0,42200.0,138981036,"2023-10-04 소각 2,486,535주",5864999719200.0,180490.0,76.62,180492.0,76.62,25.0846,25.085
20231030,17400510000000.0,301576356300.0,17702086356300.0,6951200000000.0,428600000000.0,2023Q3,2023Q3,lagged,304648182165.0,25081886356300.0,25084958182165.0,43200.0,138981036,"2023-10-04 소각 2,486,535주",6003980755200.0,180470.0,76.06,180492.0,76.07,25.0819,25.085
20231031,16991430000000.0,301341705600.0,17292771705600.0,6951200000000.0,428600000000.0,2023Q3,2023Q3,lagged,304648182165.0,24672571705600.0,24675878182165.0,42550.0,138981036,"2023-10-04 소각 2,486,535주",5913643081800.0,177525.0,76.03,177549.0,76.03,24.6726,24.6759
20231101,17575830000000.0,304700042230.0,17880530042230.0,6951200000000.0,428600000000.0,2023Q3,2023Q3,lagged,304648182165.0,25260330042230.0,25260278182165.0,42900.0,138981036,"2023-10-04 소각 2,486,535주",5962286444400.0,181754.0,76.4,181753.0,76.4,25.2603,25.2603
20231102,18306330000000.0,310729154500.0,18617059154500.0,6951200000000.0,428600000000.0,2023Q3,2023Q3,lagged,304648182165.0,25996859154500.0,25990778182165.0,44950.0,138981036,"2023-10-04 소각 2,486,535주",6247197568200.0,187053.0,75.97,187010.0,75.96,25.9969,25.9908
20231103,18379380000000.0,315536546355.0,18694916546355.0,6951200000000.0,428600000000.0,2023Q3,2023Q3,lagged,304648182165.0,26074716546355.0,26063828182165.0,45250.0,138981036,"2023-10-04 소각 2,486,535주",6288891879000.0,187613.0,75.88,187535.0,75.87,26.0747,26.0638
20231106,19431300000000.0,321454135250.0,19752754135250.0,6951200000000.0,428600000000.0,2023Q3,2023Q3,lagged,304648182165.0,27132554135250.0,27115748182165.0,47200.0,138981036,"2023-10-04 소각 2,486,535주",6559904899200.0,195225.0,75.82,195104.0,75.81,27.1326,27.1157
20231107,19051440000000.0,320099300765.0,19371539300765.0,6951200000000.0,428600000000.0,2023Q3,2023Q3,lagged,304648182165.0,26751339300765.0,26735888182165.0,47450.0,138981036,"2023-10-04 소각 2,486,535주",6594650158200.0,192482.0,75.35,192371.0,75.33,26.7513,26.7359
20231108,18642360000000.0,339502655665.0,18981862655665.0,6951200000000.0,428600000000.0,2023Q3,2023Q3,lagged,304648182165.0,26361662655665.0,26326808182165.0,46900.0,138981036,"2023-10-04 소각 2,486,535주",6518210588400.0,189678.0,75.27,189427.0,75.24,26.3617,26.3268
20231109,18700800000000.0,347469921960.0,19048269921960.0,6951200000000.0,428600000000.0,2023Q3,2023Q3,lagged,304648182165.0,26428069921960.0,26385248182165.0,47850.0,138981036,"2023-10-04 소각 2,486,535주",6650242572600.0,190156.0,74.84,189848.0,74.8,26.4281,26.3852
20231110,19066050000000.0,342923093525.0,19408973093525.0,6951200000000.0,428600000000.0,2023Q3,2023Q3,lagged,304648182165.0,26788773093525.0,26750498182165.0,48250.0,138981036,"2023-10-04 소각 2,486,535주",6705834987000.0,192751.0,74.97,192476.0,74.93,26.7888,26.7505
20231113,19255980000000.0,343099578215.0,19599079578215.0,6951200000000.0,428600000000.0,2023Q3,2023Q3,lagged,304648182165.0,26978879578215.0,26940428182165.0,48450.0,138981036,"2023-10-04 소각 2,486,535주",6733631194200.0,194119.0,75.04,193842.0,75.01,26.9789,26.9404
20231114,18993000000000.0,343209609160.0,19336209609160.0,6951200000000.0,428600000000.0,2023Q3,2023Q3,lagged,304648182165.0,26716009609160.0,26677448182165.0,48300.0,138981036,"2023-10-04 소각 2,486,535주",6712784038800.0,192228.0,74.87,191950.0,74.84,26.716,26.6774
20231115,19592010000000.0,357707893860.0,19949717893860.0,6951200000000.0,428600000000.0,2023Q3,2023Q3,lagged,304648182165.0,27329517893860.0,27276458182165.0,48650.0,138981036,"2023-10-04 소각 2,486,535주",6761427401400.0,196642.0,75.26,196260.0,75.21,27.3295,27.2765
20231116,19329030000000.0,361669106225.0,19690699106225.0,6951200000000.0,428600000000.0,2023Q3,2023Q3,lagged,304648182165.0,27070499106225.0,27013478182165.0,49350.0,138981036,"2023-10-04 소각 2,486,535주",6858714126600.0,194778.0,74.66,194368.0,74.61,27.0705,27.0135
20231117,18978390000000.0,346167317730.0,19324557317730.0,6951200000000.0,428600000000.0,2023Q3,2023Q3,lagged,304648182165.0,26704357317730.0,26662838182165.0,48600.0,138981036,"2023-10-04 소각 2,486,535주",6754478349600.0,192144.0,74.71,191845.0,74.67,26.7044,26.6628
20231120,19197540000000.0,358776754780.0,19556316754780.0,6951200000000.0,428600000000.0,2023Q3,2023Q3,lagged,304648182165.0,26936116754780.0,26881988182165.0,47100.0,138981036,"2023-10-04 소각 2,486,535주",6546006795600.0,193811.0,75.7,193422.0,75.65,26.9361,26.882
20231121,19285200000000.0,366706361620.0,19651906361620.0,6951200000000.0,428600000000.0,2023Q3,2023Q3,lagged,304648182165.0,27031706361620.0,26969648182165.0,49300.0,138981036,"2023-10-04 소각 2,486,535주",6851765074800.0,194499.0,74.65,194053.0,74.59,27.0317,26.9696
20231122,19182930000000.0,365082146390.0,19548012146390.0,6951200000000.0,428600000000.0,2023Q3,2023Q3,lagged,304648182165.0,26927812146390.0,26867378182165.0,49050.0,138981036,"2023-10-04 소각 2,486,535주",6817019815800.0,193752.0,74.68,193317.0,74.63,26.9278,26.8674
20231123,19007610000000.0,369069030930.0,19376679030930.0,6951200000000.0,428600000000.0,2023Q3,2023Q3,lagged,304648182165.0,26756479030930.0,26692058182165.0,49000.0,138981036,"2023-10-04 소각 2,486,535주",6810070764000.0,192519.0,74.55,192055.0,74.49,26.7565,26.6921
20231124,18700800000000.0,362090271330.0,19062890271330.0,6951200000000.0,428600000000.0,2023Q3,2023Q3,lagged,304648182165.0,26442690271330.0,26385248182165.0,48050.0,138981036,"2023-10-04 소각 2,486,535주",6678038779800.0,190261.0,74.75,189848.0,74.69,26.4427,26.3852
20231127,19095270000000.0,371611014525.0,19466881014525.0,6951200000000.0,428600000000.0,2023Q3,2023Q3,lagged,304648182165.0,26846681014525.0,26779718182165.0,49150.0,138981036,"2023-10-04 소각 2,486,535주",6830917919400.0,193168.0,74.56,192686.0,74.49,26.8467,26.7797
20231128,19197540000000.0,368714478310.0,19566254478310.0,6951200000000.0,428600000000.0,2023Q3,2023Q3,lagged,304648182165.0,26946054478310.0,26881988182165.0,50200.0,138981036,"2023-10-04 소각 2,486,535주",6976848007200.0,193883.0,74.11,193422.0,74.05,26.9461,26.882
20231129,19051440000000.0,367559211640.0,19418999211640.0,6951200000000.0,428600000000.0,2023Q3,2023Q3,lagged,304648182165.0,26798799211640.0,26735888182165.0,49950.0,138981036,"2023-10-04 소각 2,486,535주",6942102748200.0,192823.0,74.1,192371.0,74.03,26.7988,26.7359
20231130,19562790000000.0,364127002085.0,19926917002085.0,6951200000000.0,428600000000.0,2023Q3,2023Q3,lagged,304648182165.0,27306717002085.0,27247238182165.0,51000.0,138981036,"2023-10-04 소각 2,486,535주",7088032836000.0,196478.0,74.04,196050.0,73.99,27.3067,27.2472
20231201,19372860000000.0,369984764795.0,19742844764795.0,6951200000000.0,428600000000.0,2023Q3,2023Q3,lagged,304648182165.0,27122644764795.0,27057308182165.0,49050.0,138981036,"2023-10-04 소각 2,486,535주",6817019815800.0,195154.0,74.87,194683.0,74.81,27.1226,27.0573
20231204,19153710000000.0,370512975985.0,19524222975985.0,6951200000000.0,428600000000.0,2023Q3,2023Q3,lagged,304648182165.0,26904022975985.0,26838158182165.0,49650.0,138981036,"2023-10-04 소각 2,486,535주",6900408437400.0,193581.0,74.35,193107.0,74.29,26.904,26.8382
20231205,18393990000000.0,363673717470.0,18757663717470.0,6951200000000.0,428600000000.0,2023Q3,2023Q3,lagged,304648182165.0,26137463717470.0,26078438182165.0,48550.0,138981036,"2023-10-04 소각 2,486,535주",6747529297800.0,188065.0,74.18,187640.0,74.13,26.1375,26.0784
20231206,18350160000000.0,366716881430.0,18716876881430.0,6951200000000.0,428600000000.0,2023Q3,2023Q3,lagged,304648182165.0,26096676881430.0,26034608182165.0,48750.0,138981036,"2023-10-04 소각 2,486,535주",6775325505000.0,187771.0,74.04,187325.0,73.98,26.0967,26.0346
20231207,18350160000000.0,363355185615.0,18713515185615.0,6951200000000.0,428600000000.0,2023Q3,2023Q3,lagged,304648182165.0,26093315185615.0,26034608182165.0,48950.0,138981036,"2023-10-04 소각 2,486,535주",6803121712200.0,187747.0,73.93,187325.0,73.87,26.0933,26.0346
20231208,18627750000000.0,359780249570.0,18987530249570.0,6951200000000.0,428600000000.0,2023Q3,2023Q3,lagged,304648182165.0,26367330249570.0,26312198182165.0,49600.0,138981036,"2023-10-04 소각 2,486,535주",6893459385600.0,189719.0,73.86,189322.0,73.8,26.3673,26.3122
20231211,18832290000000.0,368428973355.0,19200718973355.0,6951200000000.0,428600000000.0,2023Q3,2023Q3,lagged,304648182165.0,26580518973355.0,26516738182165.0,49950.0,138981036,"2023-10-04 소각 2,486,535주",6942102748200.0,191253.0,73.88,190794.0,73.82,26.5805,26.5167
20231212,19139100000000.0,361806688580.0,19500906688580.0,6951200000000.0,428600000000.0,2023Q3,2023Q3,lagged,304648182165.0,26880706688580.0,26823548182165.0,49950.0,138981036,"2023-10-04 소각 2,486,535주",6942102748200.0,193413.0,74.17,193001.0,74.12,26.8807,26.8235
20231213,19168320000000.0,364504628825.0,19532824628825.0,6951200000000.0,428600000000.0,2023Q3,2023Q3,lagged,304648182165.0,26912624628825.0,26852768182165.0,50300.0,138981036,"2023-10-04 소각 2,486,535주",6990746110800.0,193642.0,74.02,193212.0,73.97,26.9126,26.8528
20231214,19971870000000.0,364092396815.0,20335962396815.0,6951200000000.0,428600000000.0,2023Q3,2023Q3,lagged,304648182165.0,27715762396815.0,27656318182165.0,50800.0,138981036,"2023-10-04 소각 2,486,535주",7060236628800.0,199421.0,74.53,198993.0,74.47,27.7158,27.6563
20231215,20454000000000.0,363058765040.0,20817058765040.0,6951200000000.0,428600000000.0,2023Q3,2023Q3,lagged,304648182165.0,28196858765040.0,28138448182165.0,51100.0,138981036,"2023-10-04 소각 2,486,535주",7101930939600.0,202883.0,74.81,202463.0,74.76,28.1969,28.1384
20231218,20454000000000.0,362827202490.0,20816827202490.0,6951200000000.0,428600000000.0,2023Q3,2023Q3,lagged,304648182165.0,28196627202490.0,28138448182165.0,50100.0,138981036,"2023-10-04 소각 2,486,535주",6962949903600.0,202881.0,75.31,202463.0,75.25,28.1966,28.1384
20231219,20191020000000.0,363708778870.0,20554728778870.0,6951200000000.0,428600000000.0,2023Q3,2023Q3,lagged,304648182165.0,27934528778870.0,27875468182165.0,49850.0,138981036,"2023-10-04 소각 2,486,535주",6928204644600.0,200995.0,75.2,200570.0,75.15,27.9345,27.8755
20231220,20527050000000.0,363430903810.0,20890480903810.0,6951200000000.0,428600000000.0,2023Q3,2023Q3,lagged,304648182165.0,28270280903810.0,28211498182165.0,51100.0,138981036,"2023-10-04 소각 2,486,535주",7101930939600.0,203411.0,74.88,202988.0,74.83,28.2703,28.2115
20231221,20527050000000.0,361176919275.0,20888226919275.0,6951200000000.0,428600000000.0,2023Q3,2023Q3,lagged,304648182165.0,28268026919275.0,28211498182165.0,50700.0,138981036,"2023-10-04 소각 2,486,535주",7046338525200.0,203395.0,75.07,202988.0,75.02,28.268,28.2115
20231222,20541660000000.0,328002276065.0,20869662276065.0,6951200000000.0,428600000000.0,2023Q3,2023Q3,lagged,304648182165.0,28249462276065.0,28226108182165.0,49400.0,138981036,"2023-10-04 소각 2,486,535주",6865663178400.0,203261.0,75.7,203093.0,75.68,28.2495,28.2261
20231226,20585490000000.0,330697085190.0,20916187085190.0,6951200000000.0,428600000000.0,2023Q3,2023Q3,lagged,304648182165.0,28295987085190.0,28269938182165.0,49850.0,138981036,"2023-10-04 소각 2,486,535주",6928204644600.0,203596.0,75.52,203409.0,75.49,28.296,28.2699
20231227,20512440000000.0,340442127020.0,20852882127020.0,6951200000000.0,428600000000.0,2023Q3,2023Q3,lagged,304648182165.0,28232682127020.0,28196888182165.0,50500.0,138981036,"2023-10-04 소각 2,486,535주",7018542318000.0,203141.0,75.14,202883.0,75.11,28.2327,28.1969
20231228,20673150000000.0,345564691545.0,21018714691545.0,6951200000000.0,428600000000.0,2023Q3,2023Q3,lagged,304648182165.0,28398514691545.0,28357598182165.0,52600.0,138981036,"2023-10-04 소각 2,486,535주",7310402493600.0,204334.0,74.26,204039.0,74.22,28.3985,28.3576
20240102,20804640000000.0,347814074015.0,21152454074015.0,5599500000000.0,457700000000.0,2023Q4,2023Q4,lagged,345564691545.0,27209654074015.0,27207404691545.0,52700.0,138981036,"2023-10-04 소각 2,486,535주",7324300597200.0,195780.0,73.08,195763.0,73.08,27.2097,27.2074
20240103,19986480000000.0,345426975410.0,20331906975410.0,5599500000000.0,457700000000.0,2023Q4,2023Q4,lagged,345564691545.0,26389106975410.0,26389244691545.0,49450.0,138981036,"2023-10-04 소각 2,486,535주",6872612230200.0,189876.0,73.96,189877.0,73.96,26.3891,26.3892
20240104,19928040000000.0,349957485535.0,20277997485535.0,5599500000000.0,457700000000.0,2023Q4,2023Q4,lagged,345564691545.0,26335197485535.0,26330804691545.0,48900.0,138981036,"2023-10-04 소각 2,486,535주",6796172660400.0,189488.0,74.19,189456.0,74.19,26.3352,26.3308
20240105,20088750000000.0,352459092375.0,20441209092375.0,5599500000000.0,457700000000.0,2023Q4,2023Q4,lagged,345564691545.0,26498409092375.0,26491514691545.0,48700.0,138981036,"2023-10-04 소각 2,486,535주",6768376453200.0,190662.0,74.46,190612.0,74.45,26.4984,26.4915
20240108,19869600000000.0,354236666200.0,20223836666200.0,5599500000000.0,457700000000.0,2023Q4,2023Q4,lagged,345564691545.0,26281036666200.0,26272364691545.0,48200.0,138981036,"2023-10-04 소각 2,486,535주",6698885935200.0,189098.0,74.51,189036.0,74.5,26.281,26.2724
20240109,20074140000000.0,367816962815.0,20441956962815.0,5599500000000.0,457700000000.0,2023Q4,2023Q4,lagged,345564691545.0,26499156962815.0,26476904691545.0,49450.0,138981036,"2023-10-04 소각 2,486,535주",6872612230200.0,190667.0,74.06,190507.0,74.04,26.4992,26.4769
20240110,19504350000000.0,360697794740.0,19865047794740.0,5599500000000.0,457700000000.0,2023Q4,2023Q4,lagged,345564691545.0,25922247794740.0,25907114691545.0,48100.0,138981036,"2023-10-04 소각 2,486,535주",6684987831600.0,186516.0,74.21,186408.0,74.2,25.9222,25.9071
20240111,19869600000000.0,364636956145.0,20234236956145.0,5599500000000.0,457700000000.0,2023Q4,2023Q4,lagged,345564691545.0,26291436956145.0,26272364691545.0,48750.0,138981036,"2023-10-04 소각 2,486,535주",6775325505000.0,189173.0,74.23,189036.0,74.21,26.2914,26.2724
20240112,19592010000000.0,361913794985.0,19953923794985.0,5599500000000.0,457700000000.0,2023Q4,2023Q4,lagged,345564691545.0,26011123794985.0,25994774691545.0,48450.0,138981036,"2023-10-04 소각 2,486,535주",6733631194200.0,187156.0,74.11,187038.0,74.1,26.0111,25.9948
20240115,19592010000000.0,363601625360.0,19955611625360.0,5599500000000.0,457700000000.0,2023Q4,2023Q4,lagged,345564691545.0,26012811625360.0,25994774691545.0,48750.0,138981036,"2023-10-04 소각 2,486,535주",6775325505000.0,187168.0,73.95,187038.0,73.94,26.0128,25.9948
20240116,19299810000000.0,352025037470.0,19651835037470.0,5599500000000.0,457700000000.0,2023Q4,2023Q4,lagged,345564691545.0,25709035037470.0,25702574691545.0,47700.0,138981036,"2023-10-04 소각 2,486,535주",6629395417200.0,184982.0,74.21,184936.0,74.21,25.709,25.7026
20240117,19139100000000.0,341014040185.0,19480114040185.0,5599500000000.0,457700000000.0,2023Q4,2023Q4,lagged,345564691545.0,25537314040185.0,25541864691545.0,46850.0,138981036,"2023-10-04 소각 2,486,535주",6511261536600.0,183747.0,74.5,183779.0,74.51,25.5373,25.5419
20240118,19898820000000.0,340650666765.0,20239470666765.0,5599500000000.0,457700000000.0,2023Q4,2023Q4,lagged,345564691545.0,26296670666765.0,26301584691545.0,47400.0,138981036,"2023-10-04 소각 2,486,535주",6587701106400.0,189210.0,74.95,189246.0,74.95,26.2967,26.3016
20240119,20643930000000.0,371278626555.0,21015208626555.0,5599500000000.0,457700000000.0,2023Q4,2023Q4,lagged,345564691545.0,27072408626555.0,27046694691545.0,49050.0,138981036,"2023-10-04 소각 2,486,535주",6817019815800.0,194792.0,74.82,194607.0,74.8,27.0724,27.0467
20240122,20833860000000.0,372737440460.0,21206597440460.0,5599500000000.0,457700000000.0,2023Q4,2023Q4,lagged,345564691545.0,27263797440460.0,27236624691545.0,50300.0,138981036,"2023-10-04 소각 2,486,535주",6990746110800.0,196169.0,74.36,195974.0,74.33,27.2638,27.2366
20240123,20570880000000.0,375439117690.0,20946319117690.0,5599500000000.0,457700000000.0,2023Q4,2023Q4,lagged,345564691545.0,27003519117690.0,26973644691545.0,50700.0,138981036,"2023-10-04 소각 2,486,535주",7046338525200.0,194296.0,73.91,194081.0,73.88,27.0035,26.9736
20240124,20673150000000.0,372945652325.0,21046095652325.0,5599500000000.0,457700000000.0,2023Q4,2023Q4,lagged,345564691545.0,27103295652325.0,27075914691545.0,50100.0,138981036,"2023-10-04 소각 2,486,535주",6962949903600.0,195014.0,74.31,194817.0,74.28,27.1033,27.0759
20240125,20074140000000.0,371086764910.0,20445226764910.0,5599500000000.0,457700000000.0,2023Q4,2023Q4,lagged,345564691545.0,26502426764910.0,26476904691545.0,49850.0,138981036,"2023-10-04 소각 2,486,535주",6928204644600.0,190691.0,73.86,190507.0,73.83,26.5024,26.4769
20240126,19869600000000.0,378035271755.0,20247635271755.0,5599500000000.0,457700000000.0,2023Q4,2023Q4,lagged,345564691545.0,26304835271755.0,26272364691545.0,50300.0,138981036,"2023-10-04 소각 2,486,535주",6990746110800.0,189269.0,73.42,189036.0,73.39,26.3048,26.2724
20240129,19723500000000.0,376370171665.0,20099870171665.0,5599500000000.0,457700000000.0,2023Q4,2023Q4,lagged,345564691545.0,26157070171665.0,26126264691545.0,50600.0,138981036,"2023-10-04 소각 2,486,535주",7032440421600.0,188206.0,73.11,187984.0,73.08,26.1571,26.1263
20240130,20001090000000.0,384104687980.0,20385194687980.0,5599500000000.0,457700000000.0,2023Q4,2023Q4,lagged,345564691545.0,26442394687980.0,26403854691545.0,51500.0,138981036,"2023-10-04 소각 2,486,535주",7157523354000.0,190259.0,72.93,189982.0,72.89,26.4424,26.4039
20240131,19679670000000.0,379362610280.0,20059032610280.0,5599500000000.0,457700000000.0,2023Q4,2023Q4,lagged,345564691545.0,26116232610280.0,26082434691545.0,51900.0,138981036,"2023-10-04 소각 2,486,535주",7213115768400.0,187912.0,72.38,187669.0,72.34,26.1162,26.0824
20240201,19387470000000.0,377535446565.0,19765005446565.0,5599500000000.0,457700000000.0,2023Q4,2023Q4,lagged,345564691545.0,25822205446565.0,25790234691545.0,53600.0,138981036,"2023-10-04 소각 2,486,535주",7449383529600.0,185797.0,71.15,185567.0,71.12,25.8222,25.7902
20240202,19708890000000.0,388292998085.0,20097182998085.0,5599500000000.0,457700000000.0,2023Q4,2023Q4,lagged,345564691545.0,26154382998085.0,26111654691545.0,59500.0,138981036,"2023-10-04 소각 2,486,535주",8269371642000.0,188187.0,68.38,187879.0,68.33,26.1544,26.1117
20240205,19329030000000.0,379776596750.0,19708806596750.0,5599500000000.0,457700000000.0,2023Q4,2023Q4,lagged,345564691545.0,25766006596750.0,25731794691545.0,59300.0,138981036,"2023-10-04 소각 2,486,535주",8241575434800.0,185392.0,68.01,185146.0,67.97,25.766,25.7318
20240206,20161800000000.0,369318239950.0,20531118239950.0,5599500000000.0,457700000000.0,2023Q4,2023Q4,lagged,345564691545.0,26588318239950.0,26564564691545.0,62400.0,138981036,"2023-10-04 소각 2,486,535주",8672416646400.0,191309.0,67.38,191138.0,67.35,26.5883,26.5646
20240207,20161800000000.0,370314324565.0,20532114324565.0,5599500000000.0,457700000000.0,2023Q4,2023Q4,lagged,345564691545.0,26589314324565.0,26564564691545.0,66200.0,138981036,"2023-10-04 소각 2,486,535주",9200544583200.0,191316.0,65.4,191138.0,65.37,26.5893,26.5646
20240208,20863080000000.0,373669968855.0,21236749968855.0,5599500000000.0,457700000000.0,2023Q4,2023Q4,lagged,345564691545.0,27293949968855.0,27265844691545.0,65200.0,138981036,"2023-10-04 소각 2,486,535주",9061563547200.0,196386.0,66.8,196184.0,66.77,27.2939,27.2658
20240213,21915000000000.0,391848764740.0,22306848764740.0,5599500000000.0,457700000000.0,2023Q4,2023Q4,lagged,345564691545.0,28364048764740.0,28317764691545.0,65700.0,138981036,"2023-10-04 소각 2,486,535주",9131054065200.0,204086.0,67.81,203753.0,67.76,28.364,28.3178
20240214,21725070000000.0,404311677335.0,22129381677335.0,5599500000000.0,457700000000.0,2023Q4,2023Q4,lagged,345564691545.0,28186581677335.0,28127834691545.0,63400.0,138981036,"2023-10-04 소각 2,486,535주",8811397682400.0,202809.0,68.74,202386.0,68.67,28.1866,28.1278
20240215,21725070000000.0,404221086815.0,22129291086815.0,5599500000000.0,457700000000.0,2023Q4,2023Q4,lagged,345564691545.0,28186491086815.0,28127834691545.0,62400.0,138981036,"2023-10-04 소각 2,486,535주",8672416646400.0,202808.0,69.23,202386.0,69.17,28.1865,28.1278
20240216,21447480000000.0,402376788210.0,21849856788210.0,5599500000000.0,457700000000.0,2023Q4,2023Q4,lagged,345564691545.0,27907056788210.0,27850244691545.0,65500.0,138981036,"2023-10-04 소각 2,486,535주",9103257858000.0,200798.0,67.38,200389.0,67.31,27.9071,27.8502
20240219,22104930000000.0,403684338340.0,22508614338340.0,5599500000000.0,457700000000.0,2023Q4,2023Q4,lagged,345564691545.0,28565814338340.0,28507694691545.0,69600.0,138981036,"2023-10-04 소각 2,486,535주",9673080105600.0,205537.0,66.14,205119.0,66.07,28.5658,28.5077
20240220,21856560000000.0,399696378665.0,22256256378665.0,5599500000000.0,457700000000.0,2023Q4,2023Q4,lagged,345564691545.0,28313456378665.0,28259324691545.0,68700.0,138981036,"2023-10-04 소각 2,486,535주",9547997173200.0,203722.0,66.28,203332.0,66.21,28.3135,28.2593
20240221,21768900000000.0,391981199485.0,22160881199485.0,5599500000000.0,457700000000.0,2023Q4,2023Q4,lagged,345564691545.0,28218081199485.0,28171664691545.0,69300.0,138981036,"2023-10-04 소각 2,486,535주",9631385794800.0,203035.0,65.87,202702.0,65.81,28.2181,28.1717
20240222,22864650000000.0,389355243925.0,23254005243925.0,5599500000000.0,457700000000.0,2023Q4,2023Q4,lagged,345564691545.0,29311205243925.0,29267414691545.0,72900.0,138981036,"2023-10-04 소각 2,486,535주",10131717524400.0,210901.0,65.43,210586.0,65.38,29.3112,29.2674
20240223,23580540000000.0,391676181305.0,23972216181305.0,5599500000000.0,457700000000.0,2023Q4,2023Q4,lagged,345564691545.0,30029416181305.0,29983304691545.0,69300.0,138981036,"2023-10-04 소각 2,486,535주",9631385794800.0,216068.0,67.93,215737.0,67.88,30.0294,29.9833
20240226,23638980000000.0,386017014565.0,24024997014565.0,5599500000000.0,457700000000.0,2023Q4,2023Q4,lagged,345564691545.0,30082197014565.0,30041744691545.0,67300.0,138981036,"2023-10-04 소각 2,486,535주",9353423722800.0,216448.0,68.91,216157.0,68.87,30.0822,30.0417
20240227,22470180000000.0,388791124265.0,22858971124265.0,5599500000000.0,457700000000.0,2023Q4,2023Q4,lagged,345564691545.0,28916171124265.0,28872944691545.0,65300.0,138981036,"2023-10-04 소각 2,486,535주",9075461650800.0,208058.0,68.61,207747.0,68.57,28.9162,28.8729
20240228,23083800000000.0,387580779735.0,23471380779735.0,5599500000000.0,457700000000.0,2023Q4,2023Q4,lagged,345564691545.0,29528580779735.0,29486564691545.0,68000.0,138981036,"2023-10-04 소각 2,486,535주",9450710448000.0,212465.0,67.99,212163.0,67.95,29.5286,29.4866
20240229,22820820000000.0,388682043680.0,23209502043680.0,5599500000000.0,457700000000.0,2023Q4,2023Q4,lagged,345564691545.0,29266702043680.0,29223584691545.0,69900.0,138981036,"2023-10-04 소각 2,486,535주",9714774416400.0,210581.0,66.81,210270.0,66.76,29.2667,29.2236
20240304,24325650000000.0,382378007245.0,24708028007245.0,5599500000000.0,457700000000.0,2023Q4,2023Q4,lagged,345564691545.0,30765228007245.0,30728414691545.0,70200.0,138981036,"2023-10-04 소각 2,486,535주",9756468727200.0,221363.0,68.29,221098.0,68.25,30.7652,30.7284
20240305,24223380000000.0,380407888975.0,24603787888975.0,5599500000000.0,457700000000.0,2023Q4,2023Q4,lagged,345564691545.0,30660987888975.0,30626144691545.0,70700.0,138981036,"2023-10-04 소각 2,486,535주",9825959245200.0,220613.0,67.95,220362.0,67.92,30.661,30.6261
20240306,23799690000000.0,371414169540.0,24171104169540.0,5599500000000.0,457700000000.0,2023Q4,2023Q4,lagged,345564691545.0,30228304169540.0,30202454691545.0,71400.0,138981036,"2023-10-04 소각 2,486,535주",9923245970400.0,217499.0,67.17,217313.0,67.14,30.2283,30.2025
20240307,24091890000000.0,375056058430.0,24466946058430.0,5599500000000.0,457700000000.0,2023Q4,2023Q4,lagged,345564691545.0,30524146058430.0,30494654691545.0,72300.0,138981036,"2023-10-04 소각 2,486,535주",10048328902800.0,219628.0,67.08,219416.0,67.05,30.5241,30.4947
20240308,25114590000000.0,383339030460.0,25497929030460.0,5599500000000.0,457700000000.0,2023Q4,2023Q4,lagged,345564691545.0,31555129030460.0,31517354691545.0,75000.0,138981036,"2023-10-04 소각 2,486,535주",10423577700000.0,227046.0,66.97,226774.0,66.93,31.5551,31.5174
20240311,24340260000000.0,395232679260.0,24735492679260.0,5599500000000.0,457700000000.0,2023Q4,2023Q4,lagged,345564691545.0,30792692679260.0,30743024691545.0,72700.0,138981036,"2023-10-04 소각 2,486,535주",10103921317200.0,221560.0,67.19,221203.0,67.13,30.7927,30.743
20240312,24208770000000.0,397731176465.0,24606501176465.0,5599500000000.0,457700000000.0,2023Q4,2023Q4,lagged,345564691545.0,30663701176465.0,30611534691545.0,71900.0,138981036,"2023-10-04 소각 2,486,535주",9992736488400.0,220632.0,67.41,220257.0,67.36,30.6637,30.6115
20240313,23901960000000.0,401743169625.0,24303703169625.0,5599500000000.0,457700000000.0,2023Q4,2023Q4,lagged,345564691545.0,30360903169625.0,30304724691545.0,70300.0,138981036,"2023-10-04 소각 2,486,535주",9770366830800.0,218454.0,67.82,218049.0,67.76,30.3609,30.3047
20240314,23653590000000.0,396277226655.0,24049867226655.0,5599500000000.0,457700000000.0,2023Q4,2023Q4,lagged,345564691545.0,30107067226655.0,30056354691545.0,69300.0,138981036,"2023-10-04 소각 2,486,535주",9631385794800.0,216627.0,68.01,216262.0,67.96,30.1071,30.0564
20240315,23551320000000.0,392166952760.0,23943486952760.0,5599500000000.0,457700000000.0,2023Q4,2023Q4,lagged,345564691545.0,30000686952760.0,29954084691545.0,68600.0,138981036,"2023-10-04 소각 2,486,535주",9534099069600.0,215862.0,68.22,215526.0,68.17,30.0007,29.9541
20240318,24004230000000.0,399485168065.0,24403715168065.0,5599500000000.0,457700000000.0,2023Q4,2023Q4,lagged,345564691545.0,30460915168065.0,30406994691545.0,69000.0,138981036,"2023-10-04 소각 2,486,535주",9589691484000.0,219173.0,68.52,218785.0,68.46,30.4609,30.407
20240319,23405220000000.0,395742963940.0,23800962963940.0,5599500000000.0,457700000000.0,2023Q4,2023Q4,lagged,345564691545.0,29858162963940.0,29807984691545.0,68700.0,138981036,"2023-10-04 소각 2,486,535주",9547997173200.0,214836.0,68.02,214475.0,67.97,29.8582,29.808
20240320,22864650000000.0,393975230600.0,23258625230600.0,5599500000000.0,457700000000.0,2023Q4,2023Q4,lagged,345564691545.0,29315825230600.0,29267414691545.0,69400.0,138981036,"2023-10-04 소각 2,486,535주",9645283898400.0,210934.0,67.1,210586.0,67.04,29.3158,29.2674
20240321,24837000000000.0,396093898820.0,25233093898820.0,5599500000000.0,457700000000.0,2023Q4,2023Q4,lagged,345564691545.0,31290293898820.0,31239764691545.0,77000.0,138981036,"2023-10-04 소각 2,486,535주",10701539772000.0,225141.0,65.8,224777.0,65.74,31.2903,31.2398
20240322,24807780000000.0,390723690505.0,25198503690505.0,5599500000000.0,457700000000.0,2023Q4,2023Q4,lagged,345564691545.0,31255703690505.0,31210544691545.0,80000.0,138981036,"2023-10-04 소각 2,486,535주",11118482880000.0,224892.0,64.43,224567.0,64.38,31.2557,31.2105
20240325,24749340000000.0,397127926405.0,25146467926405.0,5599500000000.0,457700000000.0,2023Q4,2023Q4,lagged,345564691545.0,31203667926405.0,31152104691545.0,76700.0,138981036,"2023-10-04 소각 2,486,535주",10659845461200.0,224517.0,65.84,224146.0,65.78,31.2037,31.1521
20240326,25801260000000.0,403869979320.0,26205129979320.0,5599500000000.0,457700000000.0,2023Q4,2023Q4,lagged,345564691545.0,32262329979320.0,32204024691545.0,78700.0,138981036,"2023-10-04 소각 2,486,535주",10937807533200.0,232135.0,66.1,231715.0,66.04,32.2623,32.204
20240327,26473320000000.0,414191548860.0,26887511548860.0,5599500000000.0,457700000000.0,2023Q4,2023Q4,lagged,345564691545.0,32944711548860.0,32876084691545.0,79300.0,138981036,"2023-10-04 소각 2,486,535주",11021196154800.0,237045.0,66.55,236551.0,66.48,32.9447,32.8761
20240328,26035020000000.0,405220108450.0,26440240108450.0,5599500000000.0,457700000000.0,2023Q4,2023Q4,lagged,345564691545.0,32497440108450.0,32437784691545.0,78600.0,138981036,"2023-10-04 소각 2,486,535주",10923909429600.0,233826.0,66.39,233397.0,66.32,32.4974,32.4378
20240329,26736300000000.0,402155852895.0,27138455852895.0,5599500000000.0,457700000000.0,2023Q4,2023Q4,lagged,345564691545.0,33195655852895.0,33139064691545.0,79000.0,138981036,"2023-10-04 소각 2,486,535주",10979501844000.0,238850.0,66.92,238443.0,66.87,33.1957,33.1391
20240401,27101550000000.0,406664729355.0,27508214729355.0,5611600000000.0,428800000000.0,2024Q1,2024Q1,lagged,402155852895.0,33548614729355.0,33544105852895.0,75500.0,138981036,"2023-10-04 소각 2,486,535주",10493068218000.0,241390.0,68.72,241357.0,68.72,33.5486,33.5441
20240402,27218430000000.0,406114239140.0,27624544239140.0,5611600000000.0,428800000000.0,2024Q1,2024Q1,lagged,402155852895.0,33664944239140.0,33660985852895.0,77200.0,134749960,"2024-04-02 소각 4,231,076주",10402696912000.0,249833.0,69.1,249803.0,69.1,33.6649,33.661
20240403,26181120000000.0,407735344735.0,26588855344735.0,5611600000000.0,428800000000.0,2024Q1,2024Q1,lagged,402155852895.0,32629255344735.0,32623675852895.0,76500.0,134749960,"2024-04-02 소각 4,231,076주",10308371940000.0,242147.0,68.41,242105.0,68.4,32.6293,32.6237
20240404,27466800000000.0,407338776670.0,27874138776670.0,5611600000000.0,428800000000.0,2024Q1,2024Q1,lagged,402155852895.0,33914538776670.0,33909355852895.0,78000.0,134749960,"2024-04-02 소각 4,231,076주",10510496880000.0,251685.0,69.01,251647.0,69.0,33.9145,33.9094
20240405,26707080000000.0,403446551650.0,27110526551650.0,5611600000000.0,428800000000.0,2024Q1,2024Q1,lagged,402155852895.0,33150926551650.0,33149635852895.0,75500.0,134749960,"2024-04-02 소각 4,231,076주",10173621980000.0,246018.0,69.31,246009.0,69.31,33.1509,33.1496
20240408,26473320000000.0,394244623825.0,26867564623825.0,5611600000000.0,428800000000.0,2024Q1,2024Q1,lagged,402155852895.0,32907964623825.0,32915875852895.0,73900.0,134749960,"2024-04-02 소각 4,231,076주",9958022044000.0,244215.0,69.74,244274.0,69.75,32.908,32.9159
20240409,26721690000000.0,391670636490.0,27113360636490.0,5611600000000.0,428800000000.0,2024Q1,2024Q1,lagged,402155852895.0,33153760636490.0,33164245852895.0,74100.0,134749960,"2024-04-02 소각 4,231,076주",9984972036000.0,246039.0,69.88,246117.0,69.89,33.1538,33.1642
20240411,27525240000000.0,395601483805.0,27920841483805.0,5611600000000.0,428800000000.0,2024Q1,2024Q1,lagged,402155852895.0,33961241483805.0,33967795852895.0,73100.0,134749960,"2024-04-02 소각 4,231,076주",9850222076000.0,252032.0,71.0,252080.0,71.0,33.9612,33.9678
20240412,27379140000000.0,387347010070.0,27766487010070.0,5611600000000.0,428800000000.0,2024Q1,2024Q1,lagged,402155852895.0,33806887010070.0,33821695852895.0,77900.0,134749960,"2024-04-02 소각 4,231,076주",10497021884000.0,250886.0,68.95,250996.0,68.96,33.8069,33.8217
20240415,27496020000000.0,392923560020.0,27888943560020.0,5611600000000.0,428800000000.0,2024Q1,2024Q1,lagged,402155852895.0,33929343560020.0,33938575852895.0,79800.0,134749960,"2024-04-02 소각 4,231,076주",10753046808000.0,251795.0,68.31,251863.0,68.32,33.9293,33.9386
20240416,26166510000000.0,398234109895.0,26564744109895.0,5611600000000.0,428800000000.0,2024Q1,2024Q1,lagged,402155852895.0,32605144109895.0,32609065852895.0,80000.0,134749960,"2024-04-02 소각 4,231,076주",10779996800000.0,241968.0,66.94,241997.0,66.94,32.6051,32.6091
20240417,26108070000000.0,396090616570.0,26504160616570.0,5611600000000.0,428800000000.0,2024Q1,2024Q1,lagged,402155852895.0,32544560616570.0,32550625852895.0,78800.0,134749960,"2024-04-02 소각 4,231,076주",10618296848000.0,241518.0,67.37,241563.0,67.38,32.5446,32.5506
20240418,26634030000000.0,406453634525.0,27040483634525.0,5611600000000.0,428800000000.0,2024Q1,2024Q1,lagged,402155852895.0,33080883634525.0,33076585852895.0,83700.0,134749960,"2024-04-02 소각 4,231,076주",11278571652000.0,245498.0,65.91,245466.0,65.9,33.0809,33.0766
20240419,25319130000000.0,397790321930.0,25716920321930.0,5611600000000.0,428800000000.0,2024Q1,2024Q1,lagged,402155852895.0,31757320321930.0,31761685852895.0,76100.0,134749960,"2024-04-02 소각 4,231,076주",10254471956000.0,235676.0,67.71,235708.0,67.71,31.7573,31.7617
20240422,25070760000000.0,403973910900.0,25474733910900.0,5611600000000.0,428800000000.0,2024Q1,2024Q1,lagged,402155852895.0,31515133910900.0,31513315852895.0,79700.0,134749960,"2024-04-02 소각 4,231,076주",10739571812000.0,233879.0,65.92,233865.0,65.92,31.5151,31.5133
20240423,24983100000000.0,122040627525.0,25105140627525.0,5611600000000.0,428800000000.0,2024Q1,2024Q1,lagged,402155852895.0,31145540627525.0,31425655852895.0,82600.0,134749960,"2024-04-02 소각 4,231,076주",11130346696000.0,231136.0,64.26,233215.0,64.58,31.1455,31.4257
20240424,26268780000000.0,125845203915.0,26394625203915.0,5611600000000.0,428800000000.0,2024Q1,2024Q1,lagged,402155852895.0,32435025203915.0,32711335852895.0,85500.0,134749960,"2024-04-02 소각 4,231,076주",11521121580000.0,240705.0,64.48,242756.0,64.78,32.435,32.7113
20240425,24924660000000.0,122849823410.0,25047509823410.0,5611600000000.0,428800000000.0,2024Q1,2024Q1,lagged,402155852895.0,31087909823410.0,31367215852895.0,77800.0,134749960,"2024-04-02 소각 4,231,076주",10483546888000.0,230708.0,66.28,232781.0,66.58,31.0879,31.3672
20240426,25976580000000.0,123566394275.0,26100146394275.0,5611600000000.0,428800000000.0,2024Q1,2024Q1,lagged,402155852895.0,32140546394275.0,32419135852895.0,80600.0,134749960,"2024-04-02 소각 4,231,076주",10860846776000.0,238520.0,66.21,240587.0,66.5,32.1405,32.4191
20240429,25698990000000.0,123605412380.0,25822595412380.0,5611600000000.0,428800000000.0,2024Q1,2024Q1,lagged,402155852895.0,31862995412380.0,32141545852895.0,78800.0,134749960,"2024-04-02 소각 4,231,076주",10618296848000.0,236460.0,66.68,238527.0,66.96,31.863,32.1415
20240430,25450620000000.0,124914205390.0,25575534205390.0,5611600000000.0,428800000000.0,2024Q1,2024Q1,lagged,402155852895.0,31615934205390.0,31893175852895.0,76500.0,134749960,"2024-04-02 소각 4,231,076주",10308371940000.0,234627.0,67.4,236684.0,67.68,31.6159,31.8932
20240502,25362960000000.0,127217444325.0,25490177444325.0,5611600000000.0,428800000000.0,2024Q1,2024Q1,lagged,402155852895.0,31530577444325.0,31805515852895.0,75000.0,134749960,"2024-04-02 소각 4,231,076주",10106247000000.0,233993.0,67.95,236034.0,68.22,31.5306,31.8055
20240503,25304520000000.0,127492773305.0,25432012773305.0,5611600000000.0,428800000000.0,2024Q1,2024Q1,lagged,402155852895.0,31472412773305.0,31747075852895.0,74800.0,134749960,"2024-04-02 소각 4,231,076주",10079297008000.0,233562.0,67.97,235600.0,68.25,31.4724,31.7471
20240507,26239560000000.0,125265024500.0,26364825024500.0,5611600000000.0,428800000000.0,2024Q1,2024Q1,lagged,402155852895.0,32405225024500.0,32682115852895.0,76900.0,134749960,"2024-04-02 소각 4,231,076주",10362271924000.0,240484.0,68.02,242539.0,68.29,32.4052,32.6821
20240508,26005800000000.0,128189663200.0,26133989663200.0,5611600000000.0,428800000000.0,2024Q1,2024Q1,lagged,402155852895.0,32174389663200.0,32448355852895.0,78600.0,134749960,"2024-04-02 소각 4,231,076주",10591346856000.0,238771.0,67.08,240804.0,67.36,32.1744,32.4484
20240509,25625940000000.0,126495781300.0,25752435781300.0,5611600000000.0,428800000000.0,2024Q1,2024Q1,lagged,402155852895.0,31792835781300.0,32068495852895.0,78100.0,134749960,"2024-04-02 소각 4,231,076주",10523971876000.0,235939.0,66.9,237985.0,67.18,31.7928,32.0685
20240510,26283390000000.0,127048985340.0,26410438985340.0,5611600000000.0,428800000000.0,2024Q1,2024Q1,lagged,402155852895.0,32450838985340.0,32725945852895.0,80400.0,134749960,"2024-04-02 소각 4,231,076주",10833896784000.0,240823.0,66.61,242864.0,66.9,32.4508,32.7259
20240513,26853180000000.0,126300690775.0,26979480690775.0,5611600000000.0,428800000000.0,2024Q1,2024Q1,lagged,402155852895.0,33019880690775.0,33295735852895.0,82900.0,134749960,"2024-04-02 소각 4,231,076주",11170771684000.0,245046.0,66.17,247093.0,66.45,33.0199,33.2957
20240514,27072330000000.0,125394121545.0,27197724121545.0,5611600000000.0,428800000000.0,2024Q1,2024Q1,lagged,402155852895.0,33238124121545.0,33514885852895.0,79000.0,134749960,"2024-04-02 소각 4,231,076주",10645246840000.0,246665.0,67.97,248719.0,68.24,33.2381,33.5149
20240516,28197300000000.0,123746552155.0,28321046552155.0,5611600000000.0,428800000000.0,2024Q1,2024Q1,lagged,402155852895.0,34361446552155.0,34639855852895.0,80900.0,134749960,"2024-04-02 소각 4,231,076주",10901271764000.0,255002.0,68.27,257068.0,68.53,34.3614,34.6399
20240517,27744390000000.0,121150849350.0,27865540849350.0,5611600000000.0,428800000000.0,2024Q1,2024Q1,lagged,402155852895.0,33905940849350.0,34186945852895.0,82300.0,134749960,"2024-04-02 소각 4,231,076주",11089921708000.0,251621.0,67.29,253707.0,67.56,33.9059,34.1869
20240520,27773610000000.0,118245547785.0,27891855547785.0,5611600000000.0,428800000000.0,2024Q1,2024Q1,lagged,402155852895.0,33932255547785.0,34216165852895.0,80800.0,134749960,"2024-04-02 소각 4,231,076주",10887796768000.0,251816.0,67.91,253923.0,68.18,33.9323,34.2162
20240521,28051200000000.0,118096769770.0,28169296769770.0,5611600000000.0,428800000000.0,2024Q1,2024Q1,lagged,402155852895.0,34209696769770.0,34493755852895.0,81800.0,134749960,"2024-04-02 소각 4,231,076주",11022546728000.0,253875.0,67.78,255983.0,68.04,34.2097,34.4938
20240522,28883970000000.0,116880601780.0,29000850601780.0,5611600000000.0,428800000000.0,2024Q1,2024Q1,lagged,402155852895.0,35041250601780.0,35326525852895.0,82000.0,134749960,"2024-04-02 소각 4,231,076주",11049496720000.0,260046.0,68.47,262164.0,68.72,35.0413,35.3265
20240523,29220000000000.0,117190200540.0,29337190200540.0,5611600000000.0,428800000000.0,2024Q1,2024Q1,lagged,402155852895.0,35377590200540.0,35662555852895.0,83300.0,134749960,"2024-04-02 소각 4,231,076주",11224671668000.0,262542.0,68.27,264657.0,68.53,35.3776,35.6626
20240524,29015460000000.0,117972421050.0,29133432421050.0,5611600000000.0,428800000000.0,2024Q1,2024Q1,lagged,402155852895.0,35173832421050.0,35458015852895.0,85400.0,134749960,"2024-04-02 소각 4,231,076주",11507646584000.0,261030.0,67.28,263139.0,67.55,35.1738,35.458
20240527,29439150000000.0,116232226640.0,29555382226640.0,5611600000000.0,428800000000.0,2024Q1,2024Q1,lagged,402155852895.0,35595782226640.0,35881705852895.0,84800.0,134749960,"2024-04-02 소각 4,231,076주",11426796608000.0,264162.0,67.9,266284.0,68.15,35.5958,35.8817
20240528,29585250000000.0,117840777925.0,29703090777925.0,5611600000000.0,428800000000.0,2024Q1,2024Q1,lagged,402155852895.0,35743490777925.0,36027805852895.0,83300.0,134749960,"2024-04-02 소각 4,231,076주",11224671668000.0,265258.0,68.6,267368.0,68.84,35.7435,36.0278
20240529,29585250000000.0,117423965335.0,29702673965335.0,5611600000000.0,428800000000.0,2024Q1,2024Q1,lagged,402155852895.0,35743073965335.0,36027805852895.0,81100.0,134749960,"2024-04-02 소각 4,231,076주",10928221756000.0,265255.0,69.43,267368.0,69.67,35.7431,36.0278
20240530,28591770000000.0,114828262530.0,28706598262530.0,5611600000000.0,428800000000.0,2024Q1,2024Q1,lagged,402155852895.0,34746998262530.0,35034325852895.0,79400.0,134749960,"2024-04-02 소각 4,231,076주",10699146824000.0,257863.0,69.21,259995.0,69.46,34.747,35.0343
20240531,27642120000000.0,114859986230.0,27756979986230.0,5611600000000.0,428800000000.0,2024Q1,2024Q1,lagged,402155852895.0,33797379986230.0,34084675852895.0,77600.0,134749960,"2024-04-02 소각 4,231,076주",10456596896000.0,250816.0,69.06,252948.0,69.32,33.7974,34.0847
20240603,28372620000000.0,117163225165.0,28489783225165.0,5611600000000.0,428800000000.0,2024Q1,2024Q1,lagged,402155852895.0,34530183225165.0,34815175852895.0,78200.0,134749960,"2024-04-02 소각 4,231,076주",10537446872000.0,256254.0,69.48,258369.0,69.73,34.5302,34.8152
20240604,28241130000000.0,116639198745.0,28357769198745.0,5611600000000.0,428800000000.0,2024Q1,2024Q1,lagged,402155852895.0,34398169198745.0,34683685852895.0,77300.0,134749960,"2024-04-02 소각 4,231,076주",10416171908000.0,255274.0,69.72,257393.0,69.97,34.3982,34.6837
20240605,28299570000000.0,115822708455.0,28415392708455.0,5611600000000.0,428800000000.0,2024Q1,2024Q1,lagged,402155852895.0,34455792708455.0,34742125852895.0,76800.0,134749960,"2024-04-02 소각 4,231,076주",10348796928000.0,255702.0,69.97,257827.0,70.21,34.4558,34.7421
20240607,30315750000000.0,115715494625.0,30431465494625.0,5611600000000.0,428800000000.0,2024Q1,2024Q1,lagged,402155852895.0,36471865494625.0,36758305852895.0,87500.0,134749960,"2024-04-02 소각 4,231,076주",11790621500000.0,270663.0,67.67,272789.0,67.92,36.4719,36.7583
20240610,30388800000000.0,115405895865.0,30504205895865.0,5611600000000.0,428800000000.0,2024Q1,2024Q1,lagged,402155852895.0,36544605895865.0,36831355852895.0,89800.0,134749960,"2024-04-02 소각 4,231,076주",12100546408000.0,271203.0,66.89,273331.0,67.15,36.5446,36.8314
20240611,31046250000000.0,116302968445.0,31162552968445.0,5611600000000.0,428800000000.0,2024Q1,2024Q1,lagged,402155852895.0,37202952968445.0,37488805852895.0,88100.0,134749960,"2024-04-02 소각 4,231,076주",11871471476000.0,276089.0,68.09,278210.0,68.33,37.203,37.4888
20240612,31411500000000.0,119152117015.0,31530652117015.0,5611600000000.0,428800000000.0,2024Q1,2024Q1,lagged,402155852895.0,37571052117015.0,37854055852895.0,89800.0,134749960,"2024-04-02 소각 4,231,076주",12100546408000.0,278821.0,67.79,280921.0,68.03,37.5711,37.8541
20240613,32434200000000.0,118328332320.0,32552528332320.0,5611600000000.0,428800000000.0,2024Q1,2024Q1,lagged,402155852895.0,38592928332320.0,38876755852895.0,93800.0,134749960,"2024-04-02 소각 4,231,076주",12639546248000.0,286404.0,67.25,288510.0,67.49,38.5929,38.8768
20240614,32288100000000.0,117241261375.0,32405341261375.0,5611600000000.0,428800000000.0,2024Q1,2024Q1,lagged,402155852895.0,38445741261375.0,38730655852895.0,91400.0,134749960,"2024-04-02 소각 4,231,076주",12316146344000.0,285312.0,67.96,287426.0,68.2,38.4457,38.7307
20240617,32580300000000.0,115847137750.0,32696147137750.0,5611600000000.0,428800000000.0,2024Q1,2024Q1,lagged,402155852895.0,38736547137750.0,39022855852895.0,90700.0,134749960,"2024-04-02 소각 4,231,076주",12221821372000.0,287470.0,68.45,289595.0,68.68,38.7365,39.0229
20240618,34260450000000.0,114645558570.0,34375095558570.0,5611600000000.0,428800000000.0,2024Q1,2024Q1,lagged,402155852895.0,40415495558570.0,40703005852895.0,93400.0,134749960,"2024-04-02 소각 4,231,076주",12585646264000.0,299930.0,68.86,302063.0,69.08,40.4155,40.703
20240619,34114350000000.0,111189599045.0,34225539599045.0,5611600000000.0,428800000000.0,2024Q1,2024Q1,lagged,402155852895.0,40265939599045.0,40556905852895.0,98500.0,134749960,"2024-04-02 소각 4,231,076주",13272871060000.0,298820.0,67.04,300979.0,67.27,40.2659,40.5569
20240620,34698750000000.0,110680161435.0,34809430161435.0,5611600000000.0,428800000000.0,2024Q1,2024Q1,lagged,402155852895.0,40849830161435.0,41141305852895.0,98000.0,134749960,"2024-04-02 소각 4,231,076주",13205496080000.0,303153.0,67.67,305316.0,67.9,40.8498,41.1413
20240621,34187400000000.0,107684780930.0,34295084780930.0,5611600000000.0,428800000000.0,2024Q1,2024Q1,lagged,402155852895.0,40335484780930.0,40629955852895.0,97500.0,134749960,"2024-04-02 소각 4,231,076주",13138121100000.0,299336.0,67.43,301521.0,67.66,40.3355,40.63
20240624,32580300000000.0,102266904930.0,32682566904930.0,5611600000000.0,428800000000.0,2024Q1,2024Q1,lagged,402155852895.0,38722966904930.0,39022855852895.0,91200.0,134749960,"2024-04-02 소각 4,231,076주",12289196352000.0,287369.0,68.26,289595.0,68.51,38.723,39.0229
20240625,32872500000000.0,101443120235.0,32973943120235.0,5611600000000.0,428800000000.0,2024Q1,2024Q1,lagged,402155852895.0,39014343120235.0,39315055852895.0,95600.0,134749960,"2024-04-02 소각 4,231,076주",12882096176000.0,289531.0,66.98,291763.0,67.23,39.0143,39.3151
20240626,34625700000000.0,100865486900.0,34726565486900.0,5611600000000.0,428800000000.0,2024Q1,2024Q1,lagged,402155852895.0,40766965486900.0,41068255852895.0,102200.0,134749960,"2024-04-02 소각 4,231,076주",13771445912000.0,302538.0,66.22,304774.0,66.47,40.767,41.0683
20240627,34552650000000.0,99988095290.0,34652638095290.0,5611600000000.0,428800000000.0,2024Q1,2024Q1,lagged,402155852895.0,40693038095290.0,40995205852895.0,102200.0,134749960,"2024-04-02 소각 4,231,076주",13771445912000.0,301989.0,66.16,304232.0,66.41,40.693,40.9952
20240628,34552650000000.0,99442185655.0,34652092185655.0,5611600000000.0,428800000000.0,2024Q1,2024Q1,lagged,402155852895.0,40692492185655.0,40995205852895.0,100000.0,134749960,"2024-04-02 소각 4,231,076주",13474996000000.0,301985.0,66.89,304232.0,67.13,40.6925,40.9952
20240701,34406550000000.0,99663907720.0,34506213907720.0,5627100000000.0,630600000000.0,2024Q2,2024Q2,lagged,99442185655.0,40763913907720.0,40763692185655.0,100500.0,134749960,"2024-04-02 소각 4,231,076주",13542370980000.0,302515.0,66.78,302514.0,66.78,40.7639,40.7637
20240702,33895200000000.0,95596045080.0,33990796045080.0,5627100000000.0,630600000000.0,2024Q2,2024Q2,lagged,99442185655.0,40248496045080.0,40252342185655.0,95500.0,134749960,"2024-04-02 소각 4,231,076주",12868621180000.0,298690.0,68.03,298719.0,68.03,40.2485,40.2523
20240703,34479600000000.0,94123885245.0,34573723885245.0,5627100000000.0,630600000000.0,2024Q2,2024Q2,lagged,99442185655.0,40831423885245.0,40836742185655.0,96500.0,134749960,"2024-04-02 소각 4,231,076주",13003371140000.0,303016.0,68.15,303056.0,68.16,40.8314,40.8367
20240704,33603000000000.0,98642486420.0,33701642486420.0,5627100000000.0,630600000000.0,2024Q2,2024Q2,lagged,99442185655.0,39959342486420.0,39960142185655.0,97300.0,134749960,"2024-04-02 소각 4,231,076주",13111171108000.0,296544.0,67.19,296550.0,67.19,39.9593,39.9601
20240705,34479600000000.0,101635320845.0,34581235320845.0,5627100000000.0,630600000000.0,2024Q2,2024Q2,lagged,99442185655.0,40838935320845.0,40836742185655.0,104200.0,134749960,"2024-04-02 소각 4,231,076주",14040945832000.0,303072.0,65.62,303056.0,65.62,40.8389,40.8367
20240708,34114350000000.0,101559830715.0,34215909830715.0,5627100000000.0,630600000000.0,2024Q2,2024Q2,lagged,99442185655.0,40473609830715.0,40471492185655.0,103000.0,134749960,"2024-04-02 소각 4,231,076주",13879245880000.0,300361.0,65.71,300345.0,65.71,40.4736,40.4715
20240709,34844850000000.0,103261007020.0,34948111007020.0,5627100000000.0,630600000000.0,2024Q2,2024Q2,lagged,99442185655.0,41205811007020.0,41201992185655.0,103200.0,134749960,"2024-04-02 소각 4,231,076주",13906195872000.0,305795.0,66.25,305766.0,66.25,41.2058,41.202
20240710,34917900000000.0,105364407105.0,35023264407105.0,5627100000000.0,630600000000.0,2024Q2,2024Q2,lagged,99442185655.0,41280964407105.0,41275042185655.0,103000.0,134749960,"2024-04-02 소각 4,231,076주",13879245880000.0,306352.0,66.38,306308.0,66.37,41.281,41.275
20240711,35210100000000.0,102632312850.0,35312732312850.0,5627100000000.0,630600000000.0,2024Q2,2024Q2,lagged,99442185655.0,41570432312850.0,41567242185655.0,106700.0,134749960,"2024-04-02 소각 4,231,076주",14377820732000.0,308501.0,65.41,308477.0,65.41,41.5704,41.5672
20240712,34041300000000.0,101262618520.0,34142562618520.0,5627100000000.0,630600000000.0,2024Q2,2024Q2,lagged,99442185655.0,40400262618520.0,40398442185655.0,105300.0,134749960,"2024-04-02 소각 4,231,076주",14189170788000.0,299817.0,64.88,299803.0,64.88,40.4003,40.3984
20240715,33603000000000.0,103124615570.0,33706124615570.0,5627100000000.0,630600000000.0,2024Q2,2024Q2,lagged,99442185655.0,39963824615570.0,39960142185655.0,105500.0,134749960,"2024-04-02 소각 4,231,076주",14216120780000.0,296578.0,64.43,296550.0,64.42,39.9638,39.9601
20240716,34041300000000.0,102325260170.0,34143625260170.0,5627100000000.0,630600000000.0,2024Q2,2024Q2,lagged,99442185655.0,40401325260170.0,40398442185655.0,105500.0,134749960,"2024-04-02 소각 4,231,076주",14216120780000.0,299824.0,64.81,299803.0,64.81,40.4013,40.3984
20240717,32215050000000.0,99151924030.0,32314201924030.0,5627100000000.0,630600000000.0,2024Q2,2024Q2,lagged,99442185655.0,38571901924030.0,38572192185655.0,97100.0,134749960,"2024-04-02 소각 4,231,076주",13084221116000.0,286248.0,66.08,286250.0,66.08,38.5719,38.5722
20240718,31046250000000.0,98259943610.0,31144509943610.0,5627100000000.0,630600000000.0,2024Q2,2024Q2,lagged,99442185655.0,37402209943610.0,37403392185655.0,89000.0,134749960,"2024-04-02 소각 4,231,076주",11992746440000.0,277568.0,67.94,277576.0,67.94,37.4022,37.4034
20240719,30607950000000.0,100570476950.0,30708520476950.0,5627100000000.0,630600000000.0,2024Q2,2024Q2,lagged,99442185655.0,36966220476950.0,36965092185655.0,88000.0,134749960,"2024-04-02 소각 4,231,076주",11857996480000.0,274332.0,67.92,274324.0,67.92,36.9662,36.9651
20240722,29950500000000.0,99229960240.0,30049729960240.0,5627100000000.0,630600000000.0,2024Q2,2024Q2,lagged,99442185655.0,36307429960240.0,36307642185655.0,85700.0,134749960,"2024-04-02 소각 4,231,076주",11548071572000.0,269443.0,68.19,269445.0,68.19,36.3074,36.3076
20240723,29950500000000.0,101230894820.0,30051730894820.0,5627100000000.0,630600000000.0,2024Q2,2024Q2,lagged,99442185655.0,36309430894820.0,36307642185655.0,84700.0,134749960,"2024-04-02 소각 4,231,076주",11413321612000.0,269458.0,68.57,269445.0,68.56,36.3094,36.3076
20240724,30461850000000.0,106349012545.0,30568199012545.0,5627100000000.0,630600000000.0,2024Q2,2024Q2,lagged,99442185655.0,36825899012545.0,36818992185655.0,83800.0,134749960,"2024-04-02 소각 4,231,076주",11292046648000.0,273291.0,69.34,273239.0,69.33,36.8259,36.819
20240725,27759000000000.0,103794873925.0,27862794873925.0,5627100000000.0,630600000000.0,2024Q2,2024Q2,lagged,99442185655.0,34120494873925.0,34116142185655.0,80400.0,134749960,"2024-04-02 소각 4,231,076주",10833896784000.0,253213.0,68.25,253181.0,68.24,34.1205,34.1161
20240726,28021980000000.0,108167243165.0,28130147243165.0,5627100000000.0,630600000000.0,2024Q2,2024Q2,lagged,99442185655.0,34387847243165.0,34379122185655.0,83300.0,134749960,"2024-04-02 소각 4,231,076주",11224671668000.0,255197.0,67.36,255133.0,67.35,34.3878,34.3791
20240729,28577160000000.0,107528708510.0,28684688708510.0,5627100000000.0,630600000000.0,2024Q2,2024Q2,lagged,99442185655.0,34942388708510.0,34934302185655.0,84500.0,134749960,"2024-04-02 소각 4,231,076주",11386371620000.0,259313.0,67.41,259253.0,67.41,34.9424,34.9343
20240730,27598290000000.0,104019142070.0,27702309142070.0,5627100000000.0,630600000000.0,2024Q2,2024Q2,lagged,99442185655.0,33960009142070.0,33955432185655.0,82100.0,134749960,"2024-04-02 소각 4,231,076주",11062971716000.0,252022.0,67.42,251988.0,67.42,33.96,33.9554
20240731,28431060000000.0,102564117125.0,28533624117125.0,5627100000000.0,630600000000.0,2024Q2,2024Q2,lagged,99442185655.0,34791324117125.0,34788202185655.0,86200.0,134749960,"2024-04-02 소각 4,231,076주",11615446552000.0,258192.0,66.61,258169.0,66.61,34.7913,34.7882
20240801,28241130000000.0,102992972445.0,28344122972445.0,5627100000000.0,630600000000.0,2024Q2,2024Q2,lagged,99442185655.0,34601822972445.0,34598272185655.0,83300.0,134749960,"2024-04-02 소각 4,231,076주",11224671668000.0,256785.0,67.56,256759.0,67.56,34.6018,34.5983
20240802,25304520000000.0,96834096285.0,25401354096285.0,5627100000000.0,630600000000.0,2024Q2,2024Q2,lagged,99442185655.0,31659054096285.0,31661662185655.0,75900.0,134749960,"2024-04-02 소각 4,231,076주",10227521964000.0,234947.0,67.69,234966.0,67.7,31.6591,31.6617
20240805,22806210000000.0,82205466790.0,22888415466790.0,5627100000000.0,630600000000.0,2024Q2,2024Q2,lagged,99442185655.0,29146115466790.0,29163352185655.0,70400.0,134749960,"2024-04-02 소각 4,231,076주",9486397184000.0,216298.0,67.45,216426.0,67.47,29.1461,29.1634
20240806,23916570000000.0,85646837505.0,24002216837505.0,5627100000000.0,630600000000.0,2024Q2,2024Q2,lagged,99442185655.0,30259916837505.0,30273712185655.0,74400.0,134749960,"2024-04-02 소각 4,231,076주",10025397024000.0,224563.0,66.87,224666.0,66.88,30.2599,30.2737
20240807,24734730000000.0,88595905500.0,24823325905500.0,5627100000000.0,630600000000.0,2024Q2,2024Q2,lagged,99442185655.0,31081025905500.0,31091872185655.0,75200.0,134749960,"2024-04-02 소각 4,231,076주",10133196992000.0,230657.0,67.4,230738.0,67.41,31.081,31.0919
20240808,23872740000000.0,87231028262.0,23959971028262.0,5627100000000.0,630600000000.0,2024Q2,2024Q2,lagged,99442185655.0,30217671028262.0,30229882185655.0,72200.0,134749960,"2024-04-02 소각 4,231,076주",9728947112000.0,224250.0,67.8,224341.0,67.82,30.2177,30.2299
20240809,25056150000000.0,91106277690.0,25147256277690.0,5627100000000.0,630600000000.0,2024Q2,2024Q2,lagged,99442185655.0,31404956277690.0,31413292185655.0,75700.0,134749960,"2024-04-02 소각 4,231,076주",10200571972000.0,233061.0,67.52,233123.0,67.53,31.405,31.4133
20240812,25859700000000.0,92485812505.0,25952185812505.0,5627100000000.0,630600000000.0,2024Q2,2024Q2,lagged,99442185655.0,32209885812505.0,32216842185655.0,77200.0,134749960,"2024-04-02 소각 4,231,076주",10402696912000.0,239034.0,67.7,239086.0,67.71,32.2099,32.2168
20240813,26575590000000.0,91939902870.0,26667529902870.0,5627100000000.0,630600000000.0,2024Q2,2024Q2,lagged,99442185655.0,32925229902870.0,32932732185655.0,77900.0,134749960,"2024-04-02 소각 4,231,076주",10497021884000.0,244343.0,68.12,244399.0,68.13,32.9252,32.9327
20240814,27276870000000.0,91247761300.0,27368117761300.0,5627100000000.0,630600000000.0,2024Q2,2024Q2,lagged,99442185655.0,33625817761300.0,33634012185655.0,82300.0,134749960,"2024-04-02 소각 4,231,076주",11089921708000.0,249542.0,67.02,249603.0,67.03,33.6258,33.634
20240816,29176170000000.0,91486618255.0,29267656618255.0,5627100000000.0,630600000000.0,2024Q2,2024Q2,lagged,99442185655.0,35525356618255.0,35533312185655.0,88100.0,134749960,"2024-04-02 소각 4,231,076주",11871471476000.0,263639.0,66.58,263698.0,66.59,35.5254,35.5333
20240819,28328790000000.0,91693751510.0,28420483751510.0,5627100000000.0,630600000000.0,2024Q2,2024Q2,lagged,99442185655.0,34678183751510.0,34685932185655.0,86200.0,134749960,"2024-04-02 소각 4,231,076주",11615446552000.0,257352.0,66.51,257410.0,66.51,34.6782,34.6859
20240820,29176170000000.0,93002544520.0,29269172544520.0,5627100000000.0,630600000000.0,2024Q2,2024Q2,lagged,99442185655.0,35526872544520.0,35533312185655.0,89300.0,134749960,"2024-04-02 소각 4,231,076주",12033171428000.0,263650.0,66.13,263698.0,66.14,35.5269,35.5333
20240821,28138860000000.0,92293268060.0,28231153268060.0,5627100000000.0,630600000000.0,2024Q2,2024Q2,lagged,99442185655.0,34488853268060.0,34496002185655.0,84100.0,134749960,"2024-04-02 소각 4,231,076주",11332471636000.0,255947.0,67.14,256000.0,67.15,34.4889,34.496
20240822,27919710000000.0,90545779245.0,28010255779245.0,5627100000000.0,630600000000.0,2024Q2,2024Q2,lagged,99442185655.0,34267955779245.0,34276852185655.0,84800.0,134749960,"2024-04-02 소각 4,231,076주",11426796608000.0,254308.0,66.65,254374.0,66.66,34.268,34.2769
20240823,27101550000000.0,89999869610.0,27191549869610.0,5627100000000.0,630600000000.0,2024Q2,2024Q2,lagged,99442185655.0,33449249869610.0,33458692185655.0,81600.0,134749960,"2024-04-02 소각 4,231,076주",10995596736000.0,248232.0,67.13,248302.0,67.14,33.4492,33.4587
20240826,26239560000000.0,89183379320.0,26328743379320.0,5627100000000.0,630600000000.0,2024Q2,2024Q2,lagged,99442185655.0,32586443379320.0,32596702185655.0,80000.0,134749960,"2024-04-02 소각 4,231,076주",10779996800000.0,241829.0,66.92,241905.0,66.93,32.5864,32.5967
20240827,25567500000000.0,88383955153.0,25655883955153.0,5627100000000.0,630600000000.0,2024Q2,2024Q2,lagged,99442185655.0,31913583955153.0,31924642185655.0,80800.0,134749960,"2024-04-02 소각 4,231,076주",10887796768000.0,236836.0,65.88,236918.0,65.9,31.9136,31.9246
20240828,26195730000000.0,88052541945.0,26283782541945.0,5627100000000.0,630600000000.0,2024Q2,2024Q2,lagged,99442185655.0,32541482541945.0,32552872185655.0,81700.0,134749960,"2024-04-02 소각 4,231,076주",11009071732000.0,241495.0,66.17,241580.0,66.18,32.5415,32.5529
20240829,24793170000000.0,86955768049.0,24880125768049.0,5627100000000.0,630600000000.0,2024Q2,2024Q2,lagged,99442185655.0,31137825768049.0,31150312185655.0,76800.0,134749960,"2024-04-02 소각 4,231,076주",10348796928000.0,231079.0,66.76,231171.0,66.78,31.1378,31.1503
20240830,25377570000000.0,86731568671.0,25464301568671.0,5627100000000.0,630600000000.0,2024Q2,2024Q2,lagged,99442185655.0,31722001568671.0,31734712185655.0,78500.0,134749960,"2024-04-02 소각 4,231,076주",10577871860000.0,235414.0,66.65,235508.0,66.67,31.722,31.7347
20240902,25421400000000.0,87465274426.0,25508865274426.0,5627100000000.0,630600000000.0,2024Q2,2024Q2,lagged,99442185655.0,31766565274426.0,31778542185655.0,78500.0,134749960,"2024-04-02 소각 4,231,076주",10577871860000.0,235745.0,66.7,235833.0,66.71,31.7666,31.7785
20240903,24588630000000.0,87740672173.0,24676370672173.0,5627100000000.0,630600000000.0,2024Q2,2024Q2,lagged,99442185655.0,30934070672173.0,30945772185655.0,80000.0,134749960,"2024-04-02 소각 4,231,076주",10779996800000.0,229566.0,65.15,229653.0,65.16,30.9341,30.9458
20240904,22616280000000.0,84718385060.0,22700998385060.0,5627100000000.0,630600000000.0,2024Q2,2024Q2,lagged,99442185655.0,28958698385060.0,28973422185655.0,72900.0,134749960,"2024-04-02 소각 4,231,076주",9823272084000.0,214907.0,66.08,215016.0,66.1,28.9587,28.9734
20240905,23288340000000.0,84043240846.0,23372383240846.0,5627100000000.0,630600000000.0,2024Q2,2024Q2,lagged,99442185655.0,29630083240846.0,29645482185655.0,72800.0,134749960,"2024-04-02 소각 4,231,076주",9809797088000.0,219889.0,66.89,220004.0,66.91,29.6301,29.6455
20240906,22850040000000.0,80075366398.0,22930115366398.0,5627100000000.0,630600000000.0,2024Q2,2024Q2,lagged,99442185655.0,29187815366398.0,29207182185655.0,70800.0,134749960,"2024-04-02 소각 4,231,076주",9540297168000.0,216607.0,67.31,216751.0,67.34,29.1878,29.2072
20240909,22937700000000.0,81384159408.0,23019084159408.0,5627100000000.0,630600000000.0,2024Q2,2024Q2,lagged,99442185655.0,29276784159408.0,29294842185655.0,70600.0,134749960,"2024-04-02 소각 4,231,076주",9513347176000.0,217267.0,67.51,217401.0,67.53,29.2768,29.2948
20240910,22718550000000.0,81905708515.0,22800455708515.0,5627100000000.0,630600000000.0,2024Q2,2024Q2,lagged,99442185655.0,29058155708515.0,29075692185655.0,71600.0,134749960,"2024-04-02 소각 4,231,076주",9648097136000.0,215645.0,66.8,215775.0,66.82,29.0582,29.0757
20240911,22966920000000.0,80526242467.0,23047446242467.0,5627100000000.0,630600000000.0,2024Q2,2024Q2,lagged,99442185655.0,29305146242467.0,29324062185655.0,72500.0,134749960,"2024-04-02 소각 4,231,076주",9769372100000.0,217478.0,66.66,217618.0,66.68,29.3051,29.3241
20240912,24661680000000.0,83960456311.0,24745640456311.0,5627100000000.0,630600000000.0,2024Q2,2024Q2,lagged,99442185655.0,31003340456311.0,31018822185655.0,77400.0,134749960,"2024-04-02 소각 4,231,076주",10429646904000.0,230081.0,66.36,230195.0,66.38,31.0033,31.0188
20240913,23785080000000.0,85837110938.0,23870917110938.0,5627100000000.0,630600000000.0,2024Q2,2024Q2,lagged,99442185655.0,30128617110938.0,30142222185655.0,77000.0,134749960,"2024-04-02 소각 4,231,076주",10375746920000.0,223589.0,65.56,223690.0,65.58,30.1286,30.1422
20240919,22324080000000.0,88384023920.0,22412464023920.0,5627100000000.0,630600000000.0,2024Q2,2024Q2,lagged,99442185655.0,28670164023920.0,28681222185655.0,72700.0,134749960,"2024-04-02 소각 4,231,076주",9796322092000.0,212766.0,65.83,212848.0,65.84,28.6702,28.6812
20240920,22952310000000.0,87899015605.0,23040209015605.0,5627100000000.0,630600000000.0,2024Q2,2024Q2,lagged,99442185655.0,29297909015605.0,29309452185655.0,75700.0,134749960,"2024-04-02 소각 4,231,076주",10200571972000.0,217424.0,65.18,217510.0,65.2,29.2979,29.3095
20240923,23668200000000.0,87859997500.0,23756059997500.0,5627100000000.0,630600000000.0,2024Q2,2024Q2,lagged,99442185655.0,30013759997500.0,30025342185655.0,79400.0,134749960,"2024-04-02 소각 4,231,076주",10699146824000.0,222737.0,64.35,222823.0,64.37,30.0138,30.0253
20240924,23887350000000.0,88103740314.0,23975453740314.0,5627100000000.0,630600000000.0,2024Q2,2024Q2,lagged,99442185655.0,30233153740314.0,30244492185655.0,82900.0,134749960,"2024-04-02 소각 4,231,076주",11170771684000.0,224365.0,63.05,224449.0,63.07,30.2332,30.2445
20240925,24150330000000.0,87677224773.0,24238007224773.0,5627100000000.0,630600000000.0,2024Q2,2024Q2,lagged,99442185655.0,30495707224773.0,30507472185655.0,77000.0,134749960,"2024-04-02 소각 4,231,076주",10375746920000.0,226313.0,65.98,226401.0,65.99,30.4957,30.5075
20240926,26429490000000.0,89602669223.0,26519092669223.0,5627100000000.0,630600000000.0,2024Q2,2024Q2,lagged,99442185655.0,32776792669223.0,32786632185655.0,85500.0,134749960,"2024-04-02 소각 4,231,076주",11521121580000.0,243242.0,64.85,243315.0,64.86,32.7768,32.7866
20240927,26853180000000.0,89137204344.0,26942317204344.0,5627100000000.0,630600000000.0,2024Q2,2024Q2,lagged,99442185655.0,33200017204344.0,33210322185655.0,85200.0,134749960,"2024-04-02 소각 4,231,076주",11480696592000.0,246382.0,65.42,246459.0,65.43,33.2,33.2103
20240930,25509060000000.0,88155007450.0,25597215007450.0,5627100000000.0,630600000000.0,2024Q2,2024Q2,lagged,99442185655.0,31854915007450.0,31866202185655.0,80800.0,134749960,"2024-04-02 소각 4,231,076주",10887796768000.0,236400.0,65.82,236484.0,65.83,31.8549,31.8662
20241002,24705510000000.0,86877869373.0,24792387869373.0,5446400000000.0,664800000000.0,2024Q3,2024Q3,lagged,88155007450.0,30903587869373.0,30904865007450.0,78200.0,134749960,"2024-04-02 소각 4,231,076주",10537446872000.0,229340.0,65.9,229350.0,65.9,30.9036,30.9049
20241004,25436010000000.0,87094774346.0,25523104774346.0,5446400000000.0,664800000000.0,2024Q3,2024Q3,lagged,88155007450.0,31634304774346.0,31635365007450.0,78600.0,134749960,"2024-04-02 소각 4,231,076주",10591346856000.0,234763.0,66.52,234771.0,66.52,31.6343,31.6354
20241007,27013890000000.0,86022429745.0,27099912429745.0,5446400000000.0,664800000000.0,2024Q3,2024Q3,lagged,88155007450.0,33211112429745.0,33213245007450.0,81000.0,134749960,"2024-04-02 소각 4,231,076주",10914746760000.0,246465.0,67.14,246481.0,67.14,33.2111,33.2132
20241008,26005800000000.0,85505697730.0,26091305697730.0,5446400000000.0,664800000000.0,2024Q3,2024Q3,lagged,88155007450.0,32202505697730.0,32205155007450.0,80800.0,134749960,"2024-04-02 소각 4,231,076주",10887796768000.0,238980.0,66.19,238999.0,66.19,32.2025,32.2052
20241010,27276870000000.0,85008509151.0,27361878509151.0,5446400000000.0,664800000000.0,2024Q3,2024Q3,lagged,88155007450.0,33473078509151.0,33476225007450.0,84100.0,134749960,"2024-04-02 소각 4,231,076주",11332471636000.0,248409.0,66.14,248432.0,66.15,33.4731,33.4762
20241011,27174600000000.0,84170066879.0,27258770066879.0,5446400000000.0,664800000000.0,2024Q3,2024Q3,lagged,88155007450.0,33369970066879.0,33373955007450.0,84500.0,134749960,"2024-04-02 소각 4,231,076주",11386371620000.0,247644.0,65.88,247673.0,65.88,33.37,33.374
20241014,27393750000000.0,83780092130.0,27477530092130.0,5446400000000.0,664800000000.0,2024Q3,2024Q3,lagged,88155007450.0,33588730092130.0,33593105007450.0,86300.0,134749960,"2024-04-02 소각 4,231,076주",11628921548000.0,249267.0,65.38,249300.0,65.38,33.5887,33.5931
20241015,28182690000000.0,83704533233.0,28266394533233.0,5446400000000.0,664800000000.0,2024Q3,2024Q3,lagged,88155007450.0,34377594533233.0,34382045007450.0,86400.0,134749960,"2024-04-02 소각 4,231,076주",11642396544000.0,255121.0,66.13,255154.0,66.14,34.3776,34.382
20241016,27569070000000.0,82013128646.0,27651083128646.0,5446400000000.0,664800000000.0,2024Q3,2024Q3,lagged,88155007450.0,33762283128646.0,33768425007450.0,85000.0,134749960,"2024-04-02 소각 4,231,076주",11453746600000.0,250555.0,66.08,250601.0,66.08,33.7623,33.7684
20241017,28635600000000.0,81632925615.0,28717232925615.0,5446400000000.0,664800000000.0,2024Q3,2024Q3,lagged,88155007450.0,34828432925615.0,34834955007450.0,87000.0,134749960,"2024-04-02 소각 4,231,076주",11723246520000.0,258467.0,66.34,258516.0,66.35,34.8284,34.835
20241018,27364530000000.0,81411134783.0,27445941134783.0,5446400000000.0,664800000000.0,2024Q3,2024Q3,lagged,88155007450.0,33557141134783.0,33563885007450.0,88400.0,134749960,"2024-04-02 소각 4,231,076주",11911896464000.0,249033.0,64.5,249083.0,64.51,33.5571,33.5639
20241021,27890490000000.0,82895543649.0,27973385543649.0,5446400000000.0,664800000000.0,2024Q3,2024Q3,lagged,88155007450.0,34084585543649.0,34089845007450.0,86700.0,134749960,"2024-04-02 소각 4,231,076주",11682821532000.0,252947.0,65.72,252986.0,65.73,34.0846,34.0898
20241022,27437580000000.0,83083202235.0,27520663202235.0,5446400000000.0,664800000000.0,2024Q3,2024Q3,lagged,88155007450.0,33631863202235.0,33636935007450.0,86600.0,134749960,"2024-04-02 소각 4,231,076주",11669346536000.0,249587.0,65.3,249625.0,65.31,33.6319,33.6369
20241023,28635600000000.0,100143823875.0,28735743823875.0,5446400000000.0,664800000000.0,2024Q3,2024Q3,lagged,88155007450.0,34846943823875.0,34834955007450.0,92100.0,134749960,"2024-04-02 소각 4,231,076주",12410471316000.0,258604.0,64.39,258516.0,64.37,34.8469,34.835
20241024,28957020000000.0,104830540200.0,29061850540200.0,5446400000000.0,664800000000.0,2024Q3,2024Q3,lagged,88155007450.0,35173050540200.0,35156375007450.0,90000.0,134749960,"2024-04-02 소각 4,231,076주",12127496400000.0,261025.0,65.52,260901.0,65.5,35.1731,35.1564
20241025,29366100000000.0,105707931810.0,29471807931810.0,5446400000000.0,664800000000.0,2024Q3,2024Q3,lagged,88155007450.0,35583007931810.0,35565455007450.0,95500.0,134749960,"2024-04-02 소각 4,231,076주",12868621180000.0,264067.0,63.83,263937.0,63.82,35.583,35.5655
20241028,28635600000000.0,106994841605.0,28742594841605.0,5446400000000.0,664800000000.0,2024Q3,2024Q3,lagged,88155007450.0,34853794841605.0,34834955007450.0,92700.0,134749960,"2024-04-02 소각 4,231,076주",12491321292000.0,258655.0,64.16,258516.0,64.14,34.8538,34.835
20241029,27802830000000.0,100022021235.0,27902852021235.0,5446400000000.0,664800000000.0,2024Q3,2024Q3,lagged,88155007450.0,34014052021235.0,34002185007450.0,89900.0,134749960,"2024-04-02 소각 4,231,076주",12114021404000.0,252423.0,64.39,252335.0,64.37,34.0141,34.0022
20241030,28489500000000.0,94440778410.0,28583940778410.0,5446400000000.0,664800000000.0,2024Q3,2024Q3,lagged,88155007450.0,34695140778410.0,34688855007450.0,89600.0,134749960,"2024-04-02 소각 4,231,076주",12073596416000.0,257478.0,65.2,257431.0,65.19,34.6951,34.6889
20241031,27218430000000.0,96804918665.0,27315234918665.0,5446400000000.0,664800000000.0,2024Q3,2024Q3,lagged,88155007450.0,33426434918665.0,33417785007450.0,84800.0,134749960,"2024-04-02 소각 4,231,076주",11426796608000.0,248063.0,65.82,247998.0,65.81,33.4264,33.4178
20241101,26619420000000.0,93565932880.0,26712985932880.0,5446400000000.0,664800000000.0,2024Q3,2024Q3,lagged,88155007450.0,32824185932880.0,32818775007450.0,83900.0,134749960,"2024-04-02 소각 4,231,076주",11305521644000.0,243593.0,65.56,243553.0,65.55,32.8242,32.8188
20241104,28343400000000.0,91957450362.0,28435357450362.0,5446400000000.0,664800000000.0,2024Q3,2024Q3,lagged,88155007450.0,34546557450362.0,34542755007450.0,89800.0,134749960,"2024-04-02 소각 4,231,076주",12100546408000.0,256375.0,64.97,256347.0,64.97,34.5466,34.5428
20241105,28226520000000.0,91984425737.0,28318504425737.0,5446400000000.0,664800000000.0,2024Q3,2024Q3,lagged,88155007450.0,34429704425737.0,34425875007450.0,89100.0,134749960,"2024-04-02 소각 4,231,076주",12006221436000.0,255508.0,65.13,255480.0,65.12,34.4297,34.4259
20241106,28606380000000.0,88930552458.0,28695310552458.0,5446400000000.0,664800000000.0,2024Q3,2024Q3,lagged,88155007450.0,34806510552458.0,34805735007450.0,92400.0,134749960,"2024-04-02 소각 4,231,076주",12450896304000.0,258304.0,64.23,258299.0,64.23,34.8065,34.8057
20241107,28840140000000.0,88194506924.0,28928334506924.0,5446400000000.0,664800000000.0,2024Q3,2024Q3,lagged,88155007450.0,35039534506924.0,35039495007450.0,92800.0,134749960,"2024-04-02 소각 4,231,076주",12504796288000.0,260034.0,64.31,260033.0,64.31,35.0395,35.0395
20241108,29293050000000.0,87551086410.0,29380601086410.0,5446400000000.0,664800000000.0,2024Q3,2024Q3,lagged,88155007450.0,35491801086410.0,35492405007450.0,95100.0,134749960,"2024-04-02 소각 4,231,076주",12814721196000.0,263390.0,63.89,263395.0,63.89,35.4918,35.4924
20241111,28138860000000.0,83934099839.0,28222794099839.0,5446400000000.0,664800000000.0,2024Q3,2024Q3,lagged,88155007450.0,34333994099839.0,34338215007450.0,92600.0,134749960,"2024-04-02 소각 4,231,076주",12477846296000.0,254798.0,63.66,254829.0,63.66,34.334,34.3382
20241112,27145380000000.0,80429281724.0,27225809281724.0,5446400000000.0,664800000000.0,2024Q3,2024Q3,lagged,88155007450.0,33337009281724.0,33344735007450.0,89500.0,134749960,"2024-04-02 소각 4,231,076주",12060121420000.0,247399.0,63.82,247456.0,63.83,33.337,33.3447
20241113,26721690000000.0,78121156930.0,26799811156930.0,5446400000000.0,664800000000.0,2024Q3,2024Q3,lagged,88155007450.0,32911011156930.0,32921045007450.0,85600.0,134749960,"2024-04-02 소각 4,231,076주",11534596576000.0,244238.0,64.95,244312.0,64.96,32.911,32.921
20241114,25275300000000.0,76734327710.0,25352034327710.0,5446400000000.0,664800000000.0,2024Q3,2024Q3,lagged,88155007450.0,31463234327710.0,31474655007450.0,78300.0,134749960,"2024-04-02 소각 4,231,076주",10550921868000.0,233493.0,66.47,233578.0,66.48,31.4632,31.4747
20241115,26035020000000.0,79615337514.0,26114635337514.0,5446400000000.0,664800000000.0,2024Q3,2024Q3,lagged,88155007450.0,32225835337514.0,32234375007450.0,77600.0,134749960,"2024-04-02 소각 4,231,076주",10456596896000.0,239153.0,67.55,239216.0,67.56,32.2258,32.2344
20241118,25085370000000.0,82123369925.0,25167493369925.0,5446400000000.0,664800000000.0,2024Q3,2024Q3,lagged,88155007450.0,31278693369925.0,31284725007450.0,78800.0,134749960,"2024-04-02 소각 4,231,076주",10618296848000.0,232124.0,66.05,232169.0,66.06,31.2787,31.2847
20241119,24924660000000.0,82934974356.0,25007594974356.0,5446400000000.0,664800000000.0,2024Q3,2024Q3,lagged,88155007450.0,31118794974356.0,31124015007450.0,78100.0,134749960,"2024-04-02 소각 4,231,076주",10523971876000.0,230937.0,66.18,230976.0,66.19,31.1188,31.124
20241120,24924660000000.0,84848238542.0,25009508238542.0,5446400000000.0,664800000000.0,2024Q3,2024Q3,lagged,88155007450.0,31120708238542.0,31124015007450.0,79800.0,134749960,"2024-04-02 소각 4,231,076주",10753046808000.0,230952.0,65.45,230976.0,65.45,31.1207,31.124
20241121,24661680000000.0,85082209638.0,24746762209638.0,5446400000000.0,664800000000.0,2024Q3,2024Q3,lagged,88155007450.0,30857962209638.0,30861035007450.0,80400.0,134749960,"2024-04-02 소각 4,231,076주",10833896784000.0,229002.0,64.89,229024.0,64.89,30.858,30.861
20241122,25815870000000.0,84833580965.0,25900703580965.0,5446400000000.0,664800000000.0,2024Q3,2024Q3,lagged,88155007450.0,32011903580965.0,32015225007450.0,87500.0,134749960,"2024-04-02 소각 4,231,076주",11790621500000.0,237565.0,63.17,237590.0,63.17,32.0119,32.0152
20241125,25859700000000.0,82094192305.0,25941794192305.0,5446400000000.0,664800000000.0,2024Q3,2024Q3,lagged,88155007450.0,32052994192305.0,32059055007450.0,87700.0,134749960,"2024-04-02 소각 4,231,076주",11817571492000.0,237870.0,63.13,237915.0,63.14,32.053,32.0591
20241126,25874310000000.0,83025190830.0,25957335190830.0,5446400000000.0,664800000000.0,2024Q3,2024Q3,lagged,88155007450.0,32068535190830.0,32073665007450.0,84600.0,134749960,"2024-04-02 소각 4,231,076주",11399846616000.0,237985.0,64.45,238024.0,64.46,32.0685,32.0737
20241127,24588630000000.0,83583280729.0,24672213280729.0,5446400000000.0,664800000000.0,2024Q3,2024Q3,lagged,88155007450.0,30783413280729.0,30787985007450.0,80300.0,134749960,"2024-04-02 소각 4,231,076주",10820421788000.0,228448.0,64.85,228482.0,64.86,30.7834,30.788
20241128,23536710000000.0,82842280569.0,23619552280569.0,5446400000000.0,664800000000.0,2024Q3,2024Q3,lagged,88155007450.0,29730752280569.0,29736065007450.0,74000.0,134749960,"2024-04-02 소각 4,231,076주",9971497040000.0,220636.0,66.46,220676.0,66.47,29.7308,29.7361
20241129,23361390000000.0,80887520965.0,23442277520965.0,5446400000000.0,664800000000.0,2024Q3,2024Q3,lagged,88155007450.0,29553477520965.0,29560745007450.0,73500.0,134749960,"2024-04-02 소각 4,231,076주",9904122060000.0,219321.0,66.49,219375.0,66.5,29.5535,29.5607
20241202,23200680000000.0,80017423760.0,23280697423760.0,5446400000000.0,664800000000.0,2024Q3,2024Q3,lagged,88155007450.0,29391897423760.0,29400035007450.0,72900.0,134749960,"2024-04-02 소각 4,231,076주",9823272084000.0,218122.0,66.58,218182.0,66.59,29.3919,29.4
20241203,24091890000000.0,82610786786.0,24174500786786.0,5446400000000.0,664800000000.0,2024Q3,2024Q3,lagged,88155007450.0,30285700786786.0,30291245007450.0,76500.0,134749960,"2024-04-02 소각 4,231,076주",10308371940000.0,224755.0,65.96,224796.0,65.97,30.2857,30.2912
20241204,24544800000000.0,81282450340.0,24626082450340.0,5446400000000.0,664800000000.0,2024Q3,2024Q3,lagged,88155007450.0,30737282450340.0,30744155007450.0,75100.0,134749960,"2024-04-02 소각 4,231,076주",10119721996000.0,228106.0,67.08,228157.0,67.08,30.7373,30.7442
20241205,25275300000000.0,79803064867.0,25355103064867.0,5446400000000.0,664800000000.0,2024Q3,2024Q3,lagged,88155007450.0,31466303064867.0,31474655007450.0,78900.0,134749960,"2024-04-02 소각 4,231,076주",10631771844000.0,233516.0,66.21,233578.0,66.22,31.4663,31.4747
20241206,24413310000000.0,77122031447.0,24490432031447.0,5446400000000.0,664800000000.0,2024Q3,2024Q3,lagged,88155007450.0,30601632031447.0,30612665007450.0,79400.0,134749960,"2024-04-02 소각 4,231,076주",10699146824000.0,227099.0,65.04,227181.0,65.05,30.6016,30.6127
20241209,24676290000000.0,72646990401.0,24748936990401.0,5446400000000.0,664800000000.0,2024Q3,2024Q3,lagged,88155007450.0,30860136990401.0,30875645007450.0,78800.0,134749960,"2024-04-02 소각 4,231,076주",10618296848000.0,229018.0,65.59,229133.0,65.61,30.8601,30.8756
20241210,24895440000000.0,77828761827.0,24973268761827.0,5446400000000.0,664800000000.0,2024Q3,2024Q3,lagged,88155007450.0,31084468761827.0,31094795007450.0,78200.0,134749960,"2024-04-02 소각 4,231,076주",10537446872000.0,230683.0,66.1,230759.0,66.11,31.0845,31.0948
20241211,25099980000000.0,82622829516.0,25182602829516.0,5446400000000.0,664800000000.0,2024Q3,2024Q3,lagged,88155007450.0,31293802829516.0,31299335007450.0,79200.0,134749960,"2024-04-02 소각 4,231,076주",10672196832000.0,232236.0,65.9,232277.0,65.9,31.2938,31.2993
20241212,25728210000000.0,81533418792.0,25809743418792.0,5446400000000.0,664800000000.0,2024Q3,2024Q3,lagged,88155007450.0,31920943418792.0,31927565007450.0,82500.0,134749960,"2024-04-02 소각 4,231,076주",11116871700000.0,236890.0,65.17,236939.0,65.18,31.9209,31.9276
20241213,25640550000000.0,85084411883.0,25725634411883.0,5446400000000.0,664800000000.0,2024Q3,2024Q3,lagged,88155007450.0,31836834411883.0,31839905007450.0,83300.0,134749960,"2024-04-02 소각 4,231,076주",11224671668000.0,236266.0,64.74,236289.0,64.75,31.8368,31.8399
20241216,26195730000000.0,84711572024.0,26280441572024.0,5446400000000.0,664800000000.0,2024Q3,2024Q3,lagged,88155007450.0,32391641572024.0,32395085007450.0,86300.0,134749960,"2024-04-02 소각 4,231,076주",11628921548000.0,240383.0,64.1,240409.0,64.1,32.3916,32.3951
20241217,26882400000000.0,85147790516.0,26967547790516.0,5446400000000.0,664800000000.0,2024Q3,2024Q3,lagged,88155007450.0,33078747790516.0,33081755007450.0,86800.0,134749960,"2024-04-02 소각 4,231,076주",11696296528000.0,245482.0,64.64,245505.0,64.64,33.0787,33.0818
20241218,26809350000000.0,86417702955.0,26895767702955.0,5446400000000.0,664800000000.0,2024Q3,2024Q3,lagged,88155007450.0,33006967702955.0,33008705007450.0,85500.0,134749960,"2024-04-02 소각 4,231,076주",11521121580000.0,244950.0,65.09,244963.0,65.1,33.007,33.0087
20241219,25567500000000.0,84957792151.0,25652457792151.0,5446400000000.0,664800000000.0,2024Q3,2024Q3,lagged,88155007450.0,31763657792151.0,31766855007450.0,82300.0,134749960,"2024-04-02 소각 4,231,076주",11089921708000.0,235723.0,65.09,235747.0,65.09,31.7637,31.7669
20241220,24617850000000.0,84750590129.0,24702600590129.0,5446400000000.0,664800000000.0,2024Q3,2024Q3,lagged,88155007450.0,30813800590129.0,30817205007450.0,78900.0,134749960,"2024-04-02 소각 4,231,076주",10631771844000.0,228674.0,65.5,228699.0,65.5,30.8138,30.8172
20241223,24778560000000.0,83861018255.0,24862421018255.0,5446400000000.0,664800000000.0,2024Q3,2024Q3,lagged,88155007450.0,30973621018255.0,30977915007450.0,82200.0,134749960,"2024-04-02 소각 4,231,076주",11076446712000.0,229860.0,64.24,229892.0,64.24,30.9736,30.9779
20241224,24617850000000.0,84063334418.0,24701913334418.0,5446400000000.0,664800000000.0,2024Q3,2024Q3,lagged,88155007450.0,30813113334418.0,30817205007450.0,81200.0,134749960,"2024-04-02 소각 4,231,076주",10941696752000.0,228669.0,64.49,228699.0,64.49,30.8131,30.8172
20241226,24851610000000.0,84882233254.0,24936492233254.0,5446400000000.0,664800000000.0,2024Q3,2024Q3,lagged,88155007450.0,31047692233254.0,31050965007450.0,80900.0,134749960,"2024-04-02 소각 4,231,076주",10901271764000.0,230410.0,64.89,230434.0,64.89,31.0477,31.051
20241227,25494450000000.0,81784456011.0,25576234456011.0,5446400000000.0,664800000000.0,2024Q3,2024Q3,lagged,88155007450.0,31687434456011.0,31693805007450.0,79900.0,134749960,"2024-04-02 소각 4,231,076주",10766521804000.0,235157.0,66.02,235205.0,66.03,31.6874,31.6938
20241230,25406790000000.0,83371055314.0,25490161055314.0,5446400000000.0,664800000000.0,2024Q3,2024Q3,lagged,88155007450.0,31601361055314.0,31606145007450.0,79300.0,134749960,"2024-04-02 소각 4,231,076주",10685671828000.0,234519.0,66.19,234554.0,66.19,31.6014,31.6061
20250102,25012320000000.0,86978063866.0,25099298063866.0,4960200000000.0,536200000000.0,2024Q4,2024Q4,lagged,83371055314.0,30595698063866.0,30592091055314.0,78600.0,134749960,"2024-04-02 소각 4,231,076주",10591346856000.0,227055.0,65.38,227029.0,65.38,30.5957,30.5921
20250103,26575590000000.0,85159902013.0,26660749902013.0,4960200000000.0,536200000000.0,2024Q4,2024Q4,lagged,83371055314.0,32157149902013.0,32155361055314.0,84400.0,134749960,"2024-04-02 소각 4,231,076주",11372896624000.0,238643.0,64.63,238630.0,64.63,32.1571,32.1554
20250106,29190780000000.0,84882095720.0,29275662095720.0,4960200000000.0,536200000000.0,2024Q4,2024Q4,lagged,83371055314.0,34772062095720.0,34770551055314.0,93100.0,133548056,"2025-01-06 소각 1,201,904주",12433324013600.0,260371.0,64.24,260360.0,64.24,34.7721,34.7706
20250107,28489500000000.0,84309279477.0,28573809279477.0,4960200000000.0,536200000000.0,2024Q4,2024Q4,lagged,83371055314.0,34070209279477.0,34069271055314.0,93200.0,133548056,"2025-01-06 소각 1,201,904주",12446678819200.0,255116.0,63.47,255109.0,63.47,34.0702,34.0693
20250108,28445670000000.0,85055096729.0,28530725096729.0,4960200000000.0,536200000000.0,2024Q4,2024Q4,lagged,83371055314.0,34027125096729.0,34025441055314.0,94100.0,133548056,"2025-01-06 소각 1,201,904주",12566872069600.0,254793.0,63.07,254781.0,63.07,34.0271,34.0254
20250109,29950500000000.0,84645647311.0,30035145647311.0,4960200000000.0,536200000000.0,2024Q4,2024Q4,lagged,83371055314.0,35531545647311.0,35530271055314.0,93800.0,133548056,"2025-01-06 소각 1,201,904주",12526807652800.0,266058.0,64.74,266049.0,64.74,35.5315,35.5303
20250110,29731350000000.0,84935633868.0,29816285633868.0,4960200000000.0,536200000000.0,2024Q4,2024Q4,lagged,83371055314.0,35312685633868.0,35311121055314.0,94800.0,133548056,"2025-01-06 소각 1,201,904주",12660355708800.0,264419.0,64.15,264408.0,64.15,35.3127,35.3111
20250113,28387230000000.0,83073568051.0,28470303568051.0,4960200000000.0,536200000000.0,2024Q4,2024Q4,lagged,83371055314.0,33966703568051.0,33967001055314.0,91200.0,133548056,"2025-01-06 소각 1,201,904주",12179582707200.0,254341.0,64.14,254343.0,64.14,33.9667,33.967
20250114,28489500000000.0,84119143578.0,28573619143578.0,4960200000000.0,536200000000.0,2024Q4,2024Q4,lagged,83371055314.0,34070019143578.0,34069271055314.0,89700.0,133548056,"2025-01-06 소각 1,201,904주",11979260623200.0,255114.0,64.84,255109.0,64.84,34.07,34.0693
20250115,28957020000000.0,82961468362.0,29039981468362.0,4960200000000.0,536200000000.0,2024Q4,2024Q4,lagged,83371055314.0,34536381468362.0,34536791055314.0,90700.0,133548056,"2025-01-06 소각 1,201,904주",12112808679200.0,258606.0,64.93,258609.0,64.93,34.5364,34.5368
20250116,30681000000000.0,84950222678.0,30765950222678.0,4960200000000.0,536200000000.0,2024Q4,2024Q4,lagged,83371055314.0,36262350222678.0,36260771055314.0,94200.0,133548056,"2025-01-06 소각 1,201,904주",12580226875200.0,271530.0,65.31,271519.0,65.31,36.2624,36.2608
20250117,31338450000000.0,84582199911.0,31423032199911.0,4960200000000.0,536200000000.0,2024Q4,2024Q4,lagged,83371055314.0,36919432199911.0,36918221055314.0,97300.0,133548056,"2025-01-06 소각 1,201,904주",12994225848800.0,276451.0,64.8,276441.0,64.8,36.9194,36.9182
20250120,30973200000000.0,83412344431.0,31056612344431.0,4960200000000.0,536200000000.0,2024Q4,2024Q4,lagged,83371055314.0,36553012344431.0,36552971055314.0,95500.0,133548056,"2025-01-06 소각 1,201,904주",12753839348000.0,273707.0,65.11,273707.0,65.11,36.553,36.553
20250121,31849800000000.0,82067010629.0,31931867010629.0,4960200000000.0,536200000000.0,2024Q4,2024Q4,lagged,83371055314.0,37428267010629.0,37429571055314.0,96000.0,133548056,"2025-01-06 소각 1,201,904주",12820613376000.0,280261.0,65.75,280270.0,65.75,37.4283,37.4296
20250122,32945550000000.0,83339400381.0,33028889400381.0,4960200000000.0,536200000000.0,2024Q4,2024Q4,lagged,83371055314.0,38525289400381.0,38525321055314.0,100700.0,133548056,"2025-01-06 소각 1,201,904주",13448289239200.0,288475.0,65.09,288475.0,65.09,38.5253,38.5253
20250123,32068950000000.0,82600877534.0,32151550877534.0,4960200000000.0,536200000000.0,2024Q4,2024Q4,lagged,83371055314.0,37647950877534.0,37648721055314.0,99500.0,133548056,"2025-01-06 소각 1,201,904주",13288031572000.0,281906.0,64.7,281911.0,64.71,37.648,37.6487
20250124,32288100000000.0,82995669375.0,32371095669375.0,4960200000000.0,536200000000.0,2024Q4,2024Q4,lagged,83371055314.0,37867495669375.0,37867871055314.0,99900.0,133548056,"2025-01-06 소각 1,201,904주",13341450794400.0,283550.0,64.77,283552.0,64.77,37.8675,37.8679
20250131,29103120000000.0,82286392915.0,29185406392915.0,4960200000000.0,536200000000.0,2024Q4,2024Q4,lagged,83371055314.0,34681806392915.0,34682891055314.0,94100.0,133548056,"2025-01-06 소각 1,201,904주",12566872069600.0,259695.0,63.77,259703.0,63.77,34.6818,34.6829
20250203,27890490000000.0,83899692525.0,27974389692525.0,4960200000000.0,536200000000.0,2024Q4,2024Q4,lagged,83371055314.0,33470789692525.0,33470261055314.0,87600.0,133548056,"2025-01-06 소각 1,201,904주",11698809705600.0,250627.0,65.05,250623.0,65.05,33.4708,33.4703
20250204,27919710000000.0,85325539850.0,28005035539850.0,4960200000000.0,536200000000.0,2024Q4,2024Q4,lagged,83371055314.0,33501435539850.0,33499481055314.0,88700.0,133548056,"2025-01-06 소각 1,201,904주",11845712567200.0,250857.0,64.64,250842.0,64.64,33.5014,33.4995
20250205,29044680000000.0,86495464097.0,29131175464097.0,4960200000000.0,536200000000.0,2024Q4,2024Q4,lagged,83371055314.0,34627575464097.0,34624451055314.0,92600.0,133548056,"2025-01-06 소각 1,201,904주",12366549985600.0,259289.0,64.29,259266.0,64.28,34.6276,34.6245
20250206,29731350000000.0,86273673265.0,29817623673265.0,4960200000000.0,536200000000.0,2024Q4,2024Q4,lagged,83371055314.0,35314023673265.0,35311121055314.0,98300.0,133548056,"2025-01-06 소각 1,201,904주",13127773904800.0,264429.0,62.83,264408.0,62.82,35.314,35.3111
20250207,29658300000000.0,85574168523.0,29743874168523.0,4960200000000.0,536200000000.0,2024Q4,2024Q4,lagged,83371055314.0,35240274168523.0,35238071055314.0,95400.0,133548056,"2025-01-06 소각 1,201,904주",12740484542400.0,263877.0,63.85,263861.0,63.84,35.2403,35.2381
20250210,28942410000000.0,85310951040.0,29027720951040.0,4960200000000.0,536200000000.0,2024Q4,2024Q4,lagged,83371055314.0,34524120951040.0,34522181055314.0,93200.0,133548056,"2025-01-06 소각 1,201,904주",12446678819200.0,258515.0,63.95,258500.0,63.95,34.5241,34.5222
20250211,29176170000000.0,84972174660.0,29261142174660.0,4960200000000.0,536200000000.0,2024Q4,2024Q4,lagged,83371055314.0,34757542174660.0,34755941055314.0,93300.0,133548056,"2025-01-06 소각 1,201,904주",12460033624800.0,260262.0,64.15,260250.0,64.15,34.7575,34.7559
20250212,29059290000000.0,84745497969.0,29144035497969.0,4960200000000.0,536200000000.0,2024Q4,2024Q4,lagged,83371055314.0,34640435497969.0,34639061055314.0,94900.0,133548056,"2025-01-06 소각 1,201,904주",12673710514400.0,259386.0,63.41,259375.0,63.41,34.6404,34.6391
20250213,30461850000000.0,84399427184.0,30546249427184.0,4960200000000.0,536200000000.0,2024Q4,2024Q4,lagged,83371055314.0,36042649427184.0,36041621055314.0,97500.0,133548056,"2025-01-06 소각 1,201,904주",13020935460000.0,269885.0,63.87,269878.0,63.87,36.0426,36.0416
20250214,30681000000000.0,85893470234.0,30766893470234.0,4960200000000.0,536200000000.0,2024Q4,2024Q4,lagged,83371055314.0,36263293470234.0,36260771055314.0,100000.0,133548056,"2025-01-06 소각 1,201,904주",13354805600000.0,271537.0,63.17,271519.0,63.17,36.2633,36.2608
20250217,30973200000000.0,86741615457.0,31059941615457.0,4960200000000.0,536200000000.0,2024Q4,2024Q4,lagged,83371055314.0,36556341615457.0,36552971055314.0,99900.0,133548056,"2025-01-06 소각 1,201,904주",13341450794400.0,273732.0,63.5,273707.0,63.5,36.5563,36.553
20250218,30681000000000.0,86926934264.0,30767926934264.0,4960200000000.0,536200000000.0,2024Q4,2024Q4,lagged,83371055314.0,36264326934264.0,36260771055314.0,99100.0,133548056,"2025-01-06 소각 1,201,904주",13234612349600.0,271545.0,63.51,271519.0,63.5,36.2643,36.2608
20250219,31922850000000.0,86108035428.0,32008958035428.0,4960200000000.0,536200000000.0,2024Q4,2024Q4,lagged,83371055314.0,37505358035428.0,37502621055314.0,104300.0,133548056,"2025-01-06 소각 1,201,904주",13929062240800.0,280838.0,62.86,280817.0,62.86,37.5054,37.5026
20250220,30973200000000.0,87219398134.0,31060419398134.0,4960200000000.0,536200000000.0,2024Q4,2024Q4,lagged,83371055314.0,36556819398134.0,36552971055314.0,100900.0,133548056,"2025-01-06 소각 1,201,904주",13474998850400.0,273735.0,63.14,273707.0,63.14,36.5568,36.553
20250221,30607950000000.0,87085415230.0,30695035415230.0,4960200000000.0,536200000000.0,2024Q4,2024Q4,lagged,83371055314.0,36191435415230.0,36187721055314.0,100100.0,133548056,"2025-01-06 소각 1,201,904주",13368160405600.0,270999.0,63.06,270972.0,63.06,36.1914,36.1877
20250224,29950500000000.0,86473718416.0,30036973718416.0,4960200000000.0,536200000000.0,2024Q4,2024Q4,lagged,83371055314.0,35533373718416.0,35530271055314.0,97900.0,133548056,"2025-01-06 소각 1,201,904주",13074354682400.0,266072.0,63.21,266049.0,63.2,35.5334,35.5303
20250225,29293050000000.0,86546800000.0,29379596800000.0,4960200000000.0,536200000000.0,2024Q4,2024Q4,lagged,83371055314.0,34875996800000.0,34872821055314.0,94800.0,133548056,"2025-01-06 소각 1,201,904주",12660355708800.0,261149.0,63.7,261126.0,63.7,34.876,34.8728
20250226,29658300000000.0,86522439472.0,29744822439472.0,4960200000000.0,536200000000.0,2024Q4,2024Q4,lagged,83371055314.0,35241222439472.0,35238071055314.0,96100.0,133548056,"2025-01-06 소각 1,201,904주",12833968181600.0,263884.0,63.58,263861.0,63.58,35.2412,35.2381
20250227,29103120000000.0,85830229135.0,29188950229135.0,4960200000000.0,536200000000.0,2024Q4,2024Q4,lagged,83371055314.0,34685350229135.0,34682891055314.0,94500.0,133548056,"2025-01-06 소각 1,201,904주",12620291292000.0,259722.0,63.61,259703.0,63.61,34.6854,34.6829
20250228,27788220000000.0,84206951506.0,27872426951506.0,4960200000000.0,536200000000.0,2024Q4,2024Q4,lagged,83371055314.0,33368826951506.0,33367991055314.0,90100.0,133548056,"2025-01-06 소각 1,201,904주",12032679845600.0,249864.0,63.94,249858.0,63.94,33.3688,33.368
20250304,27189210000000.0,82405855776.0,27271615855776.0,4960200000000.0,536200000000.0,2024Q4,2024Q4,lagged,83371055314.0,32768015855776.0,32768981055314.0,88900.0,133548056,"2025-01-06 소각 1,201,904주",11872422178400.0,245365.0,63.77,245372.0,63.77,32.768,32.769
20250305,28211910000000.0,83536761918.0,28295446761918.0,4960200000000.0,536200000000.0,2024Q4,2024Q4,lagged,83371055314.0,33791846761918.0,33791681055314.0,91000.0,133548056,"2025-01-06 소각 1,201,904주",12152873096000.0,253031.0,64.04,253030.0,64.04,33.7918,33.7917
20250306,28109640000000.0,85125907301.0,28194765907301.0,4960200000000.0,536200000000.0,2024Q4,2024Q4,lagged,83371055314.0,33691165907301.0,33689411055314.0,90200.0,133548056,"2025-01-06 소각 1,201,904주",12046034651200.0,252277.0,64.25,252264.0,64.24,33.6912,33.6894
20250307,28109640000000.0,82937245368.0,28192577245368.0,4960200000000.0,536200000000.0,2024Q4,2024Q4,lagged,83371055314.0,33688977245368.0,33689411055314.0,89300.0,133548056,"2025-01-06 소각 1,201,904주",11925841400800.0,252261.0,64.6,252264.0,64.6,33.689,33.6894
20250310,27452190000000.0,84387315687.0,27536577315687.0,4960200000000.0,536200000000.0,2024Q4,2024Q4,lagged,83371055314.0,33032977315687.0,33031961055314.0,89200.0,133548056,"2025-01-06 소각 1,201,904주",11912486595200.0,247349.0,63.94,247341.0,63.94,33.033,33.032
20250311,27437580000000.0,89208083683.0,27526788083683.0,4960200000000.0,536200000000.0,2024Q4,2024Q4,lagged,83371055314.0,33023188083683.0,33017351055314.0,87700.0,133548056,"2025-01-06 소각 1,201,904주",11712164511200.0,247276.0,64.53,247232.0,64.53,33.0232,33.0174
20250312,29059290000000.0,91594107153.0,29150884107153.0,4960200000000.0,536200000000.0,2024Q4,2024Q4,lagged,83371055314.0,34647284107153.0,34639061055314.0,92000.0,133548056,"2025-01-06 소각 1,201,904주",12286421152000.0,259437.0,64.54,259375.0,64.53,34.6473,34.6391
20250313,29176170000000.0,90838586950.0,29267008586950.0,4960200000000.0,536200000000.0,2024Q4,2024Q4,lagged,83371055314.0,34763408586950.0,34755941055314.0,92200.0,133548056,"2025-01-06 소각 1,201,904주",12313130763200.0,260306.0,64.58,260250.0,64.57,34.7634,34.7559
20250314,29877450000000.0,86380955862.0,29963830955862.0,4960200000000.0,536200000000.0,2024Q4,2024Q4,lagged,83371055314.0,35460230955862.0,35457221055314.0,93400.0,133548056,"2025-01-06 소각 1,201,904주",12473388430400.0,265524.0,64.82,265502.0,64.82,35.4602,35.4572
20250317,30096600000000.0,86885507613.0,30183485507613.0,4960200000000.0,536200000000.0,2024Q4,2024Q4,lagged,83371055314.0,35679885507613.0,35676371055314.0,93600.0,133548056,"2025-01-06 소각 1,201,904주",12500098041600.0,267169.0,64.97,267143.0,64.96,35.6799,35.6764
20250318,29658300000000.0,86839195103.0,29745139195103.0,4960200000000.0,536200000000.0,2024Q4,2024Q4,lagged,83371055314.0,35241539195103.0,35238071055314.0,93800.0,133548056,"2025-01-06 소각 1,201,904주",12526807652800.0,263887.0,64.45,263861.0,64.45,35.2415,35.2381
20250319,30023550000000.0,85664453764.0,30109214453764.0,4960200000000.0,536200000000.0,2024Q4,2024Q4,lagged,83371055314.0,35605614453764.0,35603321055314.0,94700.0,133548056,"2025-01-06 소각 1,201,904주",12647000903200.0,266613.0,64.48,266596.0,64.48,35.6056,35.6033
20250320,30681000000000.0,84231380801.0,30765231380801.0,4960200000000.0,536200000000.0,2024Q4,2024Q4,lagged,83371055314.0,36261631380801.0,36260771055314.0,98900.0,133548056,"2025-01-06 소각 1,201,904주",13207902738400.0,271525.0,63.58,271519.0,63.58,36.2616,36.2608
20250321,31484550000000.0,83726829050.0,31568276829050.0,4960200000000.0,536200000000.0,2024Q4,2024Q4,lagged,83371055314.0,37064676829050.0,37064321055314.0,101200.0,133548056,"2025-01-06 소각 1,201,904주",13515063267200.0,277538.0,63.54,277535.0,63.54,37.0647,37.0643
20250324,30900150000000.0,83875538298.0,30984025538298.0,4960200000000.0,536200000000.0,2024Q4,2024Q4,lagged,83371055314.0,36480425538298.0,36479921055314.0,100300.0,133548056,"2025-01-06 소각 1,201,904주",13394870016800.0,273163.0,63.28,273160.0,63.28,36.4804,36.4799
20250325,30388800000000.0,83010258185.0,30471810258185.0,4960200000000.0,536200000000.0,2024Q4,2024Q4,lagged,83371055314.0,35968210258185.0,35968571055314.0,99800.0,133548056,"2025-01-06 소각 1,201,904주",13328095988800.0,269328.0,62.94,269331.0,62.95,35.9682,35.9686
20250326,31265400000000.0,83468497426.0,31348868497426.0,4960200000000.0,536200000000.0,2024Q4,2024Q4,lagged,83371055314.0,36845268497426.0,36845171055314.0,99700.0,133548056,"2025-01-06 소각 1,201,904주",13314741183200.0,275895.0,63.86,275894.0,63.86,36.8453,36.8452
20250327,30242700000000.0,82186473490.0,30324886473490.0,4960200000000.0,536200000000.0,2024Q4,2024Q4,lagged,83371055314.0,35821286473490.0,35822471055314.0,97900.0,133548056,"2025-01-06 소각 1,201,904주",13074354682400.0,268228.0,63.5,268237.0,63.5,35.8213,35.8225
20250328,29117730000000.0,80061121423.0,29197791121423.0,4960200000000.0,536200000000.0,2024Q4,2024Q4,lagged,83371055314.0,34694191121423.0,34697501055314.0,96000.0,133548056,"2025-01-06 소각 1,201,904주",12820613376000.0,259788.0,63.05,259813.0,63.05,34.6942,34.6975
20250331,27861270000000.0,76380893753.0,27937650893753.0,4960200000000.0,536200000000.0,2024Q4,2024Q4,lagged,83371055314.0,33434050893753.0,33441041055314.0,93400.0,133548056,"2025-01-06 소각 1,201,904주",12473388430400.0,250352.0,62.69,250405.0,62.7,33.4341,33.441
20250401,28781700000000.0,77918772000.0,28859618772000.0,5126500000000.0,431600000000.0,2025Q1,2025Q1,lagged,76380893753.0,34417718772000.0,34416180893753.0,92900.0,132540858,"2025-04-01 소각 1,007,198주",12313045708200.0,259676.0,64.22,259665.0,64.22,34.4177,34.4162
20250402,28913190000000.0,76683060574.0,28989873060574.0,5126500000000.0,431600000000.0,2025Q1,2025Q1,lagged,76380893753.0,34547973060574.0,34547670893753.0,92900.0,132540858,"2025-04-01 소각 1,007,198주",12313045708200.0,260659.0,64.36,260657.0,64.36,34.548,34.5477
20250403,28431060000000.0,75003836251.0,28506063836251.0,5126500000000.0,431600000000.0,2025Q1,2025Q1,lagged,76380893753.0,34064163836251.0,34065540893753.0,91600.0,132540858,"2025-04-01 소각 1,007,198주",12140742592800.0,257009.0,64.36,257019.0,64.36,34.0642,34.0655
20250404,26619420000000.0,76039640060.0,26695459640060.0,5126500000000.0,431600000000.0,2025Q1,2025Q1,lagged,76380893753.0,32253559640060.0,32253900893753.0,87300.0,132540858,"2025-04-01 소각 1,007,198주",11570816903400.0,243348.0,64.13,243351.0,64.13,32.2536,32.2539
20250407,24077280000000.0,73334177345.0,24150614177345.0,5126500000000.0,431600000000.0,2025Q1,2025Q1,lagged,76380893753.0,29708714177345.0,29711760893753.0,77400.0,132540858,"2025-04-01 소각 1,007,198주",10258662409200.0,224148.0,65.47,224171.0,65.47,29.7087,29.7118
20250408,24763950000000.0,73178173692.0,24837128173692.0,5126500000000.0,431600000000.0,2025Q1,2025Q1,lagged,76380893753.0,30395228173692.0,30398430893753.0,78400.0,132540858,"2025-04-01 소각 1,007,198주",10391203267200.0,229327.0,65.81,229351.0,65.82,30.3952,30.3984
20250409,24106500000000.0,69683127295.0,24176183127295.0,5126500000000.0,431600000000.0,2025Q1,2025Q1,lagged,76380893753.0,29734283127295.0,29740980893753.0,75200.0,132540858,"2025-04-01 소각 1,007,198주",9967072521600.0,224341.0,66.48,224391.0,66.49,29.7343,29.741
20250410,26765520000000.0,75193903383.0,26840713903383.0,5126500000000.0,431600000000.0,2025Q1,2025Q1,lagged,76380893753.0,32398813903383.0,32400000893753.0,85700.0,132540858,"2025-04-01 소각 1,007,198주",11358751530600.0,244444.0,64.94,244453.0,64.94,32.3988,32.4
20250411,26414880000000.0,75908065702.0,26490788065702.0,5126500000000.0,431600000000.0,2025Q1,2025Q1,lagged,76380893753.0,32048888065702.0,32049360893753.0,85100.0,132540858,"2025-04-01 소각 1,007,198주",11279227015800.0,241804.0,64.81,241807.0,64.81,32.0489,32.0494
20250414,26327220000000.0,76717192820.0,26403937192820.0,5126500000000.0,431600000000.0,2025Q1,2025Q1,lagged,76380893753.0,31962037192820.0,31961700893753.0,84100.0,132540858,"2025-04-01 소각 1,007,198주",11146686157800.0,241149.0,65.13,241146.0,65.12,31.962,31.9617
20250415,26385660000000.0,78116202304.0,26463776202304.0,5126500000000.0,431600000000.0,2025Q1,2025Q1,lagged,76380893753.0,32021876202304.0,32020140893753.0,84000.0,132540858,"2025-04-01 소각 1,007,198주",11133432072000.0,241600.0,65.23,241587.0,65.23,32.0219,32.0201
20250416,25421400000000.0,77714047291.0,25499114047291.0,5126500000000.0,431600000000.0,2025Q1,2025Q1,lagged,76380893753.0,31057214047291.0,31055880893753.0,81700.0,132540858,"2025-04-01 소각 1,007,198주",10828588098600.0,234322.0,65.13,234312.0,65.13,31.0572,31.0559
20250417,25567500000000.0,79507917383.0,25647007917383.0,5126500000000.0,431600000000.0,2025Q1,2025Q1,lagged,76380893753.0,31205107917383.0,31201980893753.0,81800.0,132540858,"2025-04-01 소각 1,007,198주",10841842184400.0,235438.0,65.26,235414.0,65.25,31.2051,31.202
20250418,25567500000000.0,80612054451.0,25648112054451.0,5126500000000.0,431600000000.0,2025Q1,2025Q1,lagged,76380893753.0,31206212054451.0,31201980893753.0,82400.0,132540858,"2025-04-01 소각 1,007,198주",10921366699200.0,235446.0,65.0,235414.0,65.0,31.2062,31.202
20250421,25801260000000.0,80880089026.0,25882140089026.0,5126500000000.0,431600000000.0,2025Q1,2025Q1,lagged,76380893753.0,31440240089026.0,31435740893753.0,83700.0,132540858,"2025-04-01 소각 1,007,198주",11093669814600.0,237212.0,64.72,237178.0,64.71,31.4402,31.4357
20250422,25392180000000.0,79612722667.0,25471792722667.0,5126500000000.0,431600000000.0,2025Q1,2025Q1,lagged,76380893753.0,31029892722667.0,31026660893753.0,81700.0,132540858,"2025-04-01 소각 1,007,198주",10828588098600.0,234116.0,65.1,234091.0,65.1,31.0299,31.0267
20250423,26444100000000.0,79929615832.0,26524029615832.0,5126500000000.0,431600000000.0,2025Q1,2025Q1,lagged,76380893753.0,32082129615832.0,32078580893753.0,85500.0,132540858,"2025-04-01 소각 1,007,198주",11332243359000.0,242055.0,64.68,242028.0,64.67,32.0821,32.0786
20250424,26049630000000.0,79800450020.0,26129430450020.0,5126500000000.0,431600000000.0,2025Q1,2025Q1,lagged,76380893753.0,31687530450020.0,31684110893753.0,83700.0,132540858,"2025-04-01 소각 1,007,198주",11093669814600.0,239077.0,64.99,239052.0,64.99,31.6875,31.6841
20250425,26940840000000.0,81543052976.0,27022383052976.0,5126500000000.0,431600000000.0,2025Q1,2025Q1,lagged,76380893753.0,32580483052976.0,32575320893753.0,89700.0,132540858,"2025-04-01 소각 1,007,198주",11888914962600.0,245815.0,63.51,245776.0,63.5,32.5805,32.5753
20250428,26590200000000.0,80490183044.0,26670690183044.0,5126500000000.0,431600000000.0,2025Q1,2025Q1,lagged,76380893753.0,32228790183044.0,32224680893753.0,86700.0,132540858,"2025-04-01 소각 1,007,198주",11491292388600.0,243161.0,64.34,243130.0,64.34,32.2288,32.2247
20250429,26414880000000.0,81487037515.0,26496367037515.0,5126500000000.0,431600000000.0,2025Q1,2025Q1,lagged,76380893753.0,32054467037515.0,32049360893753.0,87200.0,132540858,"2025-04-01 소각 1,007,198주",11557562817600.0,241846.0,63.94,241807.0,63.94,32.0545,32.0494
20250430,25932750000000.0,192937942964.0,26125687942964.0,5126500000000.0,431600000000.0,2025Q1,2025Q1,lagged,76380893753.0,31683787942964.0,31567230893753.0,88900.0,132540858,"2025-04-01 소각 1,007,198주",11782882276200.0,239049.0,62.81,238170.0,62.67,31.6838,31.5672
20250502,27174600000000.0,192697497172.0,27367297497172.0,5126500000000.0,431600000000.0,2025Q1,2025Q1,lagged,76380893753.0,32925397497172.0,32809080893753.0,91300.0,132540858,"2025-04-01 소각 1,007,198주",12100980335400.0,248417.0,63.25,247539.0,63.12,32.9254,32.8091
20250507,27875880000000.0,198351177854.0,28074231177854.0,5126500000000.0,431600000000.0,2025Q1,2025Q1,lagged,76380893753.0,33632331177854.0,33510360893753.0,92300.0,132540858,"2025-04-01 소각 1,007,198주",12233521193400.0,253751.0,63.63,252830.0,63.49,33.6323,33.5104
20250508,27802830000000.0,197226009998.0,28000056009998.0,5126500000000.0,431600000000.0,2025Q1,2025Q1,lagged,76380893753.0,33558156009998.0,33437310893753.0,93000.0,132540858,"2025-04-01 소각 1,007,198주",12326299794000.0,253191.0,63.27,252279.0,63.14,33.5582,33.4373
20250509,27773610000000.0,207243071656.0,27980853071656.0,5126500000000.0,431600000000.0,2025Q1,2025Q1,lagged,76380893753.0,33538953071656.0,33408090893753.0,93700.0,132540858,"2025-04-01 소각 1,007,198주",12419078394600.0,253046.0,62.97,252059.0,62.83,33.539,33.4081
20250512,28489500000000.0,207593210588.0,28697093210588.0,5126500000000.0,431600000000.0,2025Q1,2025Q1,lagged,76380893753.0,34255193210588.0,34123980893753.0,95200.0,132540858,"2025-04-01 소각 1,007,198주",12617889681600.0,258450.0,63.17,257460.0,63.02,34.2552,34.124
20250513,29000850000000.0,214125310663.0,29214975310663.0,5126500000000.0,431600000000.0,2025Q1,2025Q1,lagged,76380893753.0,34773075310663.0,34635330893753.0,99900.0,132540858,"2025-04-01 소각 1,007,198주",13240831714200.0,262357.0,61.92,261318.0,61.77,34.7731,34.6353
20250514,30096600000000.0,213924927076.0,30310524927076.0,5126500000000.0,431600000000.0,2025Q1,2025Q1,lagged,76380893753.0,35868624927076.0,35731080893753.0,103500.0,132540858,"2025-04-01 소각 1,007,198주",13717978803000.0,270623.0,61.75,269585.0,61.61,35.8686,35.7311
20250515,29293050000000.0,214511155683.0,29507561155683.0,5126500000000.0,431600000000.0,2025Q1,2025Q1,lagged,76380893753.0,35065661155683.0,34927530893753.0,100800.0,132540858,"2025-04-01 소각 1,007,198주",13360118486400.0,264565.0,61.9,263523.0,61.75,35.0657,34.9275
20250516,29877450000000.0,210106572576.0,30087556572576.0,5126500000000.0,431600000000.0,2025Q1,2025Q1,lagged,76380893753.0,35645656572576.0,35511930893753.0,102600.0,132540858,"2025-04-01 소각 1,007,198주",13598692030800.0,268941.0,61.85,267932.0,61.71,35.6457,35.5119
20250519,29132340000000.0,218960398669.0,29351300398669.0,5126500000000.0,431600000000.0,2025Q1,2025Q1,lagged,76380893753.0,34909400398669.0,34766820893753.0,99800.0,132540858,"2025-04-01 소각 1,007,198주",13227577628400.0,263386.0,62.11,262310.0,61.95,34.9094,34.7668
20250520,29512200000000.0,221964881684.0,29734164881684.0,5126500000000.0,431600000000.0,2025Q1,2025Q1,lagged,76380893753.0,35292264881684.0,35146680893753.0,101100.0,132540858,"2025-04-01 소각 1,007,198주",13399880743800.0,266275.0,62.03,265176.0,61.87,35.2923,35.1467
20250521,29293050000000.0,224055698404.0,29517105698404.0,5126500000000.0,431600000000.0,2025Q1,2025Q1,lagged,76380893753.0,35075205698404.0,34927530893753.0,100800.0,132540858,"2025-04-01 소각 1,007,198주",13360118486400.0,264637.0,61.91,263523.0,61.75,35.0752,34.9275
20250522,28767090000000.0,221008014593.0,28988098014593.0,5126500000000.0,431600000000.0,2025Q1,2025Q1,lagged,76380893753.0,34546198014593.0,34401570893753.0,98500.0,132540858,"2025-04-01 소각 1,007,198주",13055274513000.0,260646.0,62.21,259554.0,62.05,34.5462,34.4016
20250523,29220000000000.0,266116897466.0,29486116897466.0,5126500000000.0,431600000000.0,2025Q1,2025Q1,lagged,76380893753.0,35044216897466.0,34854480893753.0,99100.0,132540858,"2025-04-01 소각 1,007,198주",13134799027800.0,264403.0,62.52,262972.0,62.32,35.0442,34.8545
20250526,29658300000000.0,265546758642.0,29923846758642.0,5126500000000.0,431600000000.0,2025Q1,2025Q1,lagged,76380893753.0,35481946758642.0,35292780893753.0,102500.0,132540858,"2025-04-01 소각 1,007,198주",13585437945000.0,267706.0,61.71,266279.0,61.51,35.4819,35.2928
20250527,29585250000000.0,265072469426.0,29850322469426.0,5126500000000.0,431600000000.0,2025Q1,2025Q1,lagged,76380893753.0,35408422469426.0,35219730893753.0,100500.0,132540858,"2025-04-01 소각 1,007,198주",13320356229000.0,267151.0,62.38,265727.0,62.18,35.4084,35.2197
20250528,30388800000000.0,274805443191.0,30663605443191.0,5126500000000.0,431600000000.0,2025Q1,2025Q1,lagged,76380893753.0,36221705443191.0,36023280893753.0,108200.0,132540858,"2025-04-01 소각 1,007,198주",14340920835600.0,273287.0,60.41,271790.0,60.19,36.2217,36.0233
20250529,30973200000000.0,272002717024.0,31245202717024.0,5126500000000.0,431600000000.0,2025Q1,2025Q1,lagged,76380893753.0,36803302717024.0,36607680893753.0,113200.0,132540858,"2025-04-01 소각 1,007,198주",15003625125600.0,277675.0,59.23,276199.0,59.02,36.8033,36.6077
20250530,29877450000000.0,256237051454.0,30133687051454.0,5126500000000.0,431600000000.0,2025Q1,2025Q1,lagged,76380893753.0,35691787051454.0,35511930893753.0,114800.0,132540858,"2025-04-01 소각 1,007,198주",15215690498400.0,269289.0,57.37,267932.0,57.15,35.6918,35.5119
20250602,30315750000000.0,246071409065.0,30561821409065.0,5126500000000.0,431600000000.0,2025Q1,2025Q1,lagged,76380893753.0,36119921409065.0,35950230893753.0,110300.0,132540858,"2025-04-01 소각 1,007,198주",14619256637400.0,272519.0,59.53,271239.0,59.33,36.1199,35.9502
20250604,31776750000000.0,241589973646.0,32018339973646.0,5126500000000.0,431600000000.0,2025Q1,2025Q1,lagged,76380893753.0,37576439973646.0,37411230893753.0,124700.0,132540858,"2025-04-01 소각 1,007,198주",16527844992600.0,283508.0,56.02,282262.0,55.82,37.5764,37.4112
20250605,32799450000000.0,242557038404.0,33042007038404.0,5126500000000.0,431600000000.0,2025Q1,2025Q1,lagged,76380893753.0,38600107038404.0,38433930893753.0,129300.0,132540858,"2025-04-01 소각 1,007,198주",17137532939400.0,291232.0,55.6,289978.0,55.41,38.6001,38.4339
20250609,33456900000000.0,242488154356.0,33699388154356.0,5126500000000.0,431600000000.0,2025Q1,2025Q1,lagged,76380893753.0,39257488154356.0,39091380893753.0,128600.0,132540858,"2025-04-01 소각 1,007,198주",17044754338800.0,296192.0,56.58,294938.0,56.4,39.2575,39.0914
20250610,33676050000000.0,246145118302.0,33922195118302.0,5126500000000.0,431600000000.0,2025Q1,2025Q1,lagged,76380893753.0,39480295118302.0,39310530893753.0,129200.0,132540858,"2025-04-01 소각 1,007,198주",17124278853600.0,297873.0,56.63,296592.0,56.44,39.4803,39.3105
20250611,35064000000000.0,244898701417.0,35308898701417.0,5126500000000.0,431600000000.0,2025Q1,2025Q1,lagged,76380893753.0,40866998701417.0,40698480893753.0,138400.0,132540858,"2025-04-01 소각 1,007,198주",18343654747200.0,308335.0,55.11,307064.0,54.93,40.867,40.6985
20250612,34406550000000.0,239136414252.0,34645686414252.0,5126500000000.0,431600000000.0,2025Q1,2025Q1,lagged,76380893753.0,40203786414252.0,40041030893753.0,140600.0,132540858,"2025-04-01 소각 1,007,198주",18635244634800.0,303331.0,53.65,302103.0,53.46,40.2038,40.041
20250613,34406550000000.0,236816252057.0,34643366252057.0,5126500000000.0,431600000000.0,2025Q1,2025Q1,lagged,76380893753.0,40201466252057.0,40041030893753.0,138800.0,132540858,"2025-04-01 소각 1,007,198주",18396671090400.0,303314.0,54.24,302103.0,54.06,40.2015,40.041
20250616,36232800000000.0,233748016940.0,36466548016940.0,5126500000000.0,431600000000.0,2025Q1,2025Q1,lagged,76380893753.0,42024648016940.0,41867280893753.0,149900.0,132540858,"2025-04-01 소각 1,007,198주",19867874614200.0,317069.0,52.72,315882.0,52.55,42.0246,41.8673
20250617,36378900000000.0,238558838689.0,36617458838689.0,5126500000000.0,431600000000.0,2025Q1,2025Q1,lagged,76380893753.0,42175558838689.0,42013380893753.0,153400.0,132540858,"2025-04-01 소각 1,007,198주",20331767617200.0,318208.0,51.79,316984.0,51.61,42.1756,42.0134
20250618,36013650000000.0,237484736248.0,36251134736248.0,5126500000000.0,431600000000.0,2025Q1,2025Q1,lagged,76380893753.0,41809234736248.0,41648130893753.0,148400.0,132540858,"2025-04-01 소각 1,007,198주",19669063327200.0,315444.0,52.96,314229.0,52.77,41.8092,41.6481
20250619,35940600000000.0,243744015382.0,36184344015382.0,5126500000000.0,431600000000.0,2025Q1,2025Q1,lagged,76380893753.0,41742444015382.0,41575080893753.0,148400.0,132540858,"2025-04-01 소각 1,007,198주",19669063327200.0,314940.0,52.88,313677.0,52.69,41.7424,41.5751
20250620,37547700000000.0,245384427901.0,37793084427901.0,5126500000000.0,431600000000.0,2025Q1,2025Q1,lagged,76380893753.0,43351184427901.0,43182180893753.0,155500.0,132540858,"2025-04-01 소각 1,007,198주",20610103419000.0,327078.0,52.46,325803.0,52.27,43.3512,43.1822
20250623,37912950000000.0,246362119973.0,38159312119973.0,5126500000000.0,431600000000.0,2025Q1,2025Q1,lagged,76380893753.0,43717412119973.0,43547430893753.0,163700.0,132540858,"2025-04-01 소각 1,007,198주",21696938454600.0,329841.0,50.37,328559.0,50.18,43.7174,43.5474
20250624,40688850000000.0,249543019923.0,40938393019923.0,5126500000000.0,431600000000.0,2025Q1,2025Q1,lagged,76380893753.0,46496493019923.0,46323330893753.0,181000.0,132540858,"2025-04-01 소각 1,007,198주",23989895298000.0,350809.0,48.4,349502.0,48.21,46.4965,46.3233
20250625,41784600000000.0,247742479483.0,42032342479483.0,5126500000000.0,431600000000.0,2025Q1,2025Q1,lagged,76380893753.0,47590442479483.0,47419080893753.0,192200.0,132540858,"2025-04-01 소각 1,007,198주",25474352907600.0,359062.0,46.47,357770.0,46.28,47.5904,47.4191
20250626,42807300000000.0,234606653541.0,43041906653541.0,5126500000000.0,431600000000.0,2025Q1,2025Q1,lagged,76380893753.0,48600006653541.0,48441780893753.0,187400.0,132540858,"2025-04-01 소각 1,007,198주",24838156789200.0,366679.0,48.89,365486.0,48.73,48.6,48.4418
20250627,41492400000000.0,245233132908.0,41737633132908.0,5126500000000.0,431600000000.0,2025Q1,2025Q1,lagged,76380893753.0,47295733132908.0,47126880893753.0,176300.0,132540858,"2025-04-01 소각 1,007,198주",23366953265400.0,356839.0,50.59,355565.0,50.42,47.2957,47.1269
20250630,42661200000000.0,246149978380.0,42907349978380.0,5126500000000.0,431600000000.0,2025Q1,2025Q1,lagged,76380893753.0,48465449978380.0,48295680893753.0,183000.0,132540858,"2025-04-01 소각 1,007,198주",24254977014000.0,365664.0,49.95,364383.0,49.78,48.4654,48.2957
20250701,41711550000000.0,260361846340.0,41971911846340.0,4480800000000.0,1075300000000.0,2025Q2,2025Q2,lagged,246149978380.0,47528011846340.0,47513799978380.0,185000.0,132540858,"2025-04-01 소각 1,007,198주",24520058730000.0,358591.0,48.41,358484.0,48.39,47.528,47.5138
20250702,40761900000000.0,249224469869.0,41011124469869.0,4480800000000.0,1075300000000.0,2025Q2,2025Q2,lagged,246149978380.0,46567224469869.0,46564149978380.0,176200.0,132540858,"2025-04-01 소각 1,007,198주",23353699179600.0,351342.0,49.85,351319.0,49.85,46.5672,46.5641
20250703,40688850000000.0,264881426248.0,40953731426248.0,4480800000000.0,1075300000000.0,2025Q2,2025Q2,lagged,246149978380.0,46509831426248.0,46491099978380.0,171800.0,132540858,"2025-04-01 소각 1,007,198주",22770519404400.0,350909.0,51.04,350768.0,51.02,46.5098,46.4911
20250704,39520050000000.0,265040141512.0,39785090141512.0,4480800000000.0,1075300000000.0,2025Q2,2025Q2,lagged,246149978380.0,45341190141512.0,45322299978380.0,163200.0,132540858,"2025-04-01 소각 1,007,198주",21630668025600.0,342092.0,52.29,341950.0,52.27,45.3412,45.3223
20250707,39593100000000.0,265151731045.0,39858251731045.0,4480800000000.0,1075300000000.0,2025Q2,2025Q2,lagged,246149978380.0,45414351731045.0,45395349978380.0,162000.0,132540858,"2025-04-01 소각 1,007,198주",21471618996000.0,342644.0,52.72,342501.0,52.7,45.4144,45.3953
20250708,41200200000000.0,269117140622.0,41469317140622.0,4480800000000.0,1075300000000.0,2025Q2,2025Q2,lagged,246149978380.0,47025417140622.0,47002449978380.0,172900.0,132540858,"2025-04-01 소각 1,007,198주",22916314348200.0,354799.0,51.27,354626.0,51.24,47.0254,47.0024
20250709,41054100000000.0,269540208732.0,41323640208732.0,4480800000000.0,1075300000000.0,2025Q2,2025Q2,lagged,246149978380.0,46879740208732.0,46856349978380.0,181200.0,132540858,"2025-04-01 소각 1,007,198주",24016403469600.0,353700.0,48.77,353524.0,48.74,46.8797,46.8563
20250710,43391700000000.0,271516930326.0,43663216930326.0,4480800000000.0,1075300000000.0,2025Q2,2025Q2,lagged,246149978380.0,49219316930326.0,49193949978380.0,183600.0,132540858,"2025-04-01 소각 1,007,198주",24334501528800.0,371352.0,50.56,371161.0,50.53,49.2193,49.1939
20250711,43026450000000.0,273110893096.0,43299560893096.0,4480800000000.0,1075300000000.0,2025Q2,2025Q2,lagged,246149978380.0,48855660893096.0,48828699978380.0,174000.0,132540858,"2025-04-01 소각 1,007,198주",23062109292000.0,368608.0,52.8,368405.0,52.77,48.8557,48.8287
20250714,43830000000000.0,258589774142.0,44088589774142.0,4480800000000.0,1075300000000.0,2025Q2,2025Q2,lagged,246149978380.0,49644689774142.0,49632249978380.0,178300.0,132540858,"2025-04-01 소각 1,007,198주",23632034981400.0,374561.0,52.4,374468.0,52.39,49.6447,49.6322
20250715,43610850000000.0,260039927139.0,43870889927139.0,4480800000000.0,1075300000000.0,2025Q2,2025Q2,lagged,246149978380.0,49426989927139.0,49413099978380.0,173000.0,132540858,"2025-04-01 소각 1,007,198주",22929568434000.0,372919.0,53.61,372814.0,53.6,49.427,49.4131
20250716,43245600000000.0,255940730295.0,43501540730295.0,4480800000000.0,1075300000000.0,2025Q2,2025Q2,lagged,246149978380.0,49057640730295.0,49047849978380.0,174100.0,132540858,"2025-04-01 소각 1,007,198주",23075363377800.0,370132.0,52.96,370058.0,52.95,49.0576,49.0478
20250717,39373950000000.0,264489690585.0,39638439690585.0,4480800000000.0,1075300000000.0,2025Q2,2025Q2,lagged,246149978380.0,45194539690585.0,45176199978380.0,158900.0,132540858,"2025-04-01 소각 1,007,198주",21060742336200.0,340986.0,53.4,340847.0,53.38,45.1945,45.1762
20250718,39300900000000.0,268775781606.0,39569675781606.0,4480800000000.0,1075300000000.0,2025Q2,2025Q2,lagged,246149978380.0,45125775781606.0,45103149978380.0,160500.0,132540858,"2025-04-01 소각 1,007,198주",21272807709000.0,340467.0,52.86,340296.0,52.84,45.1258,45.1031
20250721,39812250000000.0,274982483500.0,40087232483500.0,4480800000000.0,1075300000000.0,2025Q2,2025Q2,lagged,246149978380.0,45643332483500.0,45614499978380.0,161400.0,132540858,"2025-04-01 소각 1,007,198주",21392094481200.0,344372.0,53.13,344154.0,53.1,45.6433,45.6145
20250722,39227850000000.0,265403325272.0,39493253325272.0,4480800000000.0,1075300000000.0,2025Q2,2025Q2,lagged,246149978380.0,45049353325272.0,45030099978380.0,156800.0,132540858,"2025-04-01 소각 1,007,198주",20782406534400.0,339890.0,53.87,339745.0,53.85,45.0494,45.0301
20250723,39300900000000.0,253837254589.0,39554737254589.0,4480800000000.0,1075300000000.0,2025Q2,2025Q2,lagged,246149978380.0,45110837254589.0,45103149978380.0,156000.0,132540858,"2025-04-01 소각 1,007,198주",20676373848000.0,340354.0,54.17,340296.0,54.16,45.1108,45.1031
20250724,39373950000000.0,262164141270.0,39636114141270.0,4480800000000.0,1075300000000.0,2025Q2,2025Q2,lagged,246149978380.0,45192214141270.0,45176199978380.0,152000.0,132540858,"2025-04-01 소각 1,007,198주",20146210416000.0,340968.0,55.42,340847.0,55.41,45.1922,45.1762
20250725,38862600000000.0,262357888500.0,39124957888500.0,4480800000000.0,1075300000000.0,2025Q2,2025Q2,lagged,246149978380.0,44681057888500.0,44664849978380.0,153000.0,132540858,"2025-04-01 소각 1,007,198주",20278751274000.0,337112.0,54.61,336989.0,54.6,44.6811,44.6648
20250728,38278200000000.0,259137170223.0,38537337170223.0,4480800000000.0,1075300000000.0,2025Q2,2025Q2,lagged,246149978380.0,44093437170223.0,44080449978380.0,150200.0,132540858,"2025-04-01 소각 1,007,198주",19907636871600.0,332678.0,54.85,332580.0,54.84,44.0934,44.0804
20250729,38351250000000.0,257192214461.0,38608442214461.0,4480800000000.0,1075300000000.0,2025Q2,2025Q2,lagged,246149978380.0,44164542214461.0,44153499978380.0,149200.0,132540858,"2025-04-01 소각 1,007,198주",19775096013600.0,333215.0,55.22,333131.0,55.21,44.1645,44.1535
20250730,38497350000000.0,258000457874.0,38755350457874.0,4480800000000.0,1075300000000.0,2025Q2,2025Q2,lagged,246149978380.0,44311450457874.0,44299599978380.0,148000.0,132540858,"2025-04-01 소각 1,007,198주",19616046984000.0,334323.0,55.73,334234.0,55.72,44.3115,44.2996
20250731,39958350000000.0,258211897148.0,40216561897148.0,4480800000000.0,1075300000000.0,2025Q2,2025Q2,lagged,246149978380.0,45772661897148.0,45760599978380.0,152100.0,132540858,"2025-04-01 소각 1,007,198주",20159464501800.0,345348.0,55.96,345257.0,55.95,45.7727,45.7606
20250801,37693800000000.0,255720941328.0,37949520941328.0,4480800000000.0,1075300000000.0,2025Q2,2025Q2,lagged,246149978380.0,43505620941328.0,43496049978380.0,140300.0,132540858,"2025-04-01 소각 1,007,198주",18595482377400.0,328243.0,57.26,328171.0,57.25,43.5056,43.496
20250804,37693800000000.0,253198681592.0,37946998681592.0,4480800000000.0,1075300000000.0,2025Q2,2025Q2,lagged,246149978380.0,43503098681592.0,43496049978380.0,140200.0,132540858,"2025-04-01 소각 1,007,198주",18582228291600.0,328224.0,57.29,328171.0,57.28,43.5031,43.496
20250805,38497350000000.0,257152847462.0,38754502847462.0,4480800000000.0,1075300000000.0,2025Q2,2025Q2,lagged,246149978380.0,44310602847462.0,44299599978380.0,143500.0,132540858,"2025-04-01 소각 1,007,198주",19019613123000.0,334317.0,57.08,334234.0,57.07,44.3106,44.2996
20250806,37766850000000.0,264311881650.0,38031161881650.0,4480800000000.0,1075300000000.0,2025Q2,2025Q2,lagged,246149978380.0,43587261881650.0,43569099978380.0,140300.0,132540858,"2025-04-01 소각 1,007,198주",18595482377400.0,328859.0,57.34,328722.0,57.32,43.5873,43.5691
20250807,38278200000000.0,261287275183.0,38539487275183.0,4480800000000.0,1075300000000.0,2025Q2,2025Q2,lagged,246149978380.0,44095587275183.0,44080449978380.0,141900.0,132540858,"2025-04-01 소각 1,007,198주",18807547750200.0,332694.0,57.35,332580.0,57.33,44.0956,44.0804
20250808,37474650000000.0,257018544372.0,37731668544372.0,4480800000000.0,1075300000000.0,2025Q2,2025Q2,lagged,246149978380.0,43287768544372.0,43276899978380.0,139300.0,132540858,"2025-04-01 소각 1,007,198주",18462941519400.0,326599.0,57.35,326517.0,57.34,43.2878,43.2769
20250811,39008700000000.0,264992430868.0,39273692430868.0,4480800000000.0,1075300000000.0,2025Q2,2025Q2,lagged,246149978380.0,44829792430868.0,44810949978380.0,142000.0,132540858,"2025-04-01 소각 1,007,198주",18820801836000.0,338234.0,58.02,338092.0,58.0,44.8298,44.8109
20250812,39300900000000.0,273956638616.0,39574856638616.0,4480800000000.0,1075300000000.0,2025Q2,2025Q2,lagged,246149978380.0,45130956638616.0,45103149978380.0,141500.0,132540858,"2025-04-01 소각 1,007,198주",18754531407000.0,340506.0,58.44,340296.0,58.42,45.131,45.1031
20250813,40615800000000.0,264600646883.0,40880400646883.0,4480800000000.0,1075300000000.0,2025Q2,2025Q2,lagged,246149978380.0,46436500646883.0,46418049978380.0,144600.0,132540858,"2025-04-01 소각 1,007,198주",19165408066800.0,350356.0,58.73,350217.0,58.71,46.4365,46.418
20250814,40396650000000.0,257751943947.0,40654401943947.0,4480800000000.0,1075300000000.0,2025Q2,2025Q2,lagged,246149978380.0,46210501943947.0,46198899978380.0,143700.0,132540858,"2025-04-01 소각 1,007,198주",19046121294600.0,348651.0,58.78,348563.0,58.77,46.2105,46.1989
20250818,39081750000000.0,252059473213.0,39333809473213.0,4480800000000.0,1075300000000.0,2025Q2,2025Q2,lagged,246149978380.0,44889909473213.0,44883999978380.0,137600.0,132540858,"2025-04-01 소각 1,007,198주",18237622060800.0,338687.0,59.37,338643.0,59.37,44.8899,44.884
20250819,38424300000000.0,253211195559.0,38677511195559.0,4480800000000.0,1075300000000.0,2025Q2,2025Q2,lagged,246149978380.0,44233611195559.0,44226549978380.0,140400.0,132540858,"2025-04-01 소각 1,007,198주",18608736463200.0,333736.0,57.93,333682.0,57.92,44.2336,44.2265
20250820,37328550000000.0,239955404746.0,37568505404746.0,4480800000000.0,1075300000000.0,2025Q2,2025Q2,lagged,246149978380.0,43124605404746.0,43130799978380.0,137100.0,132540858,"2025-04-01 소각 1,007,198주",18171351631800.0,325368.0,57.86,325415.0,57.87,43.1246,43.1308
20250821,35794500000000.0,239516677816.0,36034016677816.0,4480800000000.0,1075300000000.0,2025Q2,2025Q2,lagged,246149978380.0,41590116677816.0,41596749978380.0,135200.0,132540858,"2025-04-01 소각 1,007,198주",17919524001600.0,313791.0,56.91,313841.0,56.92,41.5901,41.5967
20250822,36671100000000.0,239571566500.0,36910671566500.0,4480800000000.0,1075300000000.0,2025Q2,2025Q2,lagged,246149978380.0,42466771566500.0,42473349978380.0,135200.0,132540858,"2025-04-01 소각 1,007,198주",17919524001600.0,320405.0,57.8,320455.0,57.81,42.4668,42.4733
20250825,37912950000000.0,248791818022.0,38161741818022.0,4480800000000.0,1075300000000.0,2025Q2,2025Q2,lagged,246149978380.0,43717841818022.0,43715199978380.0,144800.0,132540858,"2025-04-01 소각 1,007,198주",19191916238400.0,329844.0,56.1,329824.0,56.1,43.7178,43.7152
20250826,38205150000000.0,244484304684.0,38449634304684.0,4480800000000.0,1075300000000.0,2025Q2,2025Q2,lagged,246149978380.0,44005734304684.0,44007399978380.0,141200.0,132540858,"2025-04-01 소각 1,007,198주",18714769149600.0,332016.0,57.47,332029.0,57.47,44.0057,44.0074
20250827,37986000000000.0,252405598006.0,38238405598006.0,4480800000000.0,1075300000000.0,2025Q2,2025Q2,lagged,246149978380.0,43794505598006.0,43788249978380.0,139900.0,132540858,"2025-04-01 소각 1,007,198주",18542466034200.0,330423.0,57.66,330375.0,57.65,43.7945,43.7882
20250828,39227850000000.0,256801451771.0,39484651451771.0,4480800000000.0,1075300000000.0,2025Q2,2025Q2,lagged,246149978380.0,45040751451771.0,45030099978380.0,149600.0,132540858,"2025-04-01 소각 1,007,198주",19828112356800.0,339825.0,55.98,339745.0,55.97,45.0408,45.0301
20250829,39300900000000.0,255560108545.0,39556460108545.0,4480800000000.0,1075300000000.0,2025Q2,2025Q2,lagged,246149978380.0,45112560108545.0,45103149978380.0,149000.0,132540858,"2025-04-01 소각 1,007,198주",19748587842000.0,340367.0,56.22,340296.0,56.21,45.1126,45.1031
20250901,37401600000000.0,254303739200.0,37655903739200.0,4480800000000.0,1075300000000.0,2025Q2,2025Q2,lagged,246149978380.0,43212003739200.0,43203849978380.0,145000.0,132540858,"2025-04-01 소각 1,007,198주",19218424410000.0,326028.0,55.53,325966.0,55.52,43.212,43.2038
20250902,38059050000000.0,253350742815.0,38312400742815.0,4480800000000.0,1075300000000.0,2025Q2,2025Q2,lagged,246149978380.0,43868500742815.0,43861299978380.0,143600.0,132540858,"2025-04-01 소각 1,007,198주",19032867208800.0,330981.0,56.61,330927.0,56.61,43.8685,43.8613
20250903,38351250000000.0,254519175557.0,38605769175557.0,4480800000000.0,1075300000000.0,2025Q2,2025Q2,lagged,246149978380.0,44161869175557.0,44153499978380.0,143900.0,132540858,"2025-04-01 소각 1,007,198주",19072629466200.0,333194.0,56.81,333131.0,56.8,44.1619,44.1535
20250904,38789550000000.0,247305093966.0,39036855093966.0,4480800000000.0,1075300000000.0,2025Q2,2025Q2,lagged,246149978380.0,44592955093966.0,44591799978380.0,149400.0,132540858,"2025-04-01 소각 1,007,198주",19801604185200.0,336447.0,55.59,336438.0,55.59,44.593,44.5918
20250905,39958350000000.0,253053859598.0,40211403859598.0,4480800000000.0,1075300000000.0,2025Q2,2025Q2,lagged,246149978380.0,45767503859598.0,45760599978380.0,152800.0,132540858,"2025-04-01 소각 1,007,198주",20252243102400.0,345309.0,55.75,345257.0,55.74,45.7675,45.7606
20250908,40469700000000.0,251736261872.0,40721436261872.0,4480800000000.0,1075300000000.0,2025Q2,2025Q2,lagged,246149978380.0,46277536261872.0,46271949978380.0,153600.0,132540858,"2025-04-01 소각 1,007,198주",20358275788800.0,349157.0,56.01,349115.0,56.0,46.2775,46.2719
20250909,42076800000000.0,249875189699.0,42326675189699.0,4480800000000.0,1075300000000.0,2025Q2,2025Q2,lagged,246149978380.0,47882775189699.0,47879049978380.0,162000.0,132540858,"2025-04-01 소각 1,007,198주",21471618996000.0,361268.0,55.16,361240.0,55.15,47.8828,47.879
20250910,44414400000000.0,262587406310.0,44676987406310.0,4480800000000.0,1075300000000.0,2025Q2,2025Q2,lagged,246149978380.0,50233087406310.0,50216649978380.0,174300.0,132540858,"2025-04-01 소각 1,007,198주",23101871549400.0,379001.0,54.01,378877.0,54.0,50.2331,50.2166
20250911,44852700000000.0,261536651037.0,45114236651037.0,4480800000000.0,1075300000000.0,2025Q2,2025Q2,lagged,246149978380.0,50670336651037.0,50654949978380.0,182100.0,132540858,"2025-04-01 소각 1,007,198주",24135690241800.0,382300.0,52.37,382184.0,52.35,50.6703,50.6549
20250912,47993850000000.0,273910784513.0,48267760784513.0,4480800000000.0,1075300000000.0,2025Q2,2025Q2,lagged,246149978380.0,53823860784513.0,53796099978380.0,197300.0,132540858,"2025-04-01 소각 1,007,198주",26150311283400.0,406093.0,51.42,405883.0,51.39,53.8239,53.7961
20250915,48359100000000.0,305399169649.0,48664499169649.0,4480800000000.0,1075300000000.0,2025Q2,2025Q2,lagged,246149978380.0,54220599169649.0,54161349978380.0,200500.0,132540858,"2025-04-01 소각 1,007,198주",26574442029000.0,409086.0,50.99,408639.0,50.93,54.2206,54.1613
20250916,50842800000000.0,319263227585.0,51162063227585.0,4480800000000.0,1075300000000.0,2025Q2,2025Q2,lagged,246149978380.0,56718163227585.0,56645049978380.0,206000.0,132540858,"2025-04-01 소각 1,007,198주",27303416748000.0,427930.0,51.86,427378.0,51.8,56.7182,56.645
20250917,48724350000000.0,331986601002.0,49056336601002.0,4480800000000.0,1075300000000.0,2025Q2,2025Q2,lagged,246149978380.0,54612436601002.0,54526599978380.0,200500.0,132540858,"2025-04-01 소각 1,007,198주",26574442029000.0,412042.0,51.34,411395.0,51.26,54.6124,54.5266
20250918,51573300000000.0,344872694574.0,51918172694574.0,4480800000000.0,1075300000000.0,2025Q2,2025Q2,lagged,246149978380.0,57474272694574.0,57375549978380.0,208500.0,132540858,"2025-04-01 소각 1,007,198주",27634768893000.0,433634.0,51.92,432890.0,51.84,57.4743,57.3755
20250919,51573300000000.0,349159338807.0,51922459338807.0,4480800000000.0,1075300000000.0,2025Q2,2025Q2,lagged,246149978380.0,57478559338807.0,57375549978380.0,216500.0,132540858,"2025-04-01 소각 1,007,198주",28695095757000.0,433667.0,50.08,432890.0,49.99,57.4786,57.3755
20250922,51281100000000.0,362978688822.0,51644078688822.0,4480800000000.0,1075300000000.0,2025Q2,2025Q2,lagged,246149978380.0,57200178688822.0,57083349978380.0,215500.0,132540858,"2025-04-01 소각 1,007,198주",28562554899000.0,431566.0,50.07,430685.0,49.96,57.2002,57.0833
20250923,52742100000000.0,370403292423.0,53112503292423.0,4480800000000.0,1075300000000.0,2025Q2,2025Q2,lagged,246149978380.0,58668603292423.0,58544349978380.0,220000.0,132540858,"2025-04-01 소각 1,007,198주",29158988760000.0,442645.0,50.3,441708.0,50.19,58.6686,58.5443
20250924,52230750000000.0,384362450000.0,52615112450000.0,4480800000000.0,1075300000000.0,2025Q2,2025Q2,lagged,246149978380.0,58171212450000.0,58032999978380.0,217500.0,132540858,"2025-04-01 소각 1,007,198주",28827636615000.0,438893.0,50.44,437850.0,50.33,58.1712,58.033
20250925,52084650000000.0,380073907608.0,52464723907608.0,4480800000000.0,1075300000000.0,2025Q2,2025Q2,lagged,246149978380.0,58020823907608.0,57886899978380.0,211000.0,132540858,"2025-04-01 소각 1,007,198주",27966121038000.0,437758.0,51.8,436748.0,51.69,58.0208,57.8869
20250926,49162650000000.0,360666904950.0,49523316904950.0,4480800000000.0,1075300000000.0,2025Q2,2025Q2,lagged,246149978380.0,55079416904950.0,54964899978380.0,195300.0,132540858,"2025-04-01 소각 1,007,198주",25885229567400.0,415566.0,53.0,414702.0,52.91,55.0794,54.9649
20250929,50988900000000.0,350094494946.0,51338994494946.0,4480800000000.0,1075300000000.0,2025Q2,2025Q2,lagged,246149978380.0,56895094494946.0,56791149978380.0,197100.0,132540858,"2025-04-01 소각 1,007,198주",26123803111800.0,429265.0,54.08,428480.0,54.0,56.8951,56.7911
20250930,50769750000000.0,338548737382.0,51108298737382.0,4480800000000.0,1075300000000.0,2025Q2,2025Q2,lagged,246149978380.0,56664398737382.0,56571999978380.0,201500.0,132540858,"2025-04-01 소각 1,007,198주",26706982887000.0,427524.0,52.87,426827.0,52.79,56.6644,56.572
20251001,52596000000000.0,327351110729.0,52923351110729.0,4154300000000.0,1088200000000.0,2025Q3,2025Q3,lagged,338548737382.0,58165851110729.0,58177048737382.0,205500.0,132540858,"2025-04-01 소각 1,007,198주",27237146319000.0,438852.0,53.17,438937.0,53.18,58.1659,58.177
20251002,57782550000000.0,333386932513.0,58115936932513.0,4154300000000.0,1088200000000.0,2025Q3,2025Q3,lagged,338548737382.0,63358436932513.0,63363598737382.0,238000.0,132540858,"2025-04-01 소각 1,007,198주",31544724204000.0,478029.0,50.21,478068.0,50.22,63.3584,63.3636
20251010,62530800000000.0,392128501623.0,62922928501623.0,4154300000000.0,1088200000000.0,2025Q3,2025Q3,lagged,338548737382.0,68165428501623.0,68111848737382.0,247000.0,132540858,"2025-04-01 소각 1,007,198주",32737591926000.0,514297.0,51.97,513893.0,51.94,68.1654,68.1118
20251013,60631500000000.0,363291675607.0,60994791675607.0,4154300000000.0,1088200000000.0,2025Q3,2025Q3,lagged,338548737382.0,66237291675607.0,66212548737382.0,245500.0,132540858,"2025-04-01 소각 1,007,198주",32538780639000.0,499750.0,50.88,499563.0,50.86,66.2373,66.2125
20251014,60120150000000.0,410281185463.0,60530431185463.0,4154300000000.0,1088200000000.0,2025Q3,2025Q3,lagged,338548737382.0,65772931185463.0,65701198737382.0,234500.0,132540858,"2025-04-01 소각 1,007,198주",31080831201000.0,496246.0,52.75,495705.0,52.69,65.7729,65.7012
20251015,61727250000000.0,391848604609.0,62119098604609.0,4154300000000.0,1088200000000.0,2025Q3,2025Q3,lagged,338548737382.0,67361598604609.0,67308298737382.0,243500.0,132540858,"2025-04-01 소각 1,007,198주",32273698923000.0,508233.0,52.09,507831.0,52.05,67.3616,67.3083
20251016,66110250000000.0,371253644452.0,66481503644452.0,4154300000000.0,1088200000000.0,2025Q3,2025Q3,lagged,338548737382.0,71724003644452.0,71691298737382.0,257500.0,132540858,"2025-04-01 소각 1,007,198주",34129270935000.0,541146.0,52.42,540900.0,52.39,71.724,71.6913
20251017,68009550000000.0,342240037414.0,68351790037414.0,4154300000000.0,1088200000000.0,2025Q3,2025Q3,lagged,338548737382.0,73594290037414.0,73590598737382.0,257500.0,132540858,"2025-04-01 소각 1,007,198주",34129270935000.0,555257.0,53.63,555230.0,53.62,73.5943,73.5906
20251020,70931550000000.0,332632270205.0,71264182270205.0,4154300000000.0,1088200000000.0,2025Q3,2025Q3,lagged,338548737382.0,76506682270205.0,76512598737382.0,262000.0,132540858,"2025-04-01 소각 1,007,198주",34725704796000.0,577231.0,54.61,577276.0,54.61,76.5067,76.5126
20251021,69981900000000.0,323964709315.0,70305864709315.0,4154300000000.0,1088200000000.0,2025Q3,2025Q3,lagged,338548737382.0,75548364709315.0,75562948737382.0,256000.0,132540858,"2025-04-01 소각 1,007,198주",33930459648000.0,570001.0,55.09,570111.0,55.1,75.5484,75.5629
20251022,70347150000000.0,322349202439.0,70669499202439.0,4154300000000.0,1088200000000.0,2025Q3,2025Q3,lagged,338548737382.0,75911999202439.0,75928198737382.0,258500.0,132540858,"2025-04-01 소각 1,007,198주",34261811793000.0,572744.0,54.87,572866.0,54.88,75.912,75.9282
20251023,69908850000000.0,304884672322.0,70213734672322.0,4154300000000.0,1088200000000.0,2025Q3,2025Q3,lagged,338548737382.0,75456234672322.0,75489898737382.0,253000.0,132540858,"2025-04-01 소각 1,007,198주",33532837074000.0,569305.0,55.56,569559.0,55.58,75.4562,75.4899
20251024,74511000000000.0,321065490181.0,74832065490181.0,4154300000000.0,1088200000000.0,2025Q3,2025Q3,lagged,338548737382.0,80074565490181.0,80092048737382.0,271000.0,132540858,"2025-04-01 소각 1,007,198주",35918572518000.0,604150.0,55.14,604282.0,55.15,80.0746,80.092
20251027,78163500000000.0,325333193713.0,78488833193713.0,4154300000000.0,1088200000000.0,2025Q3,2025Q3,lagged,338548737382.0,83731333193713.0,83744548737382.0,291500.0,132540858,"2025-04-01 소각 1,007,198주",38635660107000.0,631740.0,53.86,631839.0,53.86,83.7313,83.7445
20251028,76118100000000.0,334931536992.0,76453031536992.0,4154300000000.0,1088200000000.0,2025Q3,2025Q3,lagged,338548737382.0,81695531536992.0,81699148737382.0,272000.0,132540858,"2025-04-01 소각 1,007,198주",36051113376000.0,616380.0,55.87,616407.0,55.87,81.6955,81.6991
20251029,81523800000000.0,310978857091.0,81834778857091.0,4154300000000.0,1088200000000.0,2025Q3,2025Q3,lagged,338548737382.0,87077278857091.0,87104848737382.0,275000.0,132540858,"2025-04-01 소각 1,007,198주",36448735950000.0,656984.0,58.14,657192.0,58.16,87.0773,87.1048
20251030,82984800000000.0,325028443466.0,83309828443466.0,4154300000000.0,1088200000000.0,2025Q3,2025Q3,lagged,338548737382.0,88552328443466.0,88565848737382.0,281000.0,132540858,"2025-04-01 소각 1,007,198주",37243981098000.0,668113.0,57.94,668215.0,57.95,88.5523,88.5658
20251031,81669900000000.0,319810539216.0,81989710539216.0,4154300000000.0,1088200000000.0,2025Q3,2025Q3,lagged,338548737382.0,87232210539216.0,87250948737382.0,260000.0,132540858,"2025-04-01 소각 1,007,198주",34460623080000.0,658153.0,60.5,658295.0,60.5,87.2322,87.2509
20251103,90582000000000.0,327302893335.0,90909302893335.0,4154300000000.0,1088200000000.0,2025Q3,2025Q3,lagged,338548737382.0,96151802893335.0,96163048737382.0,282500.0,132540858,"2025-04-01 소각 1,007,198주",37442792385000.0,725450.0,61.06,725535.0,61.06,96.1518,96.163
20251104,85614600000000.0,310050683477.0,85924650683477.0,4154300000000.0,1088200000000.0,2025Q3,2025Q3,lagged,338548737382.0,91167150683477.0,91195648737382.0,274000.0,132540858,"2025-04-01 소각 1,007,198주",36316195092000.0,687842.0,60.17,688057.0,60.18,91.1672,91.1956
20251105,84591900000000.0,291266359490.0,84883166359490.0,4154300000000.0,1088200000000.0,2025Q3,2025Q3,lagged,338548737382.0,90125666359490.0,90172948737382.0,260000.0,132540858,"2025-04-01 소각 1,007,198주",34460623080000.0,679984.0,61.76,680341.0,61.78,90.1257,90.1729
20251106,86637300000000.0,300539254430.0,86937839254430.0,4154300000000.0,1088200000000.0,2025Q3,2025Q3,lagged,338548737382.0,92180339254430.0,92218348737382.0,270000.0,132540858,"2025-04-01 소각 1,007,198주",35786031660000.0,695486.0,61.18,695773.0,61.19,92.1803,92.2183
20251107,84738000000000.0,309360469299.0,85047360469299.0,4154300000000.0,1088200000000.0,2025Q3,2025Q3,lagged,338548737382.0,90289860469299.0,90319048737382.0,279000.0,132540858,"2025-04-01 소각 1,007,198주",36978899382000.0,681223.0,59.04,681443.0,59.06,90.2899,90.319
20251110,88536600000000.0,319336657785.0,88855936657785.0,4154300000000.0,1088200000000.0,2025Q3,2025Q3,lagged,338548737382.0,94098436657785.0,94117648737382.0,290000.0,132540858,"2025-04-01 소각 1,007,198주",38436848820000.0,709958.0,59.15,710103.0,59.16,94.0984,94.1176
20251111,90435900000000.0,306712932163.0,90742612932164.0,4154300000000.0,1088200000000.0,2025Q3,2025Q3,lagged,338548737382.0,95985112932164.0,96016948737382.0,311500.0,132540858,"2025-04-01 소각 1,007,198주",41286477267000.0,724193.0,56.99,724433.0,57.0,95.9851,96.0169
20251112,90143700000000.0,303448029340.0,90447148029340.0,4154300000000.0,1088200000000.0,2025Q3,2025Q3,lagged,338548737382.0,95689648029340.0,95724748737382.0,322500.0,132540858,"2025-04-01 소각 1,007,198주",42744426705000.0,721963.0,55.33,722228.0,55.35,95.6896,95.7247
20251113,89413200000000.0,289690058782.0,89702890058782.0,4154300000000.0,1088200000000.0,2025Q3,2025Q3,lagged,338548737382.0,94945390058782.0,94994248737382.0,323500.0,132540858,"2025-04-01 소각 1,007,198주",42876967563000.0,716348.0,54.84,716717.0,54.86,94.9454,94.9942
20251114,81816000000000.0,268068804779.0,82084068804779.0,4154300000000.0,1088200000000.0,2025Q3,2025Q3,lagged,338548737382.0,87326568804779.0,87397048737382.0,291000.0,132540858,"2025-04-01 소각 1,007,198주",38569389678000.0,658865.0,55.83,659397.0,55.87,87.3266,87.397
20251117,88536600000000.0,271670451201.0,88808270451201.0,4154300000000.0,1088200000000.0,2025Q3,2025Q3,lagged,338548737382.0,94050770451201.0,94117648737382.0,304500.0,132540858,"2025-04-01 소각 1,007,198주",40358691261000.0,709598.0,57.09,710103.0,57.12,94.0508,94.1176
20251118,83277000000000.0,273887163076.0,83550887163076.0,4154300000000.0,1088200000000.0,2025Q3,2025Q3,lagged,338548737382.0,88793387163076.0,88858048737382.0,283500.0,132540858,"2025-04-01 소각 1,007,198주",37575333243000.0,669932.0,57.68,670420.0,57.71,88.7934,88.858
20251119,82108200000000.0,279470333798.0,82387670333798.0,4154300000000.0,1088200000000.0,2025Q3,2025Q3,lagged,338548737382.0,87630170333798.0,87689248737382.0,283000.0,132540858,"2025-04-01 소각 1,007,198주",37509062814000.0,661156.0,57.2,661602.0,57.23,87.6302,87.6892
20251120,83423100000000.0,276066214361.0,83699166214361.0,4154300000000.0,1088200000000.0,2025Q3,2025Q3,lagged,338548737382.0,88941666214361.0,89004148737382.0,293500.0,132540858,"2025-04-01 소각 1,007,198주",38900741823000.0,671051.0,56.26,671522.0,56.29,88.9417,89.0041
20251121,76118100000000.0,246505451497.0,76364605451497.0,4154300000000.0,1088200000000.0,2025Q3,2025Q3,lagged,338548737382.0,81607105451497.0,81699148737382.0,266000.0,132540858,"2025-04-01 소각 1,007,198주",35255868228000.0,615713.0,56.8,616407.0,56.85,81.6071,81.6991
20251124,75972000000000.0,249080200617.0,76221080200617.0,4154300000000.0,1088200000000.0,2025Q3,2025Q3,lagged,338548737382.0,81463580200617.0,81553048737382.0,276000.0,132087115,"2025-11-24 소각 453,743주",36456043740000.0,616741.0,55.25,617419.0,55.3,81.4636,81.553
20251125,75825900000000.0,269419012069.0,76095319012069.0,4154300000000.0,1088200000000.0,2025Q3,2025Q3,lagged,338548737382.0,81337819012069.0,81406948737382.0,290500.0,132087115,"2025-11-24 소각 453,743주",38371306907500.0,615789.0,52.82,616313.0,52.86,81.3378,81.4069
20251126,76556400000000.0,270547369165.0,76826947369165.0,4154300000000.0,1088200000000.0,2025Q3,2025Q3,lagged,338548737382.0,82069447369165.0,82137448737382.0,291000.0,132087115,"2025-11-24 소각 453,743주",38437350465000.0,621328.0,53.16,621843.0,53.2,82.0694,82.1374
20251127,79478400000000.0,269714223541.0,79748114223541.0,4154300000000.0,1088200000000.0,2025Q3,2025Q3,lagged,338548737382.0,84990614223541.0,85059448737382.0,301000.0,132087115,"2025-11-24 소각 453,743주",39758221615000.0,643444.0,53.22,643965.0,53.26,84.9906,85.0594
20251128,77433000000000.0,250264231497.0,77683264231497.0,4154300000000.0,1088200000000.0,2025Q3,2025Q3,lagged,338548737382.0,82925764231497.0,83014048737382.0,298000.0,132087115,"2025-11-24 소각 453,743주",39361960270000.0,627811.0,52.53,628480.0,52.58,82.9258,83.014
20251201,78601800000000.0,259837382028.0,78861637382028.0,4154300000000.0,1088200000000.0,2025Q3,2025Q3,lagged,338548737382.0,84104137382028.0,84182848737382.0,302000.0,132087115,"2025-11-24 소각 453,743주",39890308730000.0,636732.0,52.57,637328.0,52.61,84.1041,84.1828
20251202,81523800000000.0,251980880186.0,81775780880186.0,4154300000000.0,1088200000000.0,2025Q3,2025Q3,lagged,338548737382.0,87018280880186.0,87104848737382.0,308500.0,132087115,"2025-11-24 소각 453,743주",40748874977500.0,658795.0,53.17,659450.0,53.22,87.0183,87.1048
20251203,80647200000000.0,251241190935.0,80898441190935.0,4154300000000.0,1088200000000.0,2025Q3,2025Q3,lagged,338548737382.0,86140941190935.0,86228248737382.0,310500.0,132087115,"2025-11-24 소각 453,743주",41013049207500.0,652152.0,52.39,652813.0,52.44,86.1409,86.2282
20251204,79186200000000.0,257432452972.0,79443632452972.0,4154300000000.0,1088200000000.0,2025Q3,2025Q3,lagged,338548737382.0,84686132452972.0,84767248737382.0,312500.0,132087115,"2025-11-24 소각 453,743주",41277223437500.0,641138.0,51.26,641753.0,51.31,84.6861,84.7672
20251205,79478400000000.0,284763816972.0,79763163816972.0,4154300000000.0,1088200000000.0,2025Q3,2025Q3,lagged,338548737382.0,85005663816972.0,85059448737382.0,302000.0,132087115,"2025-11-24 소각 453,743주",39890308730000.0,643558.0,53.07,643965.0,53.1,85.0057,85.0594
20251208,84299700000000.0,275398489760.0,84575098489760.0,4154300000000.0,1088200000000.0,2025Q3,2025Q3,lagged,338548737382.0,89817598489760.0,89880748737382.0,322000.0,132087115,"2025-11-24 소각 453,743주",42532051030000.0,679988.0,52.65,680466.0,52.68,89.8176,89.8807
20251209,82692600000000.0,281241476447.0,82973841476447.0,4154300000000.0,1088200000000.0,2025Q3,2025Q3,lagged,338548737382.0,88216341476447.0,88273648737382.0,323000.0,132087115,"2025-11-24 소각 453,743주",42664138145000.0,667865.0,51.64,668299.0,51.67,88.2163,88.2736
20251210,85760700000000.0,281941962306.0,86042641962306.0,4154300000000.0,1088200000000.0,2025Q3,2025Q3,lagged,338548737382.0,91285141962306.0,91341748737382.0,324000.0,132087115,"2025-11-24 소각 453,743주",42796225260000.0,691098.0,53.12,691527.0,53.15,91.2851,91.3417
20251211,82546500000000.0,270880248809.0,82817380248809.0,4154300000000.0,1088200000000.0,2025Q3,2025Q3,lagged,338548737382.0,88059880248809.0,88127548737382.0,307500.0,132087115,"2025-11-24 소각 453,743주",40616787862500.0,666680.0,53.88,667193.0,53.91,88.0599,88.1275
20251212,83423100000000.0,273765404877.0,83696865404877.0,4154300000000.0,1088200000000.0,2025Q3,2025Q3,lagged,338548737382.0,88939365404877.0,89004148737382.0,308000.0,132087115,"2025-11-24 소각 453,743주",40682831420000.0,673339.0,54.26,673829.0,54.29,88.9394,89.0041
20251215,80939400000000.0,265812125717.0,81205212125717.0,4154300000000.0,1088200000000.0,2025Q3,2025Q3,lagged,338548737382.0,86447712125717.0,86520448737382.0,292500.0,132087115,"2025-11-24 소각 453,743주",38635481137500.0,654475.0,55.31,655026.0,55.35,86.4477,86.5204
20251216,77433000000000.0,247224295117.0,77680224295117.0,4154300000000.0,1088200000000.0,2025Q3,2025Q3,lagged,338548737382.0,82922724295117.0,83014048737382.0,281000.0,132087115,"2025-11-24 소각 453,743주",37116479315000.0,627788.0,55.24,628480.0,55.29,82.9227,83.014
20251217,80501100000000.0,262804059927.0,80763904059927.0,4154300000000.0,1088200000000.0,2025Q3,2025Q3,lagged,338548737382.0,86006404059927.0,86082148737382.0,283000.0,132087115,"2025-11-24 소각 453,743주",37380653545000.0,651134.0,56.54,651707.0,56.58,86.0064,86.0821
20251218,80647200000000.0,246592734084.0,80893792734084.0,4154300000000.0,1088200000000.0,2025Q3,2025Q3,lagged,338548737382.0,86136292734084.0,86228248737382.0,290500.0,132087115,"2025-11-24 소각 453,743주",38371306907500.0,652117.0,55.45,652813.0,55.5,86.1363,86.2282
20251219,79916700000000.0,249357943671.0,80166057943671.0,4154300000000.0,1088200000000.0,2025Q3,2025Q3,lagged,338548737382.0,85408557943671.0,85497748737382.0,290500.0,132087115,"2025-11-24 소각 453,743주",38371306907500.0,646608.0,55.07,647283.0,55.12,85.4086,85.4977
20251222,84738000000000.0,257543911603.0,84995543911603.0,4154300000000.0,1088200000000.0,2025Q3,2025Q3,lagged,338548737382.0,90238043911603.0,90319048737382.0,315000.0,132087115,"2025-11-24 소각 453,743주",41607441225000.0,683171.0,53.89,683784.0,53.93,90.238,90.319
20251223,85322400000000.0,278877170836.0,85601277170836.0,4154300000000.0,1088200000000.0,2025Q3,2025Q3,lagged,338548737382.0,90843777170836.0,90903448737382.0,315000.0,132087115,"2025-11-24 소각 453,743주",41607441225000.0,687757.0,54.2,688208.0,54.23,90.8438,90.9034
20251224,85906800000000.0,268918346692.0,86175718346692.0,4154300000000.0,1088200000000.0,2025Q3,2025Q3,lagged,338548737382.0,91418218346692.0,91487848737382.0,321000.0,132087115,"2025-11-24 소각 453,743주",42399963915000.0,692105.0,53.62,692633.0,53.66,91.4182,91.4878
20251226,87513900000000.0,257392571139.0,87771292571139.0,4154300000000.0,1088200000000.0,2025Q3,2025Q3,lagged,338548737382.0,93013792571139.0,93094948737382.0,334500.0,132087115,"2025-11-24 소각 453,743주",44183139967500.0,704185.0,52.5,704800.0,52.54,93.0138,93.0949
20251229,93504000000000.0,240482463966.0,93744482463966.0,4154300000000.0,1088200000000.0,2025Q3,2025Q3,lagged,338548737382.0,98986982463966.0,99085048737382.0,346000.0,132087115,"2025-11-24 소각 453,743주",45702141790000.0,749407.0,53.83,750149.0,53.88,98.987,99.085
20251230,95111100000000.0,236170499102.0,95347270499102.0,4154300000000.0,1088200000000.0,2025Q3,2025Q3,lagged,338548737382.0,100589770499102.0,100692148737382.0,368000.0,132087115,"2025-11-24 소각 453,743주",48608058320000.0,761541.0,51.68,762316.0,51.73,100.5898,100.6921
20260102,98909700000000.0,206297700984.0,99115997700984.0,4093500000000.0,769000000000.0,2025Q4,2025Q4,lagged,236170499102.0,103978497700984.0,104008370499102.0,392000.0,132087115,"2025-11-24 소각 453,743주",51778149080000.0,787196.0,50.2,787423.0,50.22,103.9785,104.0084
20260105,101685600000000.0,212917358226.0,101898517358226.0,4093500000000.0,769000000000.0,2025Q4,2025Q4,lagged,236170499102.0,106761017358226.0,106784270499102.0,416000.0,132087115,"2025-11-24 소각 453,743주",54948239840000.0,808262.0,48.53,808438.0,48.54,106.761,106.7843
20260106,106068600000000.0,221345815719.0,106289945815719.0,4093500000000.0,769000000000.0,2025Q4,2025Q4,lagged,236170499102.0,111152445815719.0,111167270499102.0,432000.0,132087115,"2025-11-24 소각 453,743주",57061633680000.0,841509.0,48.66,841621.0,48.67,111.1524,111.1673
20260107,108406200000000.0,229518489521.0,108635718489521.0,4093500000000.0,769000000000.0,2025Q4,2025Q4,lagged,236170499102.0,113498218489521.0,113504870499102.0,429500.0,132087115,"2025-11-24 소각 453,743주",56731415892500.0,859268.0,50.02,859318.0,50.02,113.4982,113.5049
20260108,110451600000000.0,225293915537.0,110676893915537.0,4093500000000.0,769000000000.0,2025Q4,2025Q4,lagged,236170499102.0,115539393915537.0,115550270499102.0,430500.0,132087115,"2025-11-24 소각 453,743주",56863503007500.0,874721.0,50.78,874803.0,50.79,115.5394,115.5503
20260109,108698400000000.0,229332987828.0,108927732987828.0,4093500000000.0,769000000000.0,2025Q4,2025Q4,lagged,236170499102.0,113790232987828.0,113797070499102.0,430500.0,132087115,"2025-11-24 소각 453,743주",56863503007500.0,861479.0,50.03,861530.0,50.03,113.7902,113.7971
20260112,109428900000000.0,225776356210.0,109654676356210.0,4093500000000.0,769000000000.0,2025Q4,2025Q4,lagged,236170499102.0,114517176356210.0,114527570499102.0,427500.0,132087115,"2025-11-24 소각 453,743주",56467241662500.0,866982.0,50.69,867061.0,50.7,114.5172,114.5276
20260113,107821800000000.0,232821035043.0,108054621035043.0,4093500000000.0,769000000000.0,2025Q4,2025Q4,lagged,236170499102.0,112917121035043.0,112920470499102.0,426500.0,132087115,"2025-11-24 소각 453,743주",56335154547500.0,854869.0,50.11,854894.0,50.11,112.9171,112.9205
20260114,108406200000000.0,226478066170.0,108632678066170.0,4093500000000.0,769000000000.0,2025Q4,2025Q4,lagged,236170499102.0,113495178066170.0,113504870499102.0,435500.0,132087115,"2025-11-24 소각 453,743주",57523938582500.0,859245.0,49.32,859318.0,49.32,113.4952,113.5049
20260115,109428900000000.0,233625296394.0,109662525296394.0,4093500000000.0,769000000000.0,2025Q4,2025Q4,lagged,236170499102.0,114525025296394.0,114527570499102.0,429500.0,132087115,"2025-11-24 소각 453,743주",56731415892500.0,867042.0,50.46,867061.0,50.46,114.525,114.5276
20260116,110451600000000.0,219644655880.0,110671244655880.0,4093500000000.0,769000000000.0,2025Q4,2025Q4,lagged,236170499102.0,115533744655880.0,115550270499102.0,446500.0,132087115,"2025-11-24 소각 453,743주",58976896847500.0,874678.0,48.95,874803.0,48.96,115.5337,115.5503
20260119,111620400000000.0,232592749757.0,111852992749757.0,4093500000000.0,769000000000.0,2025Q4,2025Q4,lagged,236170499102.0,116715492749757.0,116719070499102.0,435500.0,132087115,"2025-11-24 소각 453,743주",57523938582500.0,883625.0,50.71,883652.0,50.72,116.7155,116.7191
20260120,108552300000000.0,233175712696.0,108785475712696.0,4093500000000.0,769000000000.0,2025Q4,2025Q4,lagged,236170499102.0,113647975712696.0,113650970499102.0,427000.0,132087115,"2025-11-24 소각 453,743주",56401198105000.0,860402.0,50.37,860424.0,50.37,113.648,113.651
20260121,108114000000000.0,233585176100.0,108347585176100.0,4093500000000.0,769000000000.0,2025Q4,2025Q4,lagged,236170499102.0,113210085176100.0,113212670499102.0,430000.0,132087115,"2025-11-24 소각 453,743주",56797459450000.0,857087.0,49.83,857106.0,49.83,113.2101,113.2127
20260122,110305500000000.0,222414559665.0,110527914559665.0,4093500000000.0,769000000000.0,2025Q4,2025Q4,lagged,236170499102.0,115390414559665.0,115404170499102.0,446500.0,132087115,"2025-11-24 소각 453,743주",58976896847500.0,873593.0,48.89,873697.0,48.9,115.3904,115.4042
20260123,112058700000000.0,226526093568.0,112285226093568.0,4093500000000.0,769000000000.0,2025Q4,2025Q4,lagged,236170499102.0,117147726093568.0,117157370499102.0,445500.0,132087115,"2025-11-24 소각 453,743주",58844809732500.0,886897.0,49.77,886970.0,49.77,117.1477,117.1574
20260126,107529600000000.0,215325607642.0,107744925607642.0,4093500000000.0,769000000000.0,2025Q4,2025Q4,lagged,236170499102.0,112607425607642.0,112628270499102.0,441000.0,132087115,"2025-11-24 소각 453,743주",58250417715000.0,852524.0,48.27,852682.0,48.28,112.6074,112.6283
20260127,116880000000000.0,198963647098.0,117078963647098.0,4093500000000.0,769000000000.0,2025Q4,2025Q4,lagged,236170499102.0,121941463647098.0,121978670499102.0,473000.0,132087115,"2025-11-24 소각 453,743주",62477205395000.0,923190.0,48.76,923471.0,48.78,121.9415,121.9787
20260128,122870100000000.0,206547401814.0,123076647401814.0,4093500000000.0,769000000000.0,2025Q4,2025Q4,lagged,236170499102.0,127939147401814.0,127968770499102.0,504000.0,132087115,"2025-11-24 소각 453,743주",66571905960000.0,968597.0,47.97,968821.0,47.98,127.9391,127.9688
20260129,125792100000000.0,206848878995.0,125998948878995.0,4093500000000.0,769000000000.0,2025Q4,2025Q4,lagged,236170499102.0,130861448878995.0,130890770499102.0,531000.0,132087115,"2025-11-24 소각 453,743주",70138258065000.0,990721.0,46.4,990943.0,46.41,130.8614,130.8908
20260130,132804900000000.0,195663303945.0,133000563303945.0,4093500000000.0,769000000000.0,2025Q4,2025Q4,lagged,236170499102.0,137863063303945.0,137903570499102.0,570000.0,132087115,"2025-11-24 소각 453,743주",75289655550000.0,1043728.0,45.39,1044035.0,45.4,137.8631,137.9036
20260202,121263000000000.0,183855066737.0,121446855066737.0,4093500000000.0,769000000000.0,2025Q4,2025Q4,lagged,236170499102.0,126309355066737.0,126361670499102.0,505000.0,132087115,"2025-11-24 소각 453,743주",66703993075000.0,956258.0,47.19,956654.0,47.21,126.3094,126.3617
20260203,132512700000000.0,178519236310.0,132691219236310.0,4093500000000.0,769000000000.0,2025Q4,2025Q4,lagged,236170499102.0,137553719236310.0,137611370499102.0,546000.0,132087115,"2025-11-24 소각 453,743주",72119564790000.0,1041386.0,47.57,1041823.0,47.59,137.5537,137.6114
20260204,131490000000000.0,95387297958.0,131585387297958.0,4093500000000.0,769000000000.0,2025Q4,2025Q4,lagged,236170499102.0,136447887297958.0,136588670499102.0,569000.0,132087115,"2025-11-24 소각 453,743주",75157568435000.0,1033014.0,44.92,1034080.0,44.98,136.4479,136.5887
20260205,123016200000000.0,89199237689.0,123105399237689.0,4093500000000.0,769000000000.0,2025Q4,2025Q4,lagged,236170499102.0,127967899237689.0,128114870499102.0,534000.0,132087115,"2025-11-24 소각 453,743주",70534519410000.0,968814.0,44.88,969927.0,44.94,127.9679,128.1149
20260206,122577900000000.0,81214006880.0,122659114006880.0,4093500000000.0,769000000000.0,2025Q4,2025Q4,lagged,236170499102.0,127521614006880.0,127676570499102.0,514000.0,132087115,"2025-11-24 소각 453,743주",67892777110000.0,965436.0,46.76,966609.0,46.82,127.5216,127.6766
20260209,129590700000000.0,89292932466.0,129679992932466.0,4093500000000.0,769000000000.0,2025Q4,2025Q4,lagged,236170499102.0,134542492932466.0,134689370499102.0,563000.0,132087115,"2025-11-24 소각 453,743주",74365045745000.0,1018589.0,44.73,1019701.0,44.79,134.5425,134.6894
20260210,127983600000000.0,90494524955.0,128074094524955.0,4093500000000.0,769000000000.0,2025Q4,2025Q4,lagged,236170499102.0,132936594524955.0,133082270499102.0,543000.0,132087115,"2025-11-24 소각 453,743주",71723303445000.0,1006431.0,46.05,1007534.0,46.11,132.9366,133.0823
20260211,125646000000000.0,89875814690.0,125735875814690.0,4093500000000.0,769000000000.0,2025Q4,2025Q4,lagged,236170499102.0,130598375814690.0,130744670499102.0,532000.0,132087115,"2025-11-24 소각 453,743주",70270345180000.0,988729.0,46.19,989837.0,46.25,130.5984,130.7447
20260212,129736800000000.0,86428478157.0,129823228478157.0,4093500000000.0,769000000000.0,2025Q4,2025Q4,lagged,236170499102.0,134685728478157.0,134835470499102.0,570000.0,132087115,"2025-11-24 소각 453,743주",75289655550000.0,1019673.0,44.1,1020807.0,44.16,134.6857,134.8355
20260213,128568000000000.0,82013307150.0,128650013307150.0,4093500000000.0,769000000000.0,2025Q4,2025Q4,lagged,236170499102.0,133512513307150.0,133666670499102.0,558000.0,132087115,"2025-11-24 소각 453,743주",73704610170000.0,1010791.0,44.8,1011958.0,44.86,133.5125,133.6667
20260219,130613400000000.0,86104315713.0,130699504315713.0,4093500000000.0,769000000000.0,2025Q4,2025Q4,lagged,236170499102.0,135562004315713.0,135712070499102.0,566000.0,132087115,"2025-11-24 소각 453,743주",74761307090000.0,1026308.0,44.85,1027444.0,44.91,135.562,135.7121
20260220,138648900000000.0,86162015465.0,138735062015465.0,4093500000000.0,769000000000.0,2025Q4,2025Q4,lagged,236170499102.0,143597562015465.0,143747570499102.0,580000.0,132087115,"2025-11-24 소각 453,743주",76610526700000.0,1087143.0,46.65,1088279.0,46.7,143.5976,143.7476
20260223,138941100000000.0,82691218702.0,139023791218702.0,4093500000000.0,769000000000.0,2025Q4,2025Q4,lagged,236170499102.0,143886291218702.0,144039770499102.0,580000.0,132087115,"2025-11-24 소각 453,743주",76610526700000.0,1089329.0,46.76,1090491.0,46.81,143.8863,144.0398
20260224,146830500000000.0,80395739681.0,146910895739681.0,4093500000000.0,769000000000.0,2025Q4,2025Q4,lagged,236170499102.0,151773395739681.0,151929170499102.0,617000.0,132087115,"2025-11-24 소각 453,743주",81497749955000.0,1149040.0,46.3,1150219.0,46.36,151.7734,151.9292
20260225,148729800000000.0,81773582305.0,148811573582306.0,4093500000000.0,769000000000.0,2025Q4,2025Q4,lagged,236170499102.0,153674073582306.0,153828470499102.0,647000.0,132087115,"2025-11-24 소각 453,743주",85460363405000.0,1163430.0,44.39,1164599.0,44.44,153.6741,153.8285
20260226,160563900000000.0,84038828422.0,160647938828422.0,4093500000000.0,769000000000.0,2025Q4,2025Q4,lagged,236170499102.0,165510438828422.0,165662570499102.0,679000.0,132087115,"2025-11-24 소각 453,743주",89687151085000.0,1253040.0,45.81,1254192.0,45.86,165.5104,165.6626
20260227,155012100000000.0,97634552950.0,155109734552950.0,4093500000000.0,769000000000.0,2025Q4,2025Q4,lagged,236170499102.0,159972234552950.0,160110770499102.0,645000.0,132087115,"2025-11-24 소각 453,743주",85196189175000.0,1211112.0,46.74,1212160.0,46.79,159.9722,160.1108
20260303,137187900000000.0,92940689005.0,137280840689005.0,4093500000000.0,769000000000.0,2025Q4,2025Q4,lagged,236170499102.0,142143340689005.0,142286570499102.0,581000.0,132087115,"2025-11-24 소각 453,743주",76742613815000.0,1076133.0,46.01,1077218.0,46.06,142.1433,142.2866
20260304,124038900000000.0,89896440772.0,124128796440772.0,4093500000000.0,769000000000.0,2025Q4,2025Q4,lagged,236170499102.0,128991296440772.0,129137570499102.0,507000.0,132087115,"2025-11-24 소각 453,743주",66968167305000.0,976562.0,48.08,977670.0,48.14,128.9913,129.1376
20260305,137480100000000.0,90495833687.0,137570595833687.0,4093500000000.0,769000000000.0,2025Q4,2025Q4,lagged,236170499102.0,142433095833687.0,142578770499102.0,566000.0,132087115,"2025-11-24 소각 453,743주",74761307090000.0,1078327.0,47.51,1079430.0,47.56,142.4331,142.5788
20260306,134996400000000.0,89374135985.0,135085774135985.0,4093500000000.0,769000000000.0,2025Q4,2025Q4,lagged,236170499102.0,139948274135985.0,140095070499102.0,553000.0,132087115,"2025-11-24 소각 453,743주",73044174595000.0,1059515.0,47.81,1060626.0,47.86,139.9483,140.0951
20260309,122139600000000.0,87637578427.0,122227237578427.0,4093500000000.0,769000000000.0,2025Q4,2025Q4,lagged,236170499102.0,127089737578427.0,127238270499102.0,509000.0,132087115,"2025-11-24 소각 453,743주",67232341535000.0,962166.0,47.1,963291.0,47.16,127.0897,127.2383
20260310,137041800000000.0,87606206648.0,137129406206648.0,4093500000000.0,769000000000.0,2025Q4,2025Q4,lagged,236170499102.0,141991906206648.0,142140470499102.0,554000.0,132087115,"2025-11-24 소각 453,743주",73176261710000.0,1074987.0,48.46,1076112.0,48.52,141.9919,142.1405
20260311,139525500000000.0,87438748298.0,139612938748298.0,4093500000000.0,769000000000.0,2025Q4,2025Q4,lagged,236170499102.0,144475438748298.0,144624170499102.0,565000.0,132087115,"2025-11-24 소각 453,743주",74629219975000.0,1093789.0,48.34,1094915.0,48.4,144.4754,144.6242
20260312,135873000000000.0,86573591443.0,135959573591443.0,4093500000000.0,769000000000.0,2025Q4,2025Q4,lagged,236170499102.0,140822073591443.0,140971670499102.0,554000.0,132087115,"2025-11-24 소각 453,743주",73176261710000.0,1066130.0,48.04,1067263.0,48.09,140.8221,140.9717
20260313,132951000000000.0,85766487373.0,133036766487373.0,4093500000000.0,769000000000.0,2025Q4,2025Q4,lagged,236170499102.0,137899266487373.0,138049670499102.0,534000.0,132087115,"2025-11-24 소각 453,743주",70534519410000.0,1044002.0,48.85,1045141.0,48.91,137.8993,138.0497
20260316,142301400000000.0,87047514089.0,142388447514089.0,4093500000000.0,769000000000.0,2025Q4,2025Q4,lagged,236170499102.0,147250947514089.0,147400070499102.0,562000.0,132087115,"2025-11-24 소각 453,743주",74232958630000.0,1114802.0,49.59,1115931.0,49.64,147.2509,147.4001
20260317,141717000000000.0,86505859584.0,141803505859584.0,4093500000000.0,769000000000.0,2025Q4,2025Q4,lagged,236170499102.0,146666005859584.0,146815670499102.0,587000.0,132087115,"2025-11-24 소각 453,743주",77535136505000.0,1110373.0,47.13,1111506.0,47.19,146.666,146.8157
20260318,154281600000000.0,85580175472.0,154367180175472.0,4093500000000.0,769000000000.0,2025Q4,2025Q4,lagged,236170499102.0,159229680175472.0,159380270499102.0,630000.0,132087115,"2025-11-24 소각 453,743주",83214882450000.0,1205490.0,47.74,1206630.0,47.79,159.2297,159.3803
20260319,147999300000000.0,83684334496.0,148082984334496.0,4093500000000.0,769000000000.0,2025Q4,2025Q4,lagged,236170499102.0,152945484334496.0,153097970499102.0,611000.0,132087115,"2025-11-24 소각 453,743주",80705227265000.0,1157914.0,47.23,1159068.0,47.29,152.9455,153.098
20260320,147122700000000.0,82704540086.0,147205404540086.0,4093500000000.0,769000000000.0,2025Q4,2025Q4,lagged,236170499102.0,152067904540086.0,152221370499102.0,608000.0,132087115,"2025-11-24 소각 453,743주",80308965920000.0,1151270.0,47.19,1152432.0,47.24,152.0679,152.2214
20260323,136311300000000.0,81812034816.0,136393112034816.0,4093500000000.0,769000000000.0,2025Q4,2025Q4,lagged,236170499102.0,141255612034816.0,141409970499102.0,557000.0,132087115,"2025-11-24 소각 453,743주",73572523055000.0,1069413.0,47.92,1070581.0,47.97,141.2556,141.41
20260324,144054600000000.0,84522969453.0,144139122969453.0,4093500000000.0,769000000000.0,2025Q4,2025Q4,lagged,236170499102.0,149001622969453.0,149153270499102.0,595000.0,132087115,"2025-11-24 소각 453,743주",78591833425000.0,1128056.0,47.25,1129204.0,47.31,149.0016,149.1533
20260325,145369500000000.0,84303305917.0,145453803305917.0,4093500000000.0,769000000000.0,2025Q4,2025Q4,lagged,236170499102.0,150316303305917.0,150468170499102.0,605000.0,132087115,"2025-11-24 소각 453,743주",79912704575000.0,1138009.0,46.84,1139159.0,46.89,150.3163,150.4682
20260326,136311300000000.0,83450912586.0,136394750912586.0,4093500000000.0,769000000000.0,2025Q4,2025Q4,lagged,236170499102.0,141257250912586.0,141409970499102.0,558000.0,132087115,"2025-11-24 소각 453,743주",73704610170000.0,1069425.0,47.82,1070581.0,47.88,141.2573,141.41
20260327,134704200000000.0,80120243071.0,134784320243071.0,4093500000000.0,769000000000.0,2025Q4,2025Q4,lagged,236170499102.0,139646820243071.0,139802870499102.0,544000.0,132087115,"2025-11-24 소각 453,743주",71855390560000.0,1057233.0,48.54,1058414.0,48.6,139.6468,139.8029
20260330,127545300000000.0,75278057220.0,127620578057220.0,4093500000000.0,769000000000.0,2025Q4,2025Q4,lagged,236170499102.0,132483078057220.0,132643970499102.0,510000.0,132087115,"2025-11-24 소각 453,743주",67364428650000.0,1002998.0,49.15,1004216.0,49.21,132.4831,132.644
20260331,117902700000000.0,72318849007.0,117975018849007.0,4093500000000.0,769000000000.0,2025Q4,2025Q4,lagged,236170499102.0,122837518849007.0,123001370499102.0,466500.0,132087115,"2025-11-24 소각 453,743주",61618639147500.0,929974.0,49.84,931214.0,49.9,122.8375,123.0014
20260401,130467300000000.0,78317921199.0,130545617921199.0,4264200000000.0,793700000000.0,2026Q1,2026Q1,lagged,72318849007.0,135603517921199.0,135597518849007.0,501000.0,131958386,"2026-04-01 소각 128,729주",66111151386000.0,1027623.0,51.25,1027578.0,51.24,135.6035,135.5975
20260402,121263000000000.0,75664236076.0,121338664236076.0,4264200000000.0,793700000000.0,2026Q1,2026Q1,lagged,72318849007.0,126396564236076.0,126393218849007.0,469500.0,131958386,"2026-04-01 소각 128,729주",61954462227000.0,957852.0,50.98,957826.0,50.98,126.3966,126.3932
20260403,127983600000000.0,78381544237.0,128061981544237.0,4264200000000.0,793700000000.0,2026Q1,2026Q1,lagged,72318849007.0,133119881544237.0,133113818849007.0,483000.0,131958386,"2026-04-01 소각 128,729주",63735900438000.0,1008802.0,52.12,1008756.0,52.12,133.1199,133.1138
20260406,129444600000000.0,77918300287.0,129522518300287.0,4264200000000.0,793700000000.0,2026Q1,2026Q1,lagged,72318849007.0,134580418300287.0,134574818849007.0,487000.0,131958386,"2026-04-01 소각 128,729주",64263733982000.0,1019870.0,52.25,1019828.0,52.25,134.5804,134.5748
20260407,133827600000000.0,78025179990.0,133905625179990.0,4264200000000.0,793700000000.0,2026Q1,2026Q1,lagged,72318849007.0,138963525179990.0,138957818849007.0,499000.0,131958386,"2026-04-01 소각 128,729주",65847234614000.0,1053086.0,52.62,1053043.0,52.61,138.9635,138.9578
20260408,150921300000000.0,76196316235.0,150997496316235.0,4264200000000.0,793700000000.0,2026Q1,2026Q1,lagged,72318849007.0,156055396316235.0,156051518849007.0,578000.0,131958386,"2026-04-01 소각 128,729주",76271947108000.0,1182611.0,51.13,1182581.0,51.12,156.0554,156.0515
20260409,145807800000000.0,77080837315.0,145884880837315.0,4264200000000.0,793700000000.0,2026Q1,2026Q1,lagged,72318849007.0,150942780837315.0,150938018849007.0,560000.0,131958386,"2026-04-01 소각 128,729주",73896696160000.0,1143867.0,51.04,1143830.0,51.04,150.9428,150.938
20260410,150044700000000.0,75327597247.0,150120027597247.0,4264200000000.0,793700000000.0,2026Q1,2026Q1,lagged,72318849007.0,155177927597247.0,155174918849007.0,568000.0,131958386,"2026-04-01 소각 128,729주",74952363248000.0,1175961.0,51.7,1175938.0,51.7,155.1779,155.1749
20260413,151944000000000.0,76451650070.0,152020451650070.0,4264200000000.0,793700000000.0,2026Q1,2026Q1,lagged,72318849007.0,157078351650070.0,157074218849007.0,580000.0,131958386,"2026-04-01 소각 128,729주",76535863880000.0,1190363.0,51.28,1190331.0,51.27,157.0784,157.0742
20260414,161148300000000.0,78101956615.0,161226401956615.0,4264200000000.0,793700000000.0,2026Q1,2026Q1,lagged,72318849007.0,166284301956615.0,166278518849007.0,640000.0,131958386,"2026-04-01 소각 128,729주",84453367040000.0,1260127.0,49.21,1260083.0,49.21,166.2843,166.2785
20260415,165969600000000.0,90094929345.0,166059694929345.0,4264200000000.0,793700000000.0,2026Q1,2026Q1,lagged,72318849007.0,171117594929345.0,171099818849007.0,665000.0,131958386,"2026-04-01 소각 128,729주",87752326690000.0,1296754.0,48.72,1296620.0,48.71,171.1176,171.0998
20260416,168745500000000.0,105293597392.0,168850793597392.0,4264200000000.0,793700000000.0,2026Q1,2026Q1,lagged,72318849007.0,173908693597392.0,173875718849007.0,690000.0,131958386,"2026-04-01 소각 128,729주",91051286340000.0,1317906.0,47.64,1317656.0,47.63,173.9087,173.8757
20260417,164800800000000.0,108040936952.0,164908840936952.0,4264200000000.0,793700000000.0,2026Q1,2026Q1,lagged,72318849007.0,169966740936952.0,169931018849007.0,682000.0,131958386,"2026-04-01 소각 128,729주",89995619252000.0,1288033.0,47.05,1287762.0,47.04,169.9667,169.931
20260420,170352600000000.0,110178366763.0,170462778366763.0,4264200000000.0,793700000000.0,2026Q1,2026Q1,lagged,72318849007.0,175520678366763.0,175482818849007.0,701000.0,131958386,"2026-04-01 소각 128,729주",92502828586000.0,1330121.0,47.3,1329835.0,47.29,175.5207,175.4828
20260421,178826400000000.0,115343893489.0,178941743893489.0,4264200000000.0,793700000000.0,2026Q1,2026Q1,lagged,72318849007.0,183999643893489.0,183956618849007.0,718000.0,131958386,"2026-04-01 소각 128,729주",94746121148000.0,1394376.0,48.51,1394050.0,48.5,183.9996,183.9566
20260422,178680300000000.0,110971378410.0,178791271378410.0,4264200000000.0,793700000000.0,2026Q1,2026Q1,lagged,72318849007.0,183849171378410.0,183810518849007.0,720000.0,131958386,"2026-04-01 소각 128,729주",95010037920000.0,1393236.0,48.32,1392943.0,48.31,183.8492,183.8105
20260423,178972500000000.0,112984847216.0,179085484847216.0,4264200000000.0,793700000000.0,2026Q1,2026Q1,lagged,72318849007.0,184143384847216.0,184102718849007.0,728000.0,131958386,"2026-04-01 소각 128,729주",96065705008000.0,1395466.0,47.83,1395157.0,47.82,184.1434,184.1027
20260424,178534200000000.0,105864534970.0,178640064534970.0,4264200000000.0,793700000000.0,2026Q1,2026Q1,lagged,72318849007.0,183697964534970.0,183664418849007.0,725000.0,131958386,"2026-04-01 소각 128,729주",95669829850000.0,1392090.0,47.92,1391836.0,47.91,183.698,183.6644
20260427,188761200000000.0,103328699043.0,188864528699043.0,4264200000000.0,793700000000.0,2026Q1,2026Q1,lagged,72318849007.0,193922428699043.0,193891418849007.0,789000.0,131958386,"2026-04-01 소각 128,729주",104115166554000.0,1469573.0,46.31,1469338.0,46.3,193.9224,193.8914
20260428,189930000000000.0,105091689055.0,190035091689055.0,4264200000000.0,793700000000.0,2026Q1,2026Q1,lagged,72318849007.0,195092991689055.0,195060218849007.0,811000.0,131958386,"2026-04-01 소각 128,729주",107018251046000.0,1478443.0,45.15,1478195.0,45.14,195.093,195.0602
20260429,188907300000000.0,104380740241.0,189011680740241.0,4264200000000.0,793700000000.0,2026Q1,2026Q1,lagged,72318849007.0,194069580740241.0,194037518849007.0,830000.0,131958386,"2026-04-01 소각 128,729주",109525460380000.0,1470688.0,43.56,1470445.0,43.55,194.0696,194.0375
20260430,187884600000000.0,101494872882.0,187986094872882.0,4264200000000.0,793700000000.0,2026Q1,2026Q1,lagged,72318849007.0,193043994872882.0,193014818849007.0,841000.0,131958386,"2026-04-01 소각 128,729주",110977002626000.0,1462916.0,42.51,1462695.0,42.5,193.044,193.0148
20260504,211406700000000.0,108762626616.0,211515462626616.0,4264200000000.0,793700000000.0,2026Q1,2026Q1,lagged,72318849007.0,216573362626616.0,216536918849007.0,991000.0,131958386,"2026-04-01 소각 128,729주",130770760526000.0,1641225.0,39.62,1640949.0,39.61,216.5734,216.5369
20260506,233906100000000.0,109103434963.0,234015203434963.0,4264200000000.0,793700000000.0,2026Q1,2026Q1,lagged,72318849007.0,239073103434963.0,239036318849007.0,1089000.0,131958386,"2026-04-01 소각 128,729주",143702682354000.0,1811731.0,39.89,1811452.0,39.88,239.0731,239.0363
20260507,241649400000000.0,118397430572.0,241767797430572.0,4264200000000.0,793700000000.0,2026Q1,2026Q1,lagged,72318849007.0,246825697430572.0,246779618849007.0,1099000.0,131958386,"2026-04-01 소각 128,729주",145022266214000.0,1870481.0,41.26,1870132.0,41.23,246.8257,246.7796
20260508,246324600000000.0,108946541625.0,246433546541625.0,4264200000000.0,793700000000.0,2026Q1,2026Q1,lagged,72318849007.0,251491446541625.0,251454818849007.0,1098000.0,131958386,"2026-04-01 소각 128,729주",144890307828000.0,1905839.0,42.4,1905561.0,42.38,251.4914,251.4548
20260511,274668000000000.0,111915209553.0,274779915209553.0,4264200000000.0,793700000000.0,2026Q1,2026Q1,lagged,72318849007.0,279837815209553.0,279798218849007.0,1187000.0,131958386,"2026-04-01 소각 128,729주",156634604182000.0,2120652.0,44.04,2120352.0,44.03,279.8378,279.7982
20260512,268093500000000.0,126632012970.0,268220132012970.0,4264200000000.0,793700000000.0,2026Q1,2026Q1,lagged,72318849007.0,273278032012970.0,273223718849007.0,1126000.0,131958386,"2026-04-01 소각 128,729주",148585142636000.0,2070941.0,45.64,2070529.0,45.62,273.278,273.2237
20260513,288693600000000.0,124213242417.0,288817813242417.0,4264200000000.0,793700000000.0,2026Q1,2026Q1,lagged,72318849007.0,293875713242417.0,293823818849007.0,1190000.0,131958386,"2026-04-01 소각 128,729주",157030479340000.0,2227033.0,46.58,2226640.0,46.57,293.8757,293.8238
20260514,287817000000000.0,123096977880.0,287940096977880.0,4264200000000.0,793700000000.0,2026Q1,2026Q1,lagged,72318849007.0,292997996977880.0,292947218849007.0,1171000.0,131958386,"2026-04-01 소각 128,729주",154523270006000.0,2220382.0,47.26,2219997.0,47.25,292.998,292.9472
20260515,265755900000000.0,126361305004.0,265882261305004.0,4264200000000.0,793700000000.0,2026Q1,2026Q1,lagged,72318849007.0,270940161305004.0,270886118849007.0,1098000.0,131958386,"2026-04-01 소각 128,729주",144890307828000.0,2053224.0,46.53,2052815.0,46.51,270.9402,270.8861
20260518,268824000000000.0,116054353879.0,268940054353879.0,4264200000000.0,793700000000.0,2026Q1,2026Q1,lagged,72318849007.0,273997954353879.0,273954218849007.0,1093000.0,131958386,"2026-04-01 소각 128,729주",144230515898000.0,2076397.0,47.37,2076065.0,47.35,273.998,273.9542
20260519,254944500000000.0,111969451854.0,255056469451854.0,4264200000000.0,793700000000.0,2026Q1,2026Q1,lagged,72318849007.0,260114369451854.0,260074718849007.0,1020000.0,131958386,"2026-04-01 소각 128,729주",134597553720000.0,1971185.0,48.25,1970884.0,48.26,260.1144,260.0747
20260520,254944500000000.0,109742108260.0,255054242108260.0,4264200000000.0,793700000000.0,2026Q1,2026Q1,lagged,72318849007.0,260112142108260.0,260074718849007.0,1029000.0,131958386,"2026-04-01 소각 128,729주",135785179194000.0,1971168.0,47.8,1970884.0,47.79,260.1121,260.0747
20260521,283434000000000.0,117963761464.0,283551963761464.0,4264200000000.0,793700000000.0,2026Q1,2026Q1,lagged,72318849007.0,288609863761464.0,288564218849007.0,1179000.0,131958386,"2026-04-01 소각 128,729주",155578937094000.0,2187128.0,46.1,2186782.0,46.1,288.6099,288.5642
20260522,283580100000000.0,131678424649.0,283711778424649.0,4264200000000.0,793700000000.0,2026Q1,2026Q1,lagged,72318849007.0,288769678424649.0,288710318849007.0,1185000.0,131958386,"2026-04-01 소각 128,729주",156370687410000.0,2188339.0,45.86,2187889.0,45.85,288.7697,288.7103
20260526,299797200000000.0,140124004192.0,299937324004192.0,4264200000000.0,793700000000.0,2026Q1,2026Q1,lagged,72318849007.0,304995224004192.0,304927418849007.0,1181000.0,131958386,"2026-04-01 소각 128,729주",155842853866000.0,2311299.0,48.91,2310785.0,48.89,304.9952,304.9274
20260527,327702300000000.0,140153664329.0,327842453664329.0,4264200000000.0,793700000000.0,2026Q1,2026Q1,lagged,72318849007.0,332900353664329.0,332832518849007.0,1276000.0,131958386,"2026-04-01 소각 128,729주",168378900536000.0,2522768.0,49.43,2522254.0,49.41,332.9004,332.8325
20260528,334422900000000.0,142868710758.0,334565768710758.0,4264200000000.0,793700000000.0,2026Q1,2026Q1,lagged,72318849007.0,339623668710758.0,339553118849007.0,1237000.0,131958386,"2026-04-01 소각 128,729주",163232523482000.0,2573718.0,51.94,2573183.0,51.94,339.6237,339.5531
20260529,340851300000000.0,151989530309.0,341003289530309.0,4264200000000.0,793700000000.0,2026Q1,2026Q1,lagged,72318849007.0,346061189530309.0,345981518849007.0,1233000.0,131958386,"2026-04-01 소각 128,729주",162704689938000.0,2622502.0,52.98,2621899.0,52.98,346.0612,345.9815
20260601,345234300000000.0,156924533331.0,345391224533331.0,4264200000000.0,793700000000.0,2026Q1,2026Q1,lagged,72318849007.0,350449124533331.0,350364518849007.0,1256000.0,131958386,"2026-04-01 소각 128,729주",165739732816000.0,2655755.0,52.71,2655114.0,52.71,350.4491,350.3645
20260602,344796000000000.0,151909922092.0,344947909922092.0,4264200000000.0,793700000000.0,2026Q1,2026Q1,lagged,72318849007.0,350005809922092.0,349926218849007.0,1346000.0,131958386,"2026-04-01 소각 128,729주",177615987556000.0,2652395.0,49.26,2651792.0,49.25,350.0058,349.9262
20260604,335737800000000.0,151099863512.0,335888899863512.0,4264200000000.0,793700000000.0,2026Q1,2026Q1,lagged,72318849007.0,340946799863512.0,340868018849007.0,1361000.0,131958386,"2026-04-01 소각 128,729주",179595363346000.0,2583745.0,47.33,2583148.0,47.32,340.9468,340.868
20260605,302427000000000.0,145503849686.0,302572503849686.0,4264200000000.0,793700000000.0,2026Q1,2026Q1,lagged,72318849007.0,307630403849686.0,307557218849007.0,1258000.0,131958386,"2026-04-01 소각 128,729주",166003649588000.0,2331268.0,46.05,2330714.0,46.04,307.6304,307.5572
20260608,279197100000000.0,126305487511.0,279323405487511.0,4264200000000.0,793700000000.0,2026Q1,2026Q1,lagged,72318849007.0,284381305487511.0,284327318849007.0,1118000.0,131958386,"2026-04-01 소각 128,729주",147529475548000.0,2155083.0,48.12,2154674.0,48.11,284.3813,284.3273
20260609,323611500000000.0,138089438355.0,323749589438355.0,4264200000000.0,793700000000.0,2026Q1,2026Q1,lagged,72318849007.0,328807489438355.0,328741718849007.0,1269000.0,131958386,"2026-04-01 소각 128,729주",167455191834000.0,2491751.0,49.08,2491253.0,49.07,328.8075,328.7417
20260610,299212800000000.0,125825183509.0,299338625183509.0,4264200000000.0,793700000000.0,2026Q1,2026Q1,lagged,72318849007.0,304396525183509.0,304343018849007.0,1183000.0,131958386,"2026-04-01 소각 128,729주",156106770638000.0,2306762.0,48.72,2306356.0,48.72,304.3965,304.343
20260611,306956100000000.0,126074026044.0,307082174026044.0,4264200000000.0,793700000000.0,2026Q1,2026Q1,lagged,72318849007.0,312140074026044.0,312086318849007.0,1228000.0,131958386,"2026-04-01 소각 128,729주",162044898008000.0,2365443.0,48.09,2365036.0,48.08,312.1401,312.0863
20260612,314115000000000.0,130202099686.0,314245202099686.0,4264200000000.0,793700000000.0,2026Q1,2026Q1,lagged,72318849007.0,319303102099686.0,319245218849007.0,1358000.0,131958386,"2026-04-01 소각 128,729주",179199488188000.0,2419726.0,43.89,2419287.0,43.87,319.3031,319.2452
20260615,334276800000000.0,128745600220.0,334405545600220.0,4264200000000.0,793700000000.0,2026Q1,2026Q1,lagged,72318849007.0,339463445600220.0,339407018849007.0,1413000.0,131958386,"2026-04-01 소각 128,729주",186457199418000.0,2572504.0,45.08,2572076.0,45.06,339.4634,339.407
20260616,348010200000000.0,135788375497.0,348145988375497.0,4264200000000.0,793700000000.0,2026Q1,2026Q1,lagged,72318849007.0,353203888375497.0,353140418849007.0,1501000.0,131958386,"2026-04-01 소각 128,729주",198069537386000.0,2676631.0,43.93,2676150.0,43.91,353.2039,353.1404
20260617,368318100000000.0,126731785336.0,368444831785336.0,4264200000000.0,793700000000.0,2026Q1,2026Q1,lagged,72318849007.0,373502731785336.0,373448318849007.0,1596000.0,131958386,"2026-04-01 소각 128,729주",210605584056000.0,2830458.0,43.62,2830046.0,43.62,373.5027,373.4483
20260618,392278500000000.0,125179288225.0,392403679288225.0,4264200000000.0,793700000000.0,2026Q1,2026Q1,lagged,72318849007.0,397461579288225.0,397408718849007.0,1700000.0,131958386,"2026-04-01 소각 128,729주",224329256200000.0,3012022.0,43.57,3011622.0,43.55,397.4616,397.4087
20260619,403820400000000.0,128114115944.0,403948514115944.0,4264200000000.0,793700000000.0,2026Q1,2026Q1,lagged,72318849007.0,409006414115944.0,408950618849007.0,1780000.0,131958386,"2026-04-01 소각 128,729주",234885927080000.0,3099511.0,42.58,3099088.0,42.56,409.0064,408.9506
20260622,426465900000000.0,126975620166.0,426592875620166.0,4264200000000.0,793700000000.0,2026Q1,2026Q1,lagged,72318849007.0,431650775620166.0,431596118849007.0,1970000.0,131958386,"2026-04-01 소각 128,729주",259958020420000.0,3271113.0,39.78,3270699.0,39.78,431.6508,431.5961
20260623,373285500000000.0,130248190047.0,373415748190047.0,4264200000000.0,793700000000.0,2026Q1,2026Q1,lagged,72318849007.0,378473648190047.0,378415718849007.0,1832000.0,131958386,"2026-04-01 소각 128,729주",241747763152000.0,2868129.0,36.13,2867690.0,36.12,378.4736,378.4157
20260624,376938000000000.0,129954873790.0,377067954873790.0,4264200000000.0,793700000000.0,2026Q1,2026Q1,lagged,72318849007.0,382125854873790.0,382068218849007.0,1799000.0,131958386,"2026-04-01 소각 128,729주",237393136414000.0,2895806.0,37.88,2895369.0,37.87,382.1259,382.0682
20260625,426173700000000.0,121756263891.0,426295456263891.0,4264200000000.0,793700000000.0,2026Q1,2026Q1,lagged,72318849007.0,431353356263891.0,431303918849007.0,1899000.0,131958386,"2026-04-01 소각 128,729주",250588975014000.0,3268859.0,41.91,3268484.0,41.91,431.3534,431.3039
20260626,390525300000000.0,135251970528.0,390660551970528.0,4264200000000.0,793700000000.0,2026Q1,2026Q1,lagged,72318849007.0,395718451970528.0,395655518849007.0,1720000.0,131958386,"2026-04-01 소각 128,729주",226968423920000.0,2998812.0,42.65,2998336.0,42.63,395.7185,395.6555
20260629,383950800000000.0,134364444954.0,384085164444954.0,4264200000000.0,793700000000.0,2026Q1,2026Q1,lagged,72318849007.0,389143064444954.0,389081018849007.0,1640000.0,131958386,"2026-04-01 소각 128,729주",216411753040000.0,2948983.0,44.4,2948513.0,44.39,389.1431,389.081
20260630,387165000000000.0,145063656495.0,387310063656495.0,4264200000000.0,793700000000.0,2026Q1,2026Q1,lagged,72318849007.0,392367963656495.0,392295218849007.0,1697000.0,131958386,"2026-04-01 소각 128,729주",223933381042000.0,2973422.0,42.94,2972871.0,42.93,392.368,392.2952
20260701,374016000000000.0,143377213751.0,374159377213752.0,3852600000000.0,801200000000.0,2026Q2,2026Q2,lagged,145063656495.0,378813177213752.0,378814863656495.0,1757000.0,131958386,"2026-04-01 소각 128,729주",231850884202000.0,2870702.0,38.8,2870715.0,38.8,378.8132,378.8149
20260702,319520700000000.0,138339485802.0,319659039485802.0,3852600000000.0,801200000000.0,2026Q2,2026Q2,lagged,145063656495.0,324312839485802.0,324319563656495.0,1525000.0,131958386,"2026-04-01 소각 128,729주",201236538650000.0,2457690.0,37.96,2457741.0,37.96,324.3128,324.3196
20260703,354292500000000.0,134164419699.0,354426664419699.0,3852600000000.0,801200000000.0,2026Q2,2026Q2,lagged,145063656495.0,359080464419699.0,359091363656495.0,1589000.0,131958386,"2026-04-01 소각 128,729주",209681875354000.0,2721164.0,41.62,2721247.0,41.62,359.0805,359.0914
20260706,342312300000000.0,132017572952.0,342444317572952.0,3852600000000.0,801200000000.0,2026Q2,2026Q2,lagged,145063656495.0,347098117572952.0,347111163656495.0,1495000.0,131958386,"2026-04-01 소각 128,729주",197277787070000.0,2630360.0,43.16,2630459.0,43.18,347.0981,347.1112
20260707,321566100000000.0,129887514572.0,321695987514572.0,3852600000000.0,801200000000.0,2026Q2,2026Q2,lagged,145063656495.0,326349787514572.0,326364963656495.0,1356000.0,131958386,"2026-04-01 소각 128,729주",178935571416000.0,2473127.0,45.18,2473242.0,45.18,326.3498,326.365
20260708,303303600000000.0,121770103476.0,303425370103476.0,3852600000000.0,801200000000.0,2026Q2,2026Q2,lagged,145063656495.0,308079170103476.0,308102463656495.0,1270000.0,131958386,"2026-04-01 소각 128,729주",167587150220000.0,2334669.0,45.61,2334846.0,45.62,308.0792,308.1025
20260709,319374600000000.0,121288407279.0,319495888407279.0,3852600000000.0,801200000000.0,2026Q2,2026Q2,lagged,145063656495.0,324149688407279.0,324173463656495.0,1327000.0,131958386,"2026-04-01 소각 128,729주",175108778222000.0,2456454.0,45.98,2456634.0,45.98,324.1497,324.1735
20260710,318498000000000.0,121213350829.0,318619213350829.0,3852600000000.0,801200000000.0,2026Q2,2026Q2,lagged,145063656495.0,323273013350829.0,323296863656495.0,1409000.0,131958386,"2026-04-01 소각 128,729주",185929365874000.0,2449810.0,42.5,2449991.0,42.5,323.273,323.2969
20260713,269554500000000.0,117354393866.0,269671854393866.0,3852600000000.0,801200000000.0,2026Q2,2026Q2,lagged,145063656495.0,274325654393866.0,274353363656495.0,1161000.0,131958386,"2026-04-01 소각 128,729주",153203686146000.0,2078880.0,44.16,2079090.0,44.16,274.3257,274.3534
20260714,279489300000000.0,109100737421.0,279598400737421.0,3852600000000.0,801200000000.0,2026Q2,2026Q2,lagged,145063656495.0,284252200737421.0,284288163656496.0,1190000.0,131958386,"2026-04-01 소각 128,729주",157030479340000.0,2154105.0,44.76,2154377.0,44.76,284.2522,284.2882
20260715,304180200000000.0,110583908451.0,304290783908451.0,3852600000000.0,801200000000.0,2026Q2,2026Q2,lagged,145063656495.0,308944583908451.0,308979063656495.0,1382000.0,131958386,"2026-04-01 소각 128,729주",182366489452000.0,2341227.0,40.98,2341489.0,40.98,308.9446,308.9791
20260716,269116200000000.0,106418847931.0,269222618847931.0,3852600000000.0,801200000000.0,2026Q2,2026Q2,lagged,145063656495.0,273876418847931.0,273915063656495.0,1212000.0,131958386,"2026-04-01 소각 128,729주",159933563832000.0,2075476.0,41.6,2075769.0,41.61,273.8764,273.9151
20260720,257720400000000.0,100595149623.0,257820995149623.0,3852600000000.0,801200000000.0,2026Q2,2026Q2,lagged,145063656495.0,262474795149623.0,262519263656495.0,1177000.0,131958386,"2026-04-01 소각 128,729주",155315020322000.0,1989072.0,40.83,1989409.0,40.85,262.4748,262.5193
20260721,268239600000000.0,100050608081.0,268339650608081.0,3852600000000.0,801200000000.0,2026Q2,2026Q2,lagged,145063656495.0,272993450608081.0,273038463656495.0,1253000.0,131958386,"2026-04-01 소각 128,729주",165343857658000.0,2068784.0,39.43,2069126.0,39.44,272.9935,273.0385
20260722,267363000000000.0,102567374376.0,267465567374376.0,3852600000000.0,801200000000.0,2026Q2,2026Q2,lagged,145063656495.0,272119367374376.0,272161863656495.0,1230000.0,131958386,"2026-04-01 소각 128,729주",162308814780000.0,2062160.0,40.35,2062483.0,40.36,272.1194,272.1619
20260723,280365900000000.0,100729310101.0,280466629310101.0,3852600000000.0,801200000000.0,2026Q2,2026Q2,lagged,145063656495.0,285120429310101.0,285164763656496.0,1221000.0,131958386,"2026-04-01 소각 128,729주",161121189306000.0,2160684.0,43.5,2161020.0,43.51,285.1204,285.1648
20260724,256989900000000.0,98902072335.0,257088802072335.0,3852600000000.0,801200000000.0,2026Q2,2026Q2,lagged,145063656495.0,261742602072335.0,261788763656495.0,1109000.0,131958386,"2026-04-01 소각 128,729주",146341850074000.0,1983524.0,44.1,1983874.0,44.11,261.7426,261.7888
20260727,265317600000000.0,96121339808.0,265413721339808.0,3852600000000.0,801200000000.0,2026Q2,2026Q2,lagged,145063656495.0,270067521339808.0,270116463656495.0,1096000.0,131958386,"2026-04-01 소각 128,729주",144626391056000.0,2046611.0,46.46,2046982.0,46.47,270.0675,270.1165
20260728,226455000000000.0,100281418846.0,226555281418846.0,3852600000000.0,801200000000.0,2026Q2,2026Q2,lagged,145063656495.0,231209081418846.0,231253863656495.0,925000.0,131958386,"2026-04-01 소각 128,729주",122061507050000.0,1752136.0,47.22,1752476.0,47.23,231.2091,231.2539
20260729,204686100000000.0,95262038419.0,204781362038419.0,3852600000000.0,801200000000.0,2026Q2,2026Q2,lagged,145063656495.0,209435162038419.0,209484963656495.0,850000.0,131958386,"2026-04-01 소각 128,729주",112164628100000.0,1587130.0,46.44,1587508.0,46.47,209.4352,209.485
20260730,193144200000000.0,89121336971.0,193233321336971.0,3852600000000.0,801200000000.0,2026Q2,2026Q2,lagged,145063656495.0,197887121336971.0,197943063656495.0,799000.0,131958386,"2026-04-01 소각 128,729주",105434750414000.0,1499618.0,46.73,1500042.0,46.73,197.8871,197.9431
20260731,250999800000000.0,97378974507.0,251097178974507.0,3852600000000.0,801200000000.0,2026Q2,2026Q2,lagged,145063656495.0,255750978974507.0,255798663656495.0,1038000.0,131923998,"2026-07-31 소각 34,388주",136937109924000.0,1938624.0,46.47,1938985.0,46.48,255.751,255.7987
20260803,228938700000000.0,99072791747.0,229037772791747.0,3852600000000.0,801200000000.0,2026Q2,2026Q2,lagged,145063656495.0,233691572791747.0,233737563656495.0,1025000.0,131923998,"2026-07-31 소각 34,388주",135222097950000.0,1771411.0,42.15,1771759.0,42.16,233.6916,233.7376
20260804,230399700000000.0,105097331131.0,230504797331131.0,3852600000000.0,801200000000.0,2026Q2,2026Q2,lagged,145063656495.0,235158597331131.0,235198563656495.0,1060000.0,131923998,"2026-07-31 소각 34,388주",139839437880000.0,1782531.0,40.53,1782834.0,40.54,235.1586,235.1986
20260805,243694800000000.0,109795370752.0,243804595370752.0,3852600000000.0,801200000000.0,2026Q2,2026Q2,lagged,145063656495.0,248458395370752.0,248493663656495.0,1119000.0,131923998,"2026-07-31 소각 34,388주",147622953762000.0,1883345.0,40.58,1883612.0,40.59,248.4584,248.4937
20260806,218419500000000.0,105971099566.0,218525471099566.0,3852600000000.0,801200000000.0,2026Q2,2026Q2,lagged,145063656495.0,223179271099566.0,223218363656495.0,970000.0,131923998,"2026-07-31 소각 34,388주",127966278060000.0,1691726.0,42.66,1692022.0,42.67,223.1793,223.2184
20260807,207754200000000.0,104865940823.0,207859065940823.0,3852600000000.0,801200000000.0,2026Q2,2026Q2,lagged,145063656495.0,212512865940823.0,212553063656495.0,939000.0,131923998,"2026-07-31 소각 34,388주",123876634122000.0,1610873.0,41.72,1611178.0,41.72,212.5129,212.5531
20260810,207462000000000.0,112888352343.0,207574888352343.0,3852600000000.0,801200000000.0,2026Q2,2026Q2,lagged,145063656495.0,212228688352343.0,212260863656495.0,949000.0,131923998,"2026-07-31 소각 34,388주",125195874102000.0,1608719.0,41.01,1608963.0,41.02,212.2287,212.2609
20260811,208192500000000.0,109699163692.0,208302199163692.0,3852600000000.0,801200000000.0,2026Q2,2026Q2,lagged,145063656495.0,212955999163692.0,212991363656495.0,945000.0,131923998,"2026-07-31 소각 34,388주",124668178110000.0,1614232.0,41.47,1614501.0,41.48,212.956,212.9914
20260812,219734400000000.0,112446391870.0,219846846391870.0,3852600000000.0,801200000000.0,2026Q2,2026Q2,lagged,145063656495.0,224500646391870.0,224533263656495.0,1024000.0,131923998,"2026-07-31 소각 34,388주",135090173952000.0,1701742.0,39.83,1701990.0,39.85,224.5006,224.5333
20260813,232737300000000.0,115996003897.0,232853296003897.0,3852600000000.0,801200000000.0,2026Q2,2026Q2,lagged,145063656495.0,237507096003897.0,237536163656495.0,1117000.0,131923998,"2026-07-31 소각 34,388주",147359105766000.0,1800333.0,37.97,1800553.0,37.96,237.5071,237.5362
20260814,240334500000000.0,115854824764.0,240450354824764.0,3852600000000.0,801200000000.0,2026Q2,2026Q2,lagged,145063656495.0,245104154824764.0,245133363656495.0,1154000.0,131923998,"2026-07-31 소각 34,388주",152240293692000.0,1857919.0,37.9,1858141.0,37.89,245.1042,245.1334
20260818,242818200000000.0,118858587483.0,242937058587483.0,3852600000000.0,801200000000.0,2026Q2,2026Q2,lagged,145063656495.0,247590858587483.0,247617063656495.0,1135000.0,131923998,"2026-07-31 소각 34,388주",149733737730000.0,1876769.0,39.52,1876968.0,39.53,247.5909,247.6171
20260819,219150000000000.0,112556496620.0,219262556496620.0,3852600000000.0,801200000000.0,2026Q2,2026Q2,lagged,145063656495.0,223916356496620.0,223948863656495.0,1004000.0,131923998,"2026-07-31 소각 34,388주",132451693992000.0,1697313.0,40.86,1697560.0,40.87,223.9164,223.9489
20260820,247055100000000.0,111799446697.0,247166899446697.0,3852600000000.0,801200000000.0,2026Q2,2026Q2,lagged,145063656495.0,251820699446697.0,251853963656495.0,1123000.0,131923998,"2026-07-31 소각 34,388주",148150649754000.0,1908832.0,41.18,1909084.0,41.19,251.8207,251.854
20260821,252753000000000.0,108301547138.0,252861301547138.0,3852600000000.0,801200000000.0,2026Q2,2026Q2,lagged,145063656495.0,257515101547138.0,257551863656495.0,1123000.0,131923998,"2026-07-31 소각 34,388주",148150649754000.0,1951996.0,42.48,1952275.0,42.48,257.5151,257.5519
20260824,244133100000000.0,113224621074.0,244246324621074.0,3852600000000.0,801200000000.0,2026Q2,2026Q2,lagged,145063656495.0,248900124621074.0,248931963656495.0,1076000.0,131923998,"2026-07-31 소각 34,388주",141950221848000.0,1886693.0,42.98,1886935.0,42.98,248.9001,248.932
20260825,245155800000000.0,105900913778.0,245261700913778.0,3852600000000.0,801200000000.0,2026Q2,2026Q2,lagged,145063656495.0,249915500913778.0,249954663656495.0,1060000.0,131923998,"2026-07-31 소각 34,388주",139839437880000.0,1894390.0,44.05,1894687.0,44.05,249.9155,249.9547
20260826,246616800000000.0,108338425157.0,246725138425157.0,3852600000000.0,801200000000.0,2026Q2,2026Q2,lagged,145063656495.0,251378938425157.0,251415663656495.0,1058000.0,131923998,"2026-07-31 소각 34,388주",139575589884000.0,1905483.0,44.48,1905761.0,44.48,251.3789,251.4157
20260827,252753000000000.0,105962153322.0,252858962153322.0,3852600000000.0,801200000000.0,2026Q2,2026Q2,lagged,145063656495.0,257512762153322.0,257551863656495.0,1068000.0,131923998,"2026-07-31 소각 34,388주",140894829864000.0,1951978.0,45.3,1952275.0,45.29,257.5128,257.5519
20260828,241503300000000.0,110568585198.0,241613868585198.0,3852600000000.0,801200000000.0,2026Q2,2026Q2,lagged,145063656495.0,246267668585198.0,246302163656495.0,1028000.0,131923998,"2026-07-31 소각 34,388주",135617869944000.0,1866739.0,44.94,1867000.0,44.94,246.2677,246.3022
20260831,244571400000000.0,103935764904.0,244675335764904.0,3852600000000.0,801200000000.0,2026Q2,2026Q2,lagged,145063656495.0,249329135764904.0,249370263656495.0,1037000.0,131923998,"2026-07-31 소각 34,388주",136805185926000.0,1889945.0,45.14,1890257.0,45.15,249.3291,249.3703
20260901,247347300000000.0,106142794310.0,247453442794310.0,3852600000000.0,801200000000.0,2026Q2,2026Q2,lagged,145063656495.0,252107242794310.0,252146163656495.0,1067000.0,131923998,"2026-07-31 소각 34,388주",140762905866000.0,1911004.0,44.18,1911299.0,44.17,252.1072,252.1462
20260902,235659300000000.0,102649980916.0,235761949980916.0,3852600000000.0,801200000000.0,2026Q2,2026Q2,lagged,145063656495.0,240415749980916.0,240458163656495.0,982000.0,131923998,"2026-07-31 소각 34,388주",129549366036000.0,1822381.0,46.11,1822702.0,46.12,240.4157,240.4582
20260903,233175600000000.0,101079151803.0,233276679151803.0,3852600000000.0,801200000000.0,2026Q2,2026Q2,lagged,145063656495.0,237930479151803.0,237974463656495.0,981000.0,131923998,"2026-07-31 소각 34,388주",129417442038000.0,1803542.0,45.62,1803875.0,45.62,237.9305,237.9745
20260904,240626700000000.0,103979231834.0,240730679231834.0,3852600000000.0,801200000000.0,2026Q2,2026Q2,lagged,145063656495.0,245384479231834.0,245425563656495.0,1041000.0,131923998,"2026-07-31 소각 34,388주",137332881918000.0,1860044.0,44.03,1860356.0,44.04,245.3845,245.4256
20260907,260496300000000.0,104294130031.0,260600594130031.0,3852600000000.0,801200000000.0,2026Q2,2026Q2,lagged,145063656495.0,265254394130031.0,265295163656495.0,1125000.0,131923998,"2026-07-31 소각 34,388주",148414497750000.0,2010661.0,44.05,2010970.0,44.07,265.2544,265.2952
20260908,261957300000000.0,103746397274.0,262061046397274.0,3852600000000.0,801200000000.0,2026Q2,2026Q2,lagged,145063656495.0,266714846397274.0,266756163656495.0,1131000.0,131923998,"2026-07-31 소각 34,388주",149206041738000.0,2021731.0,44.07,2022044.0,44.08,266.7148,266.7562
20260909,271161600000000.0,105637301914.0,271267237301914.0,3852600000000.0,801200000000.0,2026Q2,2026Q2,lagged,145063656495.0,275921037301914.0,275960463656495.0,1138000.0,131923998,"2026-07-31 소각 34,388주",150129509724000.0,2091515.0,45.6,2091814.0,45.61,275.921,275.9605
20260910,270723300000000.0,106015715109.0,270829315715109.0,3852600000000.0,801200000000.0,2026Q2,2026Q2,lagged,145063656495.0,275483115715109.0,275522163656495.0,1135000.0,131923998,"2026-07-31 소각 34,388주",149733737730000.0,2088196.0,45.66,2088492.0,45.65,275.4831,275.5222
20260911,264733200000000.0,104656160665.0,264837856160665.0,3852600000000.0,801200000000.0,2026Q2,2026Q2,lagged,145063656495.0,269491656160665.0,269532063656495.0,1089000.0,131923998,"2026-07-31 소각 34,388주",143665233822000.0,2042780.0,46.69,2043086.0,46.71,269.4917,269.5321
20260914,247931700000000.0,104492093859.0,248036192093859.0,3852600000000.0,801200000000.0,2026Q2,2026Q2,lagged,145063656495.0,252689992093859.0,252730563656495.0,1000000.0,131923998,"2026-07-31 소각 34,388주",131923998000000.0,1915421.0,47.79,1915729.0,47.8,252.69,252.7306
20260915,246909000000000.0,106848453381.0,247015848453381.0,3852600000000.0,801200000000.0,2026Q2,2026Q2,lagged,145063656495.0,251669648453381.0,251707863656495.0,1000000.0,131923998,"2026-07-31 소각 34,388주",131923998000000.0,1907687.0,47.58,1907976.0,47.59,251.6696,251.7079
20260916,256989900000000.0,105711069735.0,257095611069735.0,3852600000000.0,801200000000.0,2026Q2,2026Q2,lagged,145063656495.0,261749411069735.0,261788763656495.0,1020000.0,131923998,"2026-07-31 소각 34,388주",134562477960000.0,1984092.0,48.59,1984391.0,48.6,261.7494,261.7888
20260917,254944500000000.0,104843460640.0,255049343460640.0,3852600000000.0,801200000000.0,2026Q2,2026Q2,lagged,145063656495.0,259703143460640.0,259743363656495.0,1008000.0,131923998,"2026-07-31 소각 34,388주",132979389984000.0,1968582.0,48.8,1968886.0,48.8,259.7031,259.7434
20260918,271307700000000.0,111519058055.0,271419219058055.0,3852600000000.0,801200000000.0,2026Q2,2026Q2,lagged,145063656495.0,276073019058055.0,276106563656495.0,1079000.0,131923998,"2026-07-31 소각 34,388주",142345993842000.0,2092667.0,48.44,2092921.0,48.45,276.073,276.1066
20260921,272914800000000.0,108585513407.0,273023385513407.0,3852600000000.0,801200000000.0,2026Q2,2026Q2,lagged,145063656495.0,277677185513407.0,277713663656495.0,1127000.0,131923998,"2026-07-31 소각 34,388주",148678345746000.0,2104827.0,46.46,2105103.0,46.46,277.6772,277.7137
20260922,268824000000000.0,109343830445.0,268933343830445.0,3852600000000.0,801200000000.0,2026Q2,2026Q2,lagged,145063656495.0,273587143830445.0,273622863656495.0,1133000.0,131923998,"2026-07-31 소각 34,388주",149469889734000.0,2073824.0,45.37,2074095.0,45.37,273.5871,273.6229
20260923,272038200000000.0,110176137081.0,272148376137081.0,3852600000000.0,801200000000.0,2026Q2,2026Q2,lagged,145063656495.0,276802176137081.0,276837063656495.0,1190000.0,131923998,"2026-07-31 소각 34,388주",156989557620000.0,2098194.0,43.28,2098459.0,43.29,276.8022,276.8371
20260928,258304800000000.0,118478585076.0,258423278585076.0,3852600000000.0,801200000000.0,2026Q2,2026Q2,lagged,145063656495.0,263077078585076.0,263103663656495.0,1100000.0,131923998,"2026-07-31 소각 34,388주",145116397800000.0,1994156.0,44.84,1994358.0,44.84,263.0771,263.1037
20260929,257866500000000.0,116358357583.0,257982858357583.0,3852600000000.0,801200000000.0,2026Q2,2026Q2,lagged,145063656495.0,262636658357583.0,262665363656495.0,1118000.0,131923998,"2026-07-31 소각 34,388주",147491029764000.0,1990818.0,43.84,1991036.0,43.85,262.6367,262.6654
