date,year,skq_ret,hynix_ret,divergence,w_hynix,beta_roll120,beta_minus_w_roll120,divergence_slope_roll120
20211130,2021,-10.53,-1.72,,,,,
20211201,2021,-7.79,2.19,-9.73,0.7160804946359806,,,
20211202,2021,9.57,3.0,7.35,0.7178259815895752,,,
20211203,2021,-3.93,-1.67,-2.95,0.723323447024374,,,
20211206,2021,0.0,0.42,0.06,0.7183223403136935,,,
20211207,2021,-0.61,2.53,-2.32,0.7218329052857643,,,
20211208,2021,-1.52,-1.23,-0.71,0.7276685555961518,,,
20211209,2021,0.77,2.92,-1.46,0.7245673602605671,,,
20211210,2021,-2.76,-2.43,-1.04,0.7294385237619497,,,
20211213,2021,-0.47,0.83,-1.01,0.7241515509219904,,,
20211214,2021,-3.81,-0.41,-3.44,0.7262689595228858,,,
20211215,2021,-3.96,2.07,-5.48,0.7259414270627057,,,
20211216,2021,-3.09,0.4,-3.31,0.72983415401481,,,
20211217,2021,1.06,-1.61,1.99,0.7312027963335425,,,
20211220,2021,2.46,-1.23,3.44,0.7261478913081276,,,
20211221,2021,4.28,3.32,1.7,0.7243111025477497,,,
20211222,2021,7.88,2.01,6.45,0.7295515610259311,,,
20211223,2021,-1.22,0.39,-1.55,0.7336844195040236,,,
20211224,2021,1.39,0.39,1.16,0.7341430413802728,,,
20211227,2021,-0.91,-1.56,0.45,0.735313538436416,,,
20211228,2021,-0.61,1.19,-1.47,0.7338111017363621,,,
20211229,2021,-0.46,-0.39,-0.24,0.7362228363583855,,,
20211230,2021,2.95,3.15,0.53,0.7349893469759095,,,
20220103,2022,0.15,,1.46,0.7171829406002705,,,
20220104,2022,5.26,0.0,5.2,0.712802332777134,,,
20220105,2022,-3.43,-2.33,-1.8,0.7124030186740313,,,
20220106,2022,-8.73,-0.4,-8.25,0.7072671640299908,,,
20220107,2022,-1.13,1.6,-2.37,0.7078181783774982,,,
20220110,2022,-5.74,-1.97,-4.15,0.710355907679814,,,
20220111,2022,-0.52,2.81,-2.49,0.7076041742808022,,,
20220112,2022,3.85,0.39,3.54,0.7134213811003873,,,
20220113,2022,-2.36,0.78,-2.87,0.7140220813838867,,,
20220114,2022,1.72,-0.77,2.21,0.7159497623400255,,,
20220117,2022,0.51,-1.17,1.62,0.7138860395772939,,,
20220118,2022,6.07,-0.39,6.42,0.7134885598478368,,,
20220119,2022,-0.95,0.4,-1.14,0.7132020556835225,,,
20220120,2022,0.32,-1.57,1.43,0.7146894812842205,,,
20220121,2022,-2.72,-4.8,0.77,0.7113068841716964,,,
20220124,2022,-2.63,0.0,-2.49,0.7016217098856027,,,
20220125,2022,-4.22,-0.84,-3.51,0.7026309112761652,,,
20220126,2022,0.88,-0.42,1.16,0.7017188980035137,,,
20220127,2022,-4.2,-3.4,-1.69,0.7007320459056601,,,
20220128,2022,0.36,6.17,-4.1,0.6943057319712139,,,
20220203,2022,2.18,,0.07,0.7056325691584584,,,
20220204,2022,1.25,0.4,0.98,0.7111350756175632,,,
20220207,2022,2.28,-1.2,3.14,0.7120676250611825,,,
20220208,2022,0.69,1.63,-0.46,0.709622345605737,,,
20220209,2022,2.05,0.8,1.43,0.712976843509769,,,
20220210,2022,-4.52,2.78,-6.45,0.7142590222261435,,,
20220211,2022,-0.53,1.93,-1.82,0.7201700887430396,,,
20220214,2022,-3.87,0.38,-4.04,0.7247483635057383,,,
20220215,2022,-5.31,-4.15,-2.21,0.7262438589874182,,,
20220216,2022,5.8,2.76,3.69,0.7183905578293184,,,
20220217,2022,-0.91,1.92,-2.28,0.7229149277582592,,,
20220218,2022,0.0,-1.13,0.77,0.7267834651000288,,,
20220221,2022,2.95,-1.14,3.77,0.7241423212957598,,,
20220222,2022,-1.25,-1.15,-0.31,0.7217876374353213,,,
20220223,2022,4.72,0.0,4.73,0.7202238970730284,,,
20220224,2022,-4.16,-4.67,-0.7,0.7203107889921767,,,
20220225,2022,3.62,0.41,3.28,0.7112900947867814,,,
20220228,2022,-2.62,0.41,-2.91,0.7117774034153188,,,
20220302,2022,-3.05,,-3.96,0.7125921837421099,,,
20220303,2022,1.85,3.2,-0.48,0.7147199786394697,,,
20220304,2022,-3.81,-3.49,-1.31,0.7208212386843114,,,
20220307,2022,-4.34,-4.02,-1.36,0.7135409617131749,,,
20220308,2022,-2.86,-1.26,-1.97,0.7059150117529718,,,
20220310,2022,5.38,,4.14,0.7033198161713323,,,
20220311,2022,-0.96,-2.5,0.78,0.7064615238179267,,,
20220314,2022,1.56,-0.85,2.22,0.7010242681287818,,,
20220315,2022,-1.72,-3.02,0.4,0.6996411380781264,,,
20220316,2022,0.0,3.56,-2.63,0.6932317248477556,,,
20220317,2022,2.53,6.44,-1.98,0.6994808270714896,,,
20220318,2022,1.71,0.0,1.64,0.7123699942993489,,,
20220321,2022,0.0,-1.61,1.08,0.7118806881500931,,,
20220322,2022,0.37,1.23,-0.52,0.7080225867256269,,,
20220323,2022,3.72,0.0,3.79,0.7104070987093914,,,
20220324,2022,-0.18,-2.43,1.53,0.710933609379067,,,
20220325,2022,-0.9,-2.07,0.51,0.7057636234373322,,,
20220328,2022,2.9,0.0,2.86,0.7009708568549055,,,
20220329,2022,1.41,1.69,0.25,0.7007113308112265,,,
20220330,2022,-2.26,0.83,-2.84,0.7044402228758644,,,
20220331,2022,1.07,-2.48,2.8,0.7062048944331475,,,
20220401,2022,-0.88,-1.69,0.3,0.700286600391447,,,
20220404,2022,-0.18,0.86,-0.82,0.6966230279714826,,,
20220405,2022,0.53,-0.43,0.77,0.6981349703235059,,,
20220406,2022,0.35,-3.0,2.51,0.6968528805942488,,,
20220407,2022,-2.29,0.44,-2.47,0.6908498843344701,,,
20220408,2022,1.44,-1.32,2.32,0.6926930225927739,,,
20220411,2022,-0.18,-0.45,0.17,0.6896161333316048,,,
20220412,2022,-1.25,-0.45,-0.88,0.6889248230965898,,,
20220413,2022,2.89,1.8,1.63,0.6883813238844544,,,
20220414,2022,0.88,-2.65,2.72,0.6920327962553753,,,
20220415,2022,-0.7,-1.82,0.53,0.6862638268798407,,,
20220418,2022,-2.45,0.93,-3.07,0.682188963444378,,,
20220419,2022,1.44,3.21,-0.75,0.6842416155593589,,,
20220420,2022,0.35,0.0,0.35,0.6910577545666199,,,
20220421,2022,-0.71,0.44,-1.01,0.6910636647007635,,,
20220422,2022,-1.6,-2.21,-0.14,0.6920774109782909,,,
20220425,2022,-1.62,-2.26,-0.03,0.6868241946424776,,,
20220426,2022,-0.18,2.78,-2.03,0.6821130227932547,,,
20220427,2022,-2.94,-2.25,-1.32,0.688325583437131,,,
20220428,2022,-0.38,0.92,-0.95,0.6838931523823101,,,
20220429,2022,0.19,2.74,-1.7,0.6862933127852398,,,
20220502,2022,-2.47,-1.78,-1.19,0.692046724189231,,,
20220503,2022,0.0,-0.45,0.25,0.6885302136782928,,,
20220504,2022,-1.75,-0.45,-1.47,0.687113756037356,,,
20220506,2022,-4.16,,-2.86,0.6858816026138143,,,
20220509,2022,-5.27,0.0,-5.15,0.6821963389376738,,,
20220510,2022,0.76,2.33,-0.85,0.6829907636634427,,,
20220511,2022,-3.25,0.45,-3.56,0.6877844889464327,,,
20220512,2022,-3.58,-1.36,-2.52,0.6887718269105046,,,
20220513,2022,3.02,3.21,0.82,0.6866924439762564,,,
20220516,2022,0.45,-1.78,1.69,0.6935152116534434,,,
20220517,2022,0.11,1.81,-1.13,0.6897552359217757,,,
20220518,2022,0.78,0.89,0.16,0.6936159548935265,,,
20220519,2022,-0.67,-2.2,0.89,0.6954697132097423,,,
20220520,2022,3.69,1.35,2.74,0.6909399419342959,,,
20220523,2022,1.29,0.44,0.97,0.6937068620784469,,,
20220524,2022,-3.09,-3.98,-0.28,0.6945942106238545,,,
20220525,2022,0.99,-0.46,1.32,0.686249368014332,0.545107605265071,-0.14114176274926105,-0.20401995474835247
20220526,2022,-0.98,-4.63,2.2,0.6853147545860311,0.4998651487666696,-0.18544960581936148,-0.21722558319973673
20220527,2022,1.1,2.91,-0.88,0.6750543594869262,0.5362567618454763,-0.13879759764144983,-0.17866138082853933
20220530,2022,2.39,0.94,1.72,0.6812255576550362,0.49196554055784675,-0.18926001709718948,-0.222451875665591
20220531,2022,0.42,0.93,-0.25,0.6830687161031112,0.48356181488547245,-0.1995069012176387,-0.2315888813154927
20220602,2022,-2.43,,-1.77,0.6848856874690668,0.48354485428120364,-0.2013408331878631,-0.23193540180912456
20220603,2022,1.73,0.0,1.7,0.6830277538762385,0.49218637011318933,-0.19084138376304915,-0.22375400341400578
20220607,2022,-3.62,,-1.68,0.6828271481987892,0.49056431358306707,-0.19226283461572213,-0.2255580828495382
20220608,2022,1.33,1.92,0.03,0.676802074765792,0.495699050086407,-0.181103024679385,-0.21927370593965645
20220609,2022,1.42,-0.47,1.77,0.6809898967041116,0.48778246250555374,-0.19320743419855785,-0.2273358018118784
20220610,2022,-1.94,-1.9,-0.59,0.6801457406867303,0.49223647293331463,-0.18790926775341565,-0.2228750805290173
20220613,2022,-5.7,-4.35,-2.59,0.6764137103297068,0.5180248057013238,-0.15838890462838295,-0.19694049811255726
20220614,2022,-0.23,0.1,-0.22,0.6677574776107498,0.539047083634645,-0.12871039397610473,-0.17565719293964074
20220615,2022,-2.45,-1.21,-1.48,0.6684767051836428,0.5460092331738539,-0.12246747200978891,-0.16893672685969666
20220616,2022,1.08,-0.51,1.38,0.666844063424755,0.5507216760283532,-0.1161223873964018,-0.16483279764319253
20220617,2022,1.77,-1.03,2.44,0.6654217493629544,0.5533304244333562,-0.11209132492959817,-0.16190844330493512
20220620,2022,-2.9,-1.97,-1.42,0.6630397755991126,0.5416370375459252,-0.12140273805318746,-0.17227182009779898
20220621,2022,-0.72,0.74,-1.25,0.6597386413303982,0.5090044777591156,-0.15073416357128255,-0.20488763114963637
20220622,2022,-2.17,-3.15,0.09,0.6610973255149014,0.5125474223801121,-0.14854990313478933,-0.20122927543544192
20220623,2022,-3.94,-2.17,-2.33,0.6550643245647269,0.5204831530881966,-0.13458117147653026,-0.1934967619803207
20220624,2022,5.0,1.55,3.89,0.651360701803248,0.5362720232551684,-0.11508867854807958,-0.17719289905546942
20220627,2022,2.44,3.71,-0.07,0.6541830828271363,0.5438851379504612,-0.1102979448766751,-0.16860262941888834
20220628,2022,-1.31,0.32,-1.5,0.6618636771582572,0.5425385720205609,-0.11932510513769634,-0.16995234033061601
20220629,2022,-1.57,-1.36,-0.68,0.6627075603184199,0.5345218957929507,-0.1281856645254692,-0.1764936893339736
20220630,2022,-4.17,-3.19,-2.06,0.6595216849157394,0.5469956918494654,-0.11252599306627398,-0.16304241286822532
20220701,2022,-0.26,-3.85,2.27,0.6431597781679549,0.5302183868928821,-0.11294139127507274,-0.17832425643056812
20220704,2022,-1.93,1.83,-3.04,0.6344598465475395,0.5125382033675036,-0.12192164318003595,-0.19548306045331218
20220705,2022,3.53,3.82,1.02,0.6389855852357829,0.5236258364816905,-0.11535974875409238,-0.18305854748108238
20220706,2022,-3.67,-0.43,-3.41,0.6470968230575074,0.5306544489290091,-0.11644237412849823,-0.1755793389481493
20220707,2022,3.94,1.95,2.65,0.6459621688420757,0.5286064607462113,-0.11735570809586438,-0.17679813001882924
20220708,2022,0.51,0.96,-0.16,0.6501977378355814,0.5393807019642778,-0.11081703587130365,-0.16601250871739245
20220711,2022,0.0,-1.16,0.77,0.6520922657386141,0.5337662393061376,-0.11832602643247647,-0.17145281550584346
20220712,2022,-0.75,-0.43,-0.43,0.6495455766068502,0.5389410678381298,-0.11060450876872041,-0.16631831924040386
20220713,2022,2.78,0.75,2.29,0.6488795484033134,0.545626677165294,-0.1032528712380194,-0.15966312991674594
20220714,2022,-1.97,0.0,-1.98,0.6505881828773813,0.5469439033975456,-0.10364427947983568,-0.1579066624731394
20220715,2022,1.38,5.0,-1.85,0.6505399785905001,0.5380881847346798,-0.11245179385582027,-0.16422794938704735
20220718,2022,1.49,2.33,-0.07,0.6616931357131696,0.540947117843439,-0.1207460178697306,-0.16119282129148726
20220719,2022,-1.34,-0.99,-0.69,0.6666896305468122,0.5451088012389592,-0.12158082930785297,-0.156967874428183
20220720,2022,2.72,2.0,1.37,0.6643972093200595,0.5528901112484734,-0.1115070980715861,-0.14820501461479527
20220721,2022,0.6,0.49,0.27,0.6686332303460206,0.5539100025232426,-0.114723227822778,-0.1472133583906296
20220722,2022,-1.44,-2.44,0.18,0.6697050315411783,0.5490383715696926,-0.12066665997148573,-0.15151120937816537
20220725,2022,1.09,0.0,1.07,0.6641332037029115,0.5499572806241276,-0.11417592307878388,-0.15061540155527314
20220726,2022,0.0,0.5,-0.32,0.6640264336775681,0.536686876478976,-0.12733955719859213,-0.16319608617131667
20220727,2022,2.16,-0.5,2.45,0.6652343232830089,0.5696023550159862,-0.0956319682670227,-0.12831889763412743
20220728,2022,0.47,-0.6,0.9,0.6638276956424329,0.5688315811245076,-0.09499611451792533,-0.12908600266541145
20220729,2022,0.12,-1.51,1.11,0.6626666501198063,0.5649627486118165,-0.0977039015079898,-0.13274184769899297
20220801,2022,-0.7,-0.82,-0.15,0.659174787957019,0.5712617368868633,-0.08791305107015568,-0.12637965644070692
20220802,2022,-2.94,-0.62,-2.48,0.6573723082279876,0.5739590821568467,-0.08341322607114099,-0.12359764871083077
20220803,2022,1.46,1.04,0.75,0.6563191691577139,0.5730290817650069,-0.08329008739270705,-0.12438038774474452
20220804,2022,0.48,0.0,0.44,0.6584263205854777,0.6086363315805079,-0.04978998900496978,-0.08875586735082458
20220805,2022,1.55,1.03,0.85,0.6581563206234118,0.618078833116372,-0.040077487507039766,-0.07947939082309131
20220808,2022,0.82,-2.23,2.17,0.6603036232677674,0.6142466109871578,-0.046057012280609544,-0.08253950629019562
20220809,2022,-1.86,-1.25,-1.11,0.6543628709198719,0.594245242607785,-0.06011762831208689,-0.10068654012140403
20220810,2022,0.24,-3.47,2.51,0.651063098376482,0.5543552211051961,-0.09670787727128594,-0.13835878707530308
20220811,2022,3.43,1.63,2.37,0.6430613726294843,0.5728299257859,-0.07023144684358429,-0.11943471161261594
20220812,2022,-1.14,0.0,-1.17,0.6467066379603486,0.5732599071597247,-0.0734467308006238,-0.11906927020212076
20220816,2022,1.04,,-1.34,0.6465436742606818,0.5797467773290725,-0.06679689693160928,-0.11254765149383333
20220817,2022,0.11,0.41,-0.15,0.6545489251052298,0.5784401139959585,-0.07610881110927126,-0.11359039517970837
20220818,2022,-0.34,-1.44,0.65,0.6555815045231971,0.5749526976470926,-0.08062880687610452,-0.11703608902072442
20220819,2022,-1.49,0.73,-1.93,0.6525722690981256,0.5574815549973027,-0.09509071410082293,-0.1323380329097577
20220822,2022,-4.07,-1.24,-3.13,0.6544508635504148,0.5602780763616576,-0.09417278718875721,-0.12961758680666607
20220823,2022,-1.94,-1.68,-0.71,0.6524101677587025,0.56678390083454,-0.08562626692416253,-0.1232720035538543
20220824,2022,0.25,-0.43,0.5,0.6494431248192989,0.5665494008584541,-0.08289372396084482,-0.12348227910421425
20220825,2022,1.23,0.97,0.48,0.6483024081158487,0.5677594771332166,-0.0805429309826321,-0.12152784606276497
20220826,2022,0.24,1.06,-0.41,0.64970628265272,0.5541745443072579,-0.09553173834546214,-0.1343223649779085
20220829,2022,-3.65,-2.73,-1.72,0.6523671595582006,0.5483676528303706,-0.10399950672782998,-0.1386366589289852
20220830,2022,0.38,0.76,-0.15,0.6470517594989681,0.5432880309146859,-0.10376372858428218,-0.14372044827828404
20220831,2022,1.89,2.15,0.46,0.6485364502116996,0.5471295243453872,-0.10140692586631239,-0.13968962751154032
20220901,2022,-2.72,-2.94,-0.72,0.6531316720457211,0.5559676753166586,-0.09716399672906251,-0.13060660376539576
20220902,2022,-0.89,-0.76,-0.38,0.6468488991230329,0.5596422537448086,-0.08720664537822431,-0.12680367018159588
20220905,2022,0.0,-0.65,0.4,0.6452364874061329,0.5593374938875396,-0.08589899351859331,-0.12680363338093198
20220906,2022,2.94,0.77,2.43,0.6435799554304938,0.581519431960342,-0.062060523470151896,-0.1029189901769849
20220907,2022,-0.87,-1.53,0.19,0.6452374248794595,0.6019441956170419,-0.04329322926241752,-0.0805801813369057
20220908,2022,5.65,0.0,5.63,0.6421833673294386,0.6043334416384235,-0.037849925691015085,-0.07816061493454217
20220913,2022,3.09,,-0.08,0.6420563338020169,0.6076458154555437,-0.03441051834647313,-0.0749591869834321
20220914,2022,-1.73,-1.9,-0.43,0.6526248186868582,0.6117637391810157,-0.0408610795058425,-0.0705611127914704
20220915,2022,-0.12,-1.08,0.56,0.6486894981125032,0.6082265771094033,-0.040462921003099894,-0.07398976281403849
20220916,2022,-2.0,-0.87,-1.44,0.6460781450269144,0.6178937413444877,-0.028184403682426695,-0.06402339164315522
20220919,2022,-2.28,-1.32,-1.32,0.6440581563444687,0.6238330760999914,-0.020225080244477334,-0.05828160695782344
20220920,2022,-1.47,-2.22,-0.06,0.6417139960917212,0.6221198515911804,-0.019594144500540756,-0.05937380965499389
20220921,2022,-1.49,0.0,-1.46,0.6364354645820298,0.6189555051718127,-0.017479959410217072,-0.062423501120978254
20220922,2022,-0.38,-2.27,1.07,0.6366196710612809,0.6212523229844226,-0.015367348076858356,-0.05949785268861272
20220923,2022,-1.14,-2.91,0.69,0.6313048956436413,0.6313074126104193,2.5169667779989524e-06,-0.04818823125864391
20220926,2022,-5.13,-1.2,-4.1,0.6244040392872472,0.6421487865548017,0.017744747267554484,-0.03774239170975054
20220927,2022,-2.3,-0.61,-1.96,0.6233550255893786,0.6454710882014052,0.022116062612026588,-0.034151301867640704
20220928,2022,0.55,-0.98,1.18,0.6217105876993175,0.6435414583768964,0.02183087067757883,-0.03601805307932541
20220929,2022,-1.65,-0.49,-1.37,0.6195376800433637,0.6610712715690517,0.04153359152568792,-0.017676746255730718
20220930,2022,1.12,2.85,-0.61,0.6182424827615395,0.6604687332309895,0.042226250469450055,-0.016921128465464588
20221004,2022,5.39,,3.11,0.6056326913713931,0.6670243656401881,0.06139167426879499,-0.010434983886173138
20221005,2022,1.97,4.18,-0.56,0.6142043152725302,0.6597236529857865,0.045519337713256336,-0.014584711906836663
20221006,2022,0.26,0.11,0.16,0.6240644596139752,0.6595373487146736,0.03547288910069846,-0.014775182921103676
20221007,2022,-0.13,1.45,-1.02,0.6241533170911331,0.6464725707255488,0.02231925363441567,-0.027236339831228314
20221011,2022,-3.6,,-2.83,0.627595765136175,0.6632472283859702,0.03565146324979518,-0.010220878330702317
20221012,2022,1.73,4.21,-0.96,0.6255458048864225,0.6567471183125342,0.031201313426111654,-0.015401163941120604
20221013,2022,-0.13,0.96,-0.65,0.6347978451957241,0.6626603395846655,0.027862494388941395,-0.00916908750802287
20221014,2022,0.79,0.63,0.25,0.6375328657648118,0.6680238417481582,0.03049097598334638,-0.0036475041537308178
20221017,2022,2.6,-0.31,2.82,0.6380950551930208,0.6668271874226609,0.028732132229640106,-0.004835270824108142
20221018,2022,0.0,0.63,-0.43,0.6375002910685736,0.667577088467659,0.03007679739908531,-0.004100031852708493
20221019,2022,-1.65,-3.03,0.31,0.6387404815515615,0.664111527718573,0.02537104616701147,-0.007131563635262046
20221020,2022,-1.42,-2.91,0.48,0.6317998850203222,0.6599418702207283,0.028141985200406006,-0.010559789002663236
20221021,2022,-0.65,0.33,-0.87,0.6252923239243383,0.6728763902364817,0.0475840663121434,0.002366744943401645
20221024,2022,1.71,1.44,0.8,0.6259944795295452,0.6695554583799199,0.04356097885037469,-0.0003008654578384133
20221025,2022,-1.55,1.85,-2.72,0.6292581708202022,0.6586027413579232,0.029344570537720993,-0.011068165254613908
20221026,2022,2.63,0.43,2.38,0.6334835590936616,0.6734544256955552,0.03997086660189364,0.004335272615704238
20221027,2022,0.0,-4.15,2.6,0.6346333257851422,0.6414473374942461,0.006814011709103895,-0.025548155492831025
20221028,2022,-5.77,-7.33,-1.19,0.6245375953329758,0.6572080908335562,0.03267049550058043,-0.004873488135381096
20221031,2022,0.54,-0.84,1.04,0.6065319168524042,0.6552748320717967,0.04874291521939256,-0.006733669087224179
20221101,2022,-0.54,1.45,-1.43,0.6044792022449174,0.649914477309903,0.04543527506498568,-0.011884849424970747
20221102,2022,1.22,0.72,0.78,0.6078628732985684,0.654410397086149,0.04654752378758065,-0.007398716180876727
20221103,2022,-0.94,-2.13,0.39,0.6095450998680759,0.6570276759385589,0.04748257607048301,-0.003957001028193516
20221104,2022,-0.68,2.18,-2.03,0.6046083759241503,0.6513745603984762,0.0467661844743259,-0.009161375982563459
20221107,2022,4.1,2.37,2.66,0.6095330085025331,0.6588777299645757,0.04934472146204261,-0.0006957210265353427
20221108,2022,1.18,1.39,0.31,0.6151222704162487,0.6533711872529979,0.03824891683674925,-0.0053640248944447095
20221109,2022,1.43,1.71,0.37,0.6182722097717083,0.6594931546978733,0.041220944926165015,0.0011446151655370644
20221110,2022,0.0,-0.11,0.07,0.6222334465401358,0.6645953244805708,0.042361877940435,0.0065249247112428065
20221111,2022,4.35,4.94,1.24,0.6219540239534802,0.6748262228252921,0.05287219887181194,0.018190262223748435
20221114,2022,-0.74,-2.78,1.01,0.6330125676382985,0.6722804941591558,0.03926792652085731,0.016527033448504987
20221115,2022,-1.11,0.77,-1.62,0.6263669702423569,0.660140510813101,0.03377354057074411,0.004603951375511782
20221116,2022,1.0,-0.11,1.08,0.6279611578397585,0.659082322781592,0.03112116494183348,0.0036094653140780765
20221117,2022,-3.09,-4.15,-0.47,0.6278006772481783,0.6583624046148847,0.03056172736670637,0.0052404586078354486
20221118,2022,-1.79,0.8,-2.38,0.6179368615383418,0.6540894275739434,0.036152566035601574,0.0008039875609018291
20221121,2022,-3.25,-2.38,-1.71,0.6192358941006202,0.6808854424194755,0.061649548318855274,0.0290485171860355
20221122,2022,-1.61,-1.27,-0.78,0.6139856273008302,0.6883414293870174,0.0743558020861872,0.037174187337017765
20221123,2022,2.18,0.0,2.17,0.6112595304907692,0.6850276287024405,0.0737680982116713,0.03402981061080582
20221124,2022,0.0,2.0,-1.3,0.611218636153634,0.679070453624522,0.06785181747088798,0.02820953037155282
20221125,2022,-0.93,-2.07,0.33,0.6153836105548055,0.6771607536919365,0.06177714313713101,0.026693362448799794
20221128,2022,-1.75,-2.35,-0.26,0.6103413240268224,0.676801042709479,0.06645971868265665,0.026588103179782697
20221129,2022,0.55,0.72,0.09,0.6050334151945113,0.6769962723772603,0.07196285718274908,0.026771271377774422
20221130,2022,2.18,1.55,1.21,0.606590466314354,0.6811344703342864,0.07454400401993244,0.03130049620602253
20221201,2022,0.13,-0.35,0.3,0.6100960407191769,0.6818312829123715,0.0717352421931946,0.03202363371187078
20221202,2022,-1.6,-3.31,0.44,0.6089828975408293,0.6754396721454587,0.0664567746046294,0.026757623056858564
20221205,2022,-1.63,-1.1,-0.98,0.6011181155480257,0.6529602770449787,0.051842161496952976,0.006840636598766868
20221206,2022,-1.79,0.0,-1.74,0.5984154212355483,0.6522304301876124,0.05381500895206415,0.006083930258210697
20221207,2022,-1.26,-2.59,0.27,0.5987283116865108,0.6466841405731009,0.04795582888659011,0.0016549178465376105
20221208,2022,1.14,-0.13,1.23,0.5922733802050765,0.647778047681395,0.05550466747631855,0.0027290728369208732
20221209,2022,0.84,3.43,-1.23,0.59207748683557,0.6415596064991496,0.049482119663579516,-0.0024755197131977992
20221212,2022,0.56,-0.49,0.82,0.5999218711515101,0.6351774084107304,0.03525553725922037,-0.008077133777838228
20221213,2022,-0.83,1.48,-1.71,0.5985262992079119,0.6313789579693141,0.0328526587614022,-0.011531042269247263
20221214,2022,0.28,-0.61,0.63,0.6020847132863202,0.6297975023900184,0.027712789103698232,-0.011644925549256554
20221215,2022,-1.67,-1.96,-0.51,0.6005099809748073,0.620612791489916,0.02010281051510865,-0.019547556862983106
20221216,2022,-0.57,-2.24,0.71,0.5956850851477092,0.6021195403376128,0.0064344551899035984,-0.036920675328253376
20221219,2022,0.57,0.77,0.11,0.5898752241939299,0.6003450661089187,0.010469841914988787,-0.03741420964747171
20221220,2022,-1.56,-0.89,-0.96,0.5916478547257435,0.6035177913705831,0.011869936644839596,-0.03429123289899227
20221221,2022,0.0,-0.38,0.23,0.589950239867194,0.6016827685421899,0.011732528674995968,-0.0360778543398356
20221222,2022,3.31,1.54,2.37,0.5890741725011214,0.5961993326480208,0.007125160146899456,-0.040951288400439684
20221223,2022,-2.79,-1.77,-1.67,0.5925514675720807,0.6192754589309022,0.02672399135882153,-0.01723024516201821
20221226,2022,-0.72,-1.03,-0.07,0.5886614500176114,0.6334800272092285,0.04481857719161708,-0.0032422506830992286
20221227,2022,2.02,0.0,2.0,0.5864143379103551,0.6240758533583172,0.037661515447962035,-0.011882028058129938
20221228,2022,-2.4,-1.3,-1.63,0.5863213118973634,0.6265622242865894,0.040240912389226,-0.00925155231729624
20221229,2022,-2.75,-1.32,-2.91,0.5832237674525862,0.6172961515428611,0.03407238409027491,-0.015726109584809817
20230102,2023,-1.94,,-2.38,0.5841303462501092,0.6175171307105222,0.03338678446041299,-0.015331656490578808
20230103,2023,-2.74,-0.13,-2.65,0.5869926526396714,0.6181638609756918,0.031171208336020384,-0.014598378264170956
20230104,2023,4.53,7.14,0.29,0.5867516759952747,0.620322980982527,0.03357130498725236,-0.00804470340549894
20230105,2023,-0.15,0.49,-0.44,0.6031064623343458,0.6149449566080796,0.011838494273733735,-0.013358590414717325
20230106,2023,1.95,2.09,0.68,0.6043066854779249,0.6191419553686951,0.01483526989077022,-0.00895127778831023
20230109,2023,2.2,3.49,0.0,0.6092083812141017,0.6385830242792668,0.02937464306516513,0.01143157395130872
20230110,2023,1.01,0.58,0.65,0.6168828212054479,0.6396345319089795,0.022751710703531547,0.013043520688496636
20230111,2023,1.28,0.92,0.71,0.618255911469976,0.6401376125769842,0.021881701107008156,0.013603744993747505
20230112,2023,0.98,-0.57,1.35,0.6204659473853027,0.6320904135634275,0.011624466178124848,0.006033314718917175
20230113,2023,-0.28,-1.27,0.48,0.6192087978899216,0.6304485283863043,0.011239730496382716,0.004520658254385475
20230116,2023,-0.42,0.12,-0.54,0.616064274709451,0.6305412883059647,0.014477013596513655,0.005020536659600028
20230117,2023,-0.28,0.23,-0.39,0.6160300271928182,0.6296042244781997,0.013574197285381562,0.004125367000743656
20230118,2023,-0.28,-1.05,0.35,0.6167889184916824,0.629366810360967,0.012577891869284596,0.003957153007368011
20230119,2023,-0.56,0.47,-0.89,0.6142052560682691,0.6296194083587434,0.01541415229047427,0.004135417520416646
20230120,2023,-0.14,2.46,-1.83,0.6150559244837435,0.6208344650063199,0.005778540522576425,-0.005492690084896591
20230125,2023,4.26,,1.35,0.619661992044125,0.6240962392458481,0.0044342472017231405,-0.002102641827991498
20230126,2023,1.77,0.98,1.06,0.6282318767193124,0.6270079011017154,-0.0012239756175969063,0.0006203007180882348
20230127,2023,0.8,-0.87,1.16,0.6299358657297107,0.6223799556415593,-0.007555910088151374,-0.0036529936321645306
20230130,2023,-0.4,-0.87,0.07,0.6267290636245496,0.6198823516566638,-0.006846711967885777,-0.005894778225033753
20230131,2023,-3.46,-2.43,-1.69,0.6241638785248557,0.6289334935782819,0.004769615053426213,0.0019518685414104554
20230201,2023,1.93,3.28,-0.11,0.6200190953150103,0.6258719155101733,0.005852820195162978,-0.0008425220899152329
20230202,2023,0.14,2.19,-1.51,0.6275532202311722,0.6301135325559125,0.0025603123247402992,0.0018239438286208655
20230203,2023,-1.08,-1.28,-0.33,0.6308990247727104,0.6282620341818201,-0.002636990590890287,1.9659838277491397e-05
20230206,2023,-2.05,-3.36,0.22,0.6275262454459983,0.6449018175154776,0.01737557206947926,0.01621075828988046
20230207,2023,0.42,1.91,-0.85,0.6205174248745307,0.6325239689876685,0.01200654411313784,0.0036661441302058735
20230208,2023,3.47,4.52,0.13,0.624440108294973,0.6396704263458558,0.015230318050882818,0.006194895423501629
20230209,2023,-1.07,-0.53,-0.51,0.6315632665498613,0.6401959388035222,0.008632672253660933,0.006522793877462754
20230210,2023,0.95,-0.95,1.68,0.6317745684491886,0.6374169760687335,0.005642407619544931,0.0035146355842413986
20230213,2023,-1.75,-3.1,0.22,0.6303554580162203,0.6372358058658354,0.006880347849615109,0.003490856053706519
20230214,2023,1.23,3.09,-0.75,0.6230942668423014,0.6363343371786848,0.013240070336383414,0.002438877954838191
20230215,2023,-1.76,-1.82,-0.48,0.629910310524466,0.631054872215348,0.0011445616908819511,-0.002928814063607066
20230216,2023,2.34,1.31,1.56,0.6264915447022532,0.6329093839262365,0.006417839223983313,-0.00039378109957922844
20230217,2023,-1.21,-0.97,-0.59,0.6297470171233791,0.6342022889378713,0.004455271814492234,0.0008681617584169444
20230220,2023,4.63,0.54,4.36,0.6275407753465727,0.6382201459201134,0.010679370573540736,0.005253789074911805
20230221,2023,-1.43,-1.41,-0.58,0.6292554080405278,0.640400864888112,0.011145456847584168,0.007471520204612874
20230222,2023,-3.43,-2.3,-1.9,0.6257584220296031,0.6390655229747739,0.013307100945170847,0.006855474980014236
20230223,2023,3.42,4.04,0.8,0.6208228591569492,0.6459990873529665,0.02517622819601728,0.013390690619422356
20230224,2023,3.83,-1.83,4.97,0.6294016652637788,0.627391524659187,-0.0020101406045918147,-0.0049039066890796375
20230227,2023,-1.53,-1.1,-0.76,0.624982460218801,0.6241735219804547,-0.0008089382383462684,-0.007474257720695809
20230228,2023,-0.9,-0.67,-0.54,0.6229213877198351,0.6241709203249054,0.0012495326050703248,-0.0073696528111008705
20230302,2023,1.43,,2.43,0.6209810517903676,0.6245861751858477,0.0036051233954801365,-0.006958102708919912
20230303,2023,3.21,-0.91,3.78,0.618108813707315,0.6146258893553085,-0.003482924352006478,-0.016893127086669808
20230306,2023,1.74,2.75,-0.02,0.6160068457007576,0.6149340456203612,-0.0010728000803963411,-0.016396190976521847
20230307,2023,2.08,-0.89,2.72,0.6220082509518566,0.6100034708765042,-0.01200478007535244,-0.02145593827987901
20230308,2023,-2.28,-2.36,-0.73,0.6204345086112603,0.6135395572961196,-0.006894951315140618,-0.018203265681038947
20230309,2023,-2.09,-1.38,-1.18,0.615320300834341,0.6146392885984435,-0.0006810122358974491,-0.01685060069065678
20230310,2023,-3.76,-2.69,-2.05,0.6124008638746045,0.6257018962502274,0.013301032375622968,-0.005866823984849064
20230313,2023,-0.39,1.2,-1.1,0.6063362904951249,0.6210015195795444,0.014665229084419473,-0.010409487648984778
20230314,2023,-6.14,-3.8,-3.66,0.6092645326789116,0.6430244590838187,0.033759926404907104,0.011319398018958734
20230315,2023,-0.7,-2.47,0.77,0.6010726705574725,0.6390357225444824,0.03796305198700989,0.0077429773271893605
20230316,2023,0.98,-0.13,1.1,0.5949963357875805,0.6393506471375472,0.0443543113499667,0.00804888594218068
20230317,2023,2.22,6.33,-1.68,0.5949744759240375,0.6239011986086409,0.02892672268460339,-0.00617555149948533
20230320,2023,0.14,-0.36,0.36,0.6088925882861209,0.6273050599344491,0.018412471648328155,-0.002754936699281416
20230321,2023,0.41,-0.12,0.4,0.6080794829139642,0.6183339229053851,0.01025443999142095,-0.01113526553090228
20230322,2023,0.68,3.95,-1.74,0.607301964592927,0.6046669634040566,-0.0026350011888703895,-0.024330215981138974
20230323,2023,1.07,1.84,0.04,0.6163287542354418,0.6065758726703046,-0.009752881565137206,-0.02196930907933676
20230324,2023,-0.4,-1.36,0.4,0.6212631328804957,0.6043398711574748,-0.016923261723020944,-0.024113101259883217
20230327,2023,-1.6,-2.06,-0.31,0.6177892597584851,0.6084225599874976,-0.009366699770987474,-0.020378796055064576
20230328,2023,1.22,3.39,-0.94,0.6129410526889795,0.6037452647787203,-0.009195787910259212,-0.02516472938651521
20230329,2023,1.87,-1.7,2.93,0.6203104579624236,0.5993303634555247,-0.02098009450689886,-0.03035175245720414
20230330,2023,3.29,2.19,1.91,0.6163413742912214,0.6065652526928393,-0.009776121598382037,-0.023079239704900705
20230331,2023,1.15,-0.23,1.28,0.6212231565524174,0.6087207924217913,-0.012502364130626109,-0.021003601396940883
20230403,2023,-1.89,-1.58,-0.88,0.614431237671715,0.6112758758008269,-0.0031553618708881626,-0.018514015766306628
20230404,2023,-0.9,-3.1,0.94,0.6108953614551368,0.6129368328338556,0.0020414713787187955,-0.016114427127266052
20230405,2023,-0.26,0.12,-0.35,0.6030941740507398,0.6142077192529345,0.011113545202194652,-0.015017541396453254
20230406,2023,-0.26,-0.95,0.43,0.6032842038194478,0.613400725495916,0.010116521676468149,-0.01580236139359238
20230407,2023,1.95,6.32,-1.92,0.6017182524742439,0.5941354706834087,-0.007582781790835269,-0.03386890791664261
20230410,2023,-0.77,1.8,-1.79,0.6159236639663906,0.5890689943378455,-0.026854669628545103,-0.038555946991051214
20230411,2023,0.9,1.21,0.18,0.6206227287914918,0.5900381426051573,-0.030584586186334528,-0.03717539241906223
20230412,2023,4.2,-1.63,5.16,0.6236703702414853,0.5777545220195511,-0.045915848221934175,-0.04892420596211387
20230413,2023,-1.96,-1.77,-0.88,0.6194129706078204,0.5810632688452915,-0.03834970176252894,-0.045554350263889154
20230414,2023,1.12,0.68,0.54,0.6150665477556229,0.5798743029935193,-0.035192244762103586,-0.04691323912473759
20230417,2023,0.0,-0.9,0.65,0.6156301781043533,0.5875212880289422,-0.028108890075411064,-0.03939751368567111
20230418,2023,0.12,-1.02,0.76,0.6140938958426706,0.5846589241825897,-0.02943497166008091,-0.04229821221620857
20230419,2023,0.37,0.68,-0.06,0.6117656066502681,0.6009146137511646,-0.010850992899103518,-0.02598428537867284
20230420,2023,-0.25,-0.57,0.18,0.6132890691133172,0.581789792076128,-0.03149927703718913,-0.04527937673637697
20230421,2023,2.34,1.6,1.39,0.61244671841024,0.5872365731693515,-0.025210145240888493,-0.03968683521950182
20230424,2023,-2.88,-2.13,-1.46,0.6163781725892581,0.5976441666187944,-0.018734005970463707,-0.029713718933767806
20230425,2023,-2.1,-1.95,-0.82,0.611945428206312,0.6001895819318582,-0.011755846274453807,-0.027419876656370787
20230426,2023,2.15,2.22,0.78,0.6078169771374835,0.6044450701662243,-0.00337190697125922,-0.023044076004972738
20230427,2023,0.74,1.6,-0.24,0.6129372368482925,0.6116560407892103,-0.001281196059082168,-0.01584184540096415
20230428,2023,4.3,0.79,3.83,0.6167332709316872,0.6057776220226674,-0.010955648909019788,-0.021906961269156297
20230502,2023,-2.59,,-3.14,0.618662433189921,0.6050910334402699,-0.013571399749651047,-0.02261727732314597
20230503,2023,0.97,-0.44,1.17,0.6201084566111049,0.6031091059452557,-0.016999350665849233,-0.024608694106914967
20230504,2023,0.12,-1.22,0.78,0.6186029560438501,0.6013714416241493,-0.017231514419700722,-0.026127068462275138
20230508,2023,0.72,,0.72,0.6150755882572544,0.5887750437909586,-0.026300544466295817,-0.03870831093858217
20230509,2023,0.59,-1.58,1.55,0.6150939184971275,0.5888570394991449,-0.02623687899798255,-0.03848229856342579
20230510,2023,-0.83,-0.46,-0.54,0.6112412962943347,0.592022129337434,-0.019219166956900624,-0.035295755992439136
20230511,2023,-0.24,-0.69,0.2,0.61024067876502,0.5919980004304604,-0.018242678334559614,-0.035337512263976446
20230512,2023,0.48,1.04,-0.13,0.608725569596174,0.5856429932646713,-0.02308257633150268,-0.04137232677688862
20230515,2023,0.95,-0.92,1.55,0.6113569057258358,0.5870879032760422,-0.024269002449793575,-0.0398483949590702
20230516,2023,0.35,4.63,-2.46,0.6093980400401443,0.5554909421119981,-0.053907097928146186,-0.07028161788671147
20230517,2023,0.47,1.66,-0.74,0.6201610013718154,0.5511205557855399,-0.06904044558627553,-0.07505948460111289
20230518,2023,0.7,1.85,-0.4,0.6228894168303121,0.5498836633354243,-0.0730057534948878,-0.07606316637943068
20230519,2023,3.13,3.95,0.54,0.6275301514916681,0.5605966677191828,-0.06693348377248531,-0.06600760170528124
20230522,2023,1.57,0.92,0.97,0.6358794564185681,0.5625822931558769,-0.0732971632626912,-0.06416237534484492
20230523,2023,-1.11,-0.31,-0.86,0.6379588671290263,0.5608684509651856,-0.07709041616384071,-0.06580651217517505
20230524,2023,-0.67,-0.2,-0.49,0.6375964037906633,0.5612367637459511,-0.07635964004471218,-0.06547648725823595
20230525,2023,2.7,5.94,-1.03,0.6374554787996435,0.5503793143687401,-0.08707616443090338,-0.07635199159479539
20230526,2023,1.64,5.51,-1.9,0.6510230148339331,0.5369672385424715,-0.11405577629146157,-0.09052951953639399
20230530,2023,-0.22,,-0.98,0.6634027726045817,0.5376014823199075,-0.12580129028467424,-0.09007736666196921
20230531,2023,-0.22,-1.54,0.84,0.6650295857742884,0.5333010049909704,-0.13172858078331795,-0.09477244921944696
20230601,2023,-1.19,1.57,-2.24,0.6618240532814078,0.5275356935446817,-0.13428835973672615,-0.10064712519349915
20230602,2023,-0.77,0.0,-0.79,0.6652041346757849,0.5280330183358152,-0.1371711163399697,-0.10060194817251111
20230605,2023,-0.22,-1.45,0.74,0.6650637371424295,0.5274026120646805,-0.13766112507774897,-0.10138988151055578
20230607,2023,2.1,,2.48,0.6617377570233672,0.5334733353733534,-0.12826442165001384,-0.09585932410205729
20230608,2023,-1.74,1.57,-2.74,0.6600113076298617,0.5280896763392762,-0.13192163129058554,-0.10131011026473724
20230609,2023,2.43,5.2,-1.04,0.6637531551438902,0.528383133360487,-0.13537002178340318,-0.10276599356044085
20230612,2023,-1.72,-0.52,-1.44,0.6747939702357091,0.5313220244225642,-0.14347194581314493,-0.09981286736479486
20230613,2023,6.03,4.09,3.3,0.6731917724033126,0.5531299044704913,-0.12006186793282136,-0.07917472245950881
20230614,2023,-2.48,-0.59,-2.06,0.6821199026786553,0.5593946007382099,-0.1227253019404454,-0.07357189746212077
20230615,2023,1.59,0.17,1.49,0.6809756135573776,0.5588957272501761,-0.12207988630720146,-0.07410032777440839
20230616,2023,-0.73,-0.08,-0.62,0.6814572511938475,0.557029400968012,-0.12442785022583547,-0.07592236756167994
20230619,2023,-1.16,-3.45,1.19,0.6816196519042859,0.5527781823455105,-0.1288414695587754,-0.0812842426117344
20230620,2023,-1.06,1.13,-1.83,0.673975942483527,0.5454444790349414,-0.12853146344858557,-0.08876999385349478
20230621,2023,-0.65,-0.86,0.0,0.6764295966831743,0.5392219753859334,-0.13720762129724084,-0.09520470314836195
20230622,2023,-0.54,-0.96,0.09,0.6749863992746742,0.5388827229509086,-0.13610367632376563,-0.09559746348797327
20230623,2023,-1.52,-0.35,-1.25,0.6727646050117551,0.5415773285251373,-0.13118727648661777,-0.0929718769329021
20230626,2023,-0.77,-0.09,-0.7,0.6722056511639578,0.5372951209162651,-0.13491053024769273,-0.09740942100264466
20230627,2023,0.0,-0.44,0.31,0.6720755419143987,0.5310838545843365,-0.14099168733006218,-0.10650949433273803
20230628,2023,-0.22,1.15,-0.96,0.6711718332868017,0.5298638083421539,-0.1413080249446479,-0.1077482964958945
20230629,2023,-1.23,1.66,-2.33,0.6739226451346364,0.5227617215031964,-0.15116092363143996,-0.11495707918246661
20230630,2023,0.0,-0.86,0.57,0.6776786131725333,0.5126032494551793,-0.16507536371735398,-0.12903741905141952
20230703,2023,3.84,2.08,2.41,0.674123140973445,0.5215872570789816,-0.15253588389446338,-0.1203868590404232
20230704,2023,-0.65,0.26,-0.73,0.678436090441797,0.51907510361346,-0.159360986828337,-0.12312927309487819
20230705,2023,1.2,-1.02,1.92,0.6796007449888064,0.5131737247830129,-0.16642702020579347,-0.12940155137915788
20230706,2023,-2.16,-2.49,-0.4,0.6775928977467055,0.5176572338786233,-0.15993566386808222,-0.12570800428789966
20230707,2023,-2.1,-1.76,-0.87,0.6725608673595579,0.5212637941881825,-0.15129707317137542,-0.12245456337970582
20230710,2023,-0.34,-1.34,0.54,0.6689525551723291,0.522130779432683,-0.14682177573964605,-0.1216228636079161
20230711,2023,3.4,2.81,1.47,0.6658195512129005,0.5319288578354979,-0.13389069337740256,-0.11260328610597647
20230712,2023,0.55,1.76,-0.65,0.6715543829650584,0.530588165820725,-0.14096621714433344,-0.11415371725575924
20230713,2023,0.87,-1.13,1.56,0.6752646323014863,0.5270857752840236,-0.1481788570174627,-0.11754429701093037
20230714,2023,1.73,3.42,-0.84,0.6722784613343552,0.5267312609045779,-0.1455472004297773,-0.1201039962821174
20230717,2023,-1.28,-0.68,-1.0,0.6778041398135533,0.5287244723565209,-0.14907966745703238,-0.11782464580094822
20230718,2023,-0.43,0.51,-0.74,0.6751047620145705,0.534363010391783,-0.14074175162278746,-0.11177375539477545
20230719,2023,0.43,-0.25,0.51,0.6764367658346612,0.5339288749461817,-0.14250789088847948,-0.11213253822214946
20230720,2023,0.54,-0.51,1.04,0.6752383571475314,0.5313851279979197,-0.14385322914961174,-0.11479360254549566
20230721,2023,-0.43,-1.54,0.69,0.6751432984990685,0.5327253826527788,-0.1424179158462897,-0.11423899443653324
20230724,2023,-5.48,-0.96,-4.74,0.6722872911973127,0.5433958911791225,-0.12889140001819022,-0.10400133366881081
20230725,2023,-0.91,-0.53,-0.44,0.670824583697103,0.5338426233538148,-0.13698196034328813,-0.11281322045654484
20230726,2023,-1.72,-0.35,-1.31,0.6704495559357028,0.5346647239410376,-0.13578483199466518,-0.11257902954014633
20230727,2023,6.78,9.73,0.25,0.6708329427386661,0.5612091638864681,-0.10962377885219798,-0.0889332402412223
20230728,2023,-0.66,3.23,-2.98,0.6910088012651434,0.5486983362439753,-0.14231046502116806,-0.10273435562141672
20230731,2023,-2.2,-3.59,0.27,0.6971278954232778,0.5489269801976012,-0.14820091522567658,-0.10283853293271122
20230801,2023,2.25,1.38,1.22,0.6890976458177723,0.5530413806359025,-0.13605626518186986,-0.0988720766895255
20230802,2023,-1.1,-4.48,2.06,0.6914634638498754,0.5369878528315717,-0.15447561101830376,-0.1139184081730806
20230803,2023,0.11,0.42,-0.17,0.6820321683144209,0.5359412767727091,-0.14609089154171184,-0.11473067953207333
20230804,2023,1.56,0.08,1.54,0.682942900309217,0.5381919476600733,-0.14475095264914373,-0.11229938138921053
20230807,2023,0.77,1.5,-0.24,0.683370120745359,0.5372870542827283,-0.1460830664626307,-0.1136092510307115
20230808,2023,-2.72,-2.71,-0.79,0.6867034944479634,0.5456517037495797,-0.1410517906983837,-0.10605002316019232
20230809,2023,1.56,-0.08,1.52,0.6812504924617907,0.5421342087591969,-0.13911628370259377,-0.10924558479541159
20230810,2023,1.32,0.0,1.36,0.6804176671774473,0.5389753053969046,-0.1414423617805427,-0.11252029157496596
20230811,2023,-0.11,-2.7,1.72,0.6807040618048613,0.5316217161306815,-0.14908234567417977,-0.12019308832285479
20230814,2023,-1.09,-0.35,-0.84,0.6746918273740519,0.530340544492371,-0.14435128288168086,-0.12151806810665293
20230816,2023,-0.77,,-1.23,0.6740028536545796,0.5284588646885673,-0.14554398896601228,-0.12361142837357127
20230817,2023,-2.66,-0.86,-2.07,0.6762029991626596,0.5232278305001284,-0.15297516866253114,-0.12880030170144519
20230818,2023,0.0,2.09,-1.37,0.6743355849527456,0.5119329920234086,-0.162402592929337,-0.14016496816164858
20230821,2023,0.46,-0.68,0.88,0.6791551409165163,0.5268331106846293,-0.15232203023188695,-0.12543420461540034
20230822,2023,0.23,0.09,0.19,0.6773327531349432,0.5246962255491959,-0.1526365275857473,-0.12748466061115105
20230823,2023,-2.03,-0.43,-1.72,0.6776549575243463,0.5258863198745719,-0.15176863764977444,-0.1264492684809847
20230824,2023,2.88,4.22,0.02,0.6768188611044238,0.5301269040849145,-0.14669195701950932,-0.1229707060226359
20230825,2023,-2.58,-3.64,-0.08,0.6857943803384938,0.540873866381551,-0.14492051395694283,-0.1129657610096412
20230828,2023,1.27,-0.52,1.58,0.6777978777580964,0.5377751538137312,-0.1400227239443652,-0.11610712758123991
20230829,2023,0.0,2.33,-1.58,0.6764091038213406,0.5385057791040231,-0.13790332471731748,-0.11552423931837075
20230830,2023,3.75,0.67,3.21,0.6813848705365458,0.5366443985039888,-0.14474047203255702,-0.11748125482756382
20230831,2023,-1.2,2.01,-2.52,0.682277337696984,0.5270067191195643,-0.15527061857741964,-0.12717643678456161
20230901,2023,-1.22,-1.48,-0.24,0.6869088852436447,0.5169866432417002,-0.1699222420019445,-0.1374948364748958
20230904,2023,-0.79,-0.67,-0.31,0.6834898090539959,0.5190870983357083,-0.1644027107182876,-0.13553074721961392
20230905,2023,-0.57,0.17,-0.66,0.6822144344037769,0.49078936177036425,-0.19142507263341269,-0.163965066642155
20230906,2023,-0.57,-1.01,0.16,0.682750411724707,0.4933044914754429,-0.18944592024926404,-0.16233215460403022
20230907,2023,-1.26,0.25,-1.37,0.6808623533543565,0.494403896661108,-0.1864584566932485,-0.1612234394357025
20230908,2023,-3.24,-4.05,-0.36,0.6818543732173358,0.5131234877418172,-0.16873088547551862,-0.14651776735801852
20230911,2023,-3.83,1.93,-5.16,0.6736283982523156,0.49997636971529724,-0.17365202853701833,-0.1599049049551883
20230912,2023,0.62,0.69,0.17,0.6776765833802523,0.5005615928435234,-0.17711499053672886,-0.15940113378125012
20230913,2023,1.98,1.54,0.97,0.6792954377172559,0.5113574399232422,-0.16793799779401364,-0.14972322196797988
20230914,2023,0.49,3.12,-1.69,0.682878354594763,0.5056565779420223,-0.17722177665274064,-0.15653324224658877
20230915,2023,2.05,0.16,1.53,0.6891793001372137,0.506104496298989,-0.18307480383822472,-0.15630711004000905
20230918,2023,-1.18,-2.78,0.85,0.6867069868714164,0.5026008395364998,-0.1841061473349166,-0.16110337885320672
20230919,2023,2.51,0.17,2.39,0.6814331268933398,0.5047502318972413,-0.17668289499609846,-0.15937547514808043
20230920,2023,0.93,-1.01,1.8,0.6817405445946222,0.5109758220433126,-0.1707647225513096,-0.15385540182327387
20230921,2023,-2.55,-1.27,-1.56,0.6807725743220073,0.5085638244535884,-0.17220874986841894,-0.15683114128203599
20230922,2023,1.78,0.69,1.31,0.6788510529076442,0.5108141753306442,-0.16803687757700003,-0.15463332460286863
20230925,2023,1.17,-0.26,1.36,0.6803251917874125,0.5061448616484946,-0.17418033013891787,-0.15948969731464988
20230926,2023,-1.61,-1.71,-0.36,0.679871542585172,0.5129163186729095,-0.16695522391226247,-0.1545162162897304
20230927,2023,-0.47,-0.26,-0.28,0.6766855996196225,0.5131300697952147,-0.1635555298244078,-0.15430783320637706
20231004,2023,-2.47,,-2.76,0.6757577546296505,0.5137041663334914,-0.16205358829615912,-0.1536523708091918
20231005,2023,3.26,4.16,0.46,0.6778990261900391,0.5365457475349701,-0.14135327865506897,-0.13486416595051337
20231006,2023,-0.12,0.17,-0.3,0.6868828831709183,0.5416033821942201,-0.14527950097669817,-0.13029679835710234
20231010,2023,1.64,,2.19,0.6868178222482333,0.5411446410689423,-0.14567318117929096,-0.1308990111165302
20231011,2023,0.23,-0.25,0.34,0.6854418826727466,0.5590158297200941,-0.12642605295265252,-0.11349429179314544
20231012,2023,2.53,4.19,-0.41,0.6844904086677497,0.5572212858145913,-0.1272691228531584,-0.11676473517207298
20231013,2023,0.11,0.4,-0.15,0.6928052717832623,0.5566576155528975,-0.13614765623036484,-0.117233227854763
20231016,2023,-0.56,-0.48,-0.21,0.693763204236299,0.558255308280745,-0.13550789595555401,-0.1155893462322124
20231017,2023,0.9,4.75,-2.41,0.6928590542096684,0.5466764207517973,-0.14618263345787108,-0.12832155101976497
20231018,2023,-0.67,0.0,-0.64,0.7025393230911126,0.5470103233261219,-0.15552899976499068,-0.12800419414700304
20231019,2023,-1.24,-3.31,1.15,0.7027815153521217,0.5430465583692924,-0.15973495698282936,-0.13281905364712138
20231020,2023,-2.84,0.4,-3.08,0.6961636760947018,0.5390901868608041,-0.15707348923389763,-0.13703283897384905
20231023,2023,-0.82,-1.74,0.44,0.6972306562094844,0.5311958796688426,-0.1660347765406418,-0.14533223053003436
20231024,2023,0.71,2.26,-0.96,0.6938314129847121,0.5258743652573707,-0.16795704772734132,-0.15142502750245546
20231025,2023,2.58,0.55,2.21,0.6978340076813462,0.5231523457660388,-0.17468166191530743,-0.15454518885726742
20231026,2023,-1.83,-5.88,2.35,0.6990958648876269,0.509499767113284,-0.18959609777434283,-0.17025144852862872
20231027,2023,-1.75,-0.75,-1.23,0.6866463136208361,0.5082192349620119,-0.17842707865882412,-0.1715639590097278
20231030,2023,2.37,0.0,2.37,0.6850616130392488,0.507134598824908,-0.17792701421434087,-0.17264124605045325
20231031,2023,-1.5,-2.35,0.13,0.6850886543267862,0.5095513863473489,-0.17553726797943736,-0.1704246077824181
20231101,2023,0.82,3.44,-1.55,0.6800673317758555,0.5073059439775065,-0.17276138779834904,-0.17338516845914884
20231102,2023,4.78,4.16,1.87,0.6871949769611329,0.5244292083779357,-0.16276576858319713,-0.15686247335676815
20231103,2023,0.67,0.4,0.34,0.6955052317846785,0.5291556631362886,-0.1663495686483899,-0.15256077830307002
20231106,2023,4.31,5.72,0.28,0.6959898460983314,0.5399231449717298,-0.1560667011266016,-0.14308089853999975
20231107,2023,0.53,-1.95,1.92,0.7073177350384654,0.5343178902888968,-0.17299984474956864,-0.14890836081899125
20231108,2023,-1.16,-2.15,0.28,0.7032643497881668,0.5340668562617135,-0.1691974935264533,-0.14905943167587213
20231109,2023,2.03,0.31,1.67,0.6982069486947503,0.5368745993620884,-0.16133234933266194,-0.14633030262678887
20231110,2023,0.84,1.95,-0.4,0.6978802485023645,0.5503389639308834,-0.14754128457148108,-0.13492476916983484
20231113,2023,0.41,1.0,-0.28,0.7027718546667819,0.5510492949411682,-0.15172255972561377,-0.13405263164029943
20231114,2023,-0.31,-1.37,0.65,0.7048940358421393,0.5503602148624669,-0.1545338209796724,-0.13511889343301836
20231115,2023,0.72,3.15,-1.58,0.7019771158788201,0.540246919159606,-0.16173019671921407,-0.14652113305076103
20231116,2023,1.44,-1.34,2.32,0.7078515269373857,0.5334405854688807,-0.174410941468505,-0.15320965649071597
20231117,2023,-1.52,-1.81,-0.13,0.7045414270493021,0.5342589846563258,-0.1702824423929763,-0.15280395260090726
20231120,2023,-3.09,1.15,-3.98,0.7014965960655043,0.5289105324830107,-0.17258606358249362,-0.15828582421471643
20231121,2023,4.67,0.46,4.3,0.7033587937657814,0.5340284392402719,-0.16933035452550949,-0.15637061480488537
20231122,2023,-0.51,-0.53,-0.12,0.7039542218482803,0.5458583031951291,-0.1580959186531512,-0.14688712161253956
20231123,2023,-0.1,-0.91,0.5,0.7029470072372997,0.5450720981065379,-0.15787490913076185,-0.14760209177570502
20231124,2023,-1.94,-1.61,-0.75,0.7007115880351693,0.5501136108856206,-0.1505979771495487,-0.14280692376066395
20231127,2023,2.29,2.11,0.82,0.6976823413206916,0.5587994332022553,-0.1388829081184363,-0.1342458550032022
20231128,2023,2.14,0.54,1.79,0.7021080625543519,0.5597261224950576,-0.14238194005929428,-0.13331765299158624
20231129,2023,-0.5,-0.76,0.05,0.7034041726719037,0.5614909930528982,-0.14191317961900551,-0.1317260339157335
20231130,2023,2.1,2.68,0.24,0.7019285250980518,0.5639838366051679,-0.13794468849288388,-0.1292810371263653
20231201,2023,-3.82,-0.97,-3.15,0.7076030430743591,0.5765890556593221,-0.131013987415037,-0.11684001698206033
20231204,2023,1.22,-1.13,2.02,0.7054298996496842,0.5775067191802551,-0.12792318046942908,-0.1170833619979228
20231205,2023,-2.22,-3.97,0.6,0.7030768872275195,0.5756041653417476,-0.12747272188577186,-0.11946433588526773
20231206,2023,0.41,-0.24,0.52,0.6947844876417578,0.5493829304935487,-0.14540155714820913,-0.14639161586290625
20231207,2023,0.41,0.0,0.47,0.6938913263258732,0.5468284803679523,-0.14706284595792096,-0.14894972071963924
20231208,2023,1.33,1.51,0.27,0.6943020791780516,0.5477884759568119,-0.14651360322123974,-0.14803482644055746
20231211,2023,0.71,1.1,-0.1,0.6974047817461021,0.5477358869218586,-0.1496688948242435,-0.148166607393621
20231212,2023,0.0,1.63,-1.1,0.6993732481393085,0.5497716300070334,-0.14960161813227502,-0.1464262706325264
20231213,2023,0.7,0.15,0.59,0.7030064326868559,0.5528662880968275,-0.15014014459002845,-0.14334890561163605
20231214,2023,0.99,4.19,-1.97,0.7033307021539548,0.5429442292097323,-0.16038647294422248,-0.1535449718729462
20231215,2023,0.59,2.41,-1.12,0.7117189832035028,0.540002896706499,-0.17171608649700376,-0.15672301651812467
20231218,2023,-1.96,0.0,-1.96,0.71662897733334,0.5393980547408979,-0.1772309225924421,-0.15730706726898055
20231219,2023,-0.5,-1.29,0.41,0.7166347914310429,0.5385798878616506,-0.17805490356939235,-0.158137123159228
20231220,2023,2.51,1.66,1.32,0.7139478273469911,0.5428216891310753,-0.17112613821591582,-0.15399888235187975
20231221,2023,-0.78,0.0,-0.76,0.7173137282861682,0.5445412359277519,-0.1727724923584163,-0.15237499036678273
20231222,2023,-2.56,0.07,-2.48,0.717443561157028,0.5506032018250585,-0.1668403593319695,-0.1464676155957007
20231226,2023,0.91,,0.76,0.7185379418986824,0.5514171484940464,-0.16712079340463593,-0.14571929617967136
20231227,2023,1.3,-0.35,1.49,0.7190039546537449,0.5411721302110861,-0.17783182444265877,-0.15595330610411998
20231228,2023,4.16,0.78,3.58,0.7178343702728783,0.5452328062802769,-0.1726015639926014,-0.15195179152715557
20240102,2024,0.19,,-0.3,0.7539643489636814,0.5488229681601274,-0.20514138080355393,-0.1483534525983676
20240103,2024,-6.17,-3.93,-3.18,0.7550769416453578,0.5736123557253406,-0.18146458592001713,-0.1252072564611448
20240104,2024,-1.11,-0.29,-0.9,0.7477629084939179,0.5707021815896054,-0.17706072690431252,-0.12814154626228144
20240105,2024,-0.41,0.81,-1.04,0.7471652095184346,0.5708945475090834,-0.17627066200935115,-0.12819512842177186
20240108,2024,-1.03,-1.09,-0.24,0.748446611554416,0.5634518317915863,-0.18499477976282974,-0.1358095061103716
20240109,2024,2.59,1.03,1.72,0.746211205657721,0.567729209785261,-0.17848199587246005,-0.13183747869675988
20240110,2024,-2.73,-2.84,-0.54,0.7474253861987651,0.5768807926859584,-0.1705445935128067,-0.1239467464789027
20240111,2024,1.35,1.87,-0.11,0.7424327368780982,0.5790446650725389,-0.16338807180555925,-0.12121458520706907
20240112,2024,-0.62,-1.4,0.47,0.7454451591502259,0.577248541201069,-0.16819661794915686,-0.12357225940515867
20240115,2024,0.62,0.0,0.62,0.7431066272231605,0.5775939196574317,-0.16551270756572878,-0.12324880735047956
20240116,2024,-2.15,-1.49,-1.0,0.743075542837939,0.5815719901576598,-0.16150355268027916,-0.1196037270172027
20240117,2024,-1.78,-0.83,-1.11,0.7405250784895543,0.5846000736548631,-0.15592500483469118,-0.11655877541439061
20240118,2024,1.17,3.97,-1.77,0.7393128988069213,0.5787974745948693,-0.160515424212052,-0.12338049389671994
20240119,2024,3.48,3.74,0.26,0.7467225126362305,0.577418683059779,-0.16930382957645151,-0.1282448958345261
20240122,2024,2.55,0.92,1.87,0.7504970568229654,0.5790524272571056,-0.17144462956585982,-0.1265421207071425
20240123,2024,0.8,-1.26,1.85,0.7522795953488817,0.5739422480801182,-0.1783373472687635,-0.13188843682675372
20240124,2024,-1.18,0.5,-1.48,0.750663150997874,0.551180434230872,-0.1994827167670019,-0.1609352792784917
20240125,2024,-0.5,-2.9,1.71,0.7521542424618103,0.5604092422624701,-0.19174500019934015,-0.15239818425845608
20240126,2024,0.9,-1.02,1.59,0.7468302469956183,0.5553428367275272,-0.19148741026809113,-0.15806838948545432
20240129,2024,0.6,-0.74,1.19,0.7443849031320742,0.5500800149458953,-0.19430488818617886,-0.16329205507905054
20240130,2024,1.78,1.41,0.67,0.7433195487145111,0.5651414310343954,-0.1781781176801157,-0.14893603808968964
20240131,2024,0.78,-1.61,2.0,0.745517994489162,0.5594290906879749,-0.18608890380118714,-0.15489260930103527
20240201,2024,3.28,-1.48,4.41,0.7426305920914468,0.5462398901629111,-0.1963907019285357,-0.1683014044641469
20240202,2024,11.01,1.66,9.74,0.7399943494779894,0.5793603316956567,-0.16063401778233266,-0.1356383533765002
20240205,2024,-0.34,-1.93,1.19,0.7428114179511667,0.5688981480497279,-0.17391326990143874,-0.14679595943461643
20240206,2024,5.23,4.31,2.11,0.7397966113370549,0.5912222025963846,-0.1485744087406703,-0.12487147279549908
20240207,2024,6.09,0.0,6.08,0.748286601555272,0.5898603102109224,-0.1584262913443496,-0.12621908957943667
20240208,2024,-1.51,3.48,-4.15,0.74817773120012,0.5716000597983711,-0.17657767140174885,-0.14614722971438238
20240213,2024,0.77,,-3.11,0.7543137061292015,0.5703650682956761,-0.18394863783352533,-0.14739072072183712
20240214,2024,-3.5,-0.87,-2.9,0.7627858378821891,0.5772807520948714,-0.18550508578731773,-0.14040887983198563
20240215,2024,-1.58,0.0,-1.61,0.7607347079617711,0.5729352630351566,-0.1877994449266145,-0.14481137300249275
20240216,2024,4.97,-1.28,5.96,0.76051904217842,0.5622958682001287,-0.19822317397829137,-0.15612409381590528
20240219,2024,6.26,3.07,3.89,0.75832826067225,0.587707294158343,-0.170620966513907,-0.131818418433098
20240220,2024,-1.29,-1.12,-0.41,0.7635062108331806,0.5901069353547177,-0.1733992754784629,-0.12959446250343998
20240221,2024,0.87,-0.4,1.21,0.7616432660822321,0.5865991180767736,-0.17504414800545853,-0.13316316638894315
20240222,2024,5.19,5.03,1.38,0.76121158452458,0.6041274767983956,-0.15708410772618442,-0.11884073310860511
20240223,2024,-4.94,3.13,-7.39,0.7702128662301799,0.5577572212500235,-0.21245564498015646,-0.1673458020662205
20240226,2024,-2.89,0.25,-3.09,0.7752960800247279,0.5598281225032321,-0.21546795752149583,-0.16538441003380905
20240227,2024,-2.97,-4.94,0.9,0.7756923867051536,0.5705057365695173,-0.2051866501356363,-0.1579087287773395
20240228,2024,4.13,2.73,2.06,0.7670105702046776,0.578826366654531,-0.18818420355014653,-0.14995324967693252
20240229,2024,2.79,-1.14,3.68,0.7719727815529523,0.5797282014144916,-0.1922445801384608,-0.14966125775250935
20240304,2024,0.43,,-4.68,0.7700273377204601,0.5776321417873024,-0.19239519593315768,-0.15209290371540973
20240305,2024,0.71,-0.42,1.06,0.7808729849704737,0.5756843314187928,-0.20518865355168092,-0.15411044627063333
20240306,2024,0.99,-1.75,2.42,0.780318344515446,0.5694820818113834,-0.21083626270406264,-0.16084543445297725
20240307,2024,1.26,1.23,0.29,0.7777892940863111,0.5691481390774502,-0.20864115500886093,-0.16136906229329873
20240308,2024,3.73,4.24,0.37,0.77976971640452,0.5762984203406534,-0.2034712960638666,-0.15619568548908178
20240311,2024,-3.07,-3.08,-0.68,0.7864201928969022,0.5764193505762121,-0.21000084232069016,-0.15760432881652198
20240312,2024,-1.1,-0.54,-0.7,0.7808441570862706,0.5948575394583636,-0.18598661762790702,-0.13941152773757956
20240313,2024,-2.23,-1.27,-1.24,0.779779550089874,0.6001657282337142,-0.17961382185615982,-0.13428724173427242
20240314,2024,-1.42,-1.04,-0.58,0.7776279694420712,0.6011476390119616,-0.1764803304301097,-0.13375026802138718
20240315,2024,-1.01,-0.43,-0.68,0.7760747031260271,0.6121339321653501,-0.16394077096067705,-0.12336641702676095
20240318,2024,0.58,1.92,-0.93,0.7752614851106675,0.6090445322325363,-0.1662169528781312,-0.12680701075421796
20240319,2024,-0.43,-2.5,1.55,0.7784519318722604,0.6062140237521377,-0.17223790812012263,-0.13043669392278126
20240320,2024,1.02,-2.31,2.84,0.7743834771022381,0.5966527541995587,-0.17773072290267944,-0.14049516009107138
20240321,2024,10.95,8.63,4.32,0.7705028626848435,0.6744041575193509,-0.09609870516549257,-0.06636831616578838
20240322,2024,3.9,-0.12,4.01,0.7848982938032161,0.6670012330402595,-0.11789706076295658,-0.07367649111971797
20240325,2024,-4.13,-0.24,-3.99,0.7848763723054666,0.669843699536778,-0.11503267276868856,-0.0708215907056296
20240326,2024,2.61,4.25,-0.73,0.7840861225109848,0.6667995818917893,-0.11728654061919541,-0.07515053999557703
20240327,2024,0.76,2.6,-1.32,0.7909570251375116,0.6592064599245174,-0.13175056521299422,-0.08340081130286739
20240328,2024,-0.88,-1.66,0.47,0.7950421561694367,0.6590608131080393,-0.13598134306139742,-0.0839065879993262
20240329,2024,0.51,2.69,-1.62,0.7925811477559609,0.652982860434645,-0.13959828732131585,-0.09050006794205577
20240401,2024,-4.43,1.37,-5.54,0.7973749807199323,0.6419861002498295,-0.1553888804701028,-0.10345879674907721
20240402,2024,2.25,0.43,1.93,0.7994244789961936,0.6422004352876735,-0.15722404370852017,-0.10325730137922025
20240403,2024,-0.91,-3.81,2.14,0.8003054601483242,0.634378651972734,-0.16592680817559013,-0.11240924840960462
20240404,2024,1.96,4.91,-1.94,0.7939981937109293,0.6239895736327143,-0.17000862007821493,-0.12454121902222662
20240405,2024,-3.21,-2.77,-0.98,0.8017245678819017,0.6348770522279125,-0.16684751565398925,-0.11552505720502765
20240408,2024,-2.12,-0.88,-1.37,0.7973206638487698,0.638219293154706,-0.15910137069406372,-0.11233837686596551
20240409,2024,0.27,0.94,-0.45,0.7962986129687265,0.6369395182485466,-0.15935909472017995,-0.11365600086291955
20240411,2024,-1.35,,-3.74,0.7979958885783893,0.6543487787664349,-0.1436471098119544,-0.09804654651891827
20240412,2024,6.57,-0.53,7.0,0.8028157044996437,0.646228743514103,-0.1565869609855407,-0.10619051827971429
20240415,2024,2.44,0.43,2.11,0.8020146229917385,0.6497398568161554,-0.1522747661755831,-0.10327915795288699
20240416,2024,0.25,-4.84,4.13,0.8028062235444631,0.6273026421648198,-0.17550358137964328,-0.12754379071578983
20240417,2024,-1.5,-0.22,-1.32,0.7948413134288822,0.6279817839534669,-0.16685952947541527,-0.12705164807807415
20240418,2024,6.22,2.01,4.56,0.7945141520351945,0.6443709846974137,-0.15014316733778077,-0.11117687357097004
20240419,2024,-9.08,-4.94,-5.1,0.7972663944564145,0.6922950068597131,-0.10497138759670133,-0.0651347261620758
20240422,2024,4.73,-0.98,5.48,0.7893023234398814,0.7006080190639571,-0.0886943043759243,-0.05953748806747048
20240423,2024,3.64,-0.35,4.81,0.7874762921784185,0.6950092441003057,-0.09246704807811279,-0.06602366322345232
20240424,2024,3.51,5.15,-0.63,0.7939839854920911,0.691662233055227,-0.10232175243686414,-0.07117206450937175
20240425,2024,-9.01,-5.12,-4.87,0.8016918593919955,0.7373237885814675,-0.06436807081052798,-0.02791626152413686
20240426,2024,3.6,4.22,0.24,0.7935358637319325,0.7477947061212944,-0.04574115761063813,-0.019467596888035604
20240429,2024,-2.23,-1.07,-1.37,0.8001654401956714,0.7438129332405485,-0.05635250695512284,-0.025054366029658534
20240430,2024,-2.92,-0.97,-2.17,0.7984555206568917,0.7482659551991597,-0.05018956545773201,-0.02056707459495132
20240502,2024,-1.96,,-1.71,0.7967387727629105,0.751193760577483,-0.0455450121854275,-0.02071438768155741
20240503,2024,-0.27,-0.23,-0.1,0.7959611272861827,0.756859745106693,-0.039101382179489774,-0.01546389148314735
20240507,2024,2.81,,-0.11,0.7954915673757029,0.7573021511720401,-0.038189416203662785,-0.01589101472601493
20240508,2024,2.21,-0.89,2.88,0.8014861014422067,0.7527274985672424,-0.04875860287496425,-0.02037286112003104
20240509,2024,-0.64,-1.46,0.55,0.7996987153943057,0.7553256930136159,-0.04437302238068985,-0.01860634650793165
20240510,2024,2.94,2.57,0.88,0.797518521615138,0.7587182892376216,-0.0388002323775164,-0.01564106164058771
20240513,2024,3.11,2.17,1.38,0.8014790897429191,0.7629899406765159,-0.03848914906640322,-0.011855494151468525
20240514,2024,-4.7,0.82,-5.34,0.8049016532043537,0.766782546376406,-0.038119106827947724,-0.008682478092387024
20240516,2024,2.41,,-0.92,0.806337077580701,0.7718811159559299,-0.03445596162477105,-0.004002335565815502
20240517,2024,1.73,-1.61,3.06,0.8127913151709644,0.7629236850253529,-0.04986763014561146,-0.01324051081339794
20240520,2024,-1.82,0.11,-1.88,0.8105564030656779,0.769993813851332,-0.04056258921434586,-0.006147770131955917
20240521,2024,1.24,1.0,0.42,0.8109390668837734,0.768232828072083,-0.042706238811690334,-0.00797655869587114
20240522,2024,0.24,2.97,-2.15,0.8123937940008027,0.7572235661016891,-0.05517022789911363,-0.01947787761817928
20240523,2024,1.59,1.16,0.64,0.8169481164983662,0.7582662302666621,-0.05868188623170412,-0.01875347051285626
20240524,2024,2.52,-0.7,3.07,0.8186912314353691,0.7512292762938941,-0.06746195514147502,-0.026001952992863977
20240527,2024,-0.7,1.46,-1.87,0.8174664796880079,0.7458931135006569,-0.071573366187351,-0.03190470843428005
20240528,2024,-1.77,0.5,-2.2,0.8197928696859396,0.7440256227263082,-0.07576724695963133,-0.0338265671668289
20240529,2024,-2.64,0.0,-2.64,0.8203400782659616,0.7446822393518944,-0.07565783891406719,-0.03325292132861677
20240530,2024,-2.1,-3.36,0.68,0.8203495593602155,0.7447382747909446,-0.07561128456927091,-0.03487119367250767
20240531,2024,-2.27,-3.32,0.44,0.8154976133363038,0.7393169273157453,-0.0761806860205585,-0.04104281013981071
20240603,2024,0.77,2.64,-1.4,0.8103880876791172,0.7371310737437665,-0.07325701393535067,-0.04391286874464509
20240604,2024,-1.15,-0.46,-0.77,0.8141595272859998,0.741074776994459,-0.07308475029154082,-0.04194990564081526
20240605,2024,-0.65,0.21,-0.81,0.813495360432342,0.741307975517093,-0.07218738491524901,-0.04178739229651627
20240607,2024,13.93,,8.14,0.8138826619071006,0.7413589025497538,-0.07252375935734678,-0.04172308450973188
20240610,2024,2.63,0.24,2.43,0.8241117090679675,0.741586001204271,-0.0825257078636965,-0.041709534385485914
20240611,2024,-1.89,2.16,-3.67,0.8244410560809081,0.7304933385154605,-0.09394771756544762,-0.05317907740436916
20240612,2024,1.93,1.18,0.92,0.827549354994673,0.735002935728659,-0.09254641926601392,-0.049187665303434325
20240613,2024,4.45,3.26,1.76,0.8289449794408952,0.7434751453628416,-0.08546983407805353,-0.0414239225192565
20240614,2024,-2.56,-0.45,-2.18,0.8335205303955296,0.7614927856642839,-0.07202774473124574,-0.025427950294991265
20240617,2024,-0.77,0.9,-1.51,0.8329541731859466,0.7649642264943182,-0.06798994669162839,-0.022633302485991002
20240618,2024,2.98,5.16,-1.31,0.8343212017182712,0.7546478488848781,-0.07967335283339305,-0.034766931391733806
20240619,2024,5.46,-0.43,5.86,0.8412528733068072,0.7493801094716169,-0.09187276383519027,-0.040367540849190586
20240620,2024,-0.51,1.71,-1.95,0.8410317833711559,0.742439335474505,-0.09859244789665089,-0.047782601163838326
20240621,2024,-0.51,-1.47,0.76,0.8433000135212079,0.7413484187325242,-0.10195159478868365,-0.04913083797744315
20240624,2024,-6.46,-4.7,-2.44,0.8415960899912782,0.764930780282581,-0.07666530970869723,-0.027679834169738765
20240625,2024,4.82,0.9,4.08,0.8356632716493456,0.7689927376183602,-0.06667053403098544,-0.02365872258867344
20240626,2024,6.9,5.33,2.44,0.8369656411542836,0.787987345184741,-0.04897829596954262,-0.006553355653048299
20240627,2024,0.0,-0.21,0.19,0.8439801994055854,0.785580228473436,-0.058399970932149436,-0.008991596932547774
20240628,2024,-2.15,0.0,-2.14,0.8437922901459377,0.7863897152306109,-0.057402574915326854,-0.008181985940882281
20240701,2024,0.5,-0.42,0.85,0.8394090490343012,0.7649727394572928,-0.07443630957700842,-0.030488198468669056
20240702,2024,-4.98,-1.49,-3.7,0.8387726923741907,0.7746761028188075,-0.06409658955538322,-0.0210219761060878
20240703,2024,1.05,1.72,-0.38,0.8370390997695898,0.7744927363951626,-0.0625463633744272,-0.02136610695514941
20240704,2024,0.83,-2.54,2.91,0.8394472956025832,0.7635089977188484,-0.07593829788373485,-0.032710174570038754
20240705,2024,7.09,2.61,4.87,0.835499586969617,0.7779881595325256,-0.05751142743709137,-0.018687691619619383
20240708,2024,-1.15,-1.06,-0.26,0.8386728693522866,0.7752819184261499,-0.06339095092613667,-0.02184532850017361
20240709,2024,0.19,2.14,-1.62,0.8372763798463193,0.7713759357811948,-0.06590044406512452,-0.02611076354841155
20240710,2024,-0.19,0.21,-0.38,0.8399776758343193,0.7716874906999159,-0.06829018513440333,-0.025892698034900324
20240711,2024,3.59,0.84,2.92,0.8401100248310123,0.773849479737947,-0.06626054509306523,-0.023746823488031386
20240712,2024,-1.31,-3.32,1.5,0.8415046045559393,0.7657766182403827,-0.07572798631555666,-0.03272340958251042
20240715,2024,0.19,-1.29,1.24,0.8370985795189357,0.7615679360166768,-0.07553064350225891,-0.036955461440506
20240716,2024,0.0,1.3,-1.08,0.8351150264210804,0.7718002561148375,-0.06331477030624288,-0.027980869566398746
20240717,2024,-7.96,-5.36,-3.44,0.8370044720194194,0.804511900325391,-0.032492571694028416,0.0042261789022187395
20240718,2024,-8.34,-3.63,-5.32,0.8296089225311019,0.8334812926837452,0.0038723701526433008,0.032639018034504856
20240719,2024,-1.12,-1.41,0.02,0.8244430894981681,0.8370255572748687,0.012582467776700579,0.03624334151068577
20240722,2024,-2.61,-2.15,-0.83,0.8221695920451616,0.8415407782036254,0.019371186158463782,0.04058607605273336
20240723,2024,-1.17,0.0,-1.2,0.8190812829715649,0.8487825529933842,0.029701270021819326,0.047282073682872953
20240724,2024,-1.06,1.71,-2.53,0.8188530912853906,0.8451595465484785,0.026306455263087836,0.0431622059913541
20240725,2024,-4.06,-8.87,3.26,0.8207843377186226,0.8100762429404359,-0.010708094778186683,0.005933478356731541
20240726,2024,3.61,0.95,2.79,0.8070416140750344,0.8122766477423865,0.005235033667352118,0.008044214351369792
20240729,2024,1.44,1.98,-0.15,0.8080219506397637,0.8151386171010493,0.0071166664612856145,0.010659441141381986
20240730,2024,-2.84,-3.43,-0.01,0.8111288857256924,0.8247838114914706,0.013654925765778203,0.01992486783891657
20240731,2024,4.99,3.02,2.58,0.8061443059974229,0.814899437303456,0.008755131306033115,0.009951608046413766
20240801,2024,-3.36,-0.67,-2.83,0.8109032719999366,0.8205473818251505,0.009644109825213909,0.015515377634770691
20240802,2024,-8.88,-10.4,-0.38,0.8097547089966166,0.8184143784763922,0.008659669479775589,0.010566861471489771
20240805,2024,-7.25,-9.87,0.75,0.7929677775367486,0.8107003521660154,0.017732574629266806,0.0027857207226245424
20240806,2024,5.68,4.87,1.84,0.7768349102097114,0.8345553500307114,0.05772043982099995,0.02647075800248074
20240807,2024,1.08,3.42,-1.65,0.784562846361339,0.8280996788315649,0.043536832470225884,0.020065006228220404
20240808,2024,-3.99,-3.48,-1.22,0.7898685092901397,0.829872657995087,0.040004148704947284,0.02194632390485613
20240809,2024,4.85,4.96,0.91,0.7840581634541905,0.8328841775879192,0.04882601413372867,0.025185362563734544
20240812,2024,1.98,3.21,-0.57,0.791735642304724,0.8375379960084043,0.04580235370368024,0.029828010241203438
20240813,2024,0.91,2.77,-1.29,0.7967870428864592,0.823191017763768,0.026403974877308833,0.015267068742004451
20240814,2024,5.65,2.64,3.55,0.8012565960189224,0.8311987710968897,0.02994217507796726,0.023255243099757628
20240816,2024,7.05,,1.44,0.805471675358851,0.8316688128904788,0.02619713753162778,0.02372347227500365
20240819,2024,-2.16,-2.9,0.2,0.8157836652479968,0.8265045190255603,0.010720853777563488,0.01744702480172741
20240820,2024,3.6,2.99,1.16,0.8112674720172062,0.8525045957592844,0.04123712374207822,0.04314052902939578
20240821,2024,-5.82,-3.56,-2.92,0.8156023645369274,0.86305450178203,0.047452137245102666,0.05369366507886326
20240822,2024,0.83,-0.78,1.48,0.8101394630300554,0.8675936589164709,0.05745419588641554,0.05753773197996389
20240823,2024,-3.77,-2.93,-1.39,0.8091257378267035,0.8668902864871995,0.05776454866049596,0.0565401064350614
20240826,2024,-1.96,-3.18,0.61,0.8045729591473436,0.8685052321630127,0.06393227301566906,0.05817768346054642
20240827,2024,1.0,-2.56,3.06,0.7995174874968808,0.8611927648429317,0.06167527734605094,0.05094206420030836
20240828,2024,1.11,2.46,-0.83,0.7954068215608483,0.8588108554345356,0.06340403387368732,0.04864165111605389
20240829,2024,-6.0,-5.35,-1.71,0.7994053668195975,0.8696124430480209,0.07020707622842337,0.05973833525042075
20240830,2024,2.21,2.36,0.35,0.790545920931504,0.86968400866481,0.079138087733306,0.05987538682702225
20240902,2024,0.0,0.17,-0.14,0.7944237863853122,0.8696540452260019,0.07523025884068968,0.05961262579268177
20240903,2024,1.91,-3.28,4.51,0.7947017670277916,0.8546572073786188,0.05995544035082723,0.04449834997910182
20240904,2024,-8.88,-8.02,-2.52,0.7891747415046431,0.8690632040570081,0.07988846255236504,0.05996352225444317
20240905,2024,-0.14,2.97,-2.44,0.7751905980787476,0.8601510098896439,0.08496041181089631,0.05123509201399705
20240906,2024,-2.75,-1.88,-1.23,0.7803069150474772,0.8614869457399136,0.0811800306924364,0.05258508806212019
20240909,2024,-0.28,0.38,-0.6,0.7774590139158369,0.8610053843049301,0.08354637038909318,0.052080052765483796
20240910,2024,1.42,-0.96,2.15,0.7779627512554724,0.8616813534859739,0.08371860223050143,0.0527540226972398
20240911,2024,1.26,1.09,0.43,0.7762210478567626,0.8652871900337626,0.08906614217700004,0.05627349483995164
20240912,2024,6.76,7.38,0.98,0.7782761568394987,0.8726511066740179,0.09437494983451922,0.06459207236741028
20240913,2024,-0.52,-3.55,2.26,0.7900476094172072,0.8386006869091531,0.04855307749194593,0.02832861557229128
20240919,2024,-5.58,,-0.8,0.7837484878051734,0.83832389132099,0.05457540351581658,0.02805210773146366
20240920,2024,4.13,2.81,1.96,0.7725053354947813,0.8427507813748066,0.07024544588002535,0.03271218483837179
20240923,2024,4.89,3.12,2.46,0.7774046672766514,0.8533158274157681,0.0759111601391167,0.04317646869950723
20240924,2024,4.41,0.93,3.68,0.782660144735387,0.8607682648103536,0.07810812007496659,0.05061388208891589
20240925,2024,-7.12,1.1,-7.98,0.7842115437725689,0.8519506505324584,0.06773910675988959,0.041793400357798126
20240926,2024,11.04,9.44,3.6,0.7861084370622021,0.8797178063764441,0.09360936931424202,0.07099961742919444
20240927,2024,-0.35,1.6,-1.62,0.8006920786631209,0.8841519227142839,0.08345984405116302,0.07546660888143258
20240930,2024,-5.16,-5.01,-1.12,0.8033050248897157,0.8867678497883944,0.08346282489867873,0.07820544778370825
20241002,2024,-3.22,,-0.69,0.7988299948080633,0.893947590641299,0.09511759583323576,0.08523076716046106
20241004,2024,0.51,,-1.84,0.7937622003012446,0.9047980496174249,0.11103584931618038,0.09586470684843439
20241007,2024,3.05,6.2,-1.88,0.7984598145798002,0.8891125183179001,0.09065270373809986,0.0804503076353879
20241008,2024,-0.25,-3.73,2.77,0.8081187185497707,0.8794887960673693,0.0713700775175986,0.07088795288977573
20241010,2024,4.08,,0.17,0.802179493062829,0.8800940412920399,0.07791454822921096,0.07147620580002163
20241011,2024,0.48,-0.37,0.79,0.8097026926538385,0.8799637501873286,0.0702610575334901,0.07134779826597604
20241014,2024,2.13,0.81,1.48,0.8091885193916706,0.8832425374004117,0.07405401800874112,0.0746087124891425
20241015,2024,0.12,2.88,-2.21,0.8104546123667349,0.8763369730275864,0.06588236066085151,0.06765271489490783
20241016,2024,-1.62,-2.18,0.18,0.814782434174776,0.8932951931282347,0.07851275895345866,0.0843694458041936
20241017,2024,2.35,3.87,-0.78,0.8116481744281765,0.8895119380296101,0.07786376360143366,0.08051945325812712
20241018,2024,1.61,-4.44,5.24,0.8174265849835839,0.8628123387200018,0.045385753736417955,0.05385133696882622
20241021,2024,-1.92,1.92,-3.49,0.810574909075647,0.8376810326290955,0.027106123553448547,0.02850896754930963
20241022,2024,-0.12,-1.62,1.2,0.8134233922655865,0.8403768347174989,0.026953442451912446,0.031171050127459146
20241023,2024,6.35,4.37,2.58,0.8108989709388513,0.8508356009332029,0.03993662999435155,0.04098493789469583
20241024,2024,-2.28,1.12,-3.26,0.8155521882235884,0.8514720709440997,0.035919882720511276,0.04146150633459503
20241025,2024,6.11,1.41,4.94,0.816672426797422,0.837293989471872,0.020621562674449923,0.02716140095048553
20241028,2024,-2.93,-2.49,-0.91,0.8186632647809396,0.8391426169040502,0.020479352123110584,0.02885398944012594
20241029,2024,-3.02,-2.91,-0.55,0.814795965205587,0.8394661570894135,0.024670191883826575,0.02891853122032184
20241030,2024,-0.33,2.47,-2.26,0.8111294993526182,0.8326472112754311,0.02151771192281282,0.022187989398051493
20241031,2024,-5.36,-4.46,-1.75,0.8154465083580361,0.838792669964655,0.023346161606618843,0.028394084356610092
20241101,2024,-1.06,-2.2,0.77,0.8082393725182466,0.8374835427164058,0.02924417019815917,0.027020283251974177
20241104,2024,7.03,6.48,1.85,0.8052015122120757,0.8454553903261587,0.040253878114082986,0.03529585482263898
20241105,2024,-0.78,-0.41,-0.43,0.8150969486923205,0.8476259241608067,0.03252897546848621,0.037420354606471334
20241106,2024,3.7,1.35,2.64,0.8145964569654787,0.8509474135005087,0.036350956535030066,0.0407553494824819
20241107,2024,0.43,0.82,-0.23,0.8169154601961559,0.8493046077954243,0.032389147599268364,0.03908944556684439
20241108,2024,2.48,1.57,1.2,0.8182063591438243,0.8485684645890464,0.03036210544522211,0.03830115079003891
20241111,2024,-2.63,-3.94,0.64,0.820586580334904,0.8502172290368245,0.02963064870192056,0.03974641293169237
20241112,2024,-3.35,-3.53,-0.43,0.8148786839669723,0.8514049454707217,0.03652626150374938,0.04081289490685858
20241113,2024,-4.36,-1.56,-3.07,0.8097195982822117,0.8585955516457259,0.048875953363514135,0.048003304705609595
20241114,2024,-8.53,-5.41,-4.14,0.8074887120176296,0.8747333891821513,0.06724467716452165,0.06417714177353664
20241115,2024,-0.89,3.01,-3.31,0.7988135069558349,0.8660741705460954,0.0672606635902605,0.055551107882730315
20241118,2024,1.55,-3.65,4.46,0.8033665917044092,0.8591376036394344,0.055771011935025205,0.048772813099378344
20241119,2024,-0.89,-0.64,-0.39,0.7972395529133945,0.8587155744806199,0.061476021567225314,0.04838615709155784
20241120,2024,2.18,0.0,2.16,0.7961095639787562,0.8602219779851378,0.06411241400638157,0.04987578849314907
20241121,2024,0.75,-1.06,1.59,0.7959181716442356,0.8616555783332099,0.06573740668897432,0.05133145671942284
20241122,2024,8.83,4.68,5.11,0.7941599148299687,0.8798472433541056,0.08568732852413685,0.06975434705711038
20241125,2024,0.23,0.17,0.14,0.8015395779033402,0.8801679605837052,0.07862838268036498,0.0700850193962674
20241126,2024,-3.53,0.06,-3.59,0.8021683879182084,0.8813443158149362,0.07917592789672778,0.07136271561048106
20241127,2024,-5.08,-4.97,-1.11,0.8021330165040752,0.8855367113449878,0.08340369484091259,0.07582096788184449
20241128,2024,-7.85,-4.28,-4.45,0.7938238772933158,0.9015509132746958,0.10772703598138,0.09216934198264479
20241129,2024,-0.68,-0.74,-0.08,0.7865953931961186,0.9014366331404575,0.11484123994433892,0.09205881789897093
20241202,2024,-0.82,-0.69,-0.27,0.7854881144769957,0.9018287748004941,0.11634066032349832,0.09245956762897627
20241203,2024,4.94,3.84,1.9,0.7844233084526513,0.9058838252535333,0.12146051680088199,0.09667560931459805
20241204,2024,-1.83,1.88,-3.3,0.7905464518570539,0.8997838122866431,0.1092373604295892,0.09063748670941987
20241205,2024,5.06,2.98,2.72,0.7937318577473578,0.9116092083260918,0.11787735057873405,0.10267086045311807
20241206,2024,0.63,-3.41,3.38,0.7986740356021841,0.9024812699557647,0.10380723435358064,0.09366728908103523
20241209,2024,-0.76,1.08,-1.58,0.7932867308915925,0.8972507518230299,0.10396402093143742,0.0886461181142105
20241210,2024,-0.76,0.89,-1.52,0.795326722700394,0.8955305361320961,0.10020381343170215,0.08688068716435839
20241211,2024,1.28,0.82,0.56,0.796337996749309,0.8972096626458039,0.10087166589649488,0.08852813423424694
20241212,2024,4.17,2.5,2.19,0.7971343823590535,0.9078865446928328,0.11075216233377927,0.09978475316564568
20241213,2024,0.97,-0.34,1.19,0.801252455884492,0.90863294921612,0.10738049333162802,0.10054217297243938
20241216,2024,3.6,2.17,1.88,0.8002600532243679,0.914400879347775,0.11414082612340715,0.10644663249663085
20241217,2024,0.58,2.62,-1.54,0.8037491909874417,0.9109819113211116,0.10723272033366993,0.10304749748920476
20241218,2024,-1.5,-0.27,-1.29,0.8077142158491112,0.9032966882777661,0.09558247242865492,0.09606235676613431
20241219,2024,-3.74,-4.63,0.02,0.8072404695550214,0.899188593181239,0.09194812362621763,0.09195006282723991
20241220,2024,-4.13,-3.71,-1.16,0.799912168617195,0.8931416805472965,0.09322951193010143,0.0867211504573222
20241223,2024,4.18,0.65,3.68,0.7937786458138242,0.8955464530970846,0.1017678072832604,0.08913130559812754
20241224,2024,-1.22,-0.65,-0.7,0.7949599099443587,0.896218751016312,0.10125884107195327,0.08981044123931145
20241226,2024,-0.37,,-1.14,0.7938950615591525,0.8962994084328206,0.10240434687366817,0.08989060588606777
20241227,2024,-1.24,2.59,-3.26,0.7953329204550581,0.8851294928193999,0.0897965723643418,0.0788885872588233
20241230,2024,-0.75,-0.34,-0.5,0.799768123402291,0.8860244842871176,0.08625636088482658,0.07987278488317145
20250102,2025,-0.88,,0.32,0.814755492480659,0.8911054834797575,0.07634999099909845,0.08498167493835317
20250103,2025,7.38,6.25,2.33,0.8118674787223991,0.8896147201378923,0.07774724141549327,0.08363094063087219
20250106,2025,10.31,9.84,2.24,0.8211738575148205,0.8994984544621958,0.07832459694737526,0.09247541259814122
20250107,2025,0.11,-2.4,2.12,0.8346037195673913,0.8989769987402294,0.06437327917283808,0.09201800959257699
20250108,2025,0.97,-0.15,1.09,0.831230635989597,0.8991001905604524,0.06786955457085542,0.0921503018643467
20250109,2025,-0.32,5.29,-4.71,0.8309509914488995,0.8786984279236811,0.047747436474781635,0.07125857193844616
20250110,2025,1.07,-0.73,1.68,0.8381172974865293,0.8813408139417531,0.04322351645522382,0.07414443250881475
20250113,2025,-3.8,-4.52,0.01,0.8370536812349384,0.8819563686026671,0.04490268736772873,0.07432838749029397
20250114,2025,-1.64,0.36,-1.95,0.8308352232523089,0.882437569045423,0.05160234579311418,0.0748417295475726
20250115,2025,1.11,1.64,-0.24,0.8312267356871353,0.8703560652381304,0.03912932955099502,0.0633365177365455
20250116,2025,3.86,5.95,-1.13,0.8336323795085331,0.8522337865083128,0.018601406999779746,0.04460334701094004
20250117,2025,3.29,2.14,1.49,0.8412695030930003,0.8541049947042546,0.012835491611254302,0.046349124894177675
20250120,2025,-1.85,-1.17,-0.85,0.8441179238660464,0.8535923972326128,0.009474473366566372,0.045848007214546974
20250121,2025,0.52,2.83,-1.85,0.8427031763539056,0.8498861265716938,0.007182950217788253,0.04196685448610088
20250122,2025,4.9,3.44,1.99,0.8465186467243201,0.8567518470956572,0.010233200371337126,0.04862731600377639
20250123,2025,-1.19,-2.66,1.08,0.8508443662583339,0.8760335970195011,0.02518923076116719,0.06857596151498192
20250124,2025,0.4,0.68,-0.19,0.8474347879979601,0.8744577720667499,0.02702298406878978,0.06701620380249008
20250131,2025,-5.81,,2.56,0.8482444622708418,0.874947955695128,0.02670349342428613,0.06750813741886104
20250203,2025,-6.91,-4.17,-3.47,0.8344320950727996,0.8850405767336691,0.05060848166086951,0.0775381512339334
20250204,2025,1.26,0.1,1.16,0.8281695836737775,0.8804916596361121,0.052322075962334624,0.07295212935653114
20250205,2025,4.4,4.03,1.05,0.8282116456508387,0.8810330603059532,0.052821414655114474,0.07320126021050857
20250206,2025,6.16,2.36,4.19,0.8336725013850288,0.8887792074053136,0.05510670602028478,0.08153988826627703
20250207,2025,-2.95,-0.25,-2.74,0.8369091397869654,0.9016148379416584,0.06470569815469307,0.09458009808598386
20250210,2025,-2.31,-2.41,-0.29,0.8366337664205445,0.8975767337109128,0.0609429672903683,0.09008569154352712
20250211,2025,0.11,0.81,-0.56,0.833298226143163,0.9025724910417925,0.06927426489862953,0.09500800271365298
20250212,2025,1.71,-0.4,2.05,0.8344486851595045,0.8985718125001437,0.06412312734063919,0.09085520445262404
20250213,2025,2.74,4.83,-1.28,0.833907245389995,0.8910559127276494,0.057148667337654335,0.08263825513566987
20250214,2025,2.56,0.72,1.94,0.8403823477081241,0.8941291023101767,0.05374675460205258,0.08559876755486316
20250217,2025,-0.1,0.95,-0.91,0.8411991764145242,0.8970464978226942,0.05584732140816995,0.08841573092819165
20250218,2025,-0.8,-0.94,0.0,0.8423641216572323,0.890673397403371,0.04830927574613875,0.08194670659351452
20250219,2025,5.25,4.05,1.86,0.8411483628791476,0.8955699064481885,0.05442154356904083,0.08646747716613454
20250220,2025,-3.26,-2.97,-0.76,0.846470521444001,0.8983142987403228,0.051843777296321725,0.08898917447592888
20250221,2025,-0.79,-1.18,0.21,0.8423772967651275,0.8962056365339429,0.0538283397688154,0.0868902600667985
20250224,2025,-2.2,-2.15,-0.38,0.8408583533133731,0.8883093289975287,0.04745097568415557,0.07888879608357023
20250225,2025,-3.17,-2.2,-1.33,0.8380332758490682,0.8921423728106894,0.05410909696162125,0.08262455366689075
20250226,2025,1.37,1.25,0.33,0.8349627706756143,0.8889724210184966,0.0540096503428823,0.07943179115445662
20250227,2025,-1.66,-1.87,-0.09,0.8366748901883981,0.8913826799027321,0.05470778971433399,0.08172208278093894
20250228,2025,-4.66,-4.52,-0.88,0.834123519356665,0.9017226186544804,0.06759909929781549,0.09156344463011362
20250304,2025,-1.33,,0.48,0.8277453226962262,0.9039038339997543,0.07615851130352802,0.09365905523756607
20250305,2025,2.36,3.76,-0.76,0.8248365783007472,0.8947437156621628,0.06990713736141563,0.08401115470752663
20250306,2025,-0.88,-0.36,-0.59,0.8300056830624845,0.8950262615230564,0.06502057846057196,0.08421585273695933
20250307,2025,-1.0,0.0,-0.97,0.8293707333656355,0.8952575456475534,0.06588681228191795,0.08444079230062713
20250310,2025,-0.11,-2.34,1.8,0.8295932493314703,0.9055949842694494,0.07600173493797913,0.09456171840687289
20250311,2025,-1.68,-0.05,-1.71,0.8259904950610669,0.8936362111469106,0.06764571608584369,0.08146741900531733
20250312,2025,4.9,5.91,-0.01,0.8253059525465873,0.8981491414548193,0.07284318890823194,0.08515321518764316
20250313,2025,0.22,0.4,-0.1,0.8331505454370429,0.8958725110533077,0.06272196561626475,0.08284516587516
20250314,2025,1.3,2.4,-0.64,0.8338066286855625,0.8942387836647605,0.06043215497919796,0.08121833759345169
20250317,2025,0.21,0.73,-0.41,0.8375993195674425,0.8968917594766905,0.05929243990924804,0.08379011315812247
20250318,2025,0.21,-1.46,1.43,0.8385709886413454,0.8942418419727546,0.0556708533314092,0.08106797937543729
20250319,2025,0.96,1.23,-0.05,0.8365763054940176,0.8933160986104688,0.056739793116451165,0.07872264854212088
20250320,2025,4.44,2.19,2.62,0.8383716483427529,0.9072199499740495,0.06884830163129663,0.09211574203995007
20250321,2025,2.33,2.62,0.13,0.8414507365290739,0.907055618365938,0.06560488183686408,0.09180475888708226
20250324,2025,-0.89,-1.86,0.68,0.8448888979202113,0.9018969450489674,0.05700804712875618,0.0862830495871427
20250325,2025,-0.5,-1.65,0.9,0.842430334663723,0.8947059471093323,0.0522756124456093,0.07871383816482636
20250326,2025,-0.1,2.88,-2.53,0.8402471723748177,0.8864214742226196,0.04617430184780191,0.0702151693551413
20250327,2025,-1.81,-3.27,0.96,0.8440091781755076,0.8884954052456675,0.04448622707015992,0.07194186567366642
20250328,2025,-1.94,-3.72,1.2,0.8396865904037981,0.8594963366146836,0.019809746210885493,0.040150181341251145
20250331,2025,-2.71,-4.32,0.94,0.8346833837074509,0.8577986255520074,0.02311524184455649,0.037936609264692535
20250401,2025,-0.54,3.3,-3.3,0.8273957195917967,0.8424969729724311,0.015101253380634394,0.02207905848044992
20250402,2025,0.0,0.46,-0.37,0.8318077180923422,0.8423976680195621,0.010589949927219844,0.021980294706706587
20250403,2025,-1.4,-1.67,0.01,0.8325525888371976,0.8424682547719439,0.009915665934746243,0.021985980041575252
20250404,2025,-4.69,-6.37,0.59,0.8304032891673693,0.8517250577321067,0.021321768564737442,0.030028643249988145
20250407,2025,-11.34,-9.55,-3.48,0.8207921435957058,0.890272276931284,0.06948013333557812,0.06833300511333187
20250408,2025,1.29,2.85,-1.01,0.8057650067690362,0.8871088322573597,0.08134382548832353,0.06526353294112332
20250409,2025,-4.08,-2.65,-1.88,0.8101292839119547,0.8916388574564668,0.08150957354451205,0.06975305760792593
20250410,2025,13.96,11.03,5.0,0.8063370202860785,0.927539901104285,0.12120288081820652,0.10653192783923374
20250411,2025,-0.7,-1.31,0.37,0.8216791308738467,0.9327060004681529,0.11102686959430619,0.1116476064758833
20250414,2025,-1.18,-0.33,-0.92,0.819699736654662,0.9337773274034459,0.11407759074878387,0.11273322854989196
20250415,2025,-0.12,0.22,-0.32,0.8190859414490944,0.9377397989600139,0.1186538575109195,0.11656230924769875
20250416,2025,-2.74,-3.65,0.26,0.8192834348838547,0.9574595159714367,0.13817608108758206,0.13620949080929906
20250417,2025,0.12,0.57,-0.37,0.8137435715281949,0.9630111806419395,0.1492676091137446,0.14174792564255997
20250418,2025,0.73,0.0,0.72,0.8144547441214679,0.9650247234878678,0.15056997936639993,0.14374040691108095
20250421,2025,1.58,0.91,0.83,0.8143836121521353,0.9577179409397931,0.14333432878765784,0.13710812436256767
20250422,2025,-2.39,-1.59,-1.08,0.8156731228831801,0.9619377978400513,0.14626467495687123,0.14139106413631178
20250423,2025,4.65,4.14,1.28,0.8134038578668347,0.9588736545921409,0.14546979672530624,0.13841760094431388
20250424,2025,-2.11,-1.49,-0.88,0.8194933932519682,0.9586252902554065,0.1391318970034383,0.13810332560383573
20250425,2025,7.17,3.42,4.35,0.8172807936183195,0.9689352374371717,0.15165444381885218,0.14854497715652565
20250428,2025,-3.34,-1.3,-2.25,0.8220368518536381,0.9768432653677301,0.15480641351409208,0.1562547932256728
20250429,2025,0.58,-0.66,1.11,0.8202454200608518,0.9720191592114001,0.15177373915054837,0.15122170319719042
20250430,2025,1.95,-1.83,3.1,0.819174294146141,0.9678649850742582,0.14869069092811726,0.1477103460002855
20250502,2025,2.7,,-1.22,0.8136197479932571,0.9638449559625888,0.1502252079693317,0.14294281912321585
20250507,2025,1.1,,-1.04,0.8204586281877825,0.9636530334098197,0.1431944052220372,0.1427559003409685
20250508,2025,0.76,-0.26,0.99,0.8239694292254475,0.9606972154927377,0.1367277862672902,0.13974337013866253
20250509,2025,0.75,-0.11,0.81,0.8237073105003824,0.9608329612063934,0.13712565070601102,0.13987659243525222
20250512,2025,1.6,2.58,-0.54,0.8233357120443344,0.957544635776752,0.13420892373241755,0.13652636714621597
20250513,2025,4.94,1.79,3.44,0.8268834748043498,0.9663825622735087,0.13949908746915896,0.1454415284443816
20250514,2025,3.6,3.78,0.48,0.8292491938194334,0.966089426086802,0.13684023226736863,0.14516404939929017
20250515,2025,-2.61,-2.67,-0.39,0.834506195438395,0.9617656282055805,0.12725943276718554,0.14078324075308432
20250516,2025,1.79,2.0,0.15,0.8306411561768727,0.9437458409893835,0.11310468481251079,0.12249590873833313
20250519,2025,-2.73,-2.49,-0.68,0.8335288070302936,0.954872069223294,0.1213432621930004,0.13348003446938508
20250520,2025,1.3,1.3,0.18,0.8297579022110532,0.9725628523597981,0.14280495014874495,0.15079747114936162
20250521,2025,-0.3,-0.74,0.28,0.8312987127261169,0.9719681409227212,0.14066942819660433,0.15020725315361907
20250522,2025,-2.28,-1.8,-0.82,0.8299319898116925,0.9735735732529486,0.1436415834412561,0.15184612151624385
20250523,2025,0.61,1.57,-0.8,0.827084029975398,0.9744430590210293,0.14735902904563136,0.15252859880815325
20250526,2025,3.43,1.5,2.18,0.8284386637566775,0.9589861296717059,0.13054746591502842,0.13651908871205762
20250527,2025,-1.95,-0.25,-1.73,0.8305250273322127,0.9597524017042418,0.12922737437202914,0.13728085079983432
20250528,2025,7.66,2.72,5.37,0.8302868042924398,0.9708642939619249,0.14057748966948502,0.14827100250161315
20250529,2025,4.62,1.92,3.04,0.8337158851739045,0.9733002151697475,0.13958432999584303,0.15011776736410629
20250530,2025,1.41,-3.54,4.42,0.8365141366062385,0.938857759830864,0.10234362322462542,0.11477320613427973
20250602,2025,-3.92,1.47,-5.11,0.8319341118425723,0.9325995535103393,0.10066544166776703,0.10852460198335907
20250604,2025,13.06,,9.06,0.8342045483034861,0.9322746685615126,0.09807012025802653,0.10817918104072749
20250605,2025,3.69,3.22,0.96,0.8407848816290417,0.9296643843787225,0.0888795027496807,0.10493174320307193
20250609,2025,-0.54,,-2.23,0.8447549729323861,0.9353353962344191,0.09058042330203298,0.11048139009096018
20250610,2025,0.47,0.66,-0.09,0.8473815728782788,0.9297170195686981,0.08233544669041937,0.10454710438036244
20250611,2025,7.12,4.12,3.63,0.8481908703308783,0.9546683351111771,0.10647746478029885,0.12893814924251099
20250612,2025,1.59,-1.88,3.24,0.8533978936071863,0.9490815380108343,0.09568364440364796,0.12308531228171002
20250613,2025,-1.28,0.0,-1.29,0.8514629672281624,0.9505396561981531,0.09907668896999067,0.12455960098066733
20250616,2025,8.0,5.31,3.5,0.8513688944784381,0.963374985463001,0.11200609098456293,0.13687923700013227
20250617,2025,2.33,0.4,1.98,0.8579761893928685,0.96027720604867,0.10230101665580149,0.13360094634667727
20250618,2025,-3.26,-1.0,-2.4,0.8584181511376383,0.9642117236984244,0.10579357256078614,0.13745160867817027
20250619,2025,0.0,-0.2,0.16,0.8572139864217652,0.9618642192197121,0.10465023279794694,0.13497319226875878
20250620,2025,4.78,4.47,0.94,0.8568541306605232,0.9676338487210615,0.11077971806053832,0.1400827224671152
20250623,2025,5.27,0.97,4.43,0.8620876436150076,0.9692251280643798,0.10713748444937221,0.1416479962565384
20250624,2025,10.57,7.32,4.24,0.8632406439593867,0.9921929812171346,0.1289523372577479,0.1625832311900843
20250625,2025,6.19,2.69,3.84,0.8712981525116125,0.9960687475608173,0.12477059504920485,0.16581544505534687
20250626,2025,-2.5,2.45,-4.6,0.8742410621067751,0.9863100234811145,0.11206896137433942,0.155940745077787
20250627,2025,-5.92,-3.07,-3.24,0.8771894254978266,0.9957554321930283,0.11856600669520168,0.1649209787584814
20250630,2025,3.8,2.82,1.3,0.8736427372764309,0.9974405388443243,0.12379780156789333,0.16628176451433124
20250701,2025,1.09,-2.23,2.99,0.8763727136771878,0.9974459380981039,0.12107322442091606,0.16589468347199313
20250702,2025,-4.76,-2.28,-2.75,0.8734430964238189,1.0038419699929941,0.13039887356917523,0.17197146187997717
20250703,2025,-2.5,-0.18,-2.36,0.8710564987299803,1.005343634219136,0.13428713548915572,0.17347668675707892
20250704,2025,-5.01,-2.87,-2.53,0.8707179075636895,1.0076429761049173,0.13692506854122777,0.17464856647364646
20250707,2025,-0.74,0.18,-0.88,0.8672046568519369,1.0057800633093514,0.1385754064574145,0.17151790491855146
20250708,2025,6.73,4.06,3.2,0.8675862775068691,1.0215519462868021,0.153965668779933,0.18680534747930527
20250709,2025,4.8,-0.35,5.1,0.8719894286116371,1.0184942547564173,0.14650482614478022,0.1837383108458115
20250710,2025,1.32,5.69,-3.65,0.8715131143199087,1.0227265075058043,0.15121339318589555,0.18666268308426665
20250711,2025,-5.23,-0.84,-4.49,0.8775567154806706,1.0299912087355527,0.15243449325488212,0.19388088834767703
20250714,2025,2.47,1.87,0.86,0.8766212249967557,1.0340783532329312,0.15745712823617553,0.19809917215269413
20250715,2025,-2.97,-0.5,-2.52,0.8788499843792228,1.0364056887418778,0.15755570436265498,0.2003896959059719
20250716,2025,0.64,-0.84,1.38,0.8783786068888807,1.035660766778048,0.15728215988916727,0.19955188674253702
20250717,2025,-8.73,-8.95,-0.89,0.8774940024876379,1.046095262840074,0.16860126035243606,0.20677309914507586
20250718,2025,1.01,-0.19,1.16,0.8668795913625321,1.0440801100529928,0.17720051869046072,0.20476240521809552
20250721,2025,0.56,1.3,-0.58,0.8665787698317337,1.0419164876724258,0.1753377178406922,0.20258092559431407
20250722,2025,-2.85,-1.47,-1.55,0.8679311776740815,1.0511505859980608,0.18321940832397932,0.21167701599442565
20250723,2025,-0.51,0.19,-0.64,0.8664907385505709,1.0476608906729048,0.1811701521223339,0.20824945968161748
20250724,2025,-2.56,0.19,-2.78,0.8670007759740511,1.0517739161117012,0.18477314013765012,0.212477694519242
20250725,2025,0.66,-1.3,1.81,0.8667230566008968,1.049195103434629,0.1824720468337322,0.2098136571662279
20250728,2025,-1.83,-1.5,-0.51,0.8654026594553547,1.049903908743988,0.18450124928863343,0.21041614228345448
20250729,2025,-0.67,0.19,-0.84,0.8638298228198862,1.037939181780912,0.17410935896102586,0.1981913128519728
20250730,2025,-0.8,0.38,-1.19,0.8639938738282757,1.0378346236358549,0.17384074980757913,0.1980737723200707
20250731,2025,2.77,3.8,-0.53,0.863909231797732,1.0327599806238237,0.16885074882609163,0.19246988803449622
20250801,2025,-7.76,-5.67,-2.83,0.8680379138039898,1.0367525195900664,0.16871460578607667,0.19545835653385138
20250804,2025,-0.07,0.0,-0.11,0.8613283632957449,1.035675778046418,0.17434741475067317,0.1943878561421044
20250805,2025,2.35,2.13,0.54,0.8610212281577738,1.0358765209248637,0.1748552927670899,0.1945441922203168
20250806,2025,-2.23,-1.9,-0.6,0.8637555936828586,1.037199993257411,0.17344439957455238,0.19579044124818057
20250807,2025,1.14,1.35,-0.02,0.8614021293107986,1.0378983481835518,0.17649621887275313,0.1964665305483874
20250808,2025,-1.83,-2.1,0.0,0.8630360611839039,1.048565984418919,0.18552992323501516,0.206770651232256
20250811,2025,1.94,4.09,-1.62,0.8606857231115036,1.0380108387413023,0.1773251156297987,0.19577562092983114
20250812,2025,-0.35,0.75,-1.0,0.8651168817065895,1.0382181697834936,0.17310128807690406,0.19597932537162982
20250813,2025,2.19,3.35,-0.67,0.8660040259794736,1.034041464244447,0.16803743826497353,0.1917050776145264
20250814,2025,-0.62,-0.54,-0.12,0.8700713269906782,1.0303391595736247,0.1602678325829464,0.18787380769010426
20250818,2025,-4.24,,-1.39,0.8696852182643048,1.0294856977090359,0.15980047944473108,0.18702346866589045
20250819,2025,2.03,-1.68,3.48,0.8660990479321629,1.0231469503713173,0.15704790243915445,0.1806270430612588
20250820,2025,-2.35,-2.85,0.15,0.8640173426589067,1.0215209236189582,0.15750358096005146,0.17872230184382065
20250821,2025,-1.39,-4.11,2.15,0.8608684897682701,1.0078423298845276,0.14697384011625747,0.16468872226498343
20250822,2025,0.0,2.45,-2.08,0.8558225967580217,1.0020085512959336,0.14618595453791183,0.15880934060799382
20250825,2025,7.1,3.39,4.17,0.8588965616643959,1.0133047915964206,0.15440822993202474,0.16987712309875205
20250826,2025,-2.49,0.77,-3.14,0.862689899042274,1.0104375613388445,0.14774766229657055,0.16686655456490204
20250827,2025,-0.92,-0.57,-0.44,0.8637357418874878,1.010815185276559,0.1470794433890712,0.1672435374896589
20250828,2025,6.93,3.27,4.08,0.8628813195189495,1.0269015145891935,0.164020195070244,0.18287006831379787
20250829,2025,-0.4,0.19,-0.49,0.8663732696332013,1.0265382711542435,0.16016500152104218,0.18249630637605976
20250901,2025,-2.68,-4.83,1.51,0.8672251976555888,1.0159343951224,0.14870919746681122,0.17133409775282946
20250902,2025,-0.97,1.76,-2.47,0.8613770590737038,1.0167769173207863,0.15539985824708258,0.17199417248371687
20250903,2025,0.21,0.77,-0.47,0.8635642128561156,1.0158983138441904,0.15233410098807476,0.1710802163262755
20250904,2025,3.82,1.14,2.85,0.8643534553864901,1.0255137433483472,0.1611602879618571,0.18021073494382273
20250905,2025,2.28,3.01,-0.34,0.8658061403893285,1.0228141324371456,0.15700799204781712,0.17729978562994972
20250908,2025,0.52,1.28,-0.6,0.86910491456058,1.0247070147355621,0.1556021001749821,0.17895458612335347
20250909,2025,5.47,3.97,2.01,0.8704839567109887,1.029550649201445,0.15906669249045635,0.18343069747291446
20250910,2025,7.59,5.56,2.69,0.874794252111369,1.040594437990371,0.16580018587900214,0.19347929180968493
20250911,2025,4.48,0.99,3.62,0.8802814001766301,1.043221608409271,0.16294020823264077,0.19606246994626675
20250912,2025,8.35,7.0,2.16,0.8813853369092853,1.0449782888888532,0.1635929519795679,0.19617384529630377
20250915,2025,1.62,0.76,0.89,0.8881009320241157,1.046566094268973,0.1584651622448573,0.19766356163914212
20250916,2025,2.74,5.14,-1.86,0.8883819248657481,1.0357510242610226,0.14736909939527454,0.18584973852342235
20250917,2025,-2.67,-4.17,1.02,0.892939546894133,1.0316462976713288,0.13870675077719574,0.1811192847686037
20250918,2025,3.99,5.85,-1.22,0.888522180569053,1.027981468135322,0.13945928756626913,0.17629970573357456
20250919,2025,3.84,0.0,3.84,0.8938896689736243,1.031029954040639,0.1371402850670146,0.1793280012289113
20250922,2025,-0.46,-0.57,0.03,0.8938468192613737,1.0374248513536937,0.14357803209232,0.18563963569727557
20250923,2025,2.09,2.85,-0.47,0.8931388095377372,1.0420209570444199,0.14888214750668272,0.18988017210819583
20250924,2025,-1.14,-0.97,-0.29,0.8956205935590363,1.053410263670948,0.15778967011191158,0.20106040969093392
20250925,2025,-2.99,-0.28,-2.73,0.8945157044517575,1.055429177773199,0.16091347332144146,0.20305747673583857
20250926,2025,-7.44,-5.61,-2.38,0.8943385124172412,1.065108305249329,0.17076979283208793,0.21115759749107516
20250929,2025,0.92,3.71,-2.36,0.8891404913567902,1.0678633554277426,0.1787228640709524,0.21262173835947928
20250930,2025,2.23,-0.43,2.64,0.8928685510351433,1.0518193764471016,0.15895082541195826,0.19337557331603006
20251001,2025,1.99,3.6,-1.22,0.8976120554656516,1.0500969305033476,0.15248487503769603,0.19094945779518918
20251002,2025,15.82,9.86,6.93,0.900992784920116,1.0914948178404753,0.19050203292035928,0.22848502312860708
20251010,2025,3.78,,-3.78,0.9090404734726658,1.0725382040705014,0.16349773059783557,0.203312569671921
20251013,2025,-0.61,-3.04,2.22,0.9146249352878236,1.0641579535893353,0.14953301830151167,0.19406599657036547
20251014,2025,-4.48,-0.84,-3.79,0.9126777253024495,1.068907088452431,0.15622936314998148,0.19884970001318636
20251015,2025,3.84,2.67,1.42,0.9113087261461166,1.0703561505891888,0.15904742444307218,0.2000922394588209
20251016,2025,5.75,7.1,-0.71,0.9135975235512517,1.061218815821019,0.14762129226976728,0.18836027070667027
20251017,2025,0.0,2.87,-2.59,0.9190688623468495,1.0540982779618036,0.13502941561495407,0.1810604577144573
20251020,2025,1.75,4.3,-2.19,0.9215874431928863,1.0440824933622948,0.12249505016940843,0.1703878935691107
20251021,2025,-2.29,-1.34,-1.05,0.9247123484052774,1.0461926322691595,0.1214802838638821,0.17233888025709002
20251022,2025,0.98,0.52,0.5,0.9238329081832575,1.0440656816209355,0.12023277343767802,0.17003527187849327
20251023,2025,-2.13,-0.62,-1.52,0.9242194349558674,1.0456786570477132,0.12145922209184579,0.17068501451762347
20251024,2025,7.11,6.58,1.01,0.9240737851845473,1.0447109446595775,0.12063715947503018,0.1676225129004259
20251027,2025,7.56,4.9,3.0,0.9282419061912096,1.045106068475461,0.11686416228425134,0.16652048312028067
20251028,2025,-6.69,-2.62,-4.27,0.9312942166612788,1.0543595274774582,0.12306531081617944,0.17526626834289
20251029,2025,1.1,7.1,-5.47,0.9294186085450556,1.0182257275089754,0.0888071189639198,0.1371773985065981
20251030,2025,2.18,1.79,0.5,0.9340739187407472,1.0281408837783774,0.09406696503763023,0.14583145180954082
20251031,2025,-7.47,-1.58,-5.98,0.935063060033433,1.0417120937819568,0.10664903374852386,0.1591788898698723
20251103,2025,8.65,10.91,-1.55,0.9341597244293138,1.0188985490673705,0.08473882463805671,0.131494998013315
20251104,2025,-3.01,-5.48,2.17,0.94023561648934,1.0060753579621,0.06583974147276006,0.11698728206665651
20251105,2025,-5.11,-1.19,-3.97,0.9372295189479835,1.0136135746134727,0.07638405566548923,0.12435433927938626
20251106,2025,3.85,2.42,1.57,0.9367063305283337,1.0167381195253578,0.08003178899702401,0.12710832754596477
20251107,2025,3.33,-2.19,5.38,0.9379878119520939,1.0002580444744054,0.06227023252231145,0.11031387940426021
20251110,2025,3.94,4.48,-0.27,0.936599403566962,0.9991005455139649,0.06250114194700285,0.10792202589407306
20251111,2025,7.41,2.15,5.39,0.9390313744209049,1.004607703425539,0.06557632900463406,0.11284740831382244
20251112,2025,3.53,-0.32,3.84,0.9402283228248809,1.0009534200014318,0.060725097176550946,0.10904252400215717
20251113,2025,0.31,-0.81,1.09,0.9401022821807062,0.9985669945878016,0.05846471240709539,0.10608689976647954
20251114,2025,-10.05,-8.5,-2.05,0.9397690895690024,1.0104970575874634,0.07072796801846104,0.11503403846067613
20251117,2025,4.64,8.21,-3.04,0.9347431902220272,0.9907875307443725,0.056044340522345304,0.09337771201027395
20251118,2025,-6.9,-5.94,-1.32,0.9393955608824356,0.9949596619182844,0.055564101035848856,0.09604347772534241
20251119,2025,-0.18,-1.4,1.12,0.9358530273284309,0.9935486626704517,0.05769563534202082,0.0945934857878995
20251120,2025,3.71,1.6,2.22,0.9349173985992574,0.9937815343628554,0.05886413576359806,0.09475198020871094
20251121,2025,-9.37,-8.76,-1.13,0.9359094972382485,0.9972016254928733,0.06129212825462482,0.09588733284650966
20251124,2025,3.76,-0.19,3.93,0.93061614639811,0.9881981131040556,0.05758196670594562,0.08670469795035536
20251125,2025,5.25,-0.19,5.41,0.9304493169468616,0.9826712716247801,0.05222195467791846,0.08108782202361131
20251126,2025,0.17,0.96,-0.73,0.930140598334208,0.9968150772535561,0.06667447891934808,0.09464142847279872
20251127,2025,3.44,3.82,-0.11,0.930719150594412,0.9984799258100868,0.0677607752156748,0.09600276846638452
20251128,2025,-1.0,-2.57,1.51,0.9331088014513388,0.9950902244301804,0.06198142297884157,0.09221552953905808
20251201,2025,1.34,1.51,-0.08,0.9325434301185564,0.9942906355697573,0.061747205451200826,0.091109309962335
20251202,2025,2.15,3.72,-1.31,0.9334100827808424,0.991053461115206,0.057643378334363615,0.08764296270478635
20251203,2025,0.65,-1.08,1.66,0.9357247653527315,0.9889771984208752,0.053252433068143645,0.08554335347463007
20251204,2025,0.64,-1.81,2.33,0.9350616899777888,0.978147655302365,0.0430859653245762,0.07414254189753666
20251205,2025,-3.36,0.37,-3.74,0.9338947853902219,0.9850346413757477,0.05113985598552584,0.08093249946957096
20251208,2025,6.62,6.07,0.97,0.9337627133140776,0.986530067738906,0.05276735442482838,0.0817968786396734
20251209,2025,0.31,-1.91,2.09,0.9374309891002839,0.9742891043581836,0.036858115257899726,0.06858519434436736
20251210,2025,0.31,3.71,-3.16,0.9362569859524751,0.9681103380832824,0.03185335213080731,0.062167191444208625
20251211,2025,-5.09,-3.75,-1.56,0.9383917517644004,0.9698190848288193,0.031427333064418916,0.06344824846036687
20251212,2025,0.16,1.06,-0.83,0.9362530110580527,0.9697495406151683,0.03349652955711557,0.06334917783315992
20251215,2025,-5.03,-2.98,-2.23,0.9369000071514265,0.973814459033375,0.03691445188194853,0.06670178263484815
20251216,2025,-3.93,-4.33,0.14,0.9351483551550661,0.9718473339056931,0.036698978750627,0.06430564709374462
20251217,2025,0.71,3.96,-3.0,0.9326218632698724,0.9492181554853556,0.0165962922154832,0.04004257715500089
20251218,2025,2.65,0.18,2.5,0.9348487911638252,0.9432577513951721,0.008408960231346851,0.033960544595217204
20251219,2025,0.0,-0.91,0.84,0.9351462944807857,0.9482791587273529,0.013132864246567233,0.038828742086366407
20251222,2025,8.43,6.03,2.78,0.9345677805774585,0.9509704409624937,0.01640266038503524,0.04060075183057955
20251223,2025,0.0,0.69,-0.67,0.9379771020579117,0.9492769849338779,0.011299882875966172,0.03881885661407374
20251224,2025,1.9,0.68,1.27,0.9382024040459662,0.9555108920371305,0.017308487991164245,0.044787718674808574
20251226,2025,4.21,,2.47,0.938699794332148,0.9505057287089766,0.011805934376828642,0.03963348373459164
20251229,2025,3.44,6.84,-2.97,0.9398906032887826,0.9369670428012081,-0.0029235604875744725,0.02531582992379733
20251230,2025,6.36,1.72,4.74,0.943691796908387,0.9344657300817322,-0.009226066826654833,0.02242714731638547
20260102,2026,6.52,,2.76,0.9482301248168016,0.934097229419757,-0.014132895397044543,0.022064162185387207
20260105,2026,6.12,2.81,3.45,0.9503348682361855,0.9324614293767352,-0.017873438859450363,0.019911450713085605
20260106,2026,3.85,4.31,-0.26,0.9515889568961725,0.935771810734434,-0.01581714616173846,0.022773757451901012
20260107,2026,-0.58,2.2,-2.69,0.9534269627939037,0.9464413670204816,-0.00698559577342206,0.03262159716490727
20260108,2026,0.23,1.89,-1.57,0.9543178644309941,0.9404361018537397,-0.013881762577254375,0.026524139825216293
20260109,2026,0.0,-1.59,1.51,0.9551748760130199,0.9376585965834816,-0.017516279429538262,0.023594070249239908
20260112,2026,-0.7,0.67,-1.34,0.9544250590182936,0.9355867129319767,-0.01883834608631685,0.02151490001493169
20260113,2026,-0.23,-1.47,1.17,0.9547522628545959,0.9354316007919806,-0.01932066206261529,0.02124771943516339
20260114,2026,2.11,0.54,1.6,0.9540642949939228,0.93218641657011,-0.021877878423812724,0.015589334688139549
20260115,2026,-1.38,0.94,-2.29,0.9543273958098288,0.9328741568154997,-0.02145323899432916,0.016248500951007386
20260116,2026,3.96,0.93,3.08,0.9546556853985743,0.9332635420122695,-0.021392143386304796,0.016622423225807207
20260119,2026,-2.46,1.06,-3.48,0.9552112273090548,0.9301824015986505,-0.025028825710404323,0.013439531744784485
20260120,2026,-1.95,-2.75,0.67,0.9555782245151646,0.928447023985793,-0.02713120052937157,0.011490553618926628
20260121,2026,0.7,-0.4,1.08,0.9543552308547956,0.926265964547206,-0.028089266307589567,0.009280546491230522
20260122,2026,3.84,2.03,1.91,0.9541718947302024,0.9304842589018971,-0.023687635828305242,0.013354076588931736
20260123,2026,-0.22,1.59,-1.74,0.9551267640884477,0.9286625375338403,-0.02646422655460734,0.011385006578324721
20260126,2026,-1.01,-4.04,2.86,0.9557567719240597,0.9191403939106635,-0.036616378013396234,0.0013300601795505943
20260127,2026,7.26,8.7,-1.02,0.9540821764449582,0.9140815425418157,-0.04000063390314246,-0.0053502602065301705
20260128,2026,6.55,5.13,1.64,0.957734940501748,0.9204907690808096,-0.03724417142093839,0.00013934573500659866
20260129,2026,5.36,2.38,3.08,0.959652119626248,0.9108712739804533,-0.04878084564579466,-0.010937622906246532
20260130,2026,7.34,5.57,2.0,0.9605655953442818,0.9169037647124598,-0.04366183063182194,-0.005607001073698608
20260202,2026,-11.4,-8.69,-3.02,0.962672807000903,0.9394095289095757,-0.023263278091327222,0.014620799012267979
20260203,2026,8.12,9.28,-0.78,0.9593852437392754,0.9343253064552561,-0.02505993728401923,0.007595229310693517
20260204,2026,4.21,-0.77,5.01,0.9627415104353232,0.9290891475921959,-0.03365236284312734,0.0022660862696224126
20260205,2026,-6.15,-6.44,0.06,0.9630263629092537,0.9306653062349667,-0.032361056674287014,0.0025940981326163315
20260206,2026,-3.75,-0.36,-3.4,0.9606529234728877,0.9374995668187459,-0.023153356654141755,0.009028415121375163
20260209,2026,9.53,5.72,4.03,0.9605487038814421,0.9483081554892221,-0.012240548392219996,0.019263635725253105
20260210,2026,-3.55,-1.24,-2.36,0.9625549376228032,0.9534752244273642,-0.009079713195438988,0.024072814068687554
20260211,2026,-2.03,-1.83,-0.27,0.9620810327650343,0.9540259571001339,-0.00805507566490038,0.024536108338189772
20260212,2026,7.14,3.26,4.01,0.9614049268968293,0.9591135119918904,-0.002291414904938893,0.029468475667955935
20260213,2026,-2.11,-0.9,-1.24,0.9625995581455155,0.9661187598695319,0.0035192017240164297,0.03625354170583509
20260219,2026,1.43,,-0.1,0.9623018147298182,0.9665751178937794,0.0042733031639611285,0.03632550126980979
20260220,2026,2.47,6.15,-3.45,0.9628332792522959,0.9629503428317778,0.00011706357948193524,0.031110905043844703
20260223,2026,0.0,0.21,-0.2,0.9649232515551677,0.9651673110346027,0.0002440594794350659,0.03319443779772593
20260224,2026,6.38,5.68,0.9,0.9650282719435329,0.9622156661865467,-0.002812605756986164,0.029406777053267705
20260225,2026,4.86,1.29,3.61,0.9668630107572463,0.9618731935252605,-0.0049898172319858825,0.029068437617365436
20260226,2026,4.95,7.96,-2.75,0.96726655190911,0.9499409955197834,-0.017325556389326646,0.015936624350514524
20260227,2026,-5.01,-3.46,-1.66,0.9696129204593334,0.9505738416453122,-0.019039078814021226,0.016070203725192765
20260303,2026,-9.92,,1.22,0.9684837031129827,0.9501753670139748,-0.01830833609900795,0.015711000653318243
20260304,2026,-12.74,-9.58,-3.49,0.9645913962359968,0.9779440900177337,0.01335269378173698,0.04073723843005987
20260305,2026,11.64,10.84,1.22,0.9610690951727682,0.9835735562768294,0.022504461104061235,0.04490777892559566
20260306,2026,-2.3,-1.81,-0.56,0.964695668938908,0.9844042357438871,0.019708566804979122,0.04571220528974276
20260309,2026,-7.96,-9.52,1.23,0.9640740240740769,0.9775738483677264,0.013499824293649487,0.0376778522856837
20260310,2026,8.84,12.2,-2.88,0.9604967497643044,0.9619757840893641,0.0014790343250596916,0.020508864401101556
20260311,2026,1.99,1.81,0.24,0.9646242220830455,0.9620701000604612,-0.0025541220225843153,0.020578803184140553
20260312,2026,-1.95,-2.62,0.58,0.9652094749356851,0.9592410015797572,-0.005968473355927872,0.017335898940679835
20260313,2026,-3.61,-2.15,-1.54,0.9642955563845002,0.9571470158000835,-0.007148540584416607,0.014537703462676783
20260316,2026,5.24,7.03,-1.54,0.9634950692123994,0.9530657496668399,-0.010429319545559479,0.009997402701961507
20260317,2026,4.45,-0.41,4.85,0.9658024850672915,0.9453622890428968,-0.02044019602439473,0.0012022316616493204
20260318,2026,7.33,8.87,-1.23,0.9656854386814268,0.9415619666706649,-0.024123472010761815,-0.003295511135194156
20260319,2026,-3.02,-4.07,0.93,0.9684164664204077,0.9438249121055912,-0.02459155431481652,-0.0016918594590531477
20260320,2026,-0.49,-0.59,0.08,0.9671559563656531,0.946626041241006,-0.02052991512464708,0.0004869463768819318
20260323,2026,-8.39,-7.35,-1.28,0.9669574993739012,0.9556185931680423,-0.011338906205858867,0.008286646917481147
20260324,2026,6.82,5.68,1.34,0.964439213928752,0.9599831978056436,-0.0044560161231084194,0.012410518479317048
20260325,2026,1.68,0.91,0.8,0.9662746455998016,0.9599969156528159,-0.006277729946985722,0.01238169641613586
20260326,2026,-7.77,-6.23,-1.75,0.9665692232212135,0.9661689388474662,-0.00040028437374728387,0.018134415060039294
20260327,2026,-2.51,-1.18,-1.37,0.9644204074464028,0.9672327128274267,0.0028123053810239496,0.019124474754294945
20260330,2026,-6.25,-5.31,-1.12,0.9640192147768705,0.9688535781154287,0.004834363338558245,0.020525747029107515
20260331,2026,-8.53,-7.56,-1.25,0.9621266670986557,0.9677007540445621,0.005574086945906442,0.018296798056952106
20260401,2026,7.4,10.66,-2.81,0.9576779599975435,0.959167967901738,0.0014900079041945125,0.009081206642426478
20260402,2026,-6.29,-7.05,0.5,0.9615188680669688,0.9591213941071699,-0.002397473959798946,0.008797169814370131
20260403,2026,2.88,5.54,-2.43,0.958753647914977,0.956220852265158,-0.0025327956498190085,0.005573100487046885
20260406,2026,0.83,1.14,-0.27,0.9608227080945485,0.932788669792485,-0.028034038302063524,-0.01957361078609597
20260407,2026,2.46,3.39,-0.8,0.9612627891722972,0.9320862907132563,-0.02917649845904091,-0.020323469947101762
20260408,2026,15.83,12.77,3.54,0.9624676719263626,0.953489749743351,-0.008977922183011633,0.00031753108133721525
20260409,2026,-3.11,-3.39,0.16,0.9665769253100356,0.9507822431836658,-0.015794682126369808,-0.002514364972435264
20260410,2026,1.43,2.91,-1.37,0.9654375218896826,0.9489041177161873,-0.016533404173495247,-0.0044969173275036505
20260413,2026,2.11,1.27,0.89,0.9663915841052659,0.9513664874407999,-0.015025096664466053,-0.0027484891125532066
20260414,2026,10.34,6.06,4.48,0.9668001246766732,0.9624873450065091,-0.00431277967016408,0.008091307153676229
20260415,2026,3.91,2.99,1.0,0.9686257883206045,0.9664743879792774,-0.0021514003413271032,0.011823150409415535
20260416,2026,3.76,1.67,2.13,0.9694358998505772,0.9661543029041327,-0.003281596946444476,0.011448589346446192
20260417,2026,-1.16,-2.34,1.11,0.9698267505830889,0.9649644044277994,-0.004862346155289465,0.01022602197920697
20260420,2026,2.79,3.37,-0.48,0.9691115337291922,0.9634684439019694,-0.005643089827222836,0.008677910204838978
20260421,2026,2.43,4.97,-2.4,0.9700777240252377,0.9581682519932624,-0.011909472031975343,0.002851834574275956
20260422,2026,0.28,-0.08,0.36,0.9714313449836315,0.9537372712195263,-0.017694073764105145,-0.0017569690355507392
20260423,2026,1.11,0.16,0.95,0.9714303573929345,0.9476551442154272,-0.023775213177507304,-0.00795722716108206
20260424,2026,-0.41,-0.24,-0.17,0.9714692124457076,0.9620357869622879,-0.009433425483419744,0.005905287896266538
20260427,2026,8.83,5.73,3.27,0.9714367234281122,0.9679473360022377,-0.0034893874258744573,0.011642437234006842
20260428,2026,2.79,0.62,2.19,0.9729617054010729,0.96183037050617,-0.011131334894902811,0.005502242006011593
20260429,2026,2.34,-0.54,2.86,0.9731226970490877,0.9690966005886172,-0.004026096460470474,0.011821328860352372
20260430,2026,1.33,-0.54,1.86,0.9729869894042618,0.973473243538732,0.000486254134470232,0.01601174623822835
20260504,2026,17.84,,5.66,0.9728637783177643,0.9698981683642811,-0.0029656099534831615,0.012433792277463452
20260506,2026,9.89,,-0.49,0.9757906306646409,0.9691159300093043,-0.006674700655336596,0.011629714511695309
20260507,2026,0.92,3.31,-2.32,0.9780856756717768,0.9730508759721647,-0.00503479969961218,0.015424414557783105
20260508,2026,-0.09,1.93,-1.98,0.9787369198980991,0.9730572987342017,-0.005679621163897419,0.015294345533184414
20260511,2026,8.11,11.51,-3.16,0.9791711546008585,0.9565636387394529,-0.022607515861405525,-0.0022695829880519263
20260512,2026,-5.14,-2.39,-2.79,0.981287612044517,0.962358484372981,-0.018929127671535984,0.0034508757638603486
20260513,2026,5.68,7.68,-1.86,0.980804990731266,0.9582996516790054,-0.022505339052260598,-0.001071768964839745
20260514,2026,-1.6,-0.3,-1.3,0.9821609436647263,0.9513528311679249,-0.030808112496801376,-0.008628374624395812
20260515,2026,-6.23,-7.66,1.3,0.9821137471854415,0.9576039668580882,-0.024509780327353292,-0.003559523749766226
20260518,2026,-0.46,1.15,-1.59,0.9806610891933075,0.953686794570204,-0.026974294623103523,-0.007856525052757492
20260519,2026,-6.68,-5.16,-1.61,0.9809067118284608,0.9593381201289801,-0.021568591699480666,-0.0025101140975753696
20260520,2026,0.88,0.0,0.88,0.9799025495020307,0.9584856536287716,-0.021416895873259123,-0.0033713448254659778
20260521,2026,14.58,11.17,3.63,0.979910938518814,0.969629123718983,-0.010281814799830924,0.006145058516924494
20260522,2026,0.51,0.05,0.45,0.9818656728037538,0.9715019396644061,-0.010363733139347686,0.008015315766836341
20260526,2026,-0.34,,-5.96,0.9818134786107037,0.9743549006923834,-0.007458577918320275,0.010851791004858646
20260527,2026,8.04,9.31,-1.11,0.9827658070702334,0.9708827321713164,-0.011883074898917045,0.006781778691226127
20260528,2026,-3.06,2.05,-5.08,0.9842069959405938,0.9694690967091399,-0.014737899231453855,0.005220310104333457
20260529,2026,-0.32,1.92,-2.21,0.984512924956143,0.9711264152997342,-0.013386509656408752,0.006904938122496322
20260601,2026,1.87,1.29,0.6,0.9847763010357358,0.9711528993185828,-0.013623401717152928,0.006927137579472024
20260602,2026,7.17,-0.13,7.3,0.9849566817270465,0.9687395771543359,-0.01621710457271064,0.004390712917086301
20260604,2026,1.11,,3.7,0.9849517710711737,0.970244623819828,-0.014707147251345698,0.005863794499850317
20260605,2026,-7.57,-9.92,2.2,0.9845566577943553,0.9643754851321702,-0.02018117266218511,-0.0009121398688934419
20260608,2026,-11.13,-7.68,-3.57,0.9829083096027893,0.9755699712733008,-0.007338338329488492,0.009823487181213836
20260609,2026,13.51,15.91,-2.11,0.981593745623026,0.9640667716667997,-0.017526973956226377,-0.003369471400669481
20260610,2026,-6.78,-7.54,0.64,0.9840444513173089,0.964850212133805,-0.019194239183503936,-0.0030079891588950013
20260611,2026,3.8,2.59,1.26,0.9828056127951094,0.9683957468669954,-0.014409865928113996,0.00041750110581180764
20260612,2026,10.59,2.33,8.29,0.9832195052171544,0.9692455444317504,-0.013973960785404027,0.0010661281141706445
20260615,2026,4.05,6.42,-2.26,0.9835653472696099,0.9651618385970587,-0.01840350867255114,-0.0031977751251874766
20260616,2026,6.23,4.11,2.18,0.9845555987461432,0.9639840677039309,-0.02057153104221232,-0.004584719165431652
20260617,2026,6.33,5.84,0.58,0.9851292403415152,0.964994972546117,-0.020134267795398175,-0.003983854947562232
20260618,2026,6.52,6.51,0.11,0.9859615400103859,0.967988955246571,-0.017972584763814914,-0.0012852971503396625
20260619,2026,4.71,2.94,1.81,0.9868084523737126,0.9698076496162542,-0.01700080275745841,0.0005104635464484644
20260622,2026,10.67,5.61,5.14,0.9871813456097822,0.9774280967646628,-0.009753248845119411,0.0079540504102563
20260623,2026,-7.01,-12.47,5.31,0.9878677878143506,0.9521348015339842,-0.03573298628036636,-0.018605255023682286
20260624,2026,-1.8,0.98,-2.76,0.9861547528670763,0.9522581239305438,-0.03389662893653256,-0.01848188032556913
20260625,2026,5.56,13.06,-7.32,0.9862869814622395,0.9272150474427282,-0.059071934019511274,-0.044267697630420294
20260626,2026,-9.43,-8.36,-1.17,0.9878697162209219,0.9326033358365797,-0.05526638038434217,-0.03925509590271601
20260629,2026,-4.65,-1.68,-2.99,0.9867439094594264,0.9406449348135587,-0.04609897464586765,-0.03161070119399492
20260630,2026,3.48,0.84,2.65,0.9865074052033188,0.9396864411954989,-0.046820964007819876,-0.03257317586839484
20260701,2026,3.54,-3.4,6.9,0.9876012176347867,0.9307221895693081,-0.05687902806547862,-0.04160176068270285
20260702,2026,-13.2,-14.57,1.18,0.9871825011486633,0.928500453417104,-0.058682047731559384,-0.04473759951431512
20260703,2026,4.2,10.88,-6.52,0.9850436619616955,0.9127093655949907,-0.07233429636670474,-0.06096574531147451
20260706,2026,-5.92,-3.38,-2.58,0.9865011955904833,0.9171209877808132,-0.06938020780967014,-0.05660970851948144
20260707,2026,-9.3,-6.06,-3.32,0.9860442612546523,0.9247896020152773,-0.06125465923937501,-0.04908046371137515
20260708,2026,-6.34,-5.68,-0.74,0.9851634855013577,0.9277933065963626,-0.05737017890499507,-0.04621155718132869
20260709,2026,4.49,5.3,-0.73,0.9843103289138572,0.9270816031557274,-0.05722872575812976,-0.046999602460037655
20260710,2026,6.18,-0.27,6.45,0.9850905255590456,0.9256484642964075,-0.05944206126263818,-0.04845865100371718
20260713,2026,-17.6,-15.37,-2.46,0.985048530463332,0.939764804999719,-0.04528372546361292,-0.034968692478199774
20260714,2026,2.5,3.69,-1.12,0.9823994112117532,0.9390662994662579,-0.04333311174549537,-0.03569116934472265
20260715,2026,16.13,8.83,7.45,0.9830459110149485,0.9537121512719897,-0.02933375974295882,-0.021205300556683754
20260716,2026,-12.3,-11.53,-0.95,0.984398427097396,0.9580369089882333,-0.02636151810916265,-0.01716250199722709
20260720,2026,-2.89,-4.23,1.27,0.9824213095795115,0.9572976593999366,-0.025123650179574852,-0.017989527835566666
20260721,2026,6.46,4.08,2.45,0.9816783332488388,0.9593407254677147,-0.022337607781124147,-0.015985584358494443
20260722,2026,-1.84,-0.33,-1.52,0.9823797481179649,0.9593303752392278,-0.023049372878737096,-0.016002125654182808
20260723,2026,-0.73,4.86,-5.51,0.9823148634351629,0.9545721899745369,-0.02774267346062609,-0.020811141532721025
20260724,2026,-9.17,-8.34,-0.97,0.9831298285071468,0.9603432644253695,-0.02278656408177726,-0.015242419685338886
20260727,2026,-1.17,3.24,-4.35,0.9816315872283284,0.9600149642324226,-0.021616622995905832,-0.01594208478770826
20260728,2026,-15.6,-14.65,-1.21,0.9822058254765295,0.9637367201139956,-0.018469105362533877,-0.012574426548007826
20260729,2026,-8.11,-9.61,1.31,0.979199361998876,0.9600565262287215,-0.01914283577015452,-0.0163239400037291
20260730,2026,-6.0,-5.64,-0.48,0.9770730140582728,0.9586208793376961,-0.01845213472057672,-0.017857432941806375
20260731,2026,29.91,29.95,0.68,0.9757962642278986,0.9598753573965234,-0.015920906831375148,-0.016779240470283837
20260803,2026,-1.25,-8.79,7.37,0.9812390722354359,0.9488613117195991,-0.03237776051583685,-0.028073073194999604
20260804,2026,-1.85,-4.79,2.78,0.9794612431110782,0.9475011024563039,-0.03196014065477426,-0.02936555656257716
20260805,2026,5.57,5.77,-0.08,0.9795637331714803,0.9473717807314179,-0.032191952440062344,-0.029635184658839134
20260806,2026,-13.32,-10.37,-3.15,0.9806385560100098,0.9537689797052957,-0.026869576304714093,-0.023293976542939132
20260807,2026,-3.2,-4.88,1.58,0.9784631210199355,0.948699920018432,-0.029763201001503536,-0.028436173984338165
20260810,2026,1.06,-0.14,1.19,0.9773875886786704,0.9478207772119001,-0.029566811466770315,-0.029323334738702054
20260811,2026,-0.42,0.35,-0.76,0.9773195248571043,0.9476871617033054,-0.029632363153798913,-0.029472995190476657
20260812,2026,8.36,5.54,2.94,0.977411940764309,0.9484619875213526,-0.02894995324295646,-0.028735483744760114
20260813,2026,9.08,5.92,3.29,0.9785610197294253,0.9513213456170927,-0.027239674112332635,-0.025896054737485054
20260814,2026,3.31,3.26,0.11,0.9797198901965223,0.951368355337002,-0.028351534859520244,-0.025860677192252615
20260818,2026,-1.65,1.03,-2.66,0.9803489300035546,0.9546127359465303,-0.02573619405702432,-0.022696548934720572
20260819,2026,-11.54,-9.75,-1.98,0.9805341297580904,0.9587959419531953,-0.021738187804895115,-0.01855229875862796
20260820,2026,11.85,12.73,-0.61,0.9785045969429115,0.9571199370834796,-0.02138465985943183,-0.02034114383174429
20260821,2026,0.0,2.31,-2.26,0.9808890636167473,0.9559845295372603,-0.024904534079487006,-0.02148013633643673
20260824,2026,-4.19,-3.41,-0.85,0.98132516383095,0.9601087474895366,-0.02121641634141347,-0.01744709418933283
20260825,2026,-1.49,0.42,-1.9,0.9806591356750687,0.9589483702728028,-0.021710765402265908,-0.018635165965132098
20260826,2026,-0.19,0.6,-0.78,0.9807788611546111,0.9589329343956795,-0.0218459267589316,-0.018650832942203044
20260827,2026,0.95,2.49,-1.49,0.9808828396753174,0.9520185676418302,-0.02886427203348718,-0.025791414499888775
20260828,2026,-3.75,-4.45,0.62,0.9813363307100679,0.9493164591837815,-0.03201987152628638,-0.028815637582709924
20260831,2026,0.88,1.27,-0.36,0.9804640012725516,0.949002150449054,-0.03146185082349762,-0.02914674517350137
20260901,2026,2.89,1.14,1.77,0.9807363766063703,0.9510465778108327,-0.02968979879553757,-0.02734356785647366
20260902,2026,-7.97,-4.73,-3.33,0.9809122500482611,0.9605927561005582,-0.020319493947702938,-0.018250011417147497
20260903,2026,-0.1,-1.05,0.93,0.9800014156588015,0.9603093996483396,-0.019692016010461888,-0.018535197303614793
20260904,2026,6.12,3.2,2.99,0.9798075578102615,0.9621179811058332,-0.017689576704428278,-0.01675397510285165
20260907,2026,8.07,8.26,-0.03,0.9804034846233851,0.9613773330368923,-0.01902615158649279,-0.01754850581871967
20260908,2026,0.53,0.56,-0.02,0.9818663155080144,0.9633258533474403,-0.018540462160574145,-0.015712816786929217
20260909,2026,0.62,3.51,-2.83,0.9819775623790584,0.9625674230272058,-0.01941013935185265,-0.01648464526450926
20260910,2026,-0.26,-0.16,-0.11,0.9825726273454868,0.9645517848473516,-0.01802084249813518,-0.014682201074427383
20260911,2026,-4.05,-2.21,-1.88,0.982492234237816,0.9662691248085795,-0.016223109429236438,-0.013000361005876804
20260914,2026,-8.17,-7.12,-1.18,0.982101425946776,0.9681170403228672,-0.013984385623908802,-0.01116993591217147
20260915,2026,0.2,0.36,-0.29,0.9807584248184328,0.9662306715290576,-0.014527753289375167,-0.013192868584863595
20260916,2026,0.3,2.63,-2.28,0.9810636920158621,0.9640076840658695,-0.017056007949992624,-0.015495572855165972
