date_key,sampling_role,matched_pair_id,target,high_case,fold,pred_mean_baseline,pred_numeric_xgb,pred_news_xgb,pred_combined_xgb,pred_numeric_plus_news_residual_enet,prob_high_numeric_xgb,prob_high_news_xgb,prob_high_combined_xgb
20211201,high_residual_case,M0001,-9.73,1,,,,,,,,,
20211202,high_residual_case,M0002,7.35,1,,,,,,,,,
20211203,high_residual_case,M0003,-2.95,1,,,,,,,,,
20211206,matched_low_control,M0001,0.06,0,,,,,,,,,
20211207,high_residual_case,M0004,-2.32,1,,,,,,,,,
20211208,matched_low_control,M0002,-0.71,0,,,,,,,,,
20211209,matched_low_control,M0004,-1.46,0,,,,,,,,,
20211210,matched_low_control,M0003,-1.04,0,,,,,,,,,
20211213,matched_low_control,M0005,-1.01,0,,,,,,,,,
20211214,high_residual_case,M0005,-3.44,1,,,,,,,,,
20211215,high_residual_case,M0006,-5.48,1,,,,,,,,,
20211216,high_residual_case,M0007,-3.31,1,,,,,,,,,
20211217,high_residual_case,M0008,1.99,1,,,,,,,,,
20211220,high_residual_case,M0009,3.44,1,,,,,,,,,
20211221,matched_low_control,M0006,1.7,0,,,,,,,,,
20211222,high_residual_case,M0010,6.45,1,,,,,,,,,
20211223,matched_low_control,M0007,-1.55,0,,,,,,,,,
20211224,matched_low_control,M0008,1.16,0,,,,,,,,,
20211227,matched_low_control,M0010,0.45,0,,,,,,,,,
20211229,matched_low_control,M0011,-0.24,0,,,,,,,,,
20211230,matched_low_control,M0009,0.53,0,,,,,,,,,
20220103,matched_low_control,M0067,1.46,0,,,,,,,,,
20220104,high_residual_case,M0067,5.2,1,,,,,,,,,
20220105,matched_low_control,M0079,-1.8,0,,,,,,,,,
20220106,high_residual_case,M0068,-8.25,1,,,,,,,,,
20220107,high_residual_case,M0069,-2.37,1,,,,,,,,,
20220110,high_residual_case,M0070,-4.15,1,,,,,,,,,
20220111,high_residual_case,M0071,-2.49,1,,,,,,,,,
20220112,high_residual_case,M0072,3.54,1,,,,,,,,,
20220113,high_residual_case,M0073,-2.87,1,,,,,,,,,
20220114,high_residual_case,M0074,2.21,1,,,,,,,,,
20220117,matched_low_control,M0074,1.62,0,,,,,,,,,
20220118,high_residual_case,M0075,6.42,1,,,,,,,,,
20220119,matched_low_control,M0075,-1.14,0,,,,,,,,,
20220121,matched_low_control,M0076,0.77,0,,,,,,,,,
20220124,high_residual_case,M0076,-2.49,1,,,,,,,,,
20220125,high_residual_case,M0047,-3.51,1,,,,,,,,,
20220128,high_residual_case,M0012,-4.1,1,,,,,,,,,
20220203,matched_low_control,M0012,0.07,0,,,,,,,,,
20220204,matched_low_control,M0015,0.98,0,,,,,,,,,
20220207,high_residual_case,M0013,3.14,1,,,,,,,,,
20220208,matched_low_control,M0013,-0.46,0,,,,,,,,,
20220209,matched_low_control,M0014,1.43,0,,,,,,,,,
20220210,high_residual_case,M0014,-6.45,1,,,,,,,,,
20220211,high_residual_case,M0015,-1.82,1,,,,,,,,,
20220214,high_residual_case,M0016,-4.04,1,,,,,,,,,
20220215,high_residual_case,M0017,-2.21,1,,,,,,,,,
20220216,high_residual_case,M0018,3.69,1,,,,,,,,,
20220217,high_residual_case,M0019,-2.28,1,,,,,,,,,
20220218,matched_low_control,M0018,0.77,0,,,,,,,,,
20220221,high_residual_case,M0020,3.77,1,,,,,,,,,
20220222,matched_low_control,M0019,-0.31,0,,,,,,,,,
20220223,high_residual_case,M0021,4.73,1,,,,,,,,,
20220224,matched_low_control,M0020,-0.7,0,,,,,,,,,
20220225,high_residual_case,M0022,3.28,1,,,,,,,,,
20220228,high_residual_case,M0023,-2.91,1,,,,,,,,,
20220302,high_residual_case,M0024,-3.96,1,,,,,,,,,
20220303,matched_low_control,M0041,-0.48,0,,,,,,,,,
20220304,matched_low_control,M0024,-1.31,0,,,,,,,,,
20220307,matched_low_control,M0028,-1.36,0,,,,,,,,,
20220308,high_residual_case,M0025,-1.97,1,,,,,,,,,
20220310,high_residual_case,M0026,4.14,1,,,,,,,,,
20220311,matched_low_control,M0025,0.78,0,,,,,,,,,
20220314,high_residual_case,M0027,2.22,1,,,,,,,,,
20220315,matched_low_control,M0026,0.4,0,,,,,,,,,
20220316,high_residual_case,M0028,-2.63,1,,,,,,,,,
20220317,high_residual_case,M0029,-1.98,1,,,,,,,,,
20220318,matched_low_control,M0030,1.64,0,,,,,,,,,
20220321,matched_low_control,M0027,1.08,0,,,,,,,,,
20220322,matched_low_control,M0017,-0.52,0,,,,,,,,,
20220323,high_residual_case,M0030,3.79,1,,,,,,,,,
20220324,matched_low_control,M0016,1.53,0,,,,,,,,,
20220325,matched_low_control,M0029,0.51,0,,,,,,,,,
20220328,high_residual_case,M0048,2.86,1,,,,,,,,,
20220329,matched_low_control,M0048,0.25,0,,,,,,,,,
20220330,high_residual_case,M0049,-2.84,1,,,,,,,,,
20220331,high_residual_case,M0050,2.8,1,,,,,,,,,
20220401,matched_low_control,M0085,0.3,0,,,,,,,,,
20220405,matched_low_control,M0077,0.77,0,,,,,,,,,
20220406,high_residual_case,M0077,2.51,1,,,,,,,,,
20220407,high_residual_case,M0078,-2.47,1,,,,,,,,,
20220408,high_residual_case,M0079,2.32,1,,,,,,,,,
20220411,matched_low_control,M0078,0.17,0,,,,,,,,,
20220412,matched_low_control,M0073,-0.88,0,,,,,,,,,
20220413,matched_low_control,M0072,1.63,0,,,,,,,,,
20220414,high_residual_case,M0080,2.72,1,,,,,,,,,
20220415,matched_low_control,M0070,0.53,0,,,,,,,,,
20220418,high_residual_case,M0081,-3.07,1,,,,,,,,,
20220419,matched_low_control,M0069,-0.75,0,,,,,,,,,
20220420,matched_low_control,M0068,0.35,0,,,,,,,,,
20220422,matched_low_control,M0071,-0.14,0,,,,,,,,,
20220425,matched_low_control,M0082,-0.03,0,,,,,,,,,
20220426,high_residual_case,M0082,-2.03,1,,,,,,,,,
20220429,high_residual_case,M0083,-1.7,1,,,,,,,,,
20220502,matched_low_control,M0083,-1.19,0,,,,,,,,,
20220506,high_residual_case,M0084,-2.86,1,,,,,,,,,
20220509,high_residual_case,M0085,-5.15,1,,,,,,,,,
20220510,matched_low_control,M0084,-0.85,0,,,,,,,,,
20220511,high_residual_case,M0086,-3.56,1,,,,,,,,,
20220512,high_residual_case,M0087,-2.52,1,,,,,,,,,
20220513,matched_low_control,M0051,0.82,0,,,,,,,,,
20220516,high_residual_case,M0051,1.69,1,,,,,,,,,
20220520,high_residual_case,M0052,2.74,1,,,,,,,,,
20220523,matched_low_control,M0052,0.97,0,,,,,,,,,
20220526,high_residual_case,M0053,2.2,1,,,,,,,,,
20220527,matched_low_control,M0053,-0.88,0,,,,,,,,,
20220530,matched_low_control,M0050,1.72,0,,,,,,,,,
20220531,matched_low_control,M0049,-0.25,0,,,,,,,,,
20220607,matched_low_control,M0066,-1.68,0,,,,,,,,,
20220608,matched_low_control,M0047,0.03,0,,,,,,,,,
20220609,high_residual_case,M0054,1.77,1,,,,,,,,,
20220610,matched_low_control,M0054,-0.59,0,,,,,,,,,
20220613,high_residual_case,M0031,-2.59,1,,,,,,,,,
20220615,matched_low_control,M0031,-1.48,0,,,,,,,,,
20220616,matched_low_control,M0032,1.38,0,,,,,,,,,
20220617,high_residual_case,M0032,2.44,1,,,,,,,,,
20220622,matched_low_control,M0033,0.09,0,,,,,,,,,
20220623,high_residual_case,M0033,-2.33,1,,,,,,,,,
20220624,high_residual_case,M0034,3.89,1,,,,,,,,,
20220627,matched_low_control,M0035,-0.07,0,,,,,,,,,
20220628,matched_low_control,M0036,-1.5,0,,,,,,,,,
20220629,matched_low_control,M0034,-0.68,0,,,,,,,,,
20220630,high_residual_case,M0035,-2.06,1,,,,,,,,,
20220701,high_residual_case,M0036,2.27,1,,,,,,,,,
20220704,high_residual_case,M0037,-3.04,1,,,,,,,,,
20220705,matched_low_control,M0022,1.02,0,,,,,,,,,
20220706,high_residual_case,M0038,-3.41,1,,,,,,,,,
20220707,high_residual_case,M0039,2.65,1,,,,,,,,,
20220708,matched_low_control,M0038,-0.16,0,,,,,,,,,
20220711,matched_low_control,M0021,0.77,0,,,,,,,,,
20220712,matched_low_control,M0023,-0.43,0,,,,,,,,,
20220713,high_residual_case,M0040,2.29,1,,,,,,,,,
20220714,high_residual_case,M0041,-1.98,1,,,,,,,,,
20220715,high_residual_case,M0042,-1.85,1,,,,,,,,,
20220718,matched_low_control,M0040,-0.07,0,,,,,,,,,
20220719,matched_low_control,M0039,-0.69,0,,,,,,,,,
20220726,matched_low_control,M0042,-0.32,0,,,,,,,,,
20220727,high_residual_case,M0055,2.45,1,,,,,,,,,
20220801,matched_low_control,M0088,-0.15,0,,,,,,,,,
20220802,high_residual_case,M0088,-2.48,1,,,,,,,,,
20220803,matched_low_control,M0080,0.75,0,,,,,,,,,
20220804,matched_low_control,M0081,0.44,0,,,,,,,,,
20220805,matched_low_control,M0089,0.85,0,,,,,,,,,
20220808,high_residual_case,M0089,2.17,1,,,,,,,,,
20220809,matched_low_control,M0091,-1.11,0,,,,,,,,,
20220810,high_residual_case,M0090,2.51,1,,,,,,,,,
20220811,high_residual_case,M0091,2.37,1,,,,,,,,,
20220812,matched_low_control,M0090,-1.17,0,,,,,,,,,
20220818,matched_low_control,M0092,0.65,0,,,,,,,,,
20220819,high_residual_case,M0092,-1.93,1,,,,,,,,,
20220822,high_residual_case,M0093,-3.13,1,,,,,,,,,
20220824,matched_low_control,M0093,0.5,0,,,,,,,,,
20220825,matched_low_control,M0087,0.48,0,,,,,,,,,
20220829,matched_low_control,M0086,-1.72,0,,,,,,,,,
20220830,matched_low_control,M0094,-0.15,0,,,,,,,,,
20220905,matched_low_control,M0056,0.4,0,,,,,,,,,
20220906,high_residual_case,M0056,2.43,1,,,,,,,,,
20220907,matched_low_control,M0057,0.19,0,,,,,,,,,
20220908,high_residual_case,M0057,5.63,1,,,,,,,,,
20220920,matched_low_control,M0063,-0.06,0,,,,,,,,,
20220926,high_residual_case,M0058,-4.1,1,,,,,,,,,
20220927,high_residual_case,M0059,-1.96,1,,,,,,,,,
20220928,matched_low_control,M0059,1.18,0,,,,,,,,,
20220929,matched_low_control,M0061,-1.37,0,,,,,,,,,
20221004,high_residual_case,M0094,3.11,1,,,,,,,,,
20221006,matched_low_control,M0060,0.16,0,,,,,,,,,
20221011,high_residual_case,M0060,-2.83,1,,,,,,,,,
20221012,matched_low_control,M0058,-0.96,0,,,,,,,,,
20221014,matched_low_control,M0043,0.25,0,,,,,,,,,
20221017,high_residual_case,M0043,2.82,1,,,,,,,,,
20221018,matched_low_control,M0037,-0.43,0,,,,,,,,,
20221020,matched_low_control,M0045,0.48,0,,,,,,,,,
20221021,matched_low_control,M0044,-0.87,0,,,,,,,,,
20221025,high_residual_case,M0044,-2.72,1,,,,,,,,,
20221026,high_residual_case,M0061,2.38,1,,,,,,,,,
20221027,high_residual_case,M0045,2.6,1,,,,,,,,,
20221102,matched_low_control,M0062,0.78,0,,,,,,,,,
20221104,high_residual_case,M0062,-2.03,1,,,,,,,,,
20221107,high_residual_case,M0063,2.66,1,,,,,,,,,
20221117,matched_low_control,M0064,-0.47,0,,,,,,,,,
20221118,high_residual_case,M0064,-2.38,1,,,,,,,,,
20221122,matched_low_control,M0065,-0.78,0,,,,,,,,,
20221123,high_residual_case,M0065,2.17,1,,,,,,,,,
20221129,matched_low_control,M0055,0.09,0,,,,,,,,,
20221206,high_residual_case,M0046,-1.74,1,,,,,,,,,
20221207,matched_low_control,M0046,0.27,0,,,,,,,,,
20221212,matched_low_control,M0095,0.82,0,,,,,,,,,
20221213,high_residual_case,M0095,-1.71,1,,,,,,,,,
20221216,matched_low_control,M0097,0.71,0,,,,,,,,,
20221220,matched_low_control,M0096,-0.96,0,,,,,,,,,
20221222,high_residual_case,M0096,2.37,1,,,,,,,,,
20221227,high_residual_case,M0097,2.0,1,,,,,,,,,
20221229,high_residual_case,M0066,-2.91,1,,,,,,,,,
20230102,high_residual_case,M0098,-2.38,1,,,,,,,,,
20230103,high_residual_case,M0099,-2.65,1,,,,,,,,,
20230104,matched_low_control,M0098,0.29,0,,,,,,,,,
20230105,matched_low_control,M0099,-0.44,0,,,,,,,,,
20230116,matched_low_control,M0100,-0.54,0,,,,,,,,,
20230120,high_residual_case,M0100,-1.83,1,,,,,,,,,
20230206,matched_low_control,M0108,0.22,0,,,,,,,,,
20230213,matched_low_control,M0122,0.22,0,,,,,,,,,
20230220,high_residual_case,M0101,4.36,1,,,,,,,,,
20230221,matched_low_control,M0101,-0.58,0,,,,,,,,,
20230222,high_residual_case,M0102,-1.9,1,,,,,,,,,
20230223,matched_low_control,M0102,0.8,0,,,,,,,,,
20230224,high_residual_case,M0103,4.97,1,,,,,,,,,
20230227,matched_low_control,M0103,-0.76,0,,,,,,,,,
20230302,high_residual_case,M0104,2.43,1,,,,,,,,,
20230303,high_residual_case,M0105,3.78,1,,,,,,,,,
20230307,high_residual_case,M0122,2.72,1,,,,,,,,,
20230308,matched_low_control,M0104,-0.73,0,,,,,,,,,
20230310,high_residual_case,M0123,-2.05,1,,,,,,,,,
20230313,matched_low_control,M0123,-1.1,0,,,,,,,,,
20230314,high_residual_case,M0106,-3.66,1,,,,,,,,,
20230316,matched_low_control,M0106,1.1,0,,,,,,,,,
20230317,high_residual_case,M0107,-1.68,1,,,,,,,,,
20230321,matched_low_control,M0107,0.4,0,,,,,,,,,
20230322,high_residual_case,M0108,-1.74,1,,,,,,,,,
20230323,matched_low_control,M0105,0.04,0,,,,,,,,,
20230328,matched_low_control,M0124,-0.94,0,,,,,,,,,
20230329,high_residual_case,M0124,2.93,1,,,,,,,,,
20230331,matched_low_control,M0126,1.28,0,,,,,,,,,
20230406,matched_low_control,M0125,0.43,0,,,,,,,,,
20230407,high_residual_case,M0125,-1.92,1,,,,,,,,,
20230410,high_residual_case,M0126,-1.79,1,,,,,,,,,
20230412,high_residual_case,M0137,5.16,1,,,,,,,,,
20230414,matched_low_control,M0137,0.54,0,,,,,,,,,
20230424,matched_low_control,M0158,-1.46,0,,,,,,,,,
20230428,high_residual_case,M0138,3.83,1,,,,,,,,,
20230502,high_residual_case,M0127,-3.14,1,,,,,,,,,
20230504,matched_low_control,M0127,0.78,0,,,,,,,,,
20230508,matched_low_control,M0150,0.72,0,,,,,,,,,
20230515,matched_low_control,M0139,1.55,0,,,,,,,,,
20230516,high_residual_case,M0139,-2.46,1,,,,,,,,,
20230525,matched_low_control,M0140,-1.03,0,,,,,,,,,
20230526,high_residual_case,M0140,-1.9,1,,,,,,,,,
20230531,matched_low_control,M0141,0.84,0,,,,,,,,,
20230601,high_residual_case,M0141,-2.24,1,,,,,,,,,
20230602,matched_low_control,M0143,-0.79,0,,,,,,,,,
20230605,matched_low_control,M0142,0.74,0,,,,,,,,,
20230607,high_residual_case,M0142,2.48,1,,,,,,,,,
20230608,high_residual_case,M0143,-2.74,1,,,,,,,,,
20230609,matched_low_control,M0144,-1.04,0,,,,,,,,,
20230612,matched_low_control,M0145,-1.44,0,,,,,,,,,
20230613,high_residual_case,M0144,3.3,1,,,,,,,,,
20230614,high_residual_case,M0145,-2.06,1,,,,,,,,,
20230615,matched_low_control,M0146,1.49,0,,,,,,,,,
20230620,high_residual_case,M0146,-1.83,1,,,,,,,,,
20230628,matched_low_control,M0147,-0.96,0,,,,,,,,,
20230629,high_residual_case,M0147,-2.33,1,,,,,,,,,
20230703,high_residual_case,M0148,2.41,1,,,,,,,,,
20230704,matched_low_control,M0148,-0.73,0,,,,,,,,,
20230705,high_residual_case,M0149,1.92,1,,,,,,,,,
20230706,matched_low_control,M0149,-0.4,0,,,,,,,,,
20230724,high_residual_case,M0128,-4.74,1,,,,,,,,,
20230725,matched_low_control,M0128,-0.44,0,,,,,,,,,
20230727,matched_low_control,M0129,0.25,0,,,,,,,,,
20230728,high_residual_case,M0129,-2.98,1,,,,,,,,,
20230802,high_residual_case,M0130,2.06,1,,,,,,,,,
20230803,matched_low_control,M0121,-0.17,0,,,,,,,,,
20230807,matched_low_control,M0130,-0.24,0,,,,,,,,,
20230811,high_residual_case,M0131,1.72,1,,,,,,,,,
20230814,matched_low_control,M0131,-0.84,0,,,,,,,,,
20230816,matched_low_control,M0132,-1.23,0,,,,,,,,,
20230817,high_residual_case,M0132,-2.07,1,,,,,,,,,
20230823,matched_low_control,M0135,-1.72,0,,,,,,,,,
20230824,matched_low_control,M0133,0.02,0,,,,,,,,,
20230829,high_residual_case,M0133,-1.58,1,,,,,,,,,
20230830,high_residual_case,M0150,3.21,1,,,,,,,,,
20230831,high_residual_case,M0151,-2.52,1,,,,,,,,,
20230901,matched_low_control,M0151,-0.24,0,,,,,,,,,
20230908,matched_low_control,M0152,-0.36,0,,,,,,,,,
20230911,high_residual_case,M0152,-5.16,1,,,,,,,,,
20230914,high_residual_case,M0153,-1.69,1,,,,,,,,,
20230915,high_residual_case,M0154,1.53,1,,,,,,,,,
20230918,matched_low_control,M0155,0.85,0,,,,,,,,,
20230919,high_residual_case,M0155,2.39,1,,,,,,,,,
20230920,matched_low_control,M0138,1.8,0,,,,,,,,,
20231004,high_residual_case,M0134,-2.76,1,,,,,,,,,
20231005,matched_low_control,M0134,0.46,0,,,,,,,,,
20231010,high_residual_case,M0135,2.19,1,,,,,,,,,
20231017,high_residual_case,M0109,-2.41,1,,,,,,,,,
20231018,matched_low_control,M0109,-0.64,0,,,,,,,,,
20231020,high_residual_case,M0110,-3.08,1,,,,,,,,,
20231023,matched_low_control,M0110,0.44,0,,,,,,,,,
20231024,matched_low_control,M0111,-0.96,0,,,,,,,,,
20231025,high_residual_case,M0111,2.21,1,,,,,,,,,
20231026,high_residual_case,M0112,2.35,1,,,,,,,,,
20231027,matched_low_control,M0112,-1.23,0,,,,,,,,,
20231030,high_residual_case,M0113,2.37,1,,,,,,,,,
20231031,matched_low_control,M0113,0.13,0,,,,,,,,,
20231101,high_residual_case,M0114,-1.55,1,,,,,,,,,
20231102,matched_low_control,M0114,1.87,0,,,,,,,,,
20231107,high_residual_case,M0115,1.92,1,,,,,,,,,
20231109,high_residual_case,M0116,1.67,1,,,,,,,,,
20231110,matched_low_control,M0116,-0.4,0,,,,,,,,,
20231115,matched_low_control,M0115,-1.58,0,,,,,,,,,
20231116,high_residual_case,M0117,2.32,1,,,,,,,,,
20231117,matched_low_control,M0117,-0.13,0,,,,,,,,,
20231120,high_residual_case,M0118,-3.98,1,,,,,,,,,
20231121,high_residual_case,M0119,4.3,1,,,,,,,,,
20231122,matched_low_control,M0118,-0.12,0,,,,,,,,,
20231127,matched_low_control,M0119,0.82,0,,,,,,,,,
20231130,matched_low_control,M0120,0.24,0,,,,,,,,,
20231201,high_residual_case,M0120,-3.15,1,,,,,,,,,
20231204,high_residual_case,M0121,2.02,1,,,,,,,,,
20231213,matched_low_control,M0157,0.59,0,,,,,,,,,
20231214,high_residual_case,M0156,-1.97,1,,,,,,,,,
20231215,matched_low_control,M0154,-1.12,0,,,,,,,,,
20231218,high_residual_case,M0157,-1.96,1,,,,,,,,,
20231219,matched_low_control,M0153,0.41,0,,,,,,,,,
20231220,matched_low_control,M0156,1.32,0,,,,,,,,,
20231222,high_residual_case,M0158,-2.48,1,,,,,,,,,
20231226,matched_low_control,M0136,0.76,0,,,,,,,,,
20231228,high_residual_case,M0136,3.58,1,,,,,,,,,
20240102,matched_low_control,M0264,-0.3,0,,,,,,,,,
20240103,high_residual_case,M0189,-3.18,1,,,,,,,,,
20240104,matched_low_control,M0189,-0.9,0,,,,,,,,,
20240105,matched_low_control,M0214,-1.04,0,,,,,,,,,
20240108,matched_low_control,M0190,-0.24,0,,,,,,,,,
20240109,high_residual_case,M0190,1.72,1,,,,,,,,,
20240110,matched_low_control,M0215,-0.54,0,,,,,,,,,
20240111,matched_low_control,M0216,-0.11,0,,,,,,,,,
20240112,matched_low_control,M0194,0.47,0,,,,,,,,,
20240116,matched_low_control,M0268,-1.0,0,,,,,,,,,
20240117,matched_low_control,M0191,-1.11,0,,,,,,,,,
20240118,high_residual_case,M0191,-1.77,1,,,,,,,,,
20240119,matched_low_control,M0217,0.26,0,,,,,,,,,
20240122,high_residual_case,M0192,1.87,1,,,,,,,,,
20240123,high_residual_case,M0193,1.85,1,,,,,,,,,
20240124,matched_low_control,M0192,-1.48,0,,,,,,,,,
20240125,high_residual_case,M0194,1.71,1,,,,,,,,,
20240126,matched_low_control,M0193,1.59,0,,,,,,,,,
20240130,matched_low_control,M0231,0.67,0,,,,,,,,,
20240131,high_residual_case,M0236,2.0,1,,,,,,,,,
20240201,high_residual_case,M0237,4.41,1,,,,,,,,,
20240202,high_residual_case,M0195,9.74,1,,,,,,,,,
20240205,matched_low_control,M0195,1.19,0,,,,,,,,,
20240206,high_residual_case,M0196,2.11,1,,,,,,,,,
20240207,high_residual_case,M0197,6.08,1,,,,,,,,,
20240208,high_residual_case,M0198,-4.15,1,,,,,,,,,
20240213,high_residual_case,M0159,-3.11,1,,,,,,,,,
20240214,high_residual_case,M0160,-2.9,1,,,,,,,,,
20240215,matched_low_control,M0160,-1.61,0,,,,,,,,,
20240216,high_residual_case,M0199,5.96,1,,,,,,,,,
20240219,high_residual_case,M0200,3.89,1,,,,,,,,,
20240220,matched_low_control,M0201,-0.41,0,,,,,,,,,
20240221,matched_low_control,M0199,1.21,0,,,,,,,,,
20240222,matched_low_control,M0200,1.38,0,,,,,,,,,
20240223,high_residual_case,M0201,-7.39,1,1.0,-0.02879656160458456,-1.2481334209442139,-0.6545206308364868,-1.670284390449524,-2.9762292029927897,0.62904953956604,0.5009456872940063,0.5159577131271362
20240226,high_residual_case,M0202,-3.09,1,1.0,-0.02879656160458456,-0.0038258754648268223,-0.46271222829818726,-0.017530806362628937,-0.3051941947955112,0.5458707213401794,0.3338480591773987,0.5308656096458435
20240227,matched_low_control,M0202,0.9,0,1.0,-0.02879656160458456,0.39590519666671753,0.08555956184864044,0.4873751401901245,0.9690575779378301,0.5112797021865845,0.2974587082862854,0.4230693578720093
20240228,high_residual_case,M0203,2.06,1,1.0,-0.02879656160458456,-0.9915441274642944,0.14245954155921936,-0.8815320730209351,-1.1007033421435268,0.4427991807460785,0.5410667061805725,0.5306909680366516
20240229,high_residual_case,M0204,3.68,1,1.0,-0.02879656160458456,0.18678613007068634,0.14245954155921936,0.1412714570760727,0.07762691539145399,0.3570389747619629,0.5410667061805725,0.38702628016471863
20240304,high_residual_case,M0205,-4.68,1,1.0,-0.02879656160458456,-0.7880460619926453,0.14245954155921936,-0.6681292653083801,-0.8972052766718777,0.5202799439430237,0.5410667061805725,0.5036095380783081
20240305,matched_low_control,M0203,1.06,0,1.0,-0.02879656160458456,-0.7208520770072937,-0.2929607331752777,-0.6719686388969421,-1.4193818972873236,0.5071116089820862,0.38771310448646545,0.4004893898963928
20240306,high_residual_case,M0238,2.42,1,1.0,-0.02879656160458456,0.21835409104824066,0.4844329357147217,0.11165262013673782,-0.08943266537594641,0.513717532157898,0.30368274450302124,0.38182583451271057
20240307,matched_low_control,M0238,0.29,0,1.0,-0.02879656160458456,-1.0717637538909912,-0.20817701518535614,-1.123856782913208,-0.5125900704352122,0.3084319531917572,0.3227851092815399,0.315110981464386
20240308,matched_low_control,M0253,0.37,0,1.0,-0.02879656160458456,0.11674683541059494,-0.9348286390304565,-0.15824264287948608,-1.8024247589922422,0.6280564069747925,0.3699757158756256,0.515734851360321
20240311,matched_low_control,M0246,-0.68,0,1.0,-0.02879656160458456,0.20050062239170074,0.14245954155921936,-0.12466740608215332,0.09134140771246839,0.39650437235832214,0.5410667061805725,0.3884395360946655
20240313,matched_low_control,M0265,-1.24,0,1.0,-0.02879656160458456,-0.28212597966194153,0.14245954155921936,-0.3482357859611511,-0.39128519434117387,0.28866928815841675,0.5410667061805725,0.3194985091686249
20240314,matched_low_control,M0256,-0.58,0,1.0,-0.02879656160458456,-0.21180742979049683,-0.06408143788576126,-0.3776220679283142,-0.8172004282461598,0.43939077854156494,0.3408264219760895,0.39965566992759705
20240315,matched_low_control,M0251,-0.68,0,1.0,-0.02879656160458456,-1.9849193096160889,0.14245954155921936,-1.851184368133545,-2.094078524295321,0.36854204535484314,0.5410667061805725,0.3821144700050354
20240318,matched_low_control,M0239,-0.93,0,1.0,-0.02879656160458456,-0.7167920470237732,-0.06950166076421738,-0.7399442791938782,-1.3481280532463995,0.4153372645378113,0.297947496175766,0.30900970101356506
20240320,high_residual_case,M0239,2.84,1,1.0,-0.02879656160458456,0.7096870541572571,0.14245954155921936,0.5499842762947083,0.6005278394780247,0.29412078857421875,0.5410667061805725,0.3863585591316223
20240321,high_residual_case,M0206,4.32,1,1.0,-0.02879656160458456,2.970073699951172,-0.10705108940601349,2.8576161861419678,2.245958675605655,0.7169976830482483,0.37489357590675354,0.6853190064430237
20240322,high_residual_case,M0207,4.01,1,1.0,-0.02879656160458456,0.8534120321273804,0.5862522125244141,0.8664563298225403,2.469671894852839,0.40020379424095154,0.21466116607189178,0.30186396837234497
20240325,high_residual_case,M0208,-3.99,1,1.0,-0.02879656160458456,-1.643259048461914,-0.39331528544425964,-1.6338270902633667,-2.6494701904324094,0.33444228768348694,0.4837924540042877,0.39685651659965515
20240326,matched_low_control,M0206,-0.73,0,1.0,-0.02879656160458456,-1.1777400970458984,-0.03793447092175484,-1.1270438432693481,-1.7849061278893017,0.43207916617393494,0.3721170425415039,0.3774943947792053
20240327,matched_low_control,M0207,-1.32,0,1.0,-0.02879656160458456,-0.5063360333442688,0.14245954155921936,-0.6688342690467834,-0.6154952480235012,0.6019212603569031,0.5410667061805725,0.6451717019081116
20240328,matched_low_control,M0208,0.47,0,1.0,-0.02879656160458456,0.6423459649085999,1.0116517543792725,0.543506383895874,1.386113522101453,0.3319263160228729,0.7269756197929382,0.5204278826713562
20240329,matched_low_control,M0211,-1.62,0,1.0,-0.02879656160458456,-1.1780821084976196,-0.04793299362063408,-1.3388725519180298,-2.174165609964098,0.47351643443107605,0.4461953341960907,0.5107682943344116
20240401,high_residual_case,M0240,-5.54,1,1.0,-0.02879656160458456,-1.870322585105896,-0.4929923117160797,-1.9474905729293823,-3.0695725702405756,0.3770163059234619,0.39789384603500366,0.3157934248447418
20240402,high_residual_case,M0241,1.93,1,1.0,-0.02879656160458456,-1.1655406951904297,0.6310077905654907,-1.0875519514083862,-0.5772897426814122,0.4332315921783447,0.5237001180648804,0.49465611577033997
20240403,high_residual_case,M0209,2.14,1,1.0,-0.02879656160458456,1.019671082496643,0.566119372844696,0.9064339995384216,2.066376988521101,0.32129406929016113,0.3662183880805969,0.24468505382537842
20240404,high_residual_case,M0210,-1.94,1,1.0,-0.02879656160458456,-1.0621107816696167,0.14245954155921936,-1.2953404188156128,-1.171269996348849,0.4149814248085022,0.5410667061805725,0.4761136472225189
20240405,matched_low_control,M0196,-0.98,0,1.0,-0.02879656160458456,-0.10158487409353256,0.14245954155921936,-0.10207634419202805,-0.2107440887727649,0.2574477195739746,0.5410667061805725,0.31179460883140564
20240408,matched_low_control,M0197,-1.37,0,1.0,-0.02879656160458456,0.4904511272907257,0.1295033097267151,0.4784739315509796,1.060567941068914,0.43413224816322327,0.4254626929759979,0.39085227251052856
20240409,matched_low_control,M0198,-0.45,0,1.0,-0.02879656160458456,0.12744878232479095,0.206700399518013,0.16260814666748047,0.5268939090306926,0.4407881796360016,0.498616486787796,0.6225703954696655
20240411,high_residual_case,M0211,-3.74,1,1.0,-0.02879656160458456,0.17829973995685577,0.14245954155921936,0.25218167901039124,0.06914052527762342,0.5400882959365845,0.5410667061805725,0.5792098641395569
20240412,high_residual_case,M0212,7.0,1,1.0,-0.02879656160458456,1.959496021270752,0.14245954155921936,1.967733383178711,1.8503368065915196,0.6582788825035095,0.5410667061805725,0.6822320818901062
20240415,high_residual_case,M0242,2.11,1,1.0,-0.02879656160458456,0.3699272572994232,-0.040653496980667114,0.5377128720283508,0.5552051370824296,0.4166894555091858,0.277879923582077,0.3765350580215454
20240416,high_residual_case,M0213,4.13,1,1.0,-0.02879656160458456,2.5906004905700684,0.14245954155921936,2.3116695880889893,2.481441275890836,0.5363847613334656,0.5410667061805725,0.5562190413475037
20240417,matched_low_control,M0213,-1.32,0,1.0,-0.02879656160458456,-0.7616800665855408,0.14245954155921936,-0.5696766376495361,-0.8708392812647732,0.21601007878780365,0.5410667061805725,0.28922492265701294
20240418,high_residual_case,M0214,4.56,1,1.0,-0.02879656160458456,2.820376396179199,0.14245954155921936,2.8606228828430176,2.711217181499967,0.7345494031906128,0.5410667061805725,0.7294673919677734
20240419,high_residual_case,M0215,-5.1,1,1.0,-0.02879656160458456,-1.272799015045166,1.4456874132156372,-1.379812240600586,-1.5398752234973354,0.44625163078308105,0.4239341914653778,0.4129658341407776
20240422,high_residual_case,M0216,5.48,1,1.0,-0.02879656160458456,1.9301161766052246,0.14245954155921936,1.773809790611267,1.8209569619259922,0.49877241253852844,0.5410667061805725,0.5406829118728638
20240423,high_residual_case,M0217,4.81,1,1.0,-0.02879656160458456,1.0470646619796753,2.592684268951416,0.851203441619873,1.0942437130043141,0.42434456944465637,0.6099531650543213,0.3972877562046051
20240424,matched_low_control,M0159,-0.63,0,1.0,-0.02879656160458456,0.8155645132064819,-0.032366301864385605,0.6185067296028137,0.0013790843299281708,0.6838245987892151,0.27265647053718567,0.5323666930198669
20240425,high_residual_case,M0161,-4.87,1,1.0,-0.02879656160458456,-2.2032392024993896,-0.8237291574478149,-2.398496389389038,-1.4176266598919383,0.5569292306900024,0.39102280139923096,0.5278319716453552
20240426,matched_low_control,M0161,0.24,0,1.0,-0.02879656160458456,-1.5331521034240723,0.14901059865951538,-1.8997957706451416,-1.2415804559698913,0.3269243836402893,0.4037604033946991,0.3100796341896057
20240429,matched_low_control,M0162,-1.37,0,1.0,-0.02879656160458456,-0.6832585334777832,0.14245954155921936,-0.7827402353286743,-0.7924177481570156,0.49250540137290955,0.5410667061805725,0.5257692933082581
20240430,high_residual_case,M0162,-2.17,1,1.0,-0.02879656160458456,-0.8664193749427795,1.4013457298278809,-0.8549571633338928,-1.0495453095147784,0.3289579749107361,0.6577035784721375,0.4749988615512848
20240507,matched_low_control,M0163,-0.11,0,1.0,-0.02879656160458456,0.48316946625709534,1.019361138343811,0.38404381275177,0.8448078022344871,0.4911257326602936,0.30794015526771545,0.534461259841919
20240508,high_residual_case,M0163,2.88,1,1.0,-0.02879656160458456,0.8699311017990112,1.1486541032791138,0.889127254486084,1.2233042519820816,0.4732438027858734,0.4657072126865387,0.5170457363128662
20240513,matched_low_control,M0164,1.38,0,1.0,-0.02879656160458456,-0.6850433945655823,0.14245954155921936,-0.8016408681869507,-0.7942026092448147,0.6761618256568909,0.5410667061805725,0.7183056473731995
20240514,high_residual_case,M0164,-5.34,1,1.0,-0.02879656160458456,-2.1362829208374023,0.14245954155921936,-2.001997947692871,-2.2454421355166345,0.6694101095199585,0.5410667061805725,0.7226070761680603
20240516,matched_low_control,M0165,-0.92,0,1.0,-0.02879656160458456,0.4499400556087494,-0.1747632473707199,0.4630930721759796,-0.499639627211762,0.5771956443786621,0.31822583079338074,0.49256011843681335
20240517,high_residual_case,M0165,3.06,1,1.0,-0.02879656160458456,0.7880277037620544,1.728102684020996,0.7165848612785339,2.3947119810223763,0.47951826453208923,0.6142509579658508,0.5072146654129028
20240520,high_residual_case,M0218,-1.88,1,1.0,-0.02879656160458456,-0.7762360572814941,1.6981101036071777,-0.7207816243171692,-0.8834553470156299,0.2199549674987793,0.29139190912246704,0.25806596875190735
20240521,matched_low_control,M0204,0.42,0,1.0,-0.02879656160458456,0.012418897822499275,0.08555956184864044,-0.06844331324100494,0.04238885119724577,0.30626872181892395,0.2978941798210144,0.2523793578147888
20240522,high_residual_case,M0243,-2.15,1,1.0,-0.02879656160458456,-1.5766409635543823,0.14245954155921936,-1.4754316806793213,-1.6858001782336147,0.4503547251224518,0.5410667061805725,0.4791898727416992
20240523,matched_low_control,M0245,0.64,0,1.0,-0.02879656160458456,0.9208195209503174,-0.499625563621521,0.8227494359016418,0.7119139398533543,0.6283068656921387,0.29394960403442383,0.5962580442428589
20240524,high_residual_case,M0244,3.07,1,1.0,-0.02879656160458456,0.33689332008361816,-0.23323167860507965,0.296356201171875,0.18120588111820898,0.5803341865539551,0.28688105940818787,0.5844107866287231
20240527,high_residual_case,M0245,-1.87,1,1.0,-0.02879656160458456,0.6323381662368774,0.2102096974849701,0.41618612408638,2.5986588387342087,0.4560140371322632,0.6773698925971985,0.5288598537445068
20240528,high_residual_case,M0246,-2.2,1,1.0,-0.02879656160458456,-1.24003005027771,-0.008470282889902592,-1.2650469541549683,-1.7469714042596602,0.40781405568122864,0.463236540555954,0.3841438293457031
20240529,high_residual_case,M0247,-2.64,1,1.0,-0.02879656160458456,-2.189028024673462,0.4407772421836853,-2.2817494869232178,-1.1651132806373945,0.5303665399551392,0.36037036776542664,0.4068898856639862
20240531,matched_low_control,M0247,0.44,0,1.0,-0.02879656160458456,0.4252869784832001,-0.5202165246009827,0.2608552873134613,-0.45588853607766644,0.4771040678024292,0.4004257917404175,0.441430002450943
20240603,matched_low_control,M0249,-1.4,0,1.0,-0.02879656160458456,-1.0622570514678955,0.2552749514579773,-1.0033754110336304,-1.254784224836658,0.4362832307815552,0.4347740411758423,0.4508354067802429
20240604,matched_low_control,M0248,-0.77,0,1.0,-0.02879656160458456,-1.3873852491378784,0.14245954155921936,-1.3700617551803589,-1.4965444638171108,0.2826082706451416,0.5410667061805725,0.3106571435928345
20240605,matched_low_control,M0244,-0.81,0,1.0,-0.02879656160458456,-0.4312436282634735,0.3212739825248718,-0.5567731857299805,0.8692114459284574,0.4795806109905243,0.5102506875991821,0.5779157876968384
20240607,high_residual_case,M0219,8.14,1,1.0,-0.02879656160458456,3.7953402996063232,0.3981174826622009,3.667022705078125,3.8776929971799614,0.7160215377807617,0.37975361943244934,0.5987531542778015
20240610,high_residual_case,M0248,2.43,1,1.0,-0.02879656160458456,-3.185189723968506,-0.9937471747398376,-3.162297487258911,-2.6719845589098847,0.461404949426651,0.33858442306518555,0.41307613253593445
20240611,high_residual_case,M0249,-3.67,1,1.0,-0.02879656160458456,-0.5595077276229858,0.14245954155921936,-0.2835579514503479,-0.6686669423022182,0.5643126368522644,0.5410667061805725,0.6110990047454834
20240612,matched_low_control,M0250,0.92,0,1.0,-0.02879656160458456,0.37737375497817993,0.14245954155921936,0.5270929336547852,0.2682145402989476,0.3972395360469818,0.5410667061805725,0.4691460430622101
20240613,matched_low_control,M0212,1.76,0,1.0,-0.02879656160458456,0.7828477621078491,-0.1525740921497345,0.8963386416435242,1.045247525684455,0.7359888553619385,0.7211719155311584,0.8305376768112183
20240614,high_residual_case,M0250,-2.18,1,1.0,-0.02879656160458456,-0.6146036386489868,0.09512773901224136,-0.6931527256965637,-0.9410058252862621,0.26078519225120544,0.27804675698280334,0.25793078541755676
20240617,matched_low_control,M0243,-1.51,0,1.0,-0.02879656160458456,-0.17613206803798676,0.006434044800698757,-0.12806746363639832,-0.6810156430864196,0.2876260578632355,0.6456315517425537,0.45013606548309326
20240618,matched_low_control,M0242,-1.31,0,1.0,-0.02879656160458456,-1.1991099119186401,0.5690425038337708,-1.1768839359283447,-1.7975078643292894,0.5109140872955322,0.4394971430301666,0.5545369386672974
20240619,high_residual_case,M0220,5.86,1,1.0,-0.02879656160458456,1.3235583305358887,0.9596283435821533,1.320882797241211,2.088000074949844,0.47134122252464294,0.31646865606307983,0.38322049379348755
20240620,high_residual_case,M0221,-1.95,1,1.0,-0.02879656160458456,-2.919860363006592,-0.5865817070007324,-2.798055410385132,-2.5901380030381955,0.6409271955490112,0.6042882204055786,0.7164720296859741
20240621,matched_low_control,M0205,0.76,0,1.0,-0.02879656160458456,0.6996054649353027,-0.04087014123797417,0.8013193011283875,0.8086817618072363,0.5551071166992188,0.4774481952190399,0.4855915606021881
20240624,high_residual_case,M0251,-2.44,1,1.0,-0.02879656160458456,0.6330246329307556,-0.5083295106887817,0.45087525248527527,0.5350726293658613,0.41552916169166565,0.4231002926826477,0.4030483663082123
20240625,high_residual_case,M0252,4.08,1,1.0,-0.02879656160458456,-0.07041480392217636,1.0075201988220215,-0.1858493536710739,1.3230812769480402,0.451637327671051,0.6096704602241516,0.46076729893684387
20240626,high_residual_case,M0253,2.44,1,1.0,-0.02879656160458456,-0.6807200312614441,-0.3802078664302826,-0.7216668128967285,-1.2859787184203588,0.5017632842063904,0.2527826428413391,0.46166276931762695
20240627,matched_low_control,M0252,0.19,0,1.0,-0.02879656160458456,-1.1220144033432007,0.14245954155921936,-1.0783237218856812,-1.231173618022433,0.18483032286167145,0.5410667061805725,0.22450068593025208
20240628,high_residual_case,M0254,-2.14,1,1.0,-0.02879656160458456,-2.080655813217163,0.5760749578475952,-2.0085322856903076,-1.2287794288155887,0.695807933807373,0.3195264935493469,0.6592366099357605
20240701,matched_low_control,M0254,0.85,0,1.0,-0.02879656160458456,0.6663481593132019,-0.024545423686504364,0.4684757590293884,0.829984982500298,0.5454376339912415,0.27868208289146423,0.42311736941337585
20240702,high_residual_case,M0255,-3.7,1,1.0,-0.02879656160458456,-0.5911111831665039,0.14245954155921936,-0.6708678603172302,-0.7002703978457363,0.4006546139717102,0.5410667061805725,0.41497334837913513
20240703,matched_low_control,M0255,-0.38,0,1.0,-0.02879656160458456,-2.179194211959839,0.14245954155921936,-2.295099973678589,-2.288353426639071,0.5239043831825256,0.5410667061805725,0.5517778992652893
20240704,high_residual_case,M0256,2.91,1,1.0,-0.02879656160458456,1.4008185863494873,0.11881466954946518,1.2454133033752441,1.5264599313216891,0.43268072605133057,0.33173519372940063,0.36899492144584656
20240705,high_residual_case,M0257,4.87,1,1.0,-0.02879656160458456,1.5954582691192627,0.8702530264854431,1.6727434396743774,1.4186688687565412,0.6555502414703369,0.3431941568851471,0.5350654125213623
20240708,matched_low_control,M0258,-0.26,0,1.0,-0.02879656160458456,-0.7427818179130554,0.6564227938652039,-0.7708718180656433,-1.205459757998363,0.18093250691890717,0.2948993146419525,0.20359496772289276
20240709,matched_low_control,M0260,-1.62,0,1.0,-0.02879656160458456,-1.1627064943313599,0.5405848622322083,-1.142486572265625,-2.1114904040225753,0.38497671484947205,0.18982763588428497,0.30264508724212646
20240710,matched_low_control,M0257,-0.38,0,1.0,-0.02879656160458456,-0.9166292548179626,0.9062764644622803,-0.8261340260505676,-0.963601138991195,0.4371912479400635,0.2726746201515198,0.36123576760292053
20240711,high_residual_case,M0258,2.92,1,1.0,-0.02879656160458456,1.093626856803894,0.4764520525932312,0.9214414358139038,0.43063512809417814,0.4695267379283905,0.31681960821151733,0.43072211742401123
20240712,matched_low_control,M0209,1.5,0,1.0,-0.02879656160458456,0.424699991941452,0.2039099931716919,0.24891650676727295,0.27827367461565466,0.27201253175735474,0.3986414074897766,0.32229194045066833
20240715,matched_low_control,M0240,1.24,0,1.0,-0.02879656160458456,0.05791524052619934,0.2022816687822342,-0.05559266358613968,0.07848913777922135,0.33783218264579773,0.4434014856815338,0.3602103292942047
20240716,matched_low_control,M0241,-1.08,0,1.0,-0.02879656160458456,-1.7347464561462402,2.0376369953155518,-1.700195074081421,-0.7481544664653577,0.32715874910354614,0.37664610147476196,0.3944518268108368
20240717,high_residual_case,M0259,-3.44,1,1.0,-0.02879656160458456,-1.0718297958374023,1.6081041097640991,-1.2583708763122559,-0.10097149828726915,0.6540484428405762,0.2921901047229767,0.523163914680481
20240718,high_residual_case,M0260,-5.32,1,1.0,-0.02879656160458456,0.7548068761825562,-0.0729912668466568,0.5418009757995605,0.4046690790899015,0.449504017829895,0.2949976325035095,0.3288244307041168
20240719,matched_low_control,M0259,0.02,0,1.0,-0.02879656160458456,0.2361605167388916,-0.08762533217668533,0.24868184328079224,-0.06578702124087982,0.2988235354423523,0.2875659763813019,0.2680777907371521
20240722,matched_low_control,M0261,-0.83,0,1.0,-0.02879656160458456,0.07345087826251984,0.14245954155921936,0.11197653412818909,-0.03570833641671252,0.6731428503990173,0.5410667061805725,0.63637375831604
20240723,matched_low_control,M0263,-1.2,0,1.0,-0.02879656160458456,-0.767969012260437,0.14245954155921936,-0.6936168670654297,-0.8771282269396694,0.3748738765716553,0.5410667061805725,0.39238443970680237
20240724,high_residual_case,M0261,-2.53,1,1.0,-0.02879656160458456,-2.4212818145751953,1.3502026796340942,-2.2960562705993652,-1.4192917613970009,0.5086754560470581,0.2636439800262451,0.4976070523262024
20240725,high_residual_case,M0262,3.26,1,1.0,-0.02879656160458456,1.5877307653427124,2.202054977416992,1.7025784254074097,1.0902155799039008,0.5880506038665771,0.49128657579421997,0.6609487533569336
20240726,high_residual_case,M0263,2.79,1,1.0,-0.02879656160458456,0.17785398662090302,0.14245954155921936,0.11858274787664413,0.06869477194167066,0.22700195014476776,0.5410667061805725,0.3025837540626526
20240729,matched_low_control,M0236,-0.15,0,1.0,-0.02879656160458456,-1.1917734146118164,0.1295033097267151,-1.0953514575958252,-0.6216566008336282,0.43894895911216736,0.4254626929759979,0.42667385935783386
20240730,matched_low_control,M0235,-0.01,0,1.0,-0.02879656160458456,0.4250164330005646,0.43480154871940613,0.3166990280151367,0.30502854932508183,0.3230750262737274,0.3600649833679199,0.280103862285614
20240731,high_residual_case,M0264,2.58,1,1.0,-0.02879656160458456,-0.4028623402118683,-0.30404382944107056,-0.5013322830200195,-1.5357039600389115,0.350105345249176,0.3878471553325653,0.3611178994178772
20240801,high_residual_case,M0265,-2.83,1,1.0,-0.02879656160458456,-2.294795036315918,0.1295033097267151,-2.237973928451538,-1.7246782225377297,0.5071292519569397,0.4254626929759979,0.4980515241622925
20240802,matched_low_control,M0218,-0.38,0,1.0,-0.02879656160458456,0.23767052590847015,0.14245954155921936,0.2656518220901489,0.1285113112292378,0.5838109850883484,0.5410667061805725,0.5170775055885315
20240812,matched_low_control,M0166,-0.57,0,1.0,-0.02879656160458456,-0.7326210141181946,0.9797205924987793,-0.7765963077545166,-1.1104805677312264,0.5231590270996094,0.6342055797576904,0.6310746669769287
20240814,high_residual_case,M0166,3.55,1,1.0,-0.02879656160458456,0.7660024762153625,1.3892070055007935,0.8194494247436523,1.4881395420928678,0.5555968284606934,0.6033715009689331,0.5689122676849365
20240820,matched_low_control,M0167,1.16,0,1.0,-0.02879656160458456,-0.9263626933097839,1.4020723104476929,-1.0919989347457886,0.7756911375687372,0.3471973240375519,0.35967594385147095,0.4067308008670807
20240821,high_residual_case,M0167,-2.92,1,1.0,-0.02879656160458456,-0.3544568419456482,0.14245954155921936,-0.46757039427757263,-0.46361605662488053,0.6206967830657959,0.5410667061805725,0.6209032535552979
20240827,high_residual_case,M0168,3.06,1,1.0,-0.02879656160458456,1.3773986101150513,0.7390413880348206,1.0968960523605347,2.6189674095706446,0.4730765223503113,0.3481147587299347,0.4435047209262848
20240828,matched_low_control,M0168,-0.83,0,1.0,-0.02879656160458456,-1.414801836013794,2.1562788486480713,-1.2645483016967773,-0.5435003847872233,0.4502350389957428,0.3539661467075348,0.43501418828964233
20240903,high_residual_case,M0222,4.51,1,1.0,-0.02879656160458456,2.179173707962036,0.14245954155921936,2.1263883113861084,2.070014493282804,0.41814717650413513,0.5410667061805725,0.4423108696937561
20240904,high_residual_case,M0223,-2.52,1,1.0,-0.02879656160458456,-1.8445910215377808,1.5650485754013062,-1.9238111972808838,-1.4234947706387557,0.5537216067314148,0.32288554310798645,0.5123282670974731
20240905,high_residual_case,M0266,-2.44,1,1.0,-0.02879656160458456,-1.960493803024292,1.8741161823272705,-1.7212122678756714,0.5644645084527893,0.21580837666988373,0.3673935532569885,0.25145861506462097
20240906,matched_low_control,M0223,-1.23,0,1.0,-0.02879656160458456,-1.304401159286499,0.09876223653554916,-1.4644328355789185,-1.7105022712456726,0.35953718423843384,0.1615089774131775,0.2406044900417328
20240909,matched_low_control,M0228,-0.6,0,1.0,-0.02879656160458456,-0.9396730065345764,-0.33755362033843994,-0.8504800200462341,-0.6793890628471946,0.4592929780483246,0.5913957357406616,0.5152974724769592
20240910,high_residual_case,M0267,2.15,1,1.0,-0.02879656160458456,-0.2661608159542084,0.25247371196746826,-0.3042609691619873,-1.0763904526756223,0.47676587104797363,0.45227429270744324,0.4972032904624939
20240911,matched_low_control,M0267,0.43,0,1.0,-0.02879656160458456,-0.4673002362251282,1.1676915884017944,-0.5005255937576294,0.43669152643238474,0.3923744559288025,0.3121059536933899,0.36862364411354065
20240912,matched_low_control,M0222,0.98,0,1.0,-0.02879656160458456,-0.15410177409648895,1.54159677028656,-0.08129452168941498,0.2937315843446322,0.6356106996536255,0.3830935060977936,0.6326773762702942
20240913,high_residual_case,M0224,2.26,1,1.0,-0.02879656160458456,1.3140910863876343,2.1600375175476074,1.3460426330566406,2.4154037663481995,0.36421990394592285,0.44993701577186584,0.3924790918827057
20240919,matched_low_control,M0219,-0.8,0,1.0,-0.02879656160458456,-2.385136604309082,0.5482661724090576,-2.388345718383789,-2.1265969060476198,0.5966873168945312,0.5036627054214478,0.6499762535095215
20240920,high_residual_case,M0225,1.96,1,1.0,-0.02879656160458456,0.542413592338562,0.14245954155921936,0.7124571204185486,0.43325437765932967,0.650119423866272,0.5410667061805725,0.7014778256416321
20240923,high_residual_case,M0226,2.46,1,1.0,-0.02879656160458456,-1.4102485179901123,0.14245954155921936,-1.1583244800567627,-1.5194077326693447,0.2888421416282654,0.5410667061805725,0.3638237714767456
20240924,high_residual_case,M0227,3.68,1,1.0,-0.02879656160458456,1.2990798950195312,1.165798306465149,1.2720911502838135,1.205755390546527,0.3553728759288788,0.41517511010169983,0.42923033237457275
20240925,high_residual_case,M0228,-7.98,1,1.0,-0.02879656160458456,-3.0510830879211426,1.041412115097046,-3.0881857872009277,-2.881877294818947,0.6009441614151001,0.4276266396045685,0.623286247253418
20240926,high_residual_case,M0169,3.6,1,1.0,-0.02879656160458456,0.3362071216106415,-0.724018394947052,0.07873077690601349,0.6098638586486215,0.7104011178016663,0.35112807154655457,0.6393452286720276
20240927,matched_low_control,M0169,-1.62,0,1.0,-0.02879656160458456,0.13686060905456543,0.14245954155921936,0.20160061120986938,0.027701394375333074,0.32710474729537964,0.5410667061805725,0.40992945432662964
20240930,matched_low_control,M0171,-1.12,0,1.0,-0.02879656160458456,-0.5656360983848572,0.18665210902690887,-0.8488193154335022,-0.758053395370358,0.3817659020423889,0.4169602394104004,0.3910295367240906
20241002,matched_low_control,M0170,-0.69,0,1.0,-0.02879656160458456,-1.190345048904419,-0.32010141015052795,-1.3438700437545776,-0.9998836001355204,0.41154325008392334,0.3782035708427429,0.3655635714530945
20241004,high_residual_case,M0170,-1.84,1,1.0,-0.02879656160458456,-0.9105097055435181,0.853646457195282,-0.7699851393699646,-0.5482068943098921,0.39535024762153625,0.450483500957489,0.42318302392959595
20241007,high_residual_case,M0171,-1.88,1,1.0,-0.02879656160458456,-1.261479139328003,0.361055463552475,-1.1005505323410034,-0.9018975794118014,0.3856397271156311,0.3545980453491211,0.3311050236225128
20241008,high_residual_case,M0172,2.77,1,1.0,-0.02879656160458456,0.5629147887229919,1.148044466972351,0.534966766834259,1.459495778349975,0.4077672064304352,0.3121059536933899,0.3229861259460449
20241010,matched_low_control,M0172,0.17,0,1.0,-0.02879656160458456,1.0342079401016235,0.14245954155921936,1.0880372524261475,0.9250487254223911,0.4027444124221802,0.5410667061805725,0.4329649806022644
20241011,matched_low_control,M0178,0.79,0,2.0,-0.008187499999999999,-0.9249670505523682,0.1149991974234581,-0.976338267326355,-1.0147582198571274,0.3870352804660797,0.5248443484306335,0.35870692133903503
20241014,matched_low_control,M0173,1.48,0,2.0,-0.008187499999999999,0.47368618845939636,0.1149991974234581,0.5143086910247803,0.38389501915463714,0.3850635588169098,0.5248443484306335,0.3795674741268158
20241015,high_residual_case,M0173,-2.21,1,2.0,-0.008187499999999999,-3.0522661209106445,0.1149991974234581,-2.9865901470184326,-3.1420572902154036,0.7825595736503601,0.5248443484306335,0.7717684507369995
20241016,matched_low_control,M0177,0.18,0,2.0,-0.008187499999999999,1.760625958442688,0.8477804660797119,2.2617573738098145,4.619304554059847,0.6709855794906616,0.761768102645874,0.710491955280304
20241017,matched_low_control,M0176,-0.78,0,2.0,-0.008187499999999999,-2.4243106842041016,-0.14791306853294373,-2.621598243713379,-2.630221478420684,0.8063081502914429,0.6009019613265991,0.8056204319000244
20241018,high_residual_case,M0174,5.24,1,2.0,-0.008187499999999999,2.090824842453003,0.6292949914932251,2.368093252182007,3.3367759923250677,0.6067485809326172,0.7044162750244141,0.6720642447471619
20241021,high_residual_case,M0175,-3.49,1,2.0,-0.008187499999999999,-1.4820553064346313,0.1149991974234581,-1.4996037483215332,-1.5718464757393906,0.4599756896495819,0.5248443484306335,0.48699915409088135
20241022,matched_low_control,M0175,1.2,0,2.0,-0.008187499999999999,-0.534558892250061,1.2386494874954224,-0.22946903109550476,0.15262690553199343,0.45688626170158386,0.4953075051307678,0.4083287715911865
20241023,high_residual_case,M0176,2.58,1,2.0,-0.008187499999999999,1.888192057609558,0.2893277406692505,2.26238751411438,2.671783150088915,0.7674058675765991,0.3492927849292755,0.7343984842300415
20241024,high_residual_case,M0177,-3.26,1,2.0,-0.008187499999999999,-1.5906758308410645,1.212827444076538,-1.40932297706604,-0.027444823105564176,0.5761118531227112,0.6516121029853821,0.578929603099823
20241025,high_residual_case,M0178,4.94,1,2.0,-0.008187499999999999,0.6227658987045288,0.5141567587852478,0.989098072052002,1.6993198540895085,0.6614586710929871,0.5816402435302734,0.6734167337417603
20241028,matched_low_control,M0174,-0.91,0,2.0,-0.008187499999999999,0.01694432459771633,0.7296462059020996,0.23222747445106506,0.6797560303156213,0.6041932106018066,0.3991279900074005,0.6152725219726562
20241029,matched_low_control,M0226,-0.55,0,2.0,-0.008187499999999999,-0.47425100207328796,-0.2755684554576874,-0.28459432721138,0.04177717936338754,0.5755078196525574,0.2990884482860565,0.499484658241272
20241030,high_residual_case,M0229,-2.26,1,2.0,-0.008187499999999999,-1.880127191543579,0.17875729501247406,-1.6319817304611206,-1.2190038552743532,0.392855167388916,0.6341809034347534,0.40775221586227417
20241031,matched_low_control,M0229,-1.75,0,2.0,-0.008187499999999999,-1.5278652906417847,0.1149991974234581,-1.3665426969528198,-1.617656459946544,0.7724258899688721,0.5248443484306335,0.7447652220726013
20241101,matched_low_control,M0266,0.77,0,2.0,-0.008187499999999999,1.560914158821106,1.2061779499053955,1.6322697401046753,3.8602288840110517,0.5032287240028381,0.7723462581634521,0.5887676477432251
20241104,matched_low_control,M0225,1.85,0,2.0,-0.008187499999999999,0.20581114292144775,0.1149991974234581,0.2844875156879425,0.11601997361668852,0.5659571886062622,0.5248443484306335,0.5397548675537109
20241105,matched_low_control,M0227,-0.43,0,2.0,-0.008187499999999999,0.4450129568576813,-0.17562994360923767,0.4211500585079193,-1.189097487982547,0.4026319980621338,0.642447829246521,0.4102928638458252
20241106,high_residual_case,M0268,2.64,1,2.0,-0.008187499999999999,1.5403002500534058,0.843406617641449,1.5394635200500488,1.4094592467786913,0.7131470441818237,0.67961186170578,0.7227290272712708
20241107,matched_low_control,M0262,-0.23,0,2.0,-0.008187499999999999,0.22555328905582428,0.1149991974234581,0.30833899974823,0.13576211975106506,0.47624364495277405,0.5248443484306335,0.4655979871749878
20241108,matched_low_control,M0237,1.2,0,2.0,-0.008187499999999999,1.7193807363510132,0.1149991974234581,1.62568998336792,1.629589567046254,0.6896116137504578,0.5248443484306335,0.6831378936767578
20241111,matched_low_control,M0232,0.64,0,2.0,-0.008187499999999999,1.5747047662734985,0.21370725333690643,1.586827278137207,2.446554985423039,0.46597039699554443,0.4896042048931122,0.45522719621658325
20241112,matched_low_control,M0230,-0.43,0,2.0,-0.008187499999999999,0.1741100698709488,0.1149991974234581,0.3776895999908447,0.08431890056618956,0.4266335964202881,0.5248443484306335,0.4092336595058441
20241113,high_residual_case,M0230,-3.07,1,2.0,-0.008187499999999999,-1.8695642948150635,-0.4163144826889038,-1.7072938680648804,-1.8628181984949892,0.39277753233909607,0.3064780533313751,0.35476815700531006
20241114,high_residual_case,M0231,-4.14,1,2.0,-0.008187499999999999,-2.018460750579834,0.1149991974234581,-2.008315324783325,-2.108251919884593,0.8029136061668396,0.5248443484306335,0.7643804550170898
20241115,high_residual_case,M0232,-3.31,1,2.0,-0.008187499999999999,-2.224618673324585,-0.493803471326828,-2.221740245819092,-1.9154401667765562,0.5709753036499023,0.6328829526901245,0.5978242754936218
20241118,high_residual_case,M0179,4.46,1,2.0,-0.008187499999999999,1.4305113554000854,0.1149991974234581,1.3421556949615479,1.3407201860953262,0.459311842918396,0.5248443484306335,0.4541109502315521
20241119,matched_low_control,M0179,-0.39,0,2.0,-0.008187499999999999,-0.10341586917638779,1.2316926717758179,0.3341463804244995,1.6530520679227416,0.29241517186164856,0.4538365304470062,0.29944920539855957
20241120,high_residual_case,M0233,2.16,1,2.0,-0.008187499999999999,-1.1015721559524536,-0.21865606307983398,-1.3671891689300537,-0.7320010584838224,0.502814769744873,0.5872107148170471,0.4956264793872833
20241121,matched_low_control,M0221,1.59,0,2.0,-0.008187499999999999,-0.45803937315940857,0.1149991974234581,-0.3841601312160492,-0.5478305424641678,0.39500510692596436,0.5248443484306335,0.4396580457687378
20241122,high_residual_case,M0234,5.11,1,2.0,-0.008187499999999999,1.2520262002944946,0.7435814142227173,1.357576847076416,4.329138999405556,0.7614293098449707,0.6913025379180908,0.7425170540809631
20241125,matched_low_control,M0181,0.14,0,2.0,-0.008187499999999999,-0.010916807688772678,0.2512316107749939,0.0019425582140684128,1.939678270175631,0.4869493246078491,0.7178320288658142,0.5371063351631165
20241126,high_residual_case,M0180,-3.59,1,2.0,-0.008187499999999999,-1.6385116577148438,0.060974862426519394,-1.5945154428482056,-2.2935675804090137,0.34766796231269836,0.456781804561615,0.3375360667705536
20241127,matched_low_control,M0224,-1.11,0,2.0,-0.008187499999999999,-0.6021193265914917,0.2955853343009949,-0.34308478236198425,0.48501404145411575,0.6749036908149719,0.7086420059204102,0.7055659890174866
20241128,high_residual_case,M0235,-4.45,1,2.0,-0.008187499999999999,-1.6756205558776855,-0.17125383019447327,-1.823838710784912,-2.1154122336161736,0.7423683404922485,0.6858310103416443,0.7765020728111267
20241129,matched_low_control,M0180,-0.08,0,2.0,-0.008187499999999999,-1.8514060974121094,0.1149991974234581,-1.484608769416809,-1.9411972667168687,0.39218491315841675,0.5248443484306335,0.41575899720191956
20241202,matched_low_control,M0220,-0.27,0,2.0,-0.008187499999999999,0.5601181983947754,0.1149991974234581,0.61998450756073,0.47032702909001617,0.4926324188709259,0.5248443484306335,0.518170177936554
20241203,high_residual_case,M0181,1.9,1,2.0,-0.008187499999999999,-0.0555868074297905,0.8602006435394287,0.062317024916410446,-0.12690914282055754,0.5038179755210876,0.4549562931060791,0.4727497100830078
20241204,high_residual_case,M0182,-3.3,1,2.0,-0.008187499999999999,-2.404024600982666,0.1149991974234581,-1.978416085243225,-2.493815770287425,0.3615199625492096,0.5248443484306335,0.3776419758796692
20241205,high_residual_case,M0183,2.72,1,2.0,-0.008187499999999999,1.4843595027923584,1.2835935354232788,1.469775676727295,4.491875933131554,0.6886324882507324,0.44702011346817017,0.5789536237716675
20241206,high_residual_case,M0184,3.38,1,2.0,-0.008187499999999999,1.7941550016403198,-0.3908229470252991,1.8897570371627808,0.6116853083775617,0.5497398376464844,0.3964886963367462,0.50677490234375
20241209,matched_low_control,M0183,-1.58,0,2.0,-0.008187499999999999,-0.4156378507614136,-0.34206923842430115,-0.5247124433517456,-0.0016058841539841051,0.4379815459251404,0.30094781517982483,0.3585375249385834
20241210,matched_low_control,M0187,-1.52,0,2.0,-0.008187499999999999,0.0937952846288681,0.8268685936927795,0.15108396112918854,-0.297503186149871,0.5025967955589294,0.5788016319274902,0.4998610317707062
20241211,matched_low_control,M0186,0.56,0,2.0,-0.008187499999999999,1.2175323963165283,0.25322818756103516,1.5625438690185547,2.017728467637262,0.45896539092063904,0.37253400683403015,0.438382089138031
20241212,high_residual_case,M0185,2.19,1,2.0,-0.008187499999999999,0.5038890838623047,0.5643520355224609,0.6926591992378235,1.0127787019472465,0.47315338253974915,0.4614015221595764,0.481707900762558
20241213,matched_low_control,M0185,1.19,0,2.0,-0.008187499999999999,0.7458603382110596,1.1127384901046753,1.1701815128326416,1.3939661619297974,0.43214648962020874,0.5182284116744995,0.44877010583877563
20241216,high_residual_case,M0186,1.88,1,2.0,-0.008187499999999999,-0.13324777781963348,0.1149991974234581,0.023029286414384842,-0.2230389471243927,0.4411497116088867,0.5248443484306335,0.44250762462615967
20241217,matched_low_control,M0233,-1.54,0,2.0,-0.008187499999999999,-1.0970932245254517,0.5557606220245361,-0.6700685620307922,-1.812969414279386,0.49916204810142517,0.5708038210868835,0.47481855750083923
20241218,matched_low_control,M0210,-1.29,0,2.0,-0.008187499999999999,-0.05987797677516937,0.7214305996894836,-0.014499363489449024,-2.236576702965147,0.3225088119506836,0.7120984792709351,0.3864912688732147
20241219,matched_low_control,M0234,0.02,0,2.0,-0.008187499999999999,-0.44440317153930664,0.6971116662025452,0.014457751996815205,-0.13544856555444895,0.42343607544898987,0.41314131021499634,0.4253701865673065
20241220,matched_low_control,M0182,-1.16,0,2.0,-0.008187499999999999,-0.31928738951683044,1.0529193878173828,-0.14301413297653198,0.7619085409777435,0.34484419226646423,0.6840662956237793,0.4202049970626831
20241223,high_residual_case,M0187,3.68,1,2.0,-0.008187499999999999,1.952338457107544,-1.1367124319076538,1.8560560941696167,1.4419165804417415,0.3750726282596588,0.3761364221572876,0.31882911920547485
20241224,matched_low_control,M0184,-0.7,0,2.0,-0.008187499999999999,0.748590350151062,1.0418239831924438,0.8686631917953491,1.0127502999122848,0.43094712495803833,0.6266699433326721,0.4751007556915283
20241226,matched_low_control,M0188,-1.14,0,2.0,-0.008187499999999999,-0.16837669909000397,0.21817746758460999,0.021650824695825577,-1.5063800626433357,0.33765605092048645,0.5529687404632568,0.37844741344451904
20241227,high_residual_case,M0188,-3.26,1,2.0,-0.008187499999999999,-2.4294235706329346,-0.2546885013580322,-2.446445941925049,-4.198098006649189,0.4325443208217621,0.42156800627708435,0.4101080298423767
20250102,matched_low_control,M0269,0.32,0,2.0,-0.008187499999999999,-2.0353200435638428,0.7679847478866577,-1.8141440153121948,-1.2142431446186888,0.6106188297271729,0.6091750860214233,0.6435579657554626
20250103,high_residual_case,M0269,2.33,1,2.0,-0.008187499999999999,0.7236915826797485,0.1149991974234581,0.8573883771896362,0.6339004133749893,0.6701328754425049,0.5248443484306335,0.6441342234611511
20250106,high_residual_case,M0270,2.24,1,2.0,-0.008187499999999999,1.6013226509094238,-0.14790743589401245,1.5642176866531372,1.9554220133087596,0.7423933148384094,0.3942252993583679,0.675557553768158
20250107,high_residual_case,M0271,2.12,1,2.0,-0.008187499999999999,2.0670583248138428,-0.4905005097389221,1.767470359802246,1.5918805582563174,0.6040077209472656,0.32092735171318054,0.5100340843200684
20250108,matched_low_control,M0270,1.09,0,2.0,-0.008187499999999999,0.8483223915100098,0.029110882431268692,0.7973579168319702,0.848682268851892,0.5182282328605652,0.4552656412124634,0.4627509117126465
20250109,high_residual_case,M0305,-4.71,1,2.0,-0.008187499999999999,-1.187150001525879,-0.46245238184928894,-1.2700189352035522,-1.3604691567737173,0.45494693517684937,0.41724056005477905,0.3969818651676178
20250113,matched_low_control,M0305,0.01,0,2.0,-0.008187499999999999,-0.2857239246368408,0.09977620840072632,-0.1319882571697235,0.513428011558661,0.504673957824707,0.3877185881137848,0.4246211349964142
20250114,high_residual_case,M0306,-1.95,1,2.0,-0.008187499999999999,-0.9581944346427917,0.7692844271659851,-0.5380586385726929,-0.6151096049821149,0.5200467109680176,0.512986958026886,0.514560878276825
20250115,matched_low_control,M0306,-0.24,0,2.0,-0.008187499999999999,-0.7949995398521423,-0.41496115922927856,-1.3180313110351562,-0.639718185171231,0.36460065841674805,0.41925615072250366,0.36458683013916016
20250121,high_residual_case,M0336,-1.85,1,2.0,-0.008187499999999999,-1.9366679191589355,0.32919061183929443,-2.0328800678253174,-1.7664067329357505,0.514122486114502,0.5075390338897705,0.5284872055053711
20250122,high_residual_case,M0337,1.99,1,2.0,-0.008187499999999999,1.8282322883605957,0.962797224521637,1.6424256563186646,2.49154988861768,0.675356924533844,0.5444300770759583,0.6554567813873291
20250123,matched_low_control,M0336,1.08,0,2.0,-0.008187499999999999,0.6244709491729736,1.8203847408294678,0.8097249865531921,2.5647382106674703,0.3882990777492523,0.5762019753456116,0.38194724917411804
20250124,matched_low_control,M0337,-0.19,0,2.0,-0.008187499999999999,-0.033226560801267624,1.8598628044128418,-0.09921612590551376,0.9724971704233099,0.44079267978668213,0.4769055247306824,0.4077676236629486
20250131,high_residual_case,M0338,2.56,1,2.0,-0.008187499999999999,-0.92817223072052,0.1149991974234581,-1.2055803537368774,-1.0179634000252793,0.49515458941459656,0.5248443484306335,0.4891371428966522
20250203,high_residual_case,M0307,-3.47,1,2.0,-0.008187499999999999,-1.9719183444976807,0.1149991974234581,-2.0255541801452637,-2.0617095138024397,0.7534733414649963,0.5248443484306335,0.7202237844467163
20250204,matched_low_control,M0307,1.16,0,2.0,-0.008187499999999999,2.2499983310699463,-0.13126645982265472,2.0161404609680176,1.8856938659438773,0.4597303569316864,0.2009177803993225,0.388296514749527
20250205,matched_low_control,M0308,1.05,0,2.0,-0.008187499999999999,-0.32951393723487854,-0.5889365077018738,-0.6174491047859192,-0.31314921847421257,0.47883057594299316,0.3363623023033142,0.3655107021331787
20250206,high_residual_case,M0308,4.19,1,2.0,-0.008187499999999999,1.2870122194290161,0.021069450303912163,1.039642095565796,2.3158561435955374,0.6161370277404785,0.3703068196773529,0.5419749021530151
20250207,high_residual_case,M0339,-2.74,1,2.0,-0.008187499999999999,0.024111954495310783,0.1149991974234581,0.1969635933637619,-0.06567921480944845,0.4797305166721344,0.5248443484306335,0.47287827730178833
20250210,matched_low_control,M0339,-0.29,0,2.0,-0.008187499999999999,0.6161301136016846,0.1149991974234581,0.7450249791145325,0.5263389442969253,0.3671064078807831,0.5248443484306335,0.3894363343715668
20250211,matched_low_control,M0338,-0.56,0,2.0,-0.008187499999999999,0.5416740775108337,-0.21257509291172028,0.3174594044685364,0.6042476250258769,0.4134727418422699,0.4789331555366516,0.34816980361938477
20250212,high_residual_case,M0340,2.05,1,2.0,-0.008187499999999999,-0.26067811250686646,1.6011933088302612,-0.1733090579509735,1.4027430251749409,0.4123899042606354,0.691240668296814,0.4059502184391022
20250213,matched_low_control,M0340,-1.28,0,2.0,-0.008187499999999999,0.003205270739272237,-0.510740339756012,-0.17613942921161652,-0.7026729625004482,0.5885249972343445,0.37143710255622864,0.5242030024528503
20250214,high_residual_case,M0341,1.94,1,2.0,-0.008187499999999999,3.011312484741211,-0.25716468691825867,3.067711353302002,1.8130279627359533,0.7345508337020874,0.5207810997962952,0.7620590925216675
20250217,matched_low_control,M0341,-0.91,0,2.0,-0.008187499999999999,0.3899019658565521,1.5960131883621216,0.731852114200592,1.2861185177142909,0.4083938002586365,0.6570141315460205,0.44780129194259644
20250218,matched_low_control,M0356,0.0,0,2.0,-0.008187499999999999,0.8220465183258057,-1.7465001344680786,0.35212111473083496,0.05682469297327186,0.48368924856185913,0.4160197973251343,0.4019330143928528
20250219,high_residual_case,M0342,1.86,1,2.0,-0.008187499999999999,1.5435899496078491,-0.8776119351387024,1.6022789478302002,1.434928258330046,0.7185309529304504,0.3805835247039795,0.6359167098999023
20250220,matched_low_control,M0350,-0.76,0,2.0,-0.008187499999999999,-0.11690784990787506,-0.5889365077018738,-0.4550543427467346,-0.06582151674039367,0.4071587324142456,0.3363623023033142,0.2708173096179962
20250221,matched_low_control,M0342,0.21,0,2.0,-0.008187499999999999,0.07885663211345673,-0.22554878890514374,0.13929010927677155,-0.14262220532238956,0.3560159206390381,0.3204059898853302,0.29648521542549133
20250224,matched_low_control,M0353,-0.38,0,2.0,-0.008187499999999999,-0.6524876952171326,0.1149991974234581,-0.6591446399688721,-0.7422788645218918,0.46607914566993713,0.5248443484306335,0.4728598892688751
20250225,matched_low_control,M0355,-1.33,0,2.0,-0.008187499999999999,-1.6150400638580322,1.0245388746261597,-2.0461361408233643,-3.7394117557276885,0.47139933705329895,0.4920101761817932,0.47912824153900146
20250226,matched_low_control,M0348,0.33,0,2.0,-0.008187499999999999,-1.9500890970230103,0.9348694086074829,-1.8113545179367065,0.7813751248499088,0.4708973169326782,0.512586236000061,0.4718860983848572
20250227,matched_low_control,M0357,-0.09,0,2.0,-0.008187499999999999,-0.9832831025123596,2.0878307819366455,-1.0310169458389282,-0.25905181640194974,0.5760753154754639,0.45202359557151794,0.478443443775177
20250228,matched_low_control,M0299,-0.88,0,2.0,-0.008187499999999999,-1.071531891822815,0.1149991974234581,-1.2826480865478516,-1.1613230611275742,0.5646182298660278,0.5248443484306335,0.550846517086029
20250307,matched_low_control,M0309,-0.97,0,2.0,-0.008187499999999999,-0.7819053530693054,0.1149991974234581,-0.7076449394226074,-0.8716965223740647,0.5362327098846436,0.5248443484306335,0.5195218920707703
20250310,high_residual_case,M0309,1.8,1,2.0,-0.008187499999999999,0.03884796053171158,0.09228883683681488,0.25360849499702454,0.8330022251011847,0.2978171110153198,0.38166344165802,0.24706022441387177
20250317,matched_low_control,M0329,-0.41,0,2.0,-0.008187499999999999,0.07080528885126114,0.07904992252588272,0.10179745405912399,-0.8169349290440446,0.29723626375198364,0.4628579020500183,0.29858270287513733
20250318,matched_low_control,M0327,1.43,0,2.0,-0.008187499999999999,2.1611084938049316,-0.5870406627655029,1.9112471342086792,2.6429556169487785,0.48631516098976135,0.2939784824848175,0.37752509117126465
20250319,matched_low_control,M0325,-0.05,0,2.0,-0.008187499999999999,0.9476064443588257,0.1149991974234581,1.0722148418426514,0.8578152750540664,0.5013561844825745,0.5248443484306335,0.5148084163665771
20250320,high_residual_case,M0310,2.62,1,2.0,-0.008187499999999999,2.437136650085449,-0.6972836852073669,2.6182520389556885,2.014772489616079,0.7483736872673035,0.3592355251312256,0.6863254308700562
20250321,matched_low_control,M0310,0.13,0,2.0,-0.008187499999999999,1.5844112634658813,0.1149991974234581,1.8067753314971924,1.494620094161122,0.7108583450317383,0.5248443484306335,0.7096317410469055
20250324,matched_low_control,M0311,0.68,0,2.0,-0.008187499999999999,-0.0754568874835968,-0.375908225774765,-0.4343453347682953,1.218993439583391,0.3208223879337311,0.5517650246620178,0.30709701776504517
20250325,matched_low_control,M0326,0.9,0,2.0,-0.008187499999999999,1.6549626588821411,0.13687695562839508,1.7481093406677246,2.7321937043726834,0.5030138492584229,0.3547557294368744,0.4314623177051544
20250326,high_residual_case,M0311,-2.53,1,2.0,-0.008187499999999999,-1.360471487045288,0.1149991974234581,-1.3362005949020386,-1.4502626563500474,0.38200560212135315,0.5248443484306335,0.4250293970108032
20250401,high_residual_case,M0312,-3.3,1,2.0,-0.008187499999999999,-2.355346918106079,-0.5697237253189087,-2.5151708126068115,-2.726651444276791,0.8179073333740234,0.32568854093551636,0.7361957430839539
20250402,matched_low_control,M0312,-0.37,0,2.0,-0.008187499999999999,0.5879329442977905,-0.32435089349746704,0.8008483052253723,0.6918590666865784,0.49078264832496643,0.2754939794540405,0.3756556212902069
20250403,matched_low_control,M0316,0.01,0,2.0,-0.008187499999999999,-1.376414179801941,0.1149991974234581,-1.3379343748092651,-1.4662053491067002,0.5290455222129822,0.5248443484306335,0.5402433276176453
20250404,matched_low_control,M0314,0.59,0,2.0,-0.008187499999999999,-0.7744280099868774,-0.5440618395805359,-0.7263513803482056,-6.886438052031023,0.7476667165756226,0.44343069195747375,0.7006226778030396
20250407,high_residual_case,M0272,-3.48,1,2.0,-0.008187499999999999,-1.6745423078536987,-0.7172925472259521,-2.1226186752319336,-0.9569886846217838,0.7936021685600281,0.3775639235973358,0.7310081720352173
20250408,matched_low_control,M0272,-1.01,0,2.0,-0.008187499999999999,-2.3186275959014893,-0.6745868921279907,-2.5077919960021973,-3.490595603112812,0.5555036067962646,0.3065165579319,0.444146066904068
20250409,high_residual_case,M0273,-1.88,1,2.0,-0.008187499999999999,-1.0072128772735596,-0.5712181329727173,-1.4435935020446777,-0.7868291789484172,0.5614771842956543,0.2632009983062744,0.4684482514858246
20250410,high_residual_case,M0274,5.0,1,2.0,-0.008187499999999999,1.565874457359314,-0.23496364057064056,1.499219536781311,2.683385136464058,0.6782985329627991,0.32149893045425415,0.5660397410392761
20250411,matched_low_control,M0274,0.37,0,2.0,-0.008187499999999999,0.054834917187690735,0.1149991974234581,0.27774786949157715,-0.0349562521170685,0.3700714409351349,0.5248443484306335,0.415372759103775
20250424,matched_low_control,M0275,-0.88,0,2.0,-0.008187499999999999,-0.5116972923278809,0.1778292953968048,-0.5669767260551453,0.7909846723960894,0.4815031886100769,0.38861849904060364,0.3597252368927002
20250425,high_residual_case,M0275,4.35,1,2.0,-0.008187499999999999,1.4543508291244507,0.020419862121343613,1.520609974861145,2.2877681298637875,0.711015522480011,0.44165658950805664,0.6610040068626404
20250428,high_residual_case,M0276,-2.25,1,2.0,-0.008187499999999999,-0.3380813002586365,-0.1523686647415161,-0.5636279582977295,0.14374782066355707,0.30346718430519104,0.3691418468952179,0.25504976511001587
20250429,matched_low_control,M0276,1.11,0,2.0,-0.008187499999999999,1.3252439498901367,0.2938404381275177,1.778448462486267,3.096610291497636,0.38975825905799866,0.7160828113555908,0.4557640552520752
20250430,high_residual_case,M0277,3.1,1,2.0,-0.008187499999999999,1.3978265523910522,1.093658685684204,1.6296873092651367,2.2079837622202456,0.4379355311393738,0.6185455322265625,0.47319895029067993
20250508,matched_low_control,M0273,0.99,0,2.0,-0.008187499999999999,1.597819447517395,-0.34206923842430115,0.988990306854248,2.1987604068712643,0.43599626421928406,0.4764039218425751,0.4036501944065094
20250512,matched_low_control,M0271,-0.54,0,2.0,-0.008187499999999999,-0.04211742803454399,0.05915181711316109,-0.39571312069892883,0.8330297636048787,0.41495633125305176,0.5640710592269897,0.38914942741394043
20250513,high_residual_case,M0343,3.44,1,2.0,-0.008187499999999999,2.6071763038635254,0.10780353844165802,2.6534347534179688,3.1799645447350255,0.8250718712806702,0.4906933009624481,0.8227708339691162
20250514,matched_low_control,M0361,0.48,0,2.0,-0.008187499999999999,1.0218422412872314,0.5686846375465393,1.3519479036331177,2.57140802862343,0.6845712065696716,0.5713798999786377,0.688770055770874
20250515,matched_low_control,M0358,-0.39,0,2.0,-0.008187499999999999,1.384711742401123,0.1149991974234581,1.3360872268676758,1.2949205730963638,0.558648943901062,0.5248443484306335,0.5472826957702637
20250519,matched_low_control,M0343,-0.68,0,2.0,-0.008187499999999999,-0.5140958428382874,0.1149991974234581,-0.41194185614585876,-0.6038870121430466,0.33736565709114075,0.5248443484306335,0.34937551617622375
20250522,matched_low_control,M0345,-0.82,0,2.0,-0.008187499999999999,-1.7775601148605347,1.331990122795105,-1.1734516620635986,-0.16515164865751375,0.4694817066192627,0.6737213134765625,0.5124666094779968
20250526,high_residual_case,M0344,2.18,1,2.0,-0.008187499999999999,1.0575193166732788,-1.0006853342056274,0.6422164440155029,1.0445341288902226,0.44579029083251953,0.38942140340805054,0.35067957639694214
20250527,matched_low_control,M0344,-1.73,0,2.0,-0.008187499999999999,-2.012129306793213,0.1149991974234581,-2.0198493003845215,-2.101920476097972,0.5324732661247253,0.5248443484306335,0.4818981885910034
20250528,high_residual_case,M0345,5.37,1,2.0,-0.008187499999999999,3.2534477710723877,0.3097957968711853,3.3940682411193848,3.836396349476848,0.7047558426856995,0.5025266408920288,0.6844089031219482
20250529,high_residual_case,M0346,3.04,1,2.0,-0.008187499999999999,-0.11873381584882736,0.34454503655433655,-0.3032294809818268,1.2591142751015643,0.5244030952453613,0.5290817618370056,0.5066173672676086
20250530,high_residual_case,M0347,4.42,1,2.0,-0.008187499999999999,1.8293814659118652,-0.940729558467865,1.5148707628250122,1.2966734789436418,0.6092492341995239,0.2621748447418213,0.4953129291534424
20250602,high_residual_case,M0348,-5.11,1,2.0,-0.008187499999999999,-2.2231333255767822,0.9980896711349487,-1.9891518354415894,-2.4981965030520223,0.48753902316093445,0.40806061029434204,0.4419749081134796
20250604,high_residual_case,M0349,9.06,1,2.0,-0.008187499999999999,2.7134265899658203,0.1149991974234581,2.6350862979888916,2.6236354206610613,0.7483000755310059,0.5248443484306335,0.7621358036994934
20250605,matched_low_control,M0346,0.96,0,2.0,-0.008187499999999999,-0.9078837037086487,0.1149991974234581,-1.0337129831314087,-0.997674873013408,0.543189525604248,0.5248443484306335,0.566636860370636
20250609,high_residual_case,M0350,-2.23,1,2.0,-0.008187499999999999,-2.889895439147949,0.28888946771621704,-2.3332529067993164,-0.32097249058040367,0.8492817282676697,0.6633614301681519,0.8402736186981201
20250610,matched_low_control,M0347,-0.09,0,2.0,-0.008187499999999999,1.2061593532562256,0.1149991974234581,1.3936772346496582,1.1163681839514665,0.6451687216758728,0.5248443484306335,0.601493775844574
20250611,high_residual_case,M0351,3.63,1,2.0,-0.008187499999999999,0.1673574596643448,0.1778292953968048,0.2275829166173935,1.3797473799170143,0.6064386367797852,0.35716211795806885,0.5122426748275757
20250612,high_residual_case,M0352,3.24,1,3.0,0.049427168576104706,1.321247935295105,0.07002521306276321,1.208489179611206,1.477182994697411,0.32533079385757446,0.5056793689727783,0.32547932863235474
20250613,matched_low_control,M0349,-1.29,0,3.0,0.049427168576104706,-0.8718082904815674,0.07002521306276321,-0.8375875949859619,-0.7158732310792613,0.37868794798851013,0.5056793689727783,0.375040739774704
20250616,high_residual_case,M0313,3.5,1,3.0,0.049427168576104706,-0.17735739052295685,0.07002521306276321,-0.2952810823917389,-0.021422331120650784,0.560234010219574,0.5056793689727783,0.5132120251655579
20250617,high_residual_case,M0314,1.98,1,3.0,0.049427168576104706,-1.1228349208831787,1.8952035903930664,-1.3037950992584229,-5.533437007906232,0.6897711753845215,0.622209370136261,0.7243377566337585
20250618,high_residual_case,M0353,-2.4,1,3.0,0.049427168576104706,-1.5328843593597412,0.07002521306276321,-1.6986886262893677,-1.376949299957435,0.6910069584846497,0.5056793689727783,0.6732289791107178
20250619,matched_low_control,M0351,0.16,0,3.0,0.049427168576104706,-0.8314162492752075,-0.2075721025466919,-0.764136016368866,-6.207049110622896,0.32849085330963135,0.41721585392951965,0.3263145387172699
20250620,matched_low_control,M0352,0.94,0,3.0,0.049427168576104706,0.08386807143688202,0.7186571359634399,0.18597166240215302,1.8231694342534415,0.5443300008773804,0.5733562111854553,0.5413627624511719
20250623,high_residual_case,M0354,4.43,1,3.0,0.049427168576104706,-0.19886445999145508,0.09145788103342056,-0.47351256012916565,-0.3029141582706396,0.39167365431785583,0.5277135968208313,0.4113147556781769
20250624,high_residual_case,M0315,4.24,1,3.0,0.049427168576104706,-2.1744351387023926,0.33568301796913147,-1.9323116540908813,-1.889472743845305,0.859936535358429,0.3778442442417145,0.8199067711830139
20250625,high_residual_case,M0355,3.84,1,3.0,0.049427168576104706,-3.7952022552490234,0.17637193202972412,-3.5914926528930664,-5.379119981849341,0.8358360528945923,0.4552758038043976,0.8381504416465759
20250626,high_residual_case,M0316,-4.6,1,3.0,0.049427168576104706,-0.6904516220092773,0.07002521306276321,-0.43509992957115173,-0.5345165626069712,0.49303385615348816,0.5056793689727783,0.4370553493499756
20250627,high_residual_case,M0317,-3.24,1,3.0,0.049427168576104706,-1.3968695402145386,0.07002521306276321,-1.4860332012176514,-1.2409344808122325,0.6736377477645874,0.5056793689727783,0.6520829796791077
20250630,matched_low_control,M0313,1.3,0,3.0,0.049427168576104706,1.9633994102478027,0.07002521306276321,2.0064339637756348,2.119334469650109,0.7071131467819214,0.5056793689727783,0.6837135553359985
20250701,high_residual_case,M0356,2.99,1,3.0,0.049427168576104706,2.651920795440674,0.07002521306276321,2.8354313373565674,2.80785585484298,0.5199040174484253,0.5056793689727783,0.48833438754081726
20250702,high_residual_case,M0357,-2.75,1,3.0,0.049427168576104706,1.7374582290649414,-0.04442853108048439,1.6653859615325928,2.2101532850973147,0.32299378514289856,0.4101405441761017,0.3003176748752594
20250703,high_residual_case,M0358,-2.36,1,3.0,0.049427168576104706,1.1520781517028809,0.5858826041221619,1.2185306549072266,1.7566155838908104,0.4611178934574127,0.4684028625488281,0.44490569829940796
20250704,high_residual_case,M0318,-2.53,1,3.0,0.049427168576104706,1.190582275390625,0.07002521306276321,1.3094563484191895,1.3465173347929311,0.3908112049102783,0.5056793689727783,0.3691142201423645
20250707,matched_low_control,M0319,-0.88,0,3.0,0.049427168576104706,0.1407865434885025,0.07002521306276321,0.26360541582107544,0.29672160289080857,0.37063756585121155,0.5056793689727783,0.3571089804172516
20250708,high_residual_case,M0319,3.2,1,3.0,0.049427168576104706,-1.994850993156433,0.07002521306276321,-1.6854435205459595,-1.838915933754127,0.8580912947654724,0.5056793689727783,0.8211598992347717
20250709,high_residual_case,M0320,5.1,1,3.0,0.049427168576104706,4.41884708404541,0.07002521306276321,4.598494052886963,4.574782143447716,0.8239914774894714,0.5056793689727783,0.7868780493736267
20250710,high_residual_case,M0321,-3.65,1,3.0,0.049427168576104706,-0.8742335438728333,0.07002521306276321,-0.8024980425834656,-0.7182984844705271,0.516441822052002,0.5056793689727783,0.46317312121391296
20250711,high_residual_case,M0322,-4.49,1,3.0,0.049427168576104706,2.8176827430725098,0.5751792788505554,2.999972105026245,3.399737896683781,0.7377235889434814,0.42723792791366577,0.7522227764129639
20250714,matched_low_control,M0302,0.86,0,3.0,0.049427168576104706,-2.5024566650390625,-0.03806278482079506,-2.863724946975708,-2.5789389896781163,0.77225661277771,0.4258812665939331,0.7025490403175354
20250715,high_residual_case,M0323,-2.52,1,3.0,0.049427168576104706,-2.064966917037964,-0.773215651512146,-2.1231372356414795,-3.960713355909604,0.6460139751434326,0.4236762225627899,0.5944410562515259
20250716,matched_low_control,M0304,1.38,0,3.0,0.049427168576104706,-0.5546436905860901,0.07002521306276321,-0.6765161156654358,-0.398708631183784,0.3007095158100128,0.5056793689727783,0.28641700744628906
20250717,matched_low_control,M0303,-0.89,0,3.0,0.049427168576104706,-1.5824671983718872,0.2058190107345581,-1.6007555723190308,-0.37046603516732435,0.7636075615882874,0.6778907775878906,0.7674733996391296
20250718,matched_low_control,M0321,1.16,0,3.0,0.049427168576104706,-0.07655291259288788,0.1057271882891655,-0.2454865276813507,-1.2558197664072082,0.5153027772903442,0.5087313055992126,0.45502617955207825
20250721,matched_low_control,M0320,-0.58,0,3.0,0.049427168576104706,-0.3194293677806854,0.6741359829902649,-0.3461666703224182,0.7918240373739307,0.47306275367736816,0.4717591404914856,0.4513414204120636
20250724,high_residual_case,M0359,-2.78,1,3.0,0.049427168576104706,-2.4124534130096436,-0.8078529238700867,-2.4659695625305176,-2.0197836581085014,0.650699257850647,0.6457555890083313,0.6962032914161682
20250725,high_residual_case,M0360,1.81,1,3.0,0.049427168576104706,0.7495017051696777,0.24162502586841583,0.8214094638824463,3.0849854705947304,0.44002312421798706,0.6881172060966492,0.47209134697914124
20250728,matched_low_control,M0359,-0.51,0,3.0,0.049427168576104706,1.2289470434188843,0.046306852251291275,1.213038444519043,2.4138531549897424,0.560910165309906,0.6452310681343079,0.5336194634437561
20250729,matched_low_control,M0360,-0.84,0,3.0,0.049427168576104706,-0.5329156517982483,-0.3011167347431183,-0.32636770606040955,-0.8471254495153374,0.43947577476501465,0.4552420973777771,0.4243198037147522
20250730,matched_low_control,M0371,-1.19,0,3.0,0.049427168576104706,-1.104242205619812,-0.2468436062335968,-1.158722162246704,-0.6363001358194519,0.4059411287307739,0.6057621836662292,0.39951497316360474
20250731,matched_low_control,M0364,-0.53,0,3.0,0.049427168576104706,-1.003774881362915,0.6478229761123657,-1.0274749994277954,0.2742285791578052,0.44119662046432495,0.4212169349193573,0.43811166286468506
20250801,high_residual_case,M0324,-2.83,1,3.0,0.049427168576104706,-1.1348994970321655,-0.21539512276649475,-1.2574461698532104,-0.35806209449581083,0.7051126956939697,0.49483078718185425,0.6934918165206909
20250804,matched_low_control,M0322,-0.11,0,3.0,0.049427168576104706,-0.4879302680492401,0.6222598552703857,-0.718100905418396,0.4597066670390455,0.3583030700683594,0.4779999852180481,0.324267715215683
20250805,matched_low_control,M0323,0.54,0,3.0,0.049427168576104706,-0.5983326435089111,-0.6504474878311157,-0.5099508166313171,-1.3778597140771043,0.5047301650047302,0.48641201853752136,0.47613340616226196
20250806,matched_low_control,M0324,-0.6,0,3.0,0.049427168576104706,-1.1084554195404053,0.16369950771331787,-1.0756524801254272,-0.13194854512384313,0.6620509624481201,0.4422053396701813,0.6269167065620422
20250807,matched_low_control,M0331,-0.02,0,3.0,0.049427168576104706,-1.4240453243255615,-0.007542552892118692,-1.465823769569397,-0.9476653034812594,0.37338337302207947,0.3339461386203766,0.3484134078025818
20250808,matched_low_control,M0333,0.0,0,3.0,0.049427168576104706,-1.206115484237671,0.36732718348503113,-1.2703675031661987,-2.0594855576788786,0.7197509407997131,0.6272429823875427,0.7541729211807251
20250811,matched_low_control,M0335,-1.62,0,3.0,0.049427168576104706,-0.7748966813087463,0.9073037505149841,-0.49783584475517273,0.8639386093571397,0.44034576416015625,0.5794281363487244,0.40095412731170654
20250812,matched_low_control,M0317,-1.0,0,3.0,0.049427168576104706,1.9802054166793823,-0.6757996082305908,1.539358377456665,0.5238125194405927,0.5026117563247681,0.5623320937156677,0.5018775463104248
20250813,matched_low_control,M0332,-0.67,0,3.0,0.049427168576104706,-0.09035661816596985,0.07002521306276321,-0.11856897920370102,0.06557844123633622,0.4619574248790741,0.5056793689727783,0.4613964259624481
20250814,matched_low_control,M0334,-0.12,0,3.0,0.049427168576104706,1.7191870212554932,0.020863782614469528,1.5521955490112305,2.535421592046758,0.42277464270591736,0.4049436151981354,0.381080687046051
20250818,matched_low_control,M0318,-1.39,0,3.0,0.049427168576104706,-1.3340822458267212,0.6982313990592957,-1.2568039894104004,-0.5217748339379966,0.4894424378871918,0.6022413969039917,0.46801823377609253
20250819,high_residual_case,M0325,3.48,1,3.0,0.049427168576104706,3.2568624019622803,0.07002521306276321,3.255305290222168,3.4127974613645864,0.709730863571167,0.5056793689727783,0.6910408735275269
20250820,matched_low_control,M0315,0.15,0,3.0,0.049427168576104706,3.86332368850708,0.07002521306276321,3.8816604614257812,4.019258747909386,0.8205748796463013,0.5056793689727783,0.7718204855918884
20250821,high_residual_case,M0326,2.15,1,3.0,0.049427168576104706,2.3091979026794434,0.07002521306276321,2.2576842308044434,2.4651329620817495,0.7223995327949524,0.5056793689727783,0.6708384156227112
20250822,high_residual_case,M0327,-2.08,1,3.0,0.049427168576104706,-1.4525573253631592,0.6899616718292236,-1.4263266324996948,-1.3174360493007882,0.42548078298568726,0.5398353934288025,0.3668684959411621
20250825,high_residual_case,M0328,4.17,1,3.0,0.049427168576104706,3.237572431564331,-0.18755847215652466,3.30228328704834,4.647753559048601,0.6685517430305481,0.7016722559928894,0.6826794743537903
20250826,high_residual_case,M0329,-3.14,1,3.0,0.049427168576104706,-1.5885686874389648,0.06427329778671265,-1.2993354797363281,-0.6081567430760914,0.5220826864242554,0.3601597845554352,0.4931791126728058
20250827,matched_low_control,M0330,-0.44,0,3.0,0.049427168576104706,-0.48521044850349426,0.07002521306276321,-0.657911479473114,-0.3292753891011882,0.34725266695022583,0.5056793689727783,0.33493608236312866
20250828,high_residual_case,M0330,4.08,1,3.0,0.049427168576104706,2.806398391723633,1.183820128440857,2.5918383598327637,2.6903282647190956,0.7779354453086853,0.6688210368156433,0.7886767387390137
20250829,matched_low_control,M0328,-0.49,0,3.0,0.049427168576104706,-0.7309902906417847,1.9052164554595947,-0.6763346791267395,-0.7844996222895457,0.3623400330543518,0.6407479643821716,0.36768341064453125
20250901,matched_low_control,M0354,1.51,0,3.0,0.049427168576104706,1.9119408130645752,0.6741359829902649,1.8510347604751587,3.1075750099712387,0.43336954712867737,0.4809306561946869,0.4257270395755768
20250902,high_residual_case,M0361,-2.47,1,3.0,0.049427168576104706,-1.4744081497192383,0.6012480854988098,-1.590401291847229,-1.630689477735705,0.4220481216907501,0.5176048874855042,0.38493406772613525
20250903,matched_low_control,M0362,-0.47,0,3.0,0.049427168576104706,-0.45908060669898987,-0.38746312260627747,-0.5543187260627747,-0.20122754316207325,0.29231178760528564,0.5047721266746521,0.2958259880542755
20250904,high_residual_case,M0362,2.85,1,3.0,0.049427168576104706,2.1050643920898438,0.07002521306276321,2.0196821689605713,2.26099945149215,0.6614820957183838,0.5056793689727783,0.6362790465354919
20250908,matched_low_control,M0363,-0.6,0,3.0,0.049427168576104706,-0.31724461913108826,0.6478229761123657,-0.20905733108520508,0.9208253284603358,0.351608008146286,0.420715868473053,0.3089219927787781
20250909,high_residual_case,M0363,2.01,1,3.0,0.049427168576104706,3.0505459308624268,0.07830504328012466,2.783165454864502,3.2997310252234495,0.7230426669120789,0.42672792077064514,0.7202886343002319
20250910,high_residual_case,M0364,2.69,1,3.0,0.049427168576104706,4.050624370574951,0.5191361904144287,4.016313552856445,4.746422614676422,0.7325232028961182,0.43172723054885864,0.7417253255844116
20250911,high_residual_case,M0365,3.62,1,3.0,0.049427168576104706,5.12890100479126,0.07002521306276321,5.138866424560547,5.284836064193565,0.7885053753852844,0.5056793689727783,0.7632787823677063
20250912,high_residual_case,M0366,2.16,1,3.0,0.049427168576104706,4.131822109222412,0.07002521306276321,4.073972225189209,4.287757168624718,0.7279067039489746,0.5056793689727783,0.7009942531585693
20250915,matched_low_control,M0365,0.89,0,3.0,0.049427168576104706,2.006638526916504,0.8261854648590088,1.9195445775985718,3.2300525390890367,0.6825053691864014,0.4361192584037781,0.6518323421478271
20250916,high_residual_case,M0367,-1.86,1,3.0,0.049427168576104706,0.8797784447669983,0.5756852030754089,0.8163852691650391,2.2527029264514127,0.6770482063293457,0.6228858232498169,0.6888260841369629
20250917,matched_low_control,M0368,1.02,0,3.0,0.049427168576104706,2.19619083404541,-0.15855169296264648,2.27030611038208,3.1182476517516324,0.6463326811790466,0.3281647861003876,0.6182408332824707
20250919,high_residual_case,M0368,3.84,1,3.0,0.049427168576104706,2.7000439167022705,0.07002521306276321,2.87593936920166,2.8559789761045766,0.682979941368103,0.5056793689727783,0.6728008389472961
20250922,matched_low_control,M0366,0.03,0,3.0,0.049427168576104706,0.756816565990448,0.024244017899036407,0.6991036534309387,2.0514179678582356,0.3832278549671173,0.7016722559928894,0.4219450354576111
20250923,matched_low_control,M0367,-0.47,0,3.0,0.049427168576104706,-0.8023504018783569,-0.033855557441711426,-0.8817734718322754,-0.4362469010283143,0.5351377725601196,0.3790445327758789,0.4826965630054474
20250924,matched_low_control,M0369,-0.29,0,3.0,0.049427168576104706,1.4888849258422852,0.000483262469060719,0.8925220966339111,2.5882545261752496,0.7003298401832581,0.46051278710365295,0.639595091342926
20250925,high_residual_case,M0369,-2.73,1,3.0,0.049427168576104706,-1.2900495529174805,-0.06268105655908585,-1.6688894033432007,-1.0324753674126717,0.6552813649177551,0.5200206637382507,0.6389819979667664
20250926,high_residual_case,M0331,-2.38,1,3.0,0.049427168576104706,-2.206296920776367,0.07002521306276321,-2.412799119949341,-2.050361861374061,0.6325307488441467,0.5056793689727783,0.6207139492034912
20250929,high_residual_case,M0370,-2.36,1,3.0,0.049427168576104706,-0.034193553030490875,-0.033855557441711426,-0.13691917061805725,0.4419853118822301,0.4293963313102722,0.41032809019088745,0.3848825991153717
20250930,high_residual_case,M0371,2.64,1,3.0,0.049427168576104706,1.3739948272705078,0.05858738720417023,1.0851621627807617,1.8357808074336037,0.5022913813591003,0.4524497389793396,0.4923968017101288
20251001,matched_low_control,M0370,-1.22,0,3.0,0.049427168576104706,-0.2916924059391022,-0.29769694805145264,-0.3420094847679138,-1.1905383003884553,0.4748217761516571,0.4034714102745056,0.43161192536354065
20251002,high_residual_case,M0332,6.93,1,3.0,0.049427168576104706,3.6537795066833496,-1.4703079462051392,3.6531474590301514,11.400488147250043,0.7379197478294373,0.6010558009147644,0.7636417746543884
20251010,high_residual_case,M0333,-3.78,1,3.0,0.049427168576104706,-1.8706454038619995,0.07002521306276321,-1.875802755355835,-1.7147103444596934,0.7396271228790283,0.5056793689727783,0.7081887722015381
20251013,high_residual_case,M0334,2.22,1,3.0,0.049427168576104706,1.5378751754760742,1.0360379219055176,1.2658019065856934,2.936236235835069,0.6057636737823486,0.6788248419761658,0.6105358004570007
20251014,high_residual_case,M0335,-3.79,1,3.0,0.049427168576104706,-1.123435616493225,-0.29277172684669495,-1.0277502536773682,-1.3575934294943837,0.40503913164138794,0.4979639947414398,0.41810330748558044
20251015,matched_low_control,M0301,1.42,0,3.0,0.049427168576104706,-0.6814305782318115,1.594636082649231,-0.4162454307079315,0.5246777002433651,0.7615492343902588,0.6181374788284302,0.7612157464027405
20251016,matched_low_control,M0278,-0.71,0,3.0,0.049427168576104706,-0.7104878425598145,0.07002521306276321,-0.27116265892982483,-0.5545527831575083,0.5982898473739624,0.5056793689727783,0.5375760793685913
20251017,high_residual_case,M0278,-2.59,1,3.0,0.049427168576104706,0.765662670135498,0.07002521306276321,0.9951083064079285,0.9215977295378042,0.6221250295639038,0.5056793689727783,0.5915985107421875
20251020,high_residual_case,M0279,-2.19,1,3.0,0.049427168576104706,-0.7186207175254822,0.07002521306276321,-0.7036880254745483,-0.5626856581231761,0.5192136168479919,0.5056793689727783,0.49405619502067566
20251021,matched_low_control,M0279,-1.05,0,3.0,0.049427168576104706,0.4134504795074463,0.07002521306276321,0.2173362523317337,0.5693855389097524,0.30874764919281006,0.5056793689727783,0.3100202679634094
20251022,matched_low_control,M0283,0.5,0,3.0,0.049427168576104706,2.0658364295959473,0.07002521306276321,1.9367166757583618,2.2217714889982534,0.6549136638641357,0.5056793689727783,0.6223289966583252
20251023,matched_low_control,M0288,-1.52,0,3.0,0.049427168576104706,-2.4588117599487305,0.07002521306276321,-2.2081305980682373,-2.3028767005464243,0.7306475043296814,0.5056793689727783,0.6816619634628296
20251024,matched_low_control,M0281,1.01,0,3.0,0.049427168576104706,3.8791797161102295,0.07002521306276321,3.763788938522339,4.035114775512535,0.6533975601196289,0.5056793689727783,0.6506635546684265
20251027,high_residual_case,M0280,3.0,1,3.0,0.049427168576104706,-0.768671989440918,-0.15601378679275513,-0.6566011905670166,0.02540285975543377,0.5366848707199097,0.5079702734947205,0.538986325263977
20251028,high_residual_case,M0281,-4.27,1,3.0,0.049427168576104706,-1.7849905490875244,0.6263883113861084,-1.9366742372512817,-1.585952126140464,0.6806961297988892,0.5248182415962219,0.695172905921936
20251029,high_residual_case,M0282,-5.47,1,3.0,0.049427168576104706,-2.607523202896118,0.11862289160490036,-2.566195011138916,-1.4291788252972164,0.85472571849823,0.7209455370903015,0.8516988158226013
20251030,matched_low_control,M0280,0.5,0,3.0,0.049427168576104706,1.9032591581344604,0.5378768444061279,2.2697958946228027,3.490134484218611,0.6085823774337769,0.6595553159713745,0.6435665488243103
20251031,high_residual_case,M0283,-5.98,1,3.0,0.049427168576104706,-2.071481227874756,0.42967841029167175,-2.166614055633545,-1.9899150008578763,0.7471696138381958,0.44477379322052,0.7180646657943726
20251103,matched_low_control,M0282,-1.55,0,3.0,0.049427168576104706,-2.873577117919922,0.07002521306276321,-2.553395986557007,-2.7176420585176158,0.7905737161636353,0.5056793689727783,0.7543631792068481
20251104,high_residual_case,M0284,2.17,1,3.0,0.049427168576104706,2.0281074047088623,0.07002521306276321,2.0170323848724365,2.1840424641111684,0.7645552754402161,0.5056793689727783,0.7093462347984314
20251105,high_residual_case,M0285,-3.97,1,3.0,0.049427168576104706,-3.4981849193573,0.07002521306276321,-3.1663568019866943,-3.3422498599549937,0.6938320398330688,0.5056793689727783,0.6600748896598816
20251106,matched_low_control,M0284,1.57,0,3.0,0.049427168576104706,1.7232123613357544,0.07002521306276321,1.7228236198425293,1.8791474207380605,0.5559418797492981,0.5056793689727783,0.49100255966186523
20251107,high_residual_case,M0286,5.38,1,3.0,0.049427168576104706,3.5736536979675293,0.07002521306276321,3.997039318084717,3.7295887573698354,0.8648515939712524,0.5056793689727783,0.8320661187171936
20251110,matched_low_control,M0285,-0.27,0,3.0,0.049427168576104706,0.6457206010818481,0.07002521306276321,0.7618492841720581,0.8016556604841543,0.6340895891189575,0.5056793689727783,0.5773118138313293
20251111,high_residual_case,M0287,5.39,1,3.0,0.049427168576104706,0.05988471582531929,0.008866675198078156,0.17706693708896637,1.4759780756030492,0.5163074731826782,0.685326874256134,0.5143100619316101
20251112,high_residual_case,M0288,3.84,1,3.0,0.049427168576104706,-0.9185923337936401,0.07002521306276321,-0.8234038949012756,-0.762657274391334,0.6642942428588867,0.5056793689727783,0.6309059262275696
20251113,matched_low_control,M0286,1.09,0,3.0,0.049427168576104706,0.45833587646484375,0.07002521306276321,0.6469377875328064,0.6142709358671499,0.41585567593574524,0.5056793689727783,0.40687963366508484
20251114,high_residual_case,M0289,-2.05,1,3.0,0.049427168576104706,-2.7214012145996094,0.6311442255973816,-3.0953545570373535,-1.9289294908153756,0.7102179527282715,0.6817013025283813,0.7366971373558044
20251117,high_residual_case,M0290,-3.04,1,3.0,0.049427168576104706,1.4743986129760742,0.07002521306276321,1.3759522438049316,1.6303336723783803,0.5934114456176758,0.5056793689727783,0.5848081707954407
20251118,matched_low_control,M0277,-1.32,0,3.0,0.049427168576104706,-0.6675119996070862,-1.3500956296920776,-0.8088091015815735,-0.1400431203371083,0.7094438672065735,0.5740296244621277,0.6904532313346863
20251119,matched_low_control,M0291,1.12,0,3.0,0.049427168576104706,0.3363316059112549,0.13155369460582733,0.2077201008796692,1.8756406049061287,0.5534977316856384,0.693327784538269,0.6080994009971619
20251120,high_residual_case,M0291,2.22,1,3.0,0.049427168576104706,2.607865810394287,0.07002521306276321,2.8362464904785156,2.7638008697965932,0.6886621117591858,0.5056793689727783,0.6749280095100403
20251124,high_residual_case,M0292,3.93,1,3.0,0.049427168576104706,1.9143381118774414,0.3461819887161255,1.8971339464187622,0.9211052425715853,0.7024639248847961,0.7240169048309326,0.7039132118225098
20251125,high_residual_case,M0293,5.41,1,3.0,0.049427168576104706,4.989053249359131,0.15659910440444946,4.874128818511963,5.50710810243192,0.7456607818603516,0.6967907547950745,0.7552192211151123
20251126,matched_low_control,M0293,-0.73,0,3.0,0.049427168576104706,0.9327488541603088,0.07002521306276321,1.055734634399414,1.088683913562615,0.38875067234039307,0.5056793689727783,0.3647647202014923
20251201,matched_low_control,M0300,-0.08,0,3.0,0.049427168576104706,0.6494863033294678,0.07002521306276321,0.7019873261451721,0.8054213627317739,0.5306181907653809,0.5056793689727783,0.5248405933380127
20251202,matched_low_control,M0292,-1.31,0,3.0,0.049427168576104706,0.6184399724006653,0.0866449773311615,0.7628113031387329,1.762794065692621,0.6588994860649109,0.544059693813324,0.6295757293701172
20251203,matched_low_control,M0290,1.66,0,3.0,0.049427168576104706,2.6096906661987305,0.4864640235900879,2.771121025085449,2.659277235059468,0.6537992358207703,0.6019744873046875,0.6723660230636597
20251204,high_residual_case,M0294,2.33,1,3.0,0.049427168576104706,-0.7419706583023071,0.07002521306276321,-0.7654238343238831,-0.586035598900001,0.5820468068122864,0.5056793689727783,0.5522888898849487
20251205,high_residual_case,M0295,-3.74,1,3.0,0.049427168576104706,-2.0621204376220703,0.07002521306276321,-2.0767018795013428,-1.9061853782197642,0.7648534774780273,0.5056793689727783,0.7135061621665955
20251208,matched_low_control,M0289,0.97,0,3.0,0.049427168576104706,4.474469184875488,0.07002521306276321,4.343730449676514,4.630404244277794,0.6563030481338501,0.5056793689727783,0.6597062349319458
20251209,high_residual_case,M0296,2.09,1,3.0,0.049427168576104706,2.8609468936920166,0.07002521306276321,3.266808271408081,3.0168819530943227,0.7594884634017944,0.5056793689727783,0.7054885625839233
20251210,high_residual_case,M0297,-3.16,1,3.0,0.049427168576104706,-0.5927719473838806,0.07002521306276321,-0.4458194077014923,-0.43683688798157455,0.5005849599838257,0.5056793689727783,0.44435301423072815
20251211,matched_low_control,M0297,-1.56,0,3.0,0.049427168576104706,-1.9665073156356812,0.07002521306276321,-1.933361291885376,-1.810572256233375,0.6797489523887634,0.5056793689727783,0.6642102003097534
20251212,matched_low_control,M0287,-0.83,0,3.0,0.049427168576104706,-2.0670342445373535,0.07002521306276321,-1.6636111736297607,-1.9110991851350474,0.7180361151695251,0.5056793689727783,0.6781301498413086
20251215,high_residual_case,M0298,-2.23,1,3.0,0.049427168576104706,-2.462306261062622,0.07002521306276321,-2.598862648010254,-2.306371201660316,0.6632724404335022,0.5056793689727783,0.6478784084320068
20251216,matched_low_control,M0294,0.14,0,3.0,0.049427168576104706,-1.760351300239563,0.07002521306276321,-1.8784594535827637,-1.6044162408372569,0.6082888245582581,0.5056793689727783,0.5989629030227661
20251217,high_residual_case,M0299,-3.0,1,3.0,0.049427168576104706,-2.4118311405181885,0.07002521306276321,-2.0301880836486816,-2.2558960811158824,0.7543556690216064,0.5056793689727783,0.7179047465324402
20251218,high_residual_case,M0300,2.5,1,3.0,0.049427168576104706,1.1090774536132812,0.07002521306276321,1.3896242380142212,1.2650125130155874,0.4983246624469757,0.5056793689727783,0.4796653389930725
20251219,matched_low_control,M0296,0.84,0,3.0,0.049427168576104706,-0.25776606798171997,0.07002521306276321,-0.03254272788763046,-0.1018310085794139,0.5477758646011353,0.5056793689727783,0.5392422676086426
20251222,high_residual_case,M0301,2.78,1,3.0,0.049427168576104706,2.687774419784546,0.07002521306276321,2.8146450519561768,2.843709479186852,0.7757675051689148,0.5056793689727783,0.7434385418891907
20251223,matched_low_control,M0295,-0.67,0,3.0,0.049427168576104706,0.5636178851127625,0.07002521306276321,0.5425812005996704,0.7195529445150686,0.4073028266429901,0.5056793689727783,0.42596539855003357
20251224,matched_low_control,M0298,1.27,0,3.0,0.049427168576104706,0.30808502435684204,0.07002521306276321,0.39313074946403503,0.4640200837591481,0.5258200764656067,0.5056793689727783,0.5213879942893982
20251226,high_residual_case,M0302,2.47,1,3.0,0.049427168576104706,4.799965858459473,-0.49346211552619934,4.510300159454346,4.944664158738213,0.8154234886169434,0.5018417835235596,0.8152806758880615
20251229,high_residual_case,M0303,-2.97,1,3.0,0.049427168576104706,-1.7132285833358765,1.6294658184051514,-1.9907419681549072,0.6442432135852632,0.7558156251907349,0.6904876828193665,0.7714318037033081
20251230,high_residual_case,M0304,4.74,1,3.0,0.049427168576104706,1.4444948434829712,0.14760610461235046,1.560620665550232,2.241113896639662,0.5775976777076721,0.5069048404693604,0.5969559550285339
20260102,high_residual_case,M0415,2.76,1,3.0,0.049427168576104706,-1.3865869045257568,0.07002521306276321,-1.25272798538208,-1.2306518451234507,0.6466120481491089,0.5056793689727783,0.622077465057373
20260105,high_residual_case,M0416,3.45,1,4.0,0.06629380053908357,1.9062442779541016,0.10132521390914917,1.6723918914794922,1.9324826204987873,0.5626965165138245,0.5139156579971313,0.5150728821754456
20260106,matched_low_control,M0416,-0.26,0,4.0,0.06629380053908357,-1.5142630338668823,0.10132521390914917,-1.9973338842391968,-1.4880246913221966,0.7675719261169434,0.5139156579971313,0.7195590138435364
20260107,high_residual_case,M0417,-2.69,1,4.0,0.06629380053908357,-3.6186716556549072,0.10132521390914917,-3.524977922439575,-3.5924333131102215,0.8637318015098572,0.5139156579971313,0.8387464880943298
20260108,matched_low_control,M0415,-1.57,0,4.0,0.06629380053908357,1.9233840703964233,0.10132521390914917,1.680917739868164,1.949622412941109,0.6240346431732178,0.5139156579971313,0.616723358631134
20260109,matched_low_control,M0417,1.51,0,4.0,0.06629380053908357,2.325608253479004,0.4153573215007782,2.3763880729675293,2.0845807362235487,0.6564272046089172,0.512913167476654,0.6532940864562988
20260112,matched_low_control,M0424,-1.34,0,4.0,0.06629380053908357,0.6223125457763672,0.10132521390914917,0.544646680355072,0.6485508883210529,0.6464167237281799,0.5139156579971313,0.5938360095024109
20260113,matched_low_control,M0429,1.17,0,4.0,0.06629380053908357,2.3473637104034424,0.10132521390914917,2.428988456726074,2.373602052948128,0.5393970012664795,0.5139156579971313,0.5532525777816772
20260114,matched_low_control,M0418,1.6,0,4.0,0.06629380053908357,1.989643931388855,0.10132521390914917,2.1380016803741455,2.0158822739335407,0.5886147618293762,0.5139156579971313,0.5922670960426331
20260115,high_residual_case,M0418,-2.29,1,4.0,0.06629380053908357,-3.6620469093322754,0.10132521390914917,-3.314908981323242,-3.6358085667875897,0.7261699438095093,0.5139156579971313,0.7036135196685791
20260116,high_residual_case,M0419,3.08,1,4.0,0.06629380053908357,4.060627460479736,0.10132521390914917,3.819150447845459,4.0868658030244225,0.7573580145835876,0.5139156579971313,0.7628979682922363
20260119,high_residual_case,M0420,-3.48,1,4.0,0.06629380053908357,-3.36081600189209,0.10132521390914917,-3.2735719680786133,-3.334577659347404,0.7473713159561157,0.5139156579971313,0.7298898696899414
20260120,matched_low_control,M0419,0.67,0,4.0,0.06629380053908357,1.224685788154602,0.06765462458133698,1.3672829866409302,1.8747235681967003,0.4502485692501068,0.5205095410346985,0.45937418937683105
20260121,matched_low_control,M0420,1.08,0,4.0,0.06629380053908357,2.6200029850006104,0.10132521390914917,2.6354331970214844,2.646241327545296,0.6978060603141785,0.5139156579971313,0.6760258078575134
20260122,high_residual_case,M0421,1.91,1,4.0,0.06629380053908357,4.762399673461914,-0.1912880390882492,4.565356731414795,4.944833172159247,0.7755932807922363,0.6157299876213074,0.794343888759613
20260123,matched_low_control,M0421,-1.74,0,4.0,0.06629380053908357,-2.472292900085449,0.10132521390914917,-2.3867998123168945,-2.4460545575407635,0.7224582433700562,0.5139156579971313,0.7138448357582092
20260126,high_residual_case,M0422,2.86,1,4.0,0.06629380053908357,1.806439757347107,0.10132521390914917,1.7533737421035767,1.8326780998917926,0.5757116675376892,0.5139156579971313,0.5910303592681885
20260127,matched_low_control,M0422,-1.02,0,4.0,0.06629380053908357,1.9603604078292847,0.10132521390914917,1.6494015455245972,1.9865987503739704,0.7297833561897278,0.5139156579971313,0.6815937161445618
20260128,matched_low_control,M0423,1.64,0,4.0,0.06629380053908357,-0.06083283945918083,1.1931592226028442,-0.057247452437877655,0.7416818792250445,0.6002606749534607,0.6578493714332581,0.6601157188415527
20260129,high_residual_case,M0423,3.08,1,4.0,0.06629380053908357,-1.8521102666854858,-0.5384723544120789,-1.7725028991699219,-2.502521295926053,0.7183839082717896,0.5964322090148926,0.7536240220069885
20260130,high_residual_case,M0424,2.0,1,4.0,0.06629380053908357,-1.881505012512207,0.10132521390914917,-2.022045612335205,-1.8552666699675213,0.8492597341537476,0.5139156579971313,0.8104701638221741
20260202,high_residual_case,M0425,-3.02,1,4.0,0.06629380053908357,-2.42681884765625,-0.7028602957725525,-2.1886515617370605,-2.885685031940997,0.8329044580459595,0.5393692851066589,0.8293094635009766
20260203,matched_low_control,M0425,-0.78,0,4.0,0.06629380053908357,1.0166929960250854,-0.11805693805217743,0.7544929385185242,0.9671499691027148,0.6096896529197693,0.580947756767273,0.6052587628364563
20260204,high_residual_case,M0426,5.01,1,4.0,0.06629380053908357,2.99206280708313,0.10132521390914917,2.667804479598999,3.0183011496278156,0.7371687889099121,0.5139156579971313,0.6899471879005432
20260205,matched_low_control,M0426,0.06,0,4.0,0.06629380053908357,-2.738462209701538,-0.3150896728038788,-2.860222578048706,-2.7856943166552313,0.7751796841621399,0.40932273864746094,0.7557559013366699
20260206,high_residual_case,M0427,-3.4,1,4.0,0.06629380053908357,-2.4401285648345947,-0.5138112306594849,-2.445591926574707,-2.141549391117326,0.7986248135566711,0.540512204170227,0.7602291703224182
20260209,high_residual_case,M0428,4.03,1,4.0,0.06629380053908357,3.8995954990386963,1.2104827165603638,3.8957767486572266,4.4864665916668205,0.6883502006530762,0.6966869235038757,0.7199219465255737
20260210,high_residual_case,M0429,-2.36,1,4.0,0.06629380053908357,-0.28423935174942017,0.10132521390914917,-0.14517931640148163,-0.2580010092047344,0.5564480423927307,0.5139156579971313,0.5653722882270813
20260211,matched_low_control,M0427,-0.27,0,4.0,0.06629380053908357,-0.6021385788917542,-0.6402581334114075,-0.38866525888442993,-0.4140508817999984,0.4739718437194824,0.41200050711631775,0.4423745572566986
20260212,high_residual_case,M0430,4.01,1,4.0,0.06629380053908357,4.54953145980835,-0.36432158946990967,4.422076225280762,5.470993544385414,0.8550000190734863,0.3439503312110901,0.8104785084724426
20260213,matched_low_control,M0428,-1.24,0,4.0,0.06629380053908357,-1.3423658609390259,-1.1095364093780518,-1.5728106498718262,-1.6621076461861914,0.5812686681747437,0.5758270025253296,0.5435467958450317
20260219,matched_low_control,M0430,-0.1,0,4.0,0.06629380053908357,1.1254688501358032,0.10132521390914917,1.1275790929794312,1.151707192680489,0.5384479761123657,0.5139156579971313,0.5412233471870422
20260220,high_residual_case,M0390,-3.45,1,4.0,0.06629380053908357,-1.5533466339111328,0.10132521390914917,-1.374078631401062,-1.527108291366447,0.6550964117050171,0.5139156579971313,0.6441982388496399
20260223,matched_low_control,M0390,-0.2,0,4.0,0.06629380053908357,1.1589982509613037,0.952578067779541,1.4431661367416382,1.2891819357603176,0.5344167351722717,0.6133372187614441,0.5526645183563232
20260224,matched_low_control,M0391,0.9,0,4.0,0.06629380053908357,2.797745943069458,1.1686877012252808,2.9563920497894287,3.3598104584224737,0.7048071622848511,0.6508742570877075,0.6993882656097412
20260225,high_residual_case,M0391,3.61,1,4.0,0.06629380053908357,1.3242024183273315,-0.09088006615638733,1.2350294589996338,2.077262969282974,0.655603289604187,0.7461318969726562,0.7090777158737183
20260226,high_residual_case,M0392,-2.75,1,4.0,0.06629380053908357,-2.7130203247070312,1.4420408010482788,-3.3340542316436768,-1.2476392142885846,0.877169132232666,0.6494048833847046,0.858697772026062
20260227,matched_low_control,M0392,-1.66,0,4.0,0.06629380053908357,-2.8148343563079834,-0.30901041626930237,-2.922847032546997,-2.792719101583968,0.7588491439819336,0.29148003458976746,0.7128210067749023
20260303,matched_low_control,M0393,1.22,0,4.0,0.06629380053908357,-1.3484091758728027,0.2816220223903656,-1.3795292377471924,-0.6531028473299114,0.6092477440834045,0.6941664814949036,0.6607343554496765
20260304,high_residual_case,M0393,-3.49,1,4.0,0.06629380053908357,-2.251889705657959,-1.5180877447128296,-2.3140451908111572,-2.2599566031597926,0.7375141382217407,0.6194226145744324,0.702172040939331
20260305,matched_low_control,M0372,1.22,0,4.0,0.06629380053908357,2.8613991737365723,-0.2703629732131958,2.4107186794281006,2.153498381391147,0.7267006039619446,0.6578943729400635,0.7395071983337402
20260306,matched_low_control,M0409,-0.56,0,4.0,0.06629380053908357,-1.6945538520812988,0.10132521390914917,-1.5914056301116943,-1.6683155095366131,0.7368048429489136,0.5139156579971313,0.6862778067588806
20260309,matched_low_control,M0384,1.23,0,4.0,0.06629380053908357,-2.167835235595703,-0.3097374439239502,-2.1654152870178223,-2.7903344360455162,0.6693816781044006,0.5994976758956909,0.6797913908958435
20260310,high_residual_case,M0372,-2.88,1,4.0,0.06629380053908357,1.3355674743652344,-0.2925388514995575,1.119065761566162,1.4436356934116596,0.6249720454216003,0.34168219566345215,0.5673602223396301
20260311,matched_low_control,M0389,0.24,0,4.0,0.06629380053908357,1.5247654914855957,-0.3051002621650696,1.3240073919296265,2.2456967154618566,0.5136739611625671,0.48739370703697205,0.5472847819328308
20260312,matched_low_control,M0410,0.58,0,4.0,0.06629380053908357,0.008153502829372883,0.10132521390914917,0.26947373151779175,0.03439184537405865,0.5396984815597534,0.5139156579971313,0.5412232279777527
20260313,matched_low_control,M0411,-1.54,0,4.0,0.06629380053908357,-2.8318607807159424,-0.06128685921430588,-2.7797462940216064,-3.1477333846831037,0.6410393118858337,0.5623716115951538,0.6893090009689331
20260316,matched_low_control,M0373,-1.54,0,4.0,0.06629380053908357,-0.08418712019920349,-0.7662939429283142,-0.04907241836190224,0.16366872112274297,0.41197529435157776,0.5326429605484009,0.45274975895881653
20260317,high_residual_case,M0373,4.85,1,4.0,0.06629380053908357,4.336133003234863,-0.041273802518844604,4.701479434967041,4.253897519923546,0.739345133304596,0.5780609846115112,0.7551262378692627
20260318,matched_low_control,M0380,-1.23,0,4.0,0.06629380053908357,1.8453248739242554,-0.055545903742313385,1.8326709270477295,2.1384383267988243,0.5631802678108215,0.7060744762420654,0.6062209010124207
20260319,matched_low_control,M0381,0.93,0,4.0,0.06629380053908357,-2.450117588043213,-0.30901041626930237,-2.577045202255249,-2.365688537140376,0.6500167846679688,0.2866608202457428,0.5799810290336609
20260320,matched_low_control,M0382,0.08,0,4.0,0.06629380053908357,-0.9167425036430359,0.10132521390914917,-0.6090590357780457,-0.8905041610983502,0.5682202577590942,0.5139156579971313,0.5556507110595703
20260324,matched_low_control,M0388,1.34,0,4.0,0.06629380053908357,1.72274911403656,0.10132521390914917,1.6146697998046875,1.7489874565812458,0.5718255043029785,0.5139156579971313,0.5476760864257812
20260325,matched_low_control,M0387,0.8,0,4.0,0.06629380053908357,1.0174684524536133,0.15379375219345093,1.187903881072998,1.1957600717811097,0.41778725385665894,0.4844239056110382,0.4071721136569977
20260327,matched_low_control,M0412,-1.37,0,4.0,0.06629380053908357,-1.618623971939087,-0.1738668829202652,-1.298685908317566,-2.6274154898679276,0.5316935777664185,0.463031530380249,0.5105576515197754
20260401,high_residual_case,M0394,-2.81,1,4.0,0.06629380053908357,-1.4546518325805664,0.4952137768268585,-1.5264654159545898,-1.3337369433448374,0.7532800436019897,0.4656890034675598,0.7603418231010437
20260402,matched_low_control,M0395,0.5,0,4.0,0.06629380053908357,3.3067288398742676,0.10132521390914917,3.0456113815307617,3.3329671824189533,0.8232483863830566,0.5139156579971313,0.7954351305961609
20260403,high_residual_case,M0395,-2.43,1,4.0,0.06629380053908357,1.2852051258087158,0.16136863827705383,1.0569828748703003,1.9635300888119829,0.6106788516044617,0.5150752067565918,0.6041253805160522
20260406,matched_low_control,M0436,-0.27,0,4.0,0.06629380053908357,1.6504006385803223,0.1076417863368988,1.3928908109664917,1.7437600521754766,0.4171677529811859,0.49942612648010254,0.3946768343448639
20260407,matched_low_control,M0413,-0.8,0,4.0,0.06629380053908357,0.3202557861804962,-0.2811557948589325,0.34277379512786865,-0.3857753323553996,0.5949366688728333,0.46050333976745605,0.5752620100975037
20260408,high_residual_case,M0396,3.54,1,4.0,0.06629380053908357,4.173297882080078,0.10132521390914917,3.8167850971221924,4.199536224624764,0.7252946496009827,0.5139156579971313,0.685985267162323
20260409,matched_low_control,M0397,0.16,0,4.0,0.06629380053908357,-0.2060251235961914,0.3040538728237152,-0.3484032154083252,0.11140284790804644,0.4263874292373657,0.5480104684829712,0.46298977732658386
20260410,matched_low_control,M0394,-1.37,0,4.0,0.06629380053908357,-1.366429090499878,0.10132521390914917,-1.4568537473678589,-1.3401907479551922,0.6217129826545715,0.5139156579971313,0.5938378572463989
20260413,matched_low_control,M0396,0.89,0,4.0,0.06629380053908357,1.856295108795166,-0.16615010797977448,2.141867160797119,1.7541966817219443,0.5630946755409241,0.4768451154232025,0.5613794922828674
20260414,high_residual_case,M0397,4.48,1,4.0,0.06629380053908357,4.003810405731201,-0.06102419272065163,4.055417060852051,3.926662686231895,0.701593816280365,0.5665115714073181,0.6940124034881592
20260416,high_residual_case,M0398,2.13,1,4.0,0.06629380053908357,4.117886543273926,0.1076417863368988,4.268082141876221,4.2682536386084555,0.7893444299697876,0.4272406995296478,0.7644239068031311
20260417,matched_low_control,M0398,1.11,0,4.0,0.06629380053908357,-1.4076470136642456,-0.37265682220458984,-0.9809005856513977,-1.5340612583191067,0.5338404178619385,0.4094209671020508,0.5082920789718628
20260420,matched_low_control,M0399,-0.48,0,4.0,0.06629380053908357,-0.07273593544960022,1.478732705116272,-0.33906465768814087,0.15820544298372083,0.6368404030799866,0.5470553040504456,0.6468914151191711
20260421,high_residual_case,M0399,-2.4,1,4.0,0.06629380053908357,-0.2577475607395172,0.10132521390914917,-0.410722553730011,-0.23150921819483145,0.6260521411895752,0.5139156579971313,0.624431312084198
20260422,matched_low_control,M0435,0.36,0,4.0,0.06629380053908357,2.611616849899292,-0.2789473235607147,2.5473694801330566,2.688810598331111,0.5715757608413696,0.31996190547943115,0.5427479147911072
20260423,matched_low_control,M0401,0.95,0,4.0,0.06629380053908357,4.770974159240723,-0.13174180686473846,4.88175630569458,3.7699029394006076,0.8635915517807007,0.43787190318107605,0.8509474992752075
20260424,matched_low_control,M0400,-0.17,0,4.0,0.06629380053908357,0.36183711886405945,0.10132521390914917,0.4741341769695282,0.3880754614087452,0.6950869560241699,0.5139156579971313,0.6224903464317322
20260427,high_residual_case,M0400,3.27,1,4.0,0.06629380053908357,1.343027114868164,-0.20637518167495728,1.2489148378372192,2.2753046313659135,0.5700575709342957,0.591176450252533,0.5866845846176147
20260428,high_residual_case,M0401,2.19,1,4.0,0.06629380053908357,1.0065444707870483,0.6916559934616089,1.087022304534912,1.242741218179084,0.5894914865493774,0.6616658568382263,0.6048940420150757
20260429,high_residual_case,M0431,2.86,1,4.0,0.06629380053908357,-1.85918128490448,0.5396721363067627,-2.0753164291381836,-1.7441584781099433,0.7965893149375916,0.6615263819694519,0.8166081309318542
20260430,high_residual_case,M0432,1.86,1,4.0,0.06629380053908357,-3.2420051097869873,0.6906207203865051,-2.743596315383911,-2.5481668510899214,0.7909539937973022,0.6867835521697998,0.7861652374267578
20260504,high_residual_case,M0433,5.66,1,4.0,0.06629380053908357,-2.163501739501953,0.6379591822624207,-1.8087775707244873,-2.2936042783612094,0.8311833143234253,0.6248873472213745,0.8301445841789246
20260506,matched_low_control,M0431,-0.49,0,4.0,0.06629380053908357,-1.87858247756958,1.4818568229675293,-1.6711111068725586,-0.21767777305691505,0.8189595341682434,0.7429308295249939,0.8392302393913269
20260507,high_residual_case,M0434,-2.32,1,4.0,0.06629380053908357,-2.5615036487579346,-0.6615304946899414,-2.964656352996826,-0.9546592701429644,0.8675827980041504,0.5462445020675659,0.8593804836273193
20260508,high_residual_case,M0435,-1.98,1,4.0,0.06629380053908357,-1.8093761205673218,0.18830618262290955,-1.8342218399047852,-0.355853659180563,0.7217580080032349,0.5047777891159058,0.7192407250404358
20260511,high_residual_case,M0436,-3.16,1,4.0,0.06629380053908357,3.9632651805877686,0.6840121150016785,3.6645290851593018,4.683093745689,0.7312889695167542,0.655327558517456,0.7573091983795166
20260512,high_residual_case,M0437,-2.79,1,4.0,0.06629380053908357,-1.3457553386688232,-0.2789473235607147,-1.6606254577636719,-1.271812766906353,0.6854342222213745,0.3217025697231293,0.6312271952629089
20260513,high_residual_case,M0438,-1.86,1,4.0,0.06629380053908357,0.9288209676742554,0.10132521390914917,0.4625152051448822,0.9550593102189411,0.6780585050582886,0.5139156579971313,0.6473410129547119
20260514,matched_low_control,M0434,-1.3,0,4.0,0.06629380053908357,3.727555513381958,-0.5222816467285156,3.6361801624298096,2.845153183268475,0.6327520608901978,0.581346333026886,0.643722414970398
20260515,matched_low_control,M0432,1.3,0,4.0,0.06629380053908357,2.637193202972412,1.9631587266921997,2.9421679973602295,3.322578943086132,0.7274728417396545,0.7125703692436218,0.7423662543296814
20260518,matched_low_control,M0433,-1.59,0,4.0,0.06629380053908357,0.8938245177268982,0.10933535546064377,0.3238293528556824,0.41657432453412135,0.71157306432724,0.593490481376648,0.7199826836585999
20260519,matched_low_control,M0407,-1.61,0,4.0,0.06629380053908357,-2.0347728729248047,-0.5066497325897217,-2.3019394874572754,-1.854638898541165,0.6201462745666504,0.4733803868293762,0.584004819393158
20260520,matched_low_control,M0408,0.88,0,4.0,0.06629380053908357,0.6176198124885559,0.9993838667869568,0.8563703298568726,1.6186481212749633,0.5338252782821655,0.5587347149848938,0.5323424339294434
20260521,high_residual_case,M0402,3.63,1,4.0,0.06629380053908357,3.067174196243286,0.10132521390914917,2.7630186080932617,3.093412538787972,0.6453604102134705,0.5139156579971313,0.6212097406387329
20260522,matched_low_control,M0402,0.45,0,4.0,0.06629380053908357,3.023141622543335,0.10132521390914917,2.9993937015533447,3.0493799650880207,0.648022472858429,0.5139156579971313,0.6525068879127502
20260526,high_residual_case,M0403,-5.96,1,4.0,0.06629380053908357,-2.412984848022461,0.10132521390914917,-2.2441892623901367,-2.3867465054777752,0.6197500228881836,0.5139156579971313,0.5883163213729858
20260527,matched_low_control,M0403,-1.11,0,4.0,0.06629380053908357,3.4385170936584473,0.17157429456710815,3.3363423347473145,3.271551759772352,0.7165440320968628,0.484120637178421,0.7063257694244385
20260528,high_residual_case,M0404,-5.08,1,4.0,0.06629380053908357,-2.907637119293213,-0.2404865324497223,-3.290863513946533,-3.8780314780038196,0.7117145657539368,0.49720606207847595,0.6965824365615845
20260529,high_residual_case,M0405,-2.21,1,4.0,0.06629380053908357,4.105167388916016,-0.0823897123336792,3.9974136352539062,3.331462297150787,0.6628938913345337,0.5335625410079956,0.6385073065757751
20260601,matched_low_control,M0404,0.6,0,4.0,0.06629380053908357,4.94129753112793,0.10132521390914917,4.851738452911377,4.967535873672616,0.7727311849594116,0.5139156579971313,0.7571288347244263
20260602,high_residual_case,M0406,7.3,1,4.0,0.06629380053908357,4.3078742027282715,0.3137688934803009,4.131956577301025,5.48436458479621,0.8583530783653259,0.7012094259262085,0.8625543713569641
20260604,high_residual_case,M0407,3.7,1,4.0,0.06629380053908357,2.018770456314087,0.10132521390914917,1.762610912322998,2.0450087988587726,0.6318730711936951,0.5139156579971313,0.5829017162322998
20260605,high_residual_case,M0408,2.2,1,4.0,0.06629380053908357,1.015699028968811,-1.0269365310668945,0.887463390827179,1.1046852657388575,0.6415150165557861,0.6186155676841736,0.6120662689208984
20260608,high_residual_case,M0409,-3.57,1,4.0,0.06629380053908357,-2.7472805976867676,-0.2912916839122772,-2.7902450561523438,-2.5741224282260835,0.6846796870231628,0.3871923089027405,0.6614984273910522
20260609,high_residual_case,M0374,-2.11,1,4.0,0.06629380053908357,1.787156343460083,-0.21814538538455963,1.1483930349349976,1.8755405810550703,0.5588111281394958,0.5600486993789673,0.5849005579948425
20260610,matched_low_control,M0375,0.64,0,4.0,0.06629380053908357,-1.4523810148239136,-0.44548892974853516,-1.3645471334457397,-1.2126674941902567,0.6699632406234741,0.6182602047920227,0.6698781251907349
20260611,matched_low_control,M0374,1.26,0,4.0,0.06629380053908357,1.4247359037399292,-0.6196995377540588,1.1784929037094116,1.5019325866943043,0.8011618852615356,0.537472665309906,0.7734861373901367
20260612,high_residual_case,M0375,8.29,1,4.0,0.06629380053908357,5.586292743682861,-0.4540770649909973,5.143957138061523,6.218784987950066,0.8661243915557861,0.5411425828933716,0.861717164516449
20260615,high_residual_case,M0376,-2.26,1,4.0,0.06629380053908357,-1.6104966402053833,-0.26297375559806824,-1.808013916015625,-0.4786815212995692,0.786117434501648,0.6557236313819885,0.7701415419578552
20260616,high_residual_case,M0410,2.18,1,4.0,0.06629380053908357,2.248913526535034,1.7212200164794922,2.2276172637939453,3.6622969602040625,0.4870292842388153,0.6883991956710815,0.5536754131317139
20260617,matched_low_control,M0406,0.58,0,4.0,0.06629380053908357,-2.948917865753174,-1.2828930616378784,-2.9147284030914307,-3.350822959890556,0.8261194825172424,0.575107216835022,0.8185071349143982
20260618,matched_low_control,M0405,0.11,0,4.0,0.06629380053908357,-2.8628337383270264,-0.4875219166278839,-3.449666976928711,-1.3682677478745575,0.8604236841201782,0.6081300377845764,0.8615626096725464
20260619,high_residual_case,M0411,1.81,1,4.0,0.06629380053908357,-2.97876238822937,0.17020933330059052,-2.588536024093628,-3.0308080296499433,0.8886868953704834,0.6250302195549011,0.8815960884094238
20260622,high_residual_case,M0412,5.14,1,4.0,0.06629380053908357,-2.6451399326324463,0.051327042281627655,-3.385063409805298,-2.1218754733565603,0.8935888409614563,0.4939351975917816,0.8794921040534973
20260623,high_residual_case,M0377,5.31,1,4.0,0.06629380053908357,-2.5580878257751465,1.1563576459884644,-2.8164851665496826,-1.4251490257525399,0.8415385484695435,0.537298858165741,0.8185105919837952
20260624,high_residual_case,M0378,-2.76,1,4.0,0.06629380053908357,-2.0588295459747314,0.09482832252979279,-1.8255802392959595,-2.098166248413659,0.8223052620887756,0.5349437594413757,0.8209629654884338
20260625,high_residual_case,M0379,-7.32,1,4.0,0.06629380053908357,-0.9839071035385132,0.12042000889778137,-0.8649938702583313,1.2487164078392716,0.7530386447906494,0.6446938514709473,0.7710896730422974
20260626,matched_low_control,M0376,-1.17,0,4.0,0.06629380053908357,-2.411069869995117,-0.6266617774963379,-2.651834726333618,-2.190868883151988,0.7242173552513123,0.41695961356163025,0.6761236786842346
20260629,high_residual_case,M0380,-2.99,1,4.0,0.06629380053908357,2.554403781890869,0.0905819833278656,2.5942704677581787,2.8675354964840327,0.6961753964424133,0.48689067363739014,0.679231584072113
20260630,high_residual_case,M0381,2.65,1,4.0,0.06629380053908357,2.876905679702759,-0.7490925192832947,2.706383228302002,2.7400472484503213,0.7727958559989929,0.5941155552864075,0.7737807631492615
20260701,high_residual_case,M0382,6.9,1,4.0,0.06629380053908357,4.766897678375244,0.10132521390914917,4.308321952819824,4.79313602091993,0.8678320050239563,0.5139156579971313,0.8390693068504333
20260702,matched_low_control,M0383,1.18,0,4.0,0.06629380053908357,-0.8586533069610596,0.9710820317268372,-0.959805965423584,-0.34673305356969963,0.6952658891677856,0.5566892027854919,0.6848759055137634
20260703,high_residual_case,M0383,-6.52,1,4.0,0.06629380053908357,-0.37854886054992676,0.10132521390914917,-0.45214635133743286,-0.352310518005241,0.7943737506866455,0.5139156579971313,0.7722691297531128
20260706,high_residual_case,M0384,-2.58,1,4.0,0.06629380053908357,-1.3833305835723877,-0.48389732837677,-1.31361985206604,-2.3307322040423273,0.5341103076934814,0.4181061387062073,0.49453574419021606
20260707,high_residual_case,M0413,-3.32,1,4.0,0.06629380053908357,-1.5465449094772339,1.0035144090652466,-1.4144599437713623,-0.6983164768537902,0.5852677822113037,0.5277454853057861,0.5730943083763123
20260708,matched_low_control,M0414,-0.74,0,4.0,0.06629380053908357,2.810755729675293,-1.2531312704086304,2.923980236053467,3.0420584016698538,0.7013256549835205,0.5219302773475647,0.6638647317886353
20260710,high_residual_case,M0414,6.45,1,4.0,0.06629380053908357,2.54323148727417,-0.5795528292655945,2.456956148147583,0.33531579104889664,0.6297418475151062,0.6793696880340576,0.6291651725769043
20260713,high_residual_case,M0385,-2.46,1,4.0,0.06629380053908357,-1.6296130418777466,0.10132521390914917,-1.5927307605743408,-1.6033746993330609,0.5909368395805359,0.5139156579971313,0.5836301445960999
20260714,matched_low_control,M0385,-1.12,0,4.0,0.06629380053908357,0.7058848142623901,-1.1501322984695435,0.6774882078170776,0.8517121273735216,0.5141451954841614,0.5494991540908813,0.5254329442977905
20260715,high_residual_case,M0386,7.45,1,4.0,0.06629380053908357,2.5279452800750732,-1.0110357999801636,1.6606197357177734,1.4206893933171465,0.5544469952583313,0.5578344464302063,0.5383422374725342
20260716,matched_low_control,M0386,-0.95,0,4.0,0.06629380053908357,-1.8068554401397705,0.10132521390914917,-1.793704867362976,-1.7806170975950848,0.6034870147705078,0.5139156579971313,0.5791042447090149
20260720,matched_low_control,M0379,1.27,0,4.0,0.06629380053908357,1.3874300718307495,-1.053532600402832,1.1992731094360352,1.316988242131518,0.5409397482872009,0.5506922006607056,0.536085844039917
20260721,high_residual_case,M0387,2.45,1,4.0,0.06629380053908357,2.765061378479004,0.10132521390914917,2.193693161010742,2.7912997210236896,0.5664498805999756,0.5139156579971313,0.5525006651878357
20260722,matched_low_control,M0377,-1.52,0,4.0,0.06629380053908357,-1.4933630228042603,-0.6513910293579102,-1.521852970123291,-1.1387195738649736,0.542223334312439,0.6592762470245361,0.577241837978363
20260723,high_residual_case,M0388,-5.51,1,4.0,0.06629380053908357,-2.4251222610473633,0.7331525683403015,-2.4474213123321533,-1.7220250275626774,0.7041276097297668,0.6827222108840942,0.7338703274726868
20260724,matched_low_control,M0378,-0.97,0,4.0,0.06629380053908357,-2.2489898204803467,0.10132521390914917,-2.1642398834228516,-2.222751477935661,0.509939432144165,0.5139156579971313,0.5155863761901855
20260727,high_residual_case,M0389,-4.35,1,4.0,0.06629380053908357,-2.7623257637023926,0.10132521390914917,-2.831000328063965,-2.736087421157707,0.7557649612426758,0.5139156579971313,0.6991236805915833
